{
    "dialogue_id": 7,
    "interlocutors": [
        "AA",
        "AC"
    ],
    "utterances": [
        {
            "utterance_id": 0,
            "interlocutor_id": "AA",
            "text": "Hello!",
            "timestamp": "2022-08-06T15:44:58.693000"
        },
        {
            "utterance_id": 1,
            "interlocutor_id": "AC",
            "text": "Hello!",
            "timestamp": "2022-08-06T15:45:03.314000"
        },
        {
            "utterance_id": 2,
            "interlocutor_id": "AA",
            "text": "What did you eat for lunch?",
            "timestamp": "2022-08-06T15:45:13.762000"
        },
        {
            "utterance_id": 3,
            "interlocutor_id": "AC",
            "text": "I ate somen today!",
            "timestamp": "2022-08-06T15:45:21.914000"
        },
        {
            "utterance_id": 4,
            "interlocutor_id": "AA",
            "text": "Somen! Sounds good, very summery.",
            "timestamp": "2022-08-06T15:45:29.700000"
        },
        {
            "utterance_id": 5,
            "interlocutor_id": "AC",
            "text": "Right? But it was without any toppings.",
            "timestamp": "2022-08-06T15:45:37.293000"
        },
        {
            "utterance_id": 6,
            "interlocutor_id": "AA",
            "text": "That's too bad.",
            "timestamp": "2022-08-06T15:45:47.867000"
        },
        {
            "utterance_id": 7,
            "interlocutor_id": "AC",
            "text": "What toppings do you usually use? Tempura seems like a hassle.",
            "timestamp": "2022-08-06T15:45:59.057000"
        },
        {
            "utterance_id": 8,
            "interlocutor_id": "AA",
            "text": "Now that you mention it, I don't have any. If I had to say, the broth? I'm particular about it.",
            "timestamp": "2022-08-06T15:46:18.354000"
        },
        {
            "utterance_id": 9,
            "interlocutor_id": "AC",
            "text": "Oh! Do you make the dashi properly?",
            "timestamp": "2022-08-06T15:46:30.088000"
        },
        {
            "utterance_id": 10,
            "interlocutor_id": "AA",
            "text": "No, how should I put it, I mix various seasonings!",
            "timestamp": "2022-08-06T15:46:44.981000"
        },
        {
            "utterance_id": 11,
            "interlocutor_id": "AC",
            "text": "I see! Kombu dashi is a must!",
            "timestamp": "2022-08-06T15:46:58.921000"
        },
        {
            "utterance_id": 12,
            "interlocutor_id": "AA",
            "text": "Yes! It feels old-fashioned and makes it fun.",
            "timestamp": "2022-08-06T15:47:14.104000"
        },
        {
            "utterance_id": 13,
            "interlocutor_id": "AC",
            "text": "What else do you add besides kombu dashi?",
            "timestamp": "2022-08-06T15:47:26.632000"
        },
        {
            "utterance_id": 14,
            "interlocutor_id": "AA",
            "text": "I add sugar.",
            "timestamp": "2022-08-06T15:47:37.718000"
        },
        {
            "utterance_id": 15,
            "interlocutor_id": "AC",
            "text": "You like it on the sweet side! I prefer it spicy.",
            "timestamp": "2022-08-06T15:47:50.727000"
        },
        {
            "utterance_id": 16,
            "interlocutor_id": "AA",
            "text": "So, do you mean chili or something?",
            "timestamp": "2022-08-06T15:47:58.255000"
        },
        {
            "utterance_id": 17,
            "interlocutor_id": "AC",
            "text": "No, not that kind of spiciness, more like saltiness!",
            "timestamp": "2022-08-06T15:48:14.737000"
        },
        {
            "utterance_id": 18,
            "interlocutor_id": "AA",
            "text": "Oh, that kind! That sounds delicious too.",
            "timestamp": "2022-08-06T15:48:23.678000"
        },
        {
            "utterance_id": 19,
            "interlocutor_id": "AC",
            "text": "Yes! I pour lots of white dashi.",
            "timestamp": "2022-08-06T15:48:35.124000"
        },
        {
            "utterance_id": 20,
            "interlocutor_id": "AA",
            "text": "Ah, that sounds good! White dashi is tasty.",
            "timestamp": "2022-08-06T15:48:44.273000"
        },
        {
            "utterance_id": 21,
            "interlocutor_id": "AC",
            "text": "Right?! I always keep the liquid one on hand!",
            "timestamp": "2022-08-06T15:48:54.717000"
        },
        {
            "utterance_id": 22,
            "interlocutor_id": "AA",
            "text": "I understand. I have it as much as my regular medicines!",
            "timestamp": "2022-08-06T15:49:07.961000"
        },
        {
            "utterance_id": 23,
            "interlocutor_id": "AC",
            "text": "Yes, indeed. White dashi is delicious in tamagoyaki!",
            "timestamp": "2022-08-06T15:49:21.665000"
        },
        {
            "utterance_id": 24,
            "interlocutor_id": "AA",
            "text": "Dashi-filled tamagoyaki!",
            "timestamp": "2022-08-06T15:49:30.658000"
        },
        {
            "utterance_id": 25,
            "interlocutor_id": "AC",
            "text": "Yes! Oh, maybe tamagoyaki would have been a good accompaniment to the somen!",
            "timestamp": "2022-08-06T15:49:56.048000"
        },
        {
            "utterance_id": 26,
            "interlocutor_id": "AA",
            "text": "Certainly! I’ll try adding it next time!",
            "timestamp": "2022-08-06T15:50:05.622000"
        },
        {
            "utterance_id": 27,
            "interlocutor_id": "AC",
            "text": "I will too! It would probably improve the nutritional balance.",
            "timestamp": "2022-08-06T15:50:17.857000"
        },
        {
            "utterance_id": 28,
            "interlocutor_id": "AA",
            "text": "Thinking about nutrition is important, even though it's a hassle.",
            "timestamp": "2022-08-06T15:50:29.387000"
        },
        {
            "utterance_id": 29,
            "interlocutor_id": "AC",
            "text": "Yes. Considering age, health comes first! See you later!",
            "timestamp": "2022-08-06T15:50:43.653000"
        }
    ],
    "evaluations": [
        {
            "interlocutor_id": "AA",
            "informativeness": 5,
            "comprehension": 5,
            "familiarity": 5,
            "interest": 5,
            "proactiveness": 5,
            "satisfaction": 5
        },
        {
            "interlocutor_id": "AC",
            "informativeness": 4,
            "comprehension": 4,
            "familiarity": 5,
            "interest": 2,
            "proactiveness": 3,
            "satisfaction": 4
        }
    ]
}