{
    "dialogue_id": 4,
    "interlocutors": [
        "AB",
        "AA"
    ],
    "utterances": [
        {
            "utterance_id": 0,
            "interlocutor_id": "AB",
            "text": "Thank you!",
            "timestamp": "2022-08-06T15:17:10.526000"
        },
        {
            "utterance_id": 1,
            "interlocutor_id": "AA",
            "text": "Nice to meet you.",
            "timestamp": "2022-08-06T15:17:11.857000"
        },
        {
            "utterance_id": 2,
            "interlocutor_id": "AB",
            "text": "Do you have any hobbies?",
            "timestamp": "2022-08-06T15:17:25.730000"
        },
        {
            "utterance_id": 3,
            "interlocutor_id": "AA",
            "text": "My hobby is traveling!",
            "timestamp": "2022-08-06T15:17:31.263000"
        },
        {
            "utterance_id": 4,
            "interlocutor_id": "AB",
            "text": "That sounds nice! Domestic or overseas?",
            "timestamp": "2022-08-06T15:17:43.048000"
        },
        {
            "utterance_id": 5,
            "interlocutor_id": "AA",
            "text": "Right now, it's domestic!",
            "timestamp": "2022-08-06T15:17:48.110000"
        },
        {
            "utterance_id": 6,
            "interlocutor_id": "AB",
            "text": "Did you go abroad often before COVID?",
            "timestamp": "2022-08-06T15:18:02.300000"
        },
        {
            "utterance_id": 7,
            "interlocutor_id": "AA",
            "text": "Yes, I used to go occasionally!",
            "timestamp": "2022-08-06T15:18:11.524000"
        },
        {
            "utterance_id": 8,
            "interlocutor_id": "AB",
            "text": "Where have you been?",
            "timestamp": "2022-08-06T15:18:24.351000"
        },
        {
            "utterance_id": 9,
            "interlocutor_id": "AA",
            "text": "I particularly went to Europe!",
            "timestamp": "2022-08-06T15:18:35.786000"
        },
        {
            "utterance_id": 10,
            "interlocutor_id": "AB",
            "text": "Lucky you! I've only been to the UK and France.",
            "timestamp": "2022-08-06T15:18:51.720000"
        },
        {
            "utterance_id": 11,
            "interlocutor_id": "AA",
            "text": "Why those two countries?",
            "timestamp": "2022-08-06T15:19:17.079000"
        },
        {
            "utterance_id": 12,
            "interlocutor_id": "AB",
            "text": "My husband was stationed in the UK, so I went to visit him. This was before we got married.",
            "timestamp": "2022-08-06T15:19:38.675000"
        },
        {
            "utterance_id": 13,
            "interlocutor_id": "AA",
            "text": "A long-distance relationship, huh! I want to hear all about it!",
            "timestamp": "2022-08-06T15:19:54.222000"
        },
        {
            "utterance_id": 14,
            "interlocutor_id": "AB",
            "text": "We kept in touch quite frequently.",
            "timestamp": "2022-08-06T15:20:14.659000"
        },
        {
            "utterance_id": 15,
            "interlocutor_id": "AA",
            "text": "So, you didn’t feel much anxiety about it, then?",
            "timestamp": "2022-08-06T15:20:29.229000"
        },
        {
            "utterance_id": 16,
            "interlocutor_id": "AB",
            "text": "Not really at that time. We were really excited, haha.",
            "timestamp": "2022-08-06T15:20:57.095000"
        },
        {
            "utterance_id": 17,
            "interlocutor_id": "AA",
            "text": "Sounds sweet and nostalgic! I feel like I've received a little bit of your happiness.",
            "timestamp": "2022-08-06T15:21:17.142000"
        },
        {
            "utterance_id": 18,
            "interlocutor_id": "AB",
            "text": "How embarrassing. Where in Europe have you been?",
            "timestamp": "2022-08-06T15:21:37.433000"
        },
        {
            "utterance_id": 19,
            "interlocutor_id": "AA",
            "text": "I went to places like Italy. I was really drawn to it.",
            "timestamp": "2022-08-06T15:21:57.339000"
        },
        {
            "utterance_id": 20,
            "interlocutor_id": "AB",
            "text": "Was the food in Italy delicious?",
            "timestamp": "2022-08-06T15:22:17.362000"
        },
        {
            "utterance_id": 21,
            "interlocutor_id": "AA",
            "text": "It was delicious, but I thought it was more the kind of taste that locals prefer. It was simple, not like Japan where they put lots of ingredients.",
            "timestamp": "2022-08-06T15:22:54.214000"
        },
        {
            "utterance_id": 22,
            "interlocutor_id": "AB",
            "text": "I see. It seems British home cooking isn’t very good either.",
            "timestamp": "2022-08-06T15:23:17.197000"
        },
        {
            "utterance_id": 23,
            "interlocutor_id": "AA",
            "text": "I’ve heard British food isn't very tasty.",
            "timestamp": "2022-08-06T15:23:33.478000"
        },
        {
            "utterance_id": 24,
            "interlocutor_id": "AB",
            "text": "It seems home cooking isn’t good. The food at restaurants was all delicious, though.",
            "timestamp": "2022-08-06T15:23:59.355000"
        },
        {
            "utterance_id": 25,
            "interlocutor_id": "AA",
            "text": "You’re being honest! I still haven’t been to the UK.",
            "timestamp": "2022-08-06T15:24:09.593000"
        },
        {
            "utterance_id": 26,
            "interlocutor_id": "AB",
            "text": "Europe has attractive tourist spots! I want to go somewhere once COVID calms down.",
            "timestamp": "2022-08-06T15:24:35.142000"
        },
        {
            "utterance_id": 27,
            "interlocutor_id": "AA",
            "text": "I understand. I've been thinking that once COVID calms down, I’ll do various part-time jobs.",
            "timestamp": "2022-08-06T15:24:53.339000"
        },
        {
            "utterance_id": 28,
            "interlocutor_id": "AB",
            "text": "That sounds great! Let's vent out all the pent-up frustration from now on!",
            "timestamp": "2022-08-06T15:25:18.538000"
        },
        {
            "utterance_id": 29,
            "interlocutor_id": "AA",
            "text": "Yes! Thank you very much!",
            "timestamp": "2022-08-06T15:25:25.269000"
        }
    ],
    "evaluations": [
        {
            "interlocutor_id": "AB",
            "informativeness": 5,
            "comprehension": 5,
            "familiarity": 5,
            "interest": 5,
            "proactiveness": 5,
            "satisfaction": 5
        },
        {
            "interlocutor_id": "AA",
            "informativeness": 5,
            "comprehension": 5,
            "familiarity": 5,
            "interest": 5,
            "proactiveness": 5,
            "satisfaction": 5
        }
    ]
}