{
    "dialogue_id": 1,
    "interlocutors": [
        "AA",
        "AB"
    ],
    "utterances": [
        {
            "utterance_id": 0,
            "interlocutor_id": "AA",
            "text": "Thank you very much.",
            "timestamp": "2022-08-06T14:51:18.360000"
        },
        {
            "utterance_id": 1,
            "interlocutor_id": "AB",
            "text": "Thank you!",
            "timestamp": "2022-08-06T14:51:48.482000"
        },
        {
            "utterance_id": 2,
            "interlocutor_id": "AA",
            "text": "It's cool today, isn't it?",
            "timestamp": "2022-08-06T14:51:55.538000"
        },
        {
            "utterance_id": 3,
            "interlocutor_id": "AB",
            "text": "It rained, so it became cooler, right?",
            "timestamp": "2022-08-06T14:52:07.388000"
        },
        {
            "utterance_id": 4,
            "interlocutor_id": "AA",
            "text": "That's true, I heard it will be cool tomorrow too.",
            "timestamp": "2022-08-06T14:52:16.400000"
        },
        {
            "utterance_id": 5,
            "interlocutor_id": "AB",
            "text": "Is that so! But I feel like the humidity is a bit high.",
            "timestamp": "2022-08-06T14:52:31.076000"
        },
        {
            "utterance_id": 6,
            "interlocutor_id": "AA",
            "text": "Indeed, it may be remnants of the rain.",
            "timestamp": "2022-08-06T14:52:43.255000"
        },
        {
            "utterance_id": 7,
            "interlocutor_id": "AB",
            "text": "How was the weather today?",
            "timestamp": "2022-08-06T14:52:51.767000"
        },
        {
            "utterance_id": 8,
            "interlocutor_id": "AA",
            "text": "It was cloudy where I am.",
            "timestamp": "2022-08-06T14:53:05.431000"
        },
        {
            "utterance_id": 9,
            "interlocutor_id": "AB",
            "text": "Is that so! Was it in the Kanto region?",
            "timestamp": "2022-08-06T14:53:16.568000"
        },
        {
            "utterance_id": 10,
            "interlocutor_id": "AA",
            "text": "Yes! I’m in Tokyo.",
            "timestamp": "2022-08-06T14:53:24.369000"
        },
        {
            "utterance_id": 11,
            "interlocutor_id": "AB",
            "text": "So Kanto is cloudy. This side is Kansai.",
            "timestamp": "2022-08-06T14:53:39.336000"
        },
        {
            "utterance_id": 12,
            "interlocutor_id": "AA",
            "text": "Kansai is nice! How is the weather there?",
            "timestamp": "2022-08-06T14:53:51.067000"
        },
        {
            "utterance_id": 13,
            "interlocutor_id": "AB",
            "text": "In the morning, there was thunder and heavy rain.",
            "timestamp": "2022-08-06T14:54:09.803000"
        },
        {
            "utterance_id": 14,
            "interlocutor_id": "AA",
            "text": "Oh, really? Tomorrow it might rain in Kanto too.",
            "timestamp": "2022-08-06T14:54:27.389000"
        },
        {
            "utterance_id": 15,
            "interlocutor_id": "AB",
            "text": "It's coming, that raincloud.",
            "timestamp": "2022-08-06T14:54:39.160000"
        },
        {
            "utterance_id": 16,
            "interlocutor_id": "AA",
            "text": "It’s like a present!",
            "timestamp": "2022-08-06T14:54:49.938000"
        },
        {
            "utterance_id": 17,
            "interlocutor_id": "AB",
            "text": "That’s an unpleasant gift! It’s really scorched right now.",
            "timestamp": "2022-08-06T14:55:10.263000"
        },
        {
            "utterance_id": 18,
            "interlocutor_id": "AA",
            "text": "Oh, then it means it will be sunny on Monday.",
            "timestamp": "2022-08-06T14:55:23.275000"
        },
        {
            "utterance_id": 19,
            "interlocutor_id": "AB",
            "text": "I’m already fed up with the heat. Are you suffering from summer fatigue?",
            "timestamp": "2022-08-06T14:55:38.751000"
        },
        {
            "utterance_id": 20,
            "interlocutor_id": "AA",
            "text": "I am, I definitely am. I'm already exhausted.",
            "timestamp": "2022-08-06T14:55:53.190000"
        },
        {
            "utterance_id": 21,
            "interlocutor_id": "AB",
            "text": "How's your appetite?",
            "timestamp": "2022-08-06T14:56:08.817000"
        },
        {
            "utterance_id": 22,
            "interlocutor_id": "AA",
            "text": "I don't have much of an appetite.",
            "timestamp": "2022-08-06T14:56:26.413000"
        },
        {
            "utterance_id": 23,
            "interlocutor_id": "AB",
            "text": "In times like that, do you eat something? I tend to have more noodles.",
            "timestamp": "2022-08-06T14:56:46.352000"
        },
        {
            "utterance_id": 24,
            "interlocutor_id": "AA",
            "text": "I understand, I also end up eating granola.",
            "timestamp": "2022-08-06T14:57:03.436000"
        },
        {
            "utterance_id": 25,
            "interlocutor_id": "AB",
            "text": "That's healthy! I completely forgot about granola.",
            "timestamp": "2022-08-06T14:57:22.046000"
        },
        {
            "utterance_id": 26,
            "interlocutor_id": "AA",
            "text": "Granola is a quietly important presence.",
            "timestamp": "2022-08-06T14:57:43.019000"
        },
        {
            "utterance_id": 27,
            "interlocutor_id": "AB",
            "text": "It's packed with nutrients! Maybe I should buy some too.",
            "timestamp": "2022-08-06T14:58:07.266000"
        },
        {
            "utterance_id": 28,
            "interlocutor_id": "AA",
            "text": "I recommend it! It's something you can eat when you're in a pinch, definitely.",
            "timestamp": "2022-08-06T14:58:23.810000"
        },
        {
            "utterance_id": 29,
            "interlocutor_id": "AB",
            "text": "Thanks for the nice info! See you again.",
            "timestamp": "2022-08-06T14:58:31.567000"
        }
    ],
    "evaluations": [
        {
            "interlocutor_id": "AA",
            "informativeness": 5,
            "comprehension": 5,
            "familiarity": 5,
            "interest": 5,
            "proactiveness": 5,
            "satisfaction": 5
        },
        {
            "interlocutor_id": "AB",
            "informativeness": 5,
            "comprehension": 5,
            "familiarity": 5,
            "interest": 5,
            "proactiveness": 5,
            "satisfaction": 5
        }
    ]
}