{
    "dialogue_id": 14,
    "interlocutors": [
        "AA",
        "AC"
    ],
    "utterances": [
        {
            "utterance_id": 0,
            "interlocutor_id": "AA",
            "text": "Hello!",
            "timestamp": "2022-08-06T16:35:29.501000"
        },
        {
            "utterance_id": 1,
            "interlocutor_id": "AC",
            "text": "Yes, hello!",
            "timestamp": "2022-08-06T16:35:36.051000"
        },
        {
            "utterance_id": 2,
            "interlocutor_id": "AA",
            "text": "Is the phone you have an Android?",
            "timestamp": "2022-08-06T16:35:42.177000"
        },
        {
            "utterance_id": 3,
            "interlocutor_id": "AC",
            "text": "Yes, it is. How about you?",
            "timestamp": "2022-08-06T16:35:50.358000"
        },
        {
            "utterance_id": 4,
            "interlocutor_id": "AA",
            "text": "I currently have an iPhone.",
            "timestamp": "2022-08-06T16:35:59.522000"
        },
        {
            "utterance_id": 5,
            "interlocutor_id": "AC",
            "text": "I respect people who can use iPhones well.",
            "timestamp": "2022-08-06T16:36:12.901000"
        },
        {
            "utterance_id": 6,
            "interlocutor_id": "AA",
            "text": "Oh, really?",
            "timestamp": "2022-08-06T16:36:22.437000"
        },
        {
            "utterance_id": 7,
            "interlocutor_id": "AC",
            "text": "Once, I bought an iPhone, but I didn't know how to use it.",
            "timestamp": "2022-08-06T16:36:44.438000"
        },
        {
            "utterance_id": 8,
            "interlocutor_id": "AA",
            "text": "Oh dear. It's quite different, isn't it?",
            "timestamp": "2022-08-06T16:36:57.926000"
        },
        {
            "utterance_id": 9,
            "interlocutor_id": "AC",
            "text": "That's right. Android feels a bit like Windows.",
            "timestamp": "2022-08-06T16:37:11.249000"
        },
        {
            "utterance_id": 10,
            "interlocutor_id": "AA",
            "text": "Indeed! I kind of understand that.",
            "timestamp": "2022-08-06T16:37:22.540000"
        },
        {
            "utterance_id": 11,
            "interlocutor_id": "AC",
            "text": "Right. They say iPhones are intuitive to use.",
            "timestamp": "2022-08-06T16:37:41.979000"
        },
        {
            "utterance_id": 12,
            "interlocutor_id": "AA",
            "text": "But surprisingly, that's not always the case.",
            "timestamp": "2022-08-06T16:37:54.761000"
        },
        {
            "utterance_id": 13,
            "interlocutor_id": "AC",
            "text": "It's not, it's not! I was lost trying to find where the notification settings were.",
            "timestamp": "2022-08-06T16:38:09.435000"
        },
        {
            "utterance_id": 14,
            "interlocutor_id": "AA",
            "text": "Maybe it was user-friendly in the past, but now it’s quite tailored and difficult to use.",
            "timestamp": "2022-08-06T16:38:30.066000"
        },
        {
            "utterance_id": 15,
            "interlocutor_id": "AC",
            "text": "Ah, I see! Is there a particular feature you use often?",
            "timestamp": "2022-08-06T16:38:45.019000"
        },
        {
            "utterance_id": 16,
            "interlocutor_id": "AA",
            "text": "Hmm, no. I don’t have a specific feature I use, but maybe I use everything overall.",
            "timestamp": "2022-08-06T16:39:12.378000"
        },
        {
            "utterance_id": 17,
            "interlocutor_id": "AC",
            "text": "Do you feel any particular preferences with your iPhone?",
            "timestamp": "2022-08-06T16:39:28.847000"
        },
        {
            "utterance_id": 18,
            "interlocutor_id": "AA",
            "text": "It feels kind of stylish. Like the home button disappearing, what could it be?",
            "timestamp": "2022-08-06T16:39:56.652000"
        },
        {
            "utterance_id": 19,
            "interlocutor_id": "AC",
            "text": "It seems opinions are divided about the home button!",
            "timestamp": "2022-08-06T16:40:06.564000"
        },
        {
            "utterance_id": 20,
            "interlocutor_id": "AA",
            "text": "By the way, which side are you on?",
            "timestamp": "2022-08-06T16:40:17.827000"
        },
        {
            "utterance_id": 21,
            "interlocutor_id": "AC",
            "text": "I prefer to have it. How about you?",
            "timestamp": "2022-08-06T16:40:28.299000"
        },
        {
            "utterance_id": 22,
            "interlocutor_id": "AA",
            "text": "I feel the same! I want it! Physically, that is.",
            "timestamp": "2022-08-06T16:40:38.023000"
        },
        {
            "utterance_id": 23,
            "interlocutor_id": "AC",
            "text": "I understand! Physical buttons are more intuitive to use!",
            "timestamp": "2022-08-06T16:40:52.527000"
        },
        {
            "utterance_id": 24,
            "interlocutor_id": "AA",
            "text": "Exactly. I really struggle because I don’t know if the current one is actually working.",
            "timestamp": "2022-08-06T16:41:06.682000"
        },
        {
            "utterance_id": 25,
            "interlocutor_id": "AC",
            "text": "It seems that way. Also, there’s the fingerprint recognition. They say face recognition works poorly with masks.",
            "timestamp": "2022-08-06T16:41:26.487000"
        },
        {
            "utterance_id": 26,
            "interlocutor_id": "AA",
            "text": "It has improved somewhat, but I was a fingerprint recognition person.",
            "timestamp": "2022-08-06T16:41:42.955000"
        },
        {
            "utterance_id": 27,
            "interlocutor_id": "AC",
            "text": "Me too! Let's look forward to the future evolution of the iPhone!",
            "timestamp": "2022-08-06T16:42:03.571000"
        },
        {
            "utterance_id": 28,
            "interlocutor_id": "AA",
            "text": "Let's hope for the best! Thank you.",
            "timestamp": "2022-08-06T16:42:14.355000"
        },
        {
            "utterance_id": 29,
            "interlocutor_id": "AC",
            "text": "Thank you too!",
            "timestamp": "2022-08-06T16:42:22.230000"
        }
    ],
    "evaluations": [
        {
            "interlocutor_id": "AA",
            "informativeness": 5,
            "comprehension": 5,
            "familiarity": 5,
            "interest": 5,
            "proactiveness": 5,
            "satisfaction": 5
        },
        {
            "interlocutor_id": "AC",
            "informativeness": 4,
            "comprehension": 4,
            "familiarity": 5,
            "interest": 2,
            "proactiveness": 2,
            "satisfaction": 2
        }
    ]
}