{
    "dialogue_id": 18,
    "interlocutors": [
        "AC",
        "AA"
    ],
    "utterances": [
        {
            "utterance_id": 0,
            "interlocutor_id": "AC",
            "text": "Hello! Thank you very much!",
            "timestamp": "2022-08-06T17:17:47.143000"
        },
        {
            "utterance_id": 1,
            "interlocutor_id": "AA",
            "text": "Hello! Thank you very much!",
            "timestamp": "2022-08-06T17:17:53.889000"
        },
        {
            "utterance_id": 2,
            "interlocutor_id": "AC",
            "text": "By the way, do you do hometown tax donations?",
            "timestamp": "2022-08-06T17:18:05.524000"
        },
        {
            "utterance_id": 3,
            "interlocutor_id": "AA",
            "text": "Ah, I've been thinking of doing it! Have you done it before?",
            "timestamp": "2022-08-06T17:18:21.975000"
        },
        {
            "utterance_id": 4,
            "interlocutor_id": "AC",
            "text": "Yes, I have!",
            "timestamp": "2022-08-06T17:18:28.324000"
        },
        {
            "utterance_id": 5,
            "interlocutor_id": "AA",
            "text": "What did you receive?",
            "timestamp": "2022-08-06T17:18:36.644000"
        },
        {
            "utterance_id": 6,
            "interlocutor_id": "AC",
            "text": "An Aladdin toaster!",
            "timestamp": "2022-08-06T17:18:43.785000"
        },
        {
            "utterance_id": 7,
            "interlocutor_id": "AA",
            "text": "No way!",
            "timestamp": "2022-08-06T17:18:53.140000"
        },
        {
            "utterance_id": 8,
            "interlocutor_id": "AC",
            "text": "Right, right, isn't that amazing!?",
            "timestamp": "2022-08-06T17:19:01.940000"
        },
        {
            "utterance_id": 9,
            "interlocutor_id": "AA",
            "text": "It's surprising! Really, can you get something like that?",
            "timestamp": "2022-08-06T17:19:17.800000"
        },
        {
            "utterance_id": 10,
            "interlocutor_id": "AC",
            "text": "Yes! I got it for 2000 yen!",
            "timestamp": "2022-08-06T17:19:31.573000"
        },
        {
            "utterance_id": 11,
            "interlocutor_id": "AA",
            "text": "No way, do you remember which city it was from?",
            "timestamp": "2022-08-06T17:19:49.248000"
        },
        {
            "utterance_id": 12,
            "interlocutor_id": "AC",
            "text": "I think it was from Hyogo. I heard they make graphite heaters over there.",
            "timestamp": "2022-08-06T17:20:08.847000"
        },
        {
            "utterance_id": 13,
            "interlocutor_id": "AA",
            "text": "I see, by the way, was it from Rakuten's hometown tax?",
            "timestamp": "2022-08-06T17:20:26.753000"
        },
        {
            "utterance_id": 14,
            "interlocutor_id": "AC",
            "text": "Yes, that's it! Exactly that!",
            "timestamp": "2022-08-06T17:20:32.721000"
        },
        {
            "utterance_id": 15,
            "interlocutor_id": "AA",
            "text": "Rakuten really does everything, doesn't it?",
            "timestamp": "2022-08-06T17:20:48.870000"
        },
        {
            "utterance_id": 16,
            "interlocutor_id": "AC",
            "text": "It does! By chance, I searched for something I was planning to buy normally, and it came up.",
            "timestamp": "2022-08-06T17:21:05.689000"
        },
        {
            "utterance_id": 17,
            "interlocutor_id": "AA",
            "text": "Wow, that's super lucky. Contributing to the country and getting an Aladdin too!",
            "timestamp": "2022-08-06T17:21:21.791000"
        },
        {
            "utterance_id": 18,
            "interlocutor_id": "AC",
            "text": "Yes! It was a great deal. Plus, you also get Rakuten points.",
            "timestamp": "2022-08-06T17:21:41.264000"
        },
        {
            "utterance_id": 19,
            "interlocutor_id": "AA",
            "text": "That's nice, Rakuten often has campaigns, right? Money gets sucked away.",
            "timestamp": "2022-08-06T17:22:03.027000"
        },
        {
            "utterance_id": 20,
            "interlocutor_id": "AC",
            "text": "I get it! It's crazy during shopping sprees.",
            "timestamp": "2022-08-06T17:22:25.214000"
        },
        {
            "utterance_id": 21,
            "interlocutor_id": "AA",
            "text": "I totally understand, and after the shopping spree, more things you want come up, right?",
            "timestamp": "2022-08-06T17:22:54.325000"
        },
        {
            "utterance_id": 22,
            "interlocutor_id": "AC",
            "text": "They do! Like a chain reaction.",
            "timestamp": "2022-08-06T17:23:03.067000"
        },
        {
            "utterance_id": 23,
            "interlocutor_id": "AA",
            "text": "They really do, what is that phenomenon?",
            "timestamp": "2022-08-06T17:23:14.964000"
        },
        {
            "utterance_id": 24,
            "interlocutor_id": "AC",
            "text": "We are completely falling into Rakuten's trap.",
            "timestamp": "2022-08-06T17:23:35.569000"
        },
        {
            "utterance_id": 25,
            "interlocutor_id": "AA",
            "text": "That's so true, their marketing is really good, isn't it?",
            "timestamp": "2022-08-06T17:23:50.391000"
        },
        {
            "utterance_id": 26,
            "interlocutor_id": "AC",
            "text": "I think so. When you get a coupon with a one-day validity after completing a purchase, it's just!",
            "timestamp": "2022-08-06T17:24:11.100000"
        },
        {
            "utterance_id": 27,
            "interlocutor_id": "AA",
            "text": "I understand! Those expiration dates are sneaky, right!? It's like they know how we feel!",
            "timestamp": "2022-08-06T17:24:32.865000"
        },
        {
            "utterance_id": 28,
            "interlocutor_id": "AC",
            "text": "Exactly! Be careful not to overbuy!",
            "timestamp": "2022-08-06T17:25:02.646000"
        },
        {
            "utterance_id": 29,
            "interlocutor_id": "AA",
            "text": "I want money! Thank you very much!",
            "timestamp": "2022-08-06T17:25:12.632000"
        }
    ],
    "evaluations": [
        {
            "interlocutor_id": "AC",
            "informativeness": 5,
            "comprehension": 4,
            "familiarity": 5,
            "interest": 3,
            "proactiveness": 3,
            "satisfaction": 5
        },
        {
            "interlocutor_id": "AA",
            "informativeness": 5,
            "comprehension": 5,
            "familiarity": 5,
            "interest": 5,
            "proactiveness": 5,
            "satisfaction": 5
        }
    ]
}