{
    "dialogue_id": 10,
    "interlocutors": [
        "AC",
        "AA"
    ],
    "utterances": [
        {
            "utterance_id": 0,
            "interlocutor_id": "AC",
            "text": "Hello!",
            "timestamp": "2022-08-06T16:06:00.605000"
        },
        {
            "utterance_id": 1,
            "interlocutor_id": "AA",
            "text": "Hello!",
            "timestamp": "2022-08-06T16:06:41.194000"
        },
        {
            "utterance_id": 2,
            "interlocutor_id": "AC",
            "text": "I want to talk about my school days today!",
            "timestamp": "2022-08-06T16:06:54.862000"
        },
        {
            "utterance_id": 3,
            "interlocutor_id": "AA",
            "text": "Are we going to look back?",
            "timestamp": "2022-08-06T16:07:04.197000"
        },
        {
            "utterance_id": 4,
            "interlocutor_id": "AC",
            "text": "Let's do it! Speaking of school days!",
            "timestamp": "2022-08-06T16:07:17.324000"
        },
        {
            "utterance_id": 5,
            "interlocutor_id": "AA",
            "text": "Difficult! I wonder, classes?",
            "timestamp": "2022-08-06T16:07:31.069000"
        },
        {
            "utterance_id": 6,
            "interlocutor_id": "AC",
            "text": "Geez! How serious!",
            "timestamp": "2022-08-06T16:08:54.716000"
        },
        {
            "utterance_id": 7,
            "interlocutor_id": "AA",
            "text": "I don't want to, I just don’t have any other memories.",
            "timestamp": "2022-08-06T16:07:49.080000"
        },
        {
            "utterance_id": 8,
            "interlocutor_id": "AC",
            "text": "What about club activities or first love?",
            "timestamp": "2022-08-06T16:07:57.879000"
        },
        {
            "utterance_id": 9,
            "interlocutor_id": "AA",
            "text": "I think I’ll ask first! Speaking of school days?",
            "timestamp": "2022-08-06T16:08:10.493000"
        },
        {
            "utterance_id": 10,
            "interlocutor_id": "AC",
            "text": "It's club activities. I was living my youth!",
            "timestamp": "2022-08-06T16:08:24.133000"
        },
        {
            "utterance_id": 11,
            "interlocutor_id": "AA",
            "text": "Wow! Youth!",
            "timestamp": "2022-08-06T16:08:31.792000"
        },
        {
            "utterance_id": 12,
            "interlocutor_id": "AC",
            "text": "Right? There was also a romance with my senpai!",
            "timestamp": "2022-08-06T16:08:40.895000"
        },
        {
            "utterance_id": 13,
            "interlocutor_id": "AA",
            "text": "I want to hear it, I really want to hear it!",
            "timestamp": "2022-08-06T16:08:48.287000"
        },
        {
            "utterance_id": 14,
            "interlocutor_id": "AC",
            "text": "Well, you know, our first date, hehehe.",
            "timestamp": "2022-08-06T16:08:59.775000"
        },
        {
            "utterance_id": 15,
            "interlocutor_id": "AA",
            "text": "I'm really interested in this!",
            "timestamp": "2022-08-06T16:09:08.505000"
        },
        {
            "utterance_id": 16,
            "interlocutor_id": "AC",
            "text": "On our first date, I tripped and fell dramatically on the stairs at the station.",
            "timestamp": "2022-08-06T16:09:22.492000"
        },
        {
            "utterance_id": 17,
            "interlocutor_id": "AA",
            "text": "No way, seriously?",
            "timestamp": "2022-08-06T16:09:30.506000"
        },
        {
            "utterance_id": 18,
            "interlocutor_id": "AC",
            "text": "There’s nothing I've been so embarrassed about before or since!",
            "timestamp": "2022-08-06T16:09:42.317000"
        },
        {
            "utterance_id": 19,
            "interlocutor_id": "AA",
            "text": "Your senpai must have been shocked, definitely.",
            "timestamp": "2022-08-06T16:09:49.046000"
        },
        {
            "utterance_id": 20,
            "interlocutor_id": "AC",
            "text": "Right? To be honest, I also felt awkward, and it just kind of fizzled out.",
            "timestamp": "2022-08-06T16:10:12.601000"
        },
        {
            "utterance_id": 21,
            "interlocutor_id": "AA",
            "text": "Ah, no, maybe thought it was cute, so probably!!",
            "timestamp": "2022-08-06T16:10:30.870000"
        },
        {
            "utterance_id": 22,
            "interlocutor_id": "AC",
            "text": "I wonder? High school students don't seem that mature.",
            "timestamp": "2022-08-06T16:10:48.170000"
        },
        {
            "utterance_id": 23,
            "interlocutor_id": "AA",
            "text": "Maturity, huh. That's what I want most right now.",
            "timestamp": "2022-08-06T16:10:58.470000"
        },
        {
            "utterance_id": 24,
            "interlocutor_id": "AC",
            "text": "Is that so? Then, your current romance is also quite thrilling and lacking in composure?",
            "timestamp": "2022-08-06T16:11:29.382000"
        },
        {
            "utterance_id": 25,
            "interlocutor_id": "AA",
            "text": "Wait, please stop. I've never been in love!",
            "timestamp": "2022-08-06T16:11:46.509000"
        },
        {
            "utterance_id": 26,
            "interlocutor_id": "AC",
            "text": "No way! The next time we meet, I'll pry into it thoroughly.",
            "timestamp": "2022-08-06T16:12:00.036000"
        },
        {
            "utterance_id": 27,
            "interlocutor_id": "AA",
            "text": "Oh come on, stop it! More importantly, let’s continue the story!",
            "timestamp": "2022-08-06T16:12:17.352000"
        },
        {
            "utterance_id": 28,
            "interlocutor_id": "AC",
            "text": "Please look forward to it! Well then, see you next time!",
            "timestamp": "2022-08-06T16:12:30.929000"
        },
        {
            "utterance_id": 29,
            "interlocutor_id": "AA",
            "text": "No way!",
            "timestamp": "2022-08-06T16:12:35.392000"
        }
    ],
    "evaluations": [
        {
            "interlocutor_id": "AC",
            "informativeness": 4,
            "comprehension": 1,
            "familiarity": 5,
            "interest": 3,
            "proactiveness": 3,
            "satisfaction": 5
        },
        {
            "interlocutor_id": "AA",
            "informativeness": 5,
            "comprehension": 5,
            "familiarity": 5,
            "interest": 5,
            "proactiveness": 5,
            "satisfaction": 5
        }
    ]
}