{
    "dialogue_id": 12,
    "interlocutors": [
        "AA",
        "AC"
    ],
    "utterances": [
        {
            "utterance_id": 0,
            "interlocutor_id": "AA",
            "text": "Hello.",
            "timestamp": "2022-08-06T16:20:44.890000"
        },
        {
            "utterance_id": 1,
            "interlocutor_id": "AC",
            "text": "Thanks!",
            "timestamp": "2022-08-06T16:20:50.107000"
        },
        {
            "utterance_id": 2,
            "interlocutor_id": "AA",
            "text": "Do you have a TV at home?",
            "timestamp": "2022-08-06T16:20:54.247000"
        },
        {
            "utterance_id": 3,
            "interlocutor_id": "AC",
            "text": "Yes, I do! Don't you have one?",
            "timestamp": "2022-08-06T16:21:03.012000"
        },
        {
            "utterance_id": 4,
            "interlocutor_id": "AA",
            "text": "No, I don't since I live alone.",
            "timestamp": "2022-08-06T16:21:09.400000"
        },
        {
            "utterance_id": 5,
            "interlocutor_id": "AC",
            "text": "Really! Isn't that somewhat rare nowadays?",
            "timestamp": "2022-08-06T16:21:27.259000"
        },
        {
            "utterance_id": 6,
            "interlocutor_id": "AA",
            "text": "No, not really. My friends also don't have TVs.",
            "timestamp": "2022-08-06T16:21:41.901000"
        },
        {
            "utterance_id": 7,
            "interlocutor_id": "AC",
            "text": "Is that so! Perhaps you substitute with smartphones and tablets?",
            "timestamp": "2022-08-06T16:21:58.337000"
        },
        {
            "utterance_id": 8,
            "interlocutor_id": "AA",
            "text": "That's right. We feel like we don't really need a TV.",
            "timestamp": "2022-08-06T16:22:17.432000"
        },
        {
            "utterance_id": 9,
            "interlocutor_id": "AC",
            "text": "Indeed, it's that kind of era, huh? What about news?",
            "timestamp": "2022-08-06T16:22:30.246000"
        },
        {
            "utterance_id": 10,
            "interlocutor_id": "AA",
            "text": "Well, I pick it up online and read it.",
            "timestamp": "2022-08-06T16:22:44.853000"
        },
        {
            "utterance_id": 11,
            "interlocutor_id": "AC",
            "text": "Well, that's more efficient anyway!",
            "timestamp": "2022-08-06T16:22:57.328000"
        },
        {
            "utterance_id": 12,
            "interlocutor_id": "AA",
            "text": "Though I do often miss out on things, too.",
            "timestamp": "2022-08-06T16:23:15.812000"
        },
        {
            "utterance_id": 13,
            "interlocutor_id": "AC",
            "text": "I'm also worried about that, so I keep the TV news on in the background.",
            "timestamp": "2022-08-06T16:23:33.813000"
        },
        {
            "utterance_id": 14,
            "interlocutor_id": "AA",
            "text": "That's better! It's much better than missing something.",
            "timestamp": "2022-08-06T16:23:47.430000"
        },
        {
            "utterance_id": 15,
            "interlocutor_id": "AC",
            "text": "Right! Recently, what I almost missed was the My Number Point second phase.",
            "timestamp": "2022-08-06T16:24:06.405000"
        },
        {
            "utterance_id": 16,
            "interlocutor_id": "AA",
            "text": "What, really!?!",
            "timestamp": "2022-08-06T16:24:14.318000"
        },
        {
            "utterance_id": 17,
            "interlocutor_id": "AC",
            "text": "It's happening again now, with 15,000 points.",
            "timestamp": "2022-08-06T16:24:26.185000"
        },
        {
            "utterance_id": 18,
            "interlocutor_id": "AA",
            "text": "Oh, I need to check that!",
            "timestamp": "2022-08-06T16:24:34.434000"
        },
        {
            "utterance_id": 19,
            "interlocutor_id": "AC",
            "text": "Please do! I noticed it from a supermarket flyer.",
            "timestamp": "2022-08-06T16:24:52.402000"
        },
        {
            "utterance_id": 20,
            "interlocutor_id": "AA",
            "text": "Such information is hard to come by.",
            "timestamp": "2022-08-06T16:25:06.959000"
        },
        {
            "utterance_id": 21,
            "interlocutor_id": "AC",
            "text": "Yes. Since COVID, I've seen my friends less, so it's even more difficult.",
            "timestamp": "2022-08-06T16:25:29.293000"
        },
        {
            "utterance_id": 22,
            "interlocutor_id": "AA",
            "text": "Indeed, information used to come from friends.",
            "timestamp": "2022-08-06T16:25:43.811000"
        },
        {
            "utterance_id": 23,
            "interlocutor_id": "AC",
            "text": "That's right. Also, I used to get information from train advertisements.",
            "timestamp": "2022-08-06T16:26:01.235000"
        },
        {
            "utterance_id": 24,
            "interlocutor_id": "AA",
            "text": "I didn’t realize those were useful!",
            "timestamp": "2022-08-06T16:26:17.880000"
        },
        {
            "utterance_id": 25,
            "interlocutor_id": "AC",
            "text": "For entertainment news, I usually don't care about it on TV, but I find out through weekly magazine ads.",
            "timestamp": "2022-08-06T16:26:41.341000"
        },
        {
            "utterance_id": 26,
            "interlocutor_id": "AA",
            "text": "That's true. That's a good source of information; I'll pay attention too.",
            "timestamp": "2022-08-06T16:27:06.157000"
        },
        {
            "utterance_id": 27,
            "interlocutor_id": "AC",
            "text": "Definitely! Even without a TV, I need to keep up with the topics!",
            "timestamp": "2022-08-06T16:27:19.298000"
        },
        {
            "utterance_id": 28,
            "interlocutor_id": "AA",
            "text": "Indeed! Thank you!",
            "timestamp": "2022-08-06T16:27:32.145000"
        },
        {
            "utterance_id": 29,
            "interlocutor_id": "AC",
            "text": "You're welcome! Let's talk again!",
            "timestamp": "2022-08-06T16:27:41.081000"
        }
    ],
    "evaluations": [
        {
            "interlocutor_id": "AA",
            "informativeness": 5,
            "comprehension": 5,
            "familiarity": 5,
            "interest": 5,
            "proactiveness": 5,
            "satisfaction": 5
        },
        {
            "interlocutor_id": "AC",
            "informativeness": 5,
            "comprehension": 4,
            "familiarity": 5,
            "interest": 2,
            "proactiveness": 3,
            "satisfaction": 3
        }
    ]
}