{
    "dialogue_id": 16,
    "interlocutors": [
        "AC",
        "AA"
    ],
    "utterances": [
        {
            "utterance_id": 0,
            "interlocutor_id": "AC",
            "text": "Hello!",
            "timestamp": "2022-08-06T17:00:30.878000"
        },
        {
            "utterance_id": 1,
            "interlocutor_id": "AA",
            "text": "Please!",
            "timestamp": "2022-08-06T17:00:36.483000"
        },
        {
            "utterance_id": 2,
            "interlocutor_id": "AC",
            "text": "Have you been to an amusement park recently?",
            "timestamp": "2022-08-06T17:00:49.829000"
        },
        {
            "utterance_id": 3,
            "interlocutor_id": "AA",
            "text": "Not at all! Have you been?",
            "timestamp": "2022-08-06T17:01:05.787000"
        },
        {
            "utterance_id": 4,
            "interlocutor_id": "AC",
            "text": "I haven't either. I want to go to Disneyland or some touristy places.",
            "timestamp": "2022-08-06T17:01:23.098000"
        },
        {
            "utterance_id": 5,
            "interlocutor_id": "AA",
            "text": "I want to go, too. During Covid, I heard Disneyland was empty.",
            "timestamp": "2022-08-06T17:01:53.241000"
        },
        {
            "utterance_id": 6,
            "interlocutor_id": "AC",
            "text": "I see! That sounds like a great opportunity!",
            "timestamp": "2022-08-06T17:02:03.714000"
        },
        {
            "utterance_id": 7,
            "interlocutor_id": "AA",
            "text": "Apparently, it was reservation-based during that time. I've heard that it’s not like that anymore.",
            "timestamp": "2022-08-06T17:02:21.671000"
        },
        {
            "utterance_id": 8,
            "interlocutor_id": "AC",
            "text": "Ah, so there was a reservation system at that time.",
            "timestamp": "2022-08-06T17:02:34.925000"
        },
        {
            "utterance_id": 9,
            "interlocutor_id": "AA",
            "text": "I've heard that during that time it was practically empty.",
            "timestamp": "2022-08-06T17:02:56.092000"
        },
        {
            "utterance_id": 10,
            "interlocutor_id": "AC",
            "text": "I can't imagine an empty Disneyland!",
            "timestamp": "2022-08-06T17:03:11.040000"
        },
        {
            "utterance_id": 11,
            "interlocutor_id": "AA",
            "text": "Right, exactly! Since it was always a 2-hour wait, I wanted to go!",
            "timestamp": "2022-08-06T17:03:30.389000"
        },
        {
            "utterance_id": 12,
            "interlocutor_id": "AC",
            "text": "It’s true! If we could ride without waiting, it would be a day packed with experiences.",
            "timestamp": "2022-08-06T17:03:48.907000"
        },
        {
            "utterance_id": 13,
            "interlocutor_id": "AA",
            "text": "Exactly! By the way, do you prefer Land or Sea?",
            "timestamp": "2022-08-06T17:04:07.850000"
        },
        {
            "utterance_id": 14,
            "interlocutor_id": "AC",
            "text": "Actually, I've never been to Sea.",
            "timestamp": "2022-08-06T17:04:20.749000"
        },
        {
            "utterance_id": 15,
            "interlocutor_id": "AA",
            "text": "Oh, really?",
            "timestamp": "2022-08-06T17:04:33.165000"
        },
        {
            "utterance_id": 16,
            "interlocutor_id": "AC",
            "text": "I used to live really close and got tired of the fireworks from Disneyland or Sea every night.",
            "timestamp": "2022-08-06T17:04:55.563000"
        },
        {
            "utterance_id": 17,
            "interlocutor_id": "AA",
            "text": "Ah, I see... You lived near Maihama, that's nice!",
            "timestamp": "2022-08-06T17:05:12.728000"
        },
        {
            "utterance_id": 18,
            "interlocutor_id": "AC",
            "text": "When it’s close, it makes you less inclined to go. But when you're far away, the desire to go really hits you.",
            "timestamp": "2022-08-06T17:05:31.343000"
        },
        {
            "utterance_id": 19,
            "interlocutor_id": "AA",
            "text": "Oh, that’s true. They say the locals go less.",
            "timestamp": "2022-08-06T17:05:47.114000"
        },
        {
            "utterance_id": 20,
            "interlocutor_id": "AC",
            "text": "That's exactly it. So, I've never been to Tokyo Tower either.",
            "timestamp": "2022-08-06T17:06:00.135000"
        },
        {
            "utterance_id": 21,
            "interlocutor_id": "AA",
            "text": "Oh really? By the way, where do you live now?",
            "timestamp": "2022-08-06T17:06:19.768000"
        },
        {
            "utterance_id": 22,
            "interlocutor_id": "AC",
            "text": "I'm currently at the western edge of Kyushu!",
            "timestamp": "2022-08-06T17:06:31.373000"
        },
        {
            "utterance_id": 23,
            "interlocutor_id": "AA",
            "text": "That's quite a distance!",
            "timestamp": "2022-08-06T17:06:39.228000"
        },
        {
            "utterance_id": 24,
            "interlocutor_id": "AC",
            "text": "Yes! Now that I'm far away, I miss Mount Fuji so much.",
            "timestamp": "2022-08-06T17:06:51.658000"
        },
        {
            "utterance_id": 25,
            "interlocutor_id": "AA",
            "text": "Is it around Kagoshima?",
            "timestamp": "2022-08-06T17:07:02.229000"
        },
        {
            "utterance_id": 26,
            "interlocutor_id": "AC",
            "text": "It's in that area, but Sakurajima isn't very close!",
            "timestamp": "2022-08-06T17:07:14.449000"
        },
        {
            "utterance_id": 27,
            "interlocutor_id": "AA",
            "text": "Oh wow! I'm going to Kagoshima in October!",
            "timestamp": "2022-08-06T17:07:27.873000"
        },
        {
            "utterance_id": 28,
            "interlocutor_id": "AC",
            "text": "Wow, please enjoy it! The food in Kagoshima is delicious!",
            "timestamp": "2022-08-06T17:07:55.729000"
        },
        {
            "utterance_id": 29,
            "interlocutor_id": "AA",
            "text": "Oh, I'm curious about that! Thank you!",
            "timestamp": "2022-08-06T17:08:05.224000"
        }
    ],
    "evaluations": [
        {
            "interlocutor_id": "AC",
            "informativeness": 4,
            "comprehension": 3,
            "familiarity": 5,
            "interest": 3,
            "proactiveness": 3,
            "satisfaction": 5
        },
        {
            "interlocutor_id": "AA",
            "informativeness": 5,
            "comprehension": 5,
            "familiarity": 5,
            "interest": 5,
            "proactiveness": 5,
            "satisfaction": 5
        }
    ]
}