{
    "dialogue_id": 17,
    "interlocutors": [
        "AA",
        "AC"
    ],
    "utterances": [
        {
            "utterance_id": 0,
            "interlocutor_id": "AA",
            "text": "Hello!",
            "timestamp": "2022-08-06T17:08:34.344000"
        },
        {
            "utterance_id": 1,
            "interlocutor_id": "AC",
            "text": "Hello!",
            "timestamp": "2022-08-06T17:08:45.440000"
        },
        {
            "utterance_id": 2,
            "interlocutor_id": "AA",
            "text": "What places have you been to until now?",
            "timestamp": "2022-08-06T17:08:48.452000"
        },
        {
            "utterance_id": 3,
            "interlocutor_id": "AC",
            "text": "Mostly domestic, I haven't been abroad!",
            "timestamp": "2022-08-06T17:09:07.699000"
        },
        {
            "utterance_id": 4,
            "interlocutor_id": "AA",
            "text": "I see, besides Tokyo and Kagoshima, have you been anywhere else in Japan?",
            "timestamp": "2022-08-06T17:09:26.340000"
        },
        {
            "utterance_id": 5,
            "interlocutor_id": "AC",
            "text": "Besides those, I've been to Kyoto and Nara on a school trip. I've also been to Yamanashi and Hakone.",
            "timestamp": "2022-08-06T17:09:57.933000"
        },
        {
            "utterance_id": 6,
            "interlocutor_id": "AA",
            "text": "Ah, that's nice! Nostalgic!",
            "timestamp": "2022-08-06T17:10:12.735000"
        },
        {
            "utterance_id": 7,
            "interlocutor_id": "AC",
            "text": "By the way, is there a place we both went to?",
            "timestamp": "2022-08-06T17:10:29.560000"
        },
        {
            "utterance_id": 8,
            "interlocutor_id": "AA",
            "text": "Yes! We both went to Kyoto and Nara, and also Yamanashi and Hakone! Everyone has been there!",
            "timestamp": "2022-08-06T17:10:50.759000"
        },
        {
            "utterance_id": 9,
            "interlocutor_id": "AC",
            "text": "What a coincidence! Did you go to Kyoto and Nara on your school trip?",
            "timestamp": "2022-08-06T17:11:10.509000"
        },
        {
            "utterance_id": 10,
            "interlocutor_id": "AA",
            "text": "Yes, on a middle school field trip!",
            "timestamp": "2022-08-06T17:11:28.864000"
        },
        {
            "utterance_id": 11,
            "interlocutor_id": "AC",
            "text": "Same here! Which place left an impression on you?",
            "timestamp": "2022-08-06T17:11:40.910000"
        },
        {
            "utterance_id": 12,
            "interlocutor_id": "AA",
            "text": "Hmm, the deer in Nara! They were so forceful.",
            "timestamp": "2022-08-06T17:11:57.715000"
        },
        {
            "utterance_id": 13,
            "interlocutor_id": "AC",
            "text": "Me too! Their obsession with the rice crackers is something else!",
            "timestamp": "2022-08-06T17:12:13.930000"
        },
        {
            "utterance_id": 14,
            "interlocutor_id": "AA",
            "text": "Right? They have cute faces, but that energy makes it overwhelming.",
            "timestamp": "2022-08-06T17:12:35.777000"
        },
        {
            "utterance_id": 15,
            "interlocutor_id": "AC",
            "text": "Yes. I remember seeing the Great Buddha, but it didn't stick in my memory at all.",
            "timestamp": "2022-08-06T17:12:49.430000"
        },
        {
            "utterance_id": 16,
            "interlocutor_id": "AA",
            "text": "That's true. I have no memory of that. It was all about the deer and the souvenirs.",
            "timestamp": "2022-08-06T17:13:07.216000"
        },
        {
            "utterance_id": 17,
            "interlocutor_id": "AC",
            "text": "Souvenirs, right! Yatsuhashi, yum yum!",
            "timestamp": "2022-08-06T17:13:24.696000"
        },
        {
            "utterance_id": 18,
            "interlocutor_id": "AA",
            "text": "It was delicious, wasn't it? Recently, they've been sold with fresh cream too.",
            "timestamp": "2022-08-06T17:13:56.137000"
        },
        {
            "utterance_id": 19,
            "interlocutor_id": "AC",
            "text": "Really? Does that mean Yatsuhashi with fresh cream?",
            "timestamp": "2022-08-06T17:14:10.807000"
        },
        {
            "utterance_id": 20,
            "interlocutor_id": "AA",
            "text": "Yes, exactly. Because it's fresh, the expiration date is short though.",
            "timestamp": "2022-08-06T17:14:30.589000"
        },
        {
            "utterance_id": 21,
            "interlocutor_id": "AC",
            "text": "First time hearing that! I wonder if it's tasty; Yatsuhashi has a unique smell, right?",
            "timestamp": "2022-08-06T17:14:56.589000"
        },
        {
            "utterance_id": 22,
            "interlocutor_id": "AA",
            "text": "It does make one curious! Indeed, it is quite unique.",
            "timestamp": "2022-08-06T17:15:19.011000"
        },
        {
            "utterance_id": 23,
            "interlocutor_id": "AC",
            "text": "Yes. Have you ever tasted Yatsuhashi with fresh cream?",
            "timestamp": "2022-08-06T17:15:34.044000"
        },
        {
            "utterance_id": 24,
            "interlocutor_id": "AA",
            "text": "I feel like I might have, but I'm not sure. I think I bought something similar.",
            "timestamp": "2022-08-06T17:15:55.932000"
        },
        {
            "utterance_id": 25,
            "interlocutor_id": "AC",
            "text": "I see! I'm really curious about it now. I wonder if I can order it online.",
            "timestamp": "2022-08-06T17:16:23.622000"
        },
        {
            "utterance_id": 26,
            "interlocutor_id": "AA",
            "text": "I want to order it too; I'd like to feel like I'm on a trip!",
            "timestamp": "2022-08-06T17:16:40.212000"
        },
        {
            "utterance_id": 27,
            "interlocutor_id": "AC",
            "text": "Right? I'll check on Rakuten right now!",
            "timestamp": "2022-08-06T17:16:57.255000"
        },
        {
            "utterance_id": 28,
            "interlocutor_id": "AA",
            "text": "I can't say enough good things about Rakuten!",
            "timestamp": "2022-08-06T17:17:08.514000"
        },
        {
            "utterance_id": 29,
            "interlocutor_id": "AC",
            "text": "Exactly! If I find it, I'll report back!",
            "timestamp": "2022-08-06T17:17:24.144000"
        }
    ],
    "evaluations": [
        {
            "interlocutor_id": "AA",
            "informativeness": 5,
            "comprehension": 5,
            "familiarity": 5,
            "interest": 5,
            "proactiveness": 5,
            "satisfaction": 5
        },
        {
            "interlocutor_id": "AC",
            "informativeness": 4,
            "comprehension": 5,
            "familiarity": 5,
            "interest": 3,
            "proactiveness": 3,
            "satisfaction": 2
        }
    ]
}