{
    "dialogue_id": 21,
    "interlocutors": [
        "AA",
        "AC"
    ],
    "utterances": [
        {
            "utterance_id": 0,
            "interlocutor_id": "AA",
            "text": "改めてよろしくお願いします！",
            "timestamp": "2022-08-06T17:42:55.175000"
        },
        {
            "utterance_id": 1,
            "interlocutor_id": "AC",
            "text": "Nice to meet you again!",
            "timestamp": "2022-08-06T17:43:02.071000"
        },
        {
            "utterance_id": 2,
            "interlocutor_id": "AA",
            "text": "こちらこそですー。",
            "timestamp": "2022-08-06T17:43:08.763000"
        },
        {
            "utterance_id": 3,
            "interlocutor_id": "AC",
            "text": "Likewise!",
            "timestamp": "2022-08-06T17:43:22.719000"
        },
        {
            "utterance_id": 4,
            "interlocutor_id": "AA",
            "text": "ホラーとか得意ですか？",
            "timestamp": "2022-08-06T17:43:42.525000"
        },
        {
            "utterance_id": 5,
            "interlocutor_id": "AC",
            "text": "Are you good at horror and such?",
            "timestamp": "2022-08-06T17:44:09.332000"
        },
        {
            "utterance_id": 6,
            "interlocutor_id": "AA",
            "text": "好きです！昔のが特に！",
            "timestamp": "2022-08-06T17:44:23.126000"
        },
        {
            "utterance_id": 7,
            "interlocutor_id": "AC",
            "text": "I like it! Especially the old ones!",
            "timestamp": "2022-08-06T17:44:41.676000"
        },
        {
            "utterance_id": 8,
            "interlocutor_id": "AA",
            "text": "そうなんですね！昔と今だと何が違うんでしょう？",
            "timestamp": "2022-08-06T17:44:51.548000"
        },
        {
            "utterance_id": 9,
            "interlocutor_id": "AC",
            "text": "I see! What's the difference between the old ones and the new ones?",
            "timestamp": "2022-08-06T17:45:10.910000"
        },
        {
            "utterance_id": 10,
            "interlocutor_id": "AA",
            "text": "今のは本格的に怖いですけど、昔のはちょっとコミカルな部分があった気が。",
            "timestamp": "2022-08-06T17:45:23.684000"
        },
        {
            "utterance_id": 11,
            "interlocutor_id": "AC",
            "text": "The new ones are seriously scary, but I feel like the old ones had a bit of a comedic side.",
            "timestamp": "2022-08-06T17:45:34.540000"
        },
        {
            "utterance_id": 12,
            "interlocutor_id": "AA",
            "text": "ああなるほど。今だとじゃあ、ただこわいだけでしょうか？",
            "timestamp": "2022-08-06T17:45:55.032000"
        },
        {
            "utterance_id": 13,
            "interlocutor_id": "AC",
            "text": "Oh, I see. So the new ones are just scary, then?",
            "timestamp": "2022-08-06T17:46:16.890000"
        },
        {
            "utterance_id": 14,
            "interlocutor_id": "AA",
            "text": "そうですね。貞子とか、救いがないというか。",
            "timestamp": "2022-08-06T17:46:39.883000"
        },
        {
            "utterance_id": 15,
            "interlocutor_id": "AC",
            "text": "That's right. Like Sadako, there's no relief or anything.",
            "timestamp": "2022-08-06T17:46:53.837000"
        },
        {
            "utterance_id": 16,
            "interlocutor_id": "AA",
            "text": "救いがないのって悲しいですよね",
            "timestamp": "2022-08-06T17:47:13.864000"
        },
        {
            "utterance_id": 17,
            "interlocutor_id": "AC",
            "text": "It's sad when there is no relief.",
            "timestamp": "2022-08-06T17:47:38.483000"
        },
        {
            "utterance_id": 18,
            "interlocutor_id": "AA",
            "text": "そうなんですよー。それに比べると、ジェイソンとかはちょっとおもしろい。",
            "timestamp": "2022-08-06T17:47:54.639000"
        },
        {
            "utterance_id": 19,
            "interlocutor_id": "AC",
            "text": "That's true. Compared to that, Jason is a bit amusing.",
            "timestamp": "2022-08-06T17:48:08.281000"
        },
        {
            "utterance_id": 20,
            "interlocutor_id": "AA",
            "text": "ああ、結構顔が怖い奴ですよね",
            "timestamp": "2022-08-06T17:48:34.836000"
        },
        {
            "utterance_id": 21,
            "interlocutor_id": "AC",
            "text": "Oh, he's quite a scary-looking guy, isn’t he?",
            "timestamp": "2022-08-06T17:48:50.255000"
        },
        {
            "utterance_id": 22,
            "interlocutor_id": "AA",
            "text": "そうそう、そうなんですけど、ツッコミどころも一杯で。",
            "timestamp": "2022-08-06T17:49:20.061000"
        },
        {
            "utterance_id": 23,
            "interlocutor_id": "AC",
            "text": "Exactly, that's true, but there are so many things to poke fun at.",
            "timestamp": "2022-08-06T17:49:37.621000"
        },
        {
            "utterance_id": 24,
            "interlocutor_id": "AA",
            "text": "へえ、そうなんですね！顔に騙されてました。顔というか、映画のポスターに",
            "timestamp": "2022-08-06T17:49:54.717000"
        },
        {
            "utterance_id": 25,
            "interlocutor_id": "AC",
            "text": "Really, I didn't know that! I was fooled by his face. Or rather, the movie poster.",
            "timestamp": "2022-08-06T17:50:18.781000"
        },
        {
            "utterance_id": 26,
            "interlocutor_id": "AA",
            "text": "あー、確かに怖いですね。じゃ、13日の金曜日は見たことないんですか？",
            "timestamp": "2022-08-06T17:50:33.665000"
        },
        {
            "utterance_id": 27,
            "interlocutor_id": "AC",
            "text": "Ah, that's definitely scary. So you haven't seen Friday the 13th?",
            "timestamp": "2022-08-06T17:50:51.224000"
        },
        {
            "utterance_id": 28,
            "interlocutor_id": "AA",
            "text": "ないんですよ。ホラー苦手で。夜トイレに行けなくなっちゃうので",
            "timestamp": "2022-08-06T17:51:10.940000"
        },
        {
            "utterance_id": 29,
            "interlocutor_id": "AC",
            "text": "No, I haven't. I'm not good with horror. I can't even go to the bathroom at night.",
            "timestamp": "2022-08-06T17:51:34.202000"
        }
    ],
    "evaluations": [
        {
            "interlocutor_id": "AA",
            "informativeness": 5,
            "comprehension": 5,
            "familiarity": 5,
            "interest": 5,
            "proactiveness": 5,
            "satisfaction": 5
        },
        {
            "interlocutor_id": "AC",
            "informativeness": 3,
            "comprehension": 3,
            "familiarity": 5,
            "interest": 2,
            "proactiveness": 3,
            "satisfaction": 5
        }
    ]
}