{
    "dialogue_id": 23,
    "interlocutors": [
        "AA",
        "AC"
    ],
    "utterances": [
        {
            "utterance_id": 0,
            "interlocutor_id": "AA",
            "text": "Good evening!",
            "timestamp": "2022-08-06T18:00:56.693000"
        },
        {
            "utterance_id": 1,
            "interlocutor_id": "AC",
            "text": "Good evening! I wonder if the sun is setting soon?",
            "timestamp": "2022-08-06T18:01:06.200000"
        },
        {
            "utterance_id": 2,
            "interlocutor_id": "AA",
            "text": "Yes, it is! By the way, what are your hobbies?",
            "timestamp": "2022-08-06T18:01:13.740000"
        },
        {
            "utterance_id": 3,
            "interlocutor_id": "AC",
            "text": "Speaking of hobbies, what would they be? Sleeping, eating.",
            "timestamp": "2022-08-06T18:01:26.806000"
        },
        {
            "utterance_id": 4,
            "interlocutor_id": "AA",
            "text": "That's healthy!",
            "timestamp": "2022-08-06T18:01:34.839000"
        },
        {
            "utterance_id": 5,
            "interlocutor_id": "AC",
            "text": "No, the third one I was about to say is drinking, so that's definitely unhealthy.",
            "timestamp": "2022-08-06T18:01:57.863000"
        },
        {
            "utterance_id": 6,
            "interlocutor_id": "AA",
            "text": "It balances out!",
            "timestamp": "2022-08-06T18:02:07.046000"
        },
        {
            "utterance_id": 7,
            "interlocutor_id": "AC",
            "text": "It does! It could even tilt towards being more unhealthy!",
            "timestamp": "2022-08-06T18:02:20.526000"
        },
        {
            "utterance_id": 8,
            "interlocutor_id": "AA",
            "text": "Oh dear. Are you okay with your health?",
            "timestamp": "2022-08-06T18:02:34.599000"
        },
        {
            "utterance_id": 9,
            "interlocutor_id": "AC",
            "text": "It's about average.",
            "timestamp": "2022-08-06T18:02:45.082000"
        },
        {
            "utterance_id": 10,
            "interlocutor_id": "AA",
            "text": "Oh my. Have you had a health checkup already?",
            "timestamp": "2022-08-06T18:03:03.056000"
        },
        {
            "utterance_id": 11,
            "interlocutor_id": "AC",
            "text": "I haven't had one in the last few years!",
            "timestamp": "2022-08-06T18:03:25.578000"
        },
        {
            "utterance_id": 12,
            "interlocutor_id": "AA",
            "text": "Really? Let's do it!",
            "timestamp": "2022-08-06T18:03:37.409000"
        },
        {
            "utterance_id": 13,
            "interlocutor_id": "AC",
            "text": "But it's scary, isn't it?",
            "timestamp": "2022-08-06T18:03:44.262000"
        },
        {
            "utterance_id": 14,
            "interlocutor_id": "AA",
            "text": "That is certainly scary. The weight measurement.",
            "timestamp": "2022-08-06T18:04:02.530000"
        },
        {
            "utterance_id": 15,
            "interlocutor_id": "AC",
            "text": "And body fat too.",
            "timestamp": "2022-08-06T18:04:15.986000"
        },
        {
            "utterance_id": 16,
            "interlocutor_id": "AA",
            "text": "I get it. You can't tell by appearance alone.",
            "timestamp": "2022-08-06T18:04:29.291000"
        },
        {
            "utterance_id": 17,
            "interlocutor_id": "AC",
            "text": "Hmm, recently I'm starting to be able to tell by appearance.",
            "timestamp": "2022-08-06T18:04:42.767000"
        },
        {
            "utterance_id": 18,
            "interlocutor_id": "AA",
            "text": "Oh dear, you can tell your body shape now.",
            "timestamp": "2022-08-06T18:04:57.106000"
        },
        {
            "utterance_id": 19,
            "interlocutor_id": "AC",
            "text": "Oh no! It's different from how it felt before, especially around the ribs.",
            "timestamp": "2022-08-06T18:05:21.940000"
        },
        {
            "utterance_id": 20,
            "interlocutor_id": "AA",
            "text": "Ribs?? Not the stomach?",
            "timestamp": "2022-08-06T18:05:36.496000"
        },
        {
            "utterance_id": 21,
            "interlocutor_id": "AC",
            "text": "The stomach has always been there.",
            "timestamp": "2022-08-06T18:05:44.270000"
        },
        {
            "utterance_id": 22,
            "interlocutor_id": "AA",
            "text": "I didn't see anything.",
            "timestamp": "2022-08-06T18:05:56.863000"
        },
        {
            "utterance_id": 23,
            "interlocutor_id": "AC",
            "text": "Yes, please pretend you didn't see or hear anything up to this point.",
            "timestamp": "2022-08-06T18:06:16.465000"
        },
        {
            "utterance_id": 24,
            "interlocutor_id": "AA",
            "text": "Let's do that. We were having a fun evening conversation, weren't we?",
            "timestamp": "2022-08-06T18:06:38.120000"
        },
        {
            "utterance_id": 25,
            "interlocutor_id": "AC",
            "text": "We were, we were! The sunset is dazzling!",
            "timestamp": "2022-08-06T18:06:55.613000"
        },
        {
            "utterance_id": 26,
            "interlocutor_id": "AA",
            "text": "Is it sunny over there?",
            "timestamp": "2022-08-06T18:07:08.803000"
        },
        {
            "utterance_id": 27,
            "interlocutor_id": "AC",
            "text": "Yes, it's sunny! The temperature is perfect for walking now!",
            "timestamp": "2022-08-06T18:07:27.506000"
        },
        {
            "utterance_id": 28,
            "interlocutor_id": "AA",
            "text": "Nice! That's great, maybe I should walk too.",
            "timestamp": "2022-08-06T18:07:36.337000"
        },
        {
            "utterance_id": 29,
            "interlocutor_id": "AC",
            "text": "Let's walk! Let's burn some fat!",
            "timestamp": "2022-08-06T18:07:46.644000"
        }
    ],
    "evaluations": [
        {
            "interlocutor_id": "AA",
            "informativeness": 5,
            "comprehension": 5,
            "familiarity": 5,
            "interest": 5,
            "proactiveness": 5,
            "satisfaction": 5
        },
        {
            "interlocutor_id": "AC",
            "informativeness": 5,
            "comprehension": 4,
            "familiarity": 5,
            "interest": 5,
            "proactiveness": 4,
            "satisfaction": 5
        }
    ]
}