{
    "dialogue_id": 27,
    "interlocutors": [
        "AE",
        "AD"
    ],
    "utterances": [
        {
            "utterance_id": 0,
            "interlocutor_id": "AE",
            "text": "Hello!",
            "timestamp": "2022-08-17T16:02:57.947000"
        },
        {
            "utterance_id": 1,
            "interlocutor_id": "AD",
            "text": "Hello! Nice to meet you!",
            "timestamp": "2022-08-17T16:03:03.420000"
        },
        {
            "utterance_id": 2,
            "interlocutor_id": "AE",
            "text": "I tend to buy new products when they come out at convenience stores; do you have any favorites from convenience stores?",
            "timestamp": "2022-08-17T16:03:49.657000"
        },
        {
            "utterance_id": 3,
            "interlocutor_id": "AD",
            "text": "What I often buy at convenience stores are sweets, I suppose. Seasonal limited items catch my eye.",
            "timestamp": "2022-08-17T16:04:06.534000"
        },
        {
            "utterance_id": 4,
            "interlocutor_id": "AE",
            "text": "I also tend to buy sweets when they come out.",
            "timestamp": "2022-08-17T16:04:50.848000"
        },
        {
            "utterance_id": 5,
            "interlocutor_id": "AD",
            "text": "Are there any things other than sweets that catch your eye?",
            "timestamp": "2022-08-17T16:04:58.994000"
        },
        {
            "utterance_id": 6,
            "interlocutor_id": "AE",
            "text": "Just yesterday, I tried buying something like Lipton's mint milk tea.",
            "timestamp": "2022-08-17T16:05:08.957000"
        },
        {
            "utterance_id": 7,
            "interlocutor_id": "AD",
            "text": "Mint milk tea as a drink? That's unusual. Is it the 500ml carton from Lipton?",
            "timestamp": "2022-08-17T16:05:20.977000"
        },
        {
            "utterance_id": 8,
            "interlocutor_id": "AE",
            "text": "Yes, that's right. I thought it wouldn't quite match, but surprisingly it was good.",
            "timestamp": "2022-08-17T16:05:42.393000"
        },
        {
            "utterance_id": 9,
            "interlocutor_id": "AD",
            "text": "It seems better than mint chocolate, not too sweet.",
            "timestamp": "2022-08-17T16:05:59.079000"
        },
        {
            "utterance_id": 10,
            "interlocutor_id": "AE",
            "text": "It was sweet, but it matched well with the mint flavor.",
            "timestamp": "2022-08-17T16:06:43.151000"
        },
        {
            "utterance_id": 11,
            "interlocutor_id": "AD",
            "text": "So it was sweet. I was imagining it would be a bit refreshing.",
            "timestamp": "2022-08-17T16:07:02.525000"
        },
        {
            "utterance_id": 12,
            "interlocutor_id": "AE",
            "text": "It had a refreshing mint flavor; it was quite an interesting taste.",
            "timestamp": "2022-08-17T16:07:29.496000"
        },
        {
            "utterance_id": 13,
            "interlocutor_id": "AD",
            "text": "I see, does it make you want to drink it again?",
            "timestamp": "2022-08-17T16:07:37.959000"
        },
        {
            "utterance_id": 14,
            "interlocutor_id": "AE",
            "text": "The price was a bit high, so I was thinking I’d buy it if it wasn't too expensive.",
            "timestamp": "2022-08-17T16:07:59.445000"
        },
        {
            "utterance_id": 15,
            "interlocutor_id": "AD",
            "text": "I see. I'm curious and want to buy it now. Which convenience store did you buy it from?",
            "timestamp": "2022-08-17T16:08:19.814000"
        },
        {
            "utterance_id": 16,
            "interlocutor_id": "AE",
            "text": "I bought it at 7-Eleven.",
            "timestamp": "2022-08-17T16:08:30.470000"
        },
        {
            "utterance_id": 17,
            "interlocutor_id": "AD",
            "text": "7-Eleven has many delicious-looking sweets right now. I will check for the mint milk tea next time I go.",
            "timestamp": "2022-08-17T16:08:55.749000"
        },
        {
            "utterance_id": 18,
            "interlocutor_id": "AE",
            "text": "Please do, I hope you enjoy it!",
            "timestamp": "2022-08-17T16:09:01.445000"
        },
        {
            "utterance_id": 19,
            "interlocutor_id": "AD",
            "text": "Yes! Do you have any other recommendations from convenience stores?",
            "timestamp": "2022-08-17T16:09:43.179000"
        },
        {
            "utterance_id": 20,
            "interlocutor_id": "AE",
            "text": "When it comes to sweets, if there's something delicious, I tend to buy it.",
            "timestamp": "2022-08-17T16:10:09.477000"
        },
        {
            "utterance_id": 21,
            "interlocutor_id": "AD",
            "text": "In summer, there are many refreshing sweets, so I can't help but want to buy them. They are light and easy to eat a lot of.",
            "timestamp": "2022-08-17T16:10:56.082000"
        },
        {
            "utterance_id": 22,
            "interlocutor_id": "AE",
            "text": "Exactly. The other day, I ended up buying something like summer rare cheesecake.",
            "timestamp": "2022-08-17T16:12:03.043000"
        },
        {
            "utterance_id": 23,
            "interlocutor_id": "AD",
            "text": "Was that also from 7-Eleven?",
            "timestamp": "2022-08-17T16:12:12.681000"
        },
        {
            "utterance_id": 24,
            "interlocutor_id": "AE",
            "text": "I think it might have been at 7-Eleven, but I'm not entirely sure.",
            "timestamp": "2022-08-17T16:12:33.496000"
        },
        {
            "utterance_id": 25,
            "interlocutor_id": "AD",
            "text": "I will check when I go to 7-Eleven. I had something like summer fruit jelly from there!",
            "timestamp": "2022-08-17T16:13:03.011000"
        },
        {
            "utterance_id": 26,
            "interlocutor_id": "AE",
            "text": "Fruit jelly sounds good! I'll buy it if I see it next time too.",
            "timestamp": "2022-08-17T16:13:24.506000"
        },
        {
            "utterance_id": 27,
            "interlocutor_id": "AD",
            "text": "It was blue jelly, very summery, and it looked delicious at first glance! A friend also recommended warabi mochi to me.",
            "timestamp": "2022-08-17T16:13:44.436000"
        },
        {
            "utterance_id": 28,
            "interlocutor_id": "AE",
            "text": "Warabi mochi sounds good too. Thank you!",
            "timestamp": "2022-08-17T16:14:07.017000"
        },
        {
            "utterance_id": 29,
            "interlocutor_id": "AD",
            "text": "Thank you!",
            "timestamp": "2022-08-17T16:14:10.540000"
        }
    ],
    "evaluations": [
        {
            "interlocutor_id": "AE",
            "informativeness": 5,
            "comprehension": 5,
            "familiarity": 4,
            "interest": 4,
            "proactiveness": 5,
            "satisfaction": 4
        },
        {
            "interlocutor_id": "AD",
            "informativeness": 5,
            "comprehension": 5,
            "familiarity": 5,
            "interest": 5,
            "proactiveness": 5,
            "satisfaction": 5
        }
    ]
}