{
    "dialogue_id": 20,
    "interlocutors": [
        "AC",
        "AA"
    ],
    "utterances": [
        {
            "utterance_id": 0,
            "interlocutor_id": "AC",
            "text": "Hello!",
            "timestamp": "2022-08-06T17:33:58.680000"
        },
        {
            "utterance_id": 1,
            "interlocutor_id": "AA",
            "text": "Good evening!",
            "timestamp": "2022-08-06T17:34:00.953000"
        },
        {
            "utterance_id": 2,
            "interlocutor_id": "AC",
            "text": "Oh, is it that time already?",
            "timestamp": "2022-08-06T17:34:11.945000"
        },
        {
            "utterance_id": 3,
            "interlocutor_id": "AA",
            "text": "I thought so.",
            "timestamp": "2022-08-06T17:34:19.101000"
        },
        {
            "utterance_id": 4,
            "interlocutor_id": "AC",
            "text": "Indeed, the days have been getting shorter lately.",
            "timestamp": "2022-08-06T17:34:31.722000"
        },
        {
            "utterance_id": 5,
            "interlocutor_id": "AA",
            "text": "Right? I always wonder at what point we should switch our greetings.",
            "timestamp": "2022-08-06T17:34:53.038000"
        },
        {
            "utterance_id": 6,
            "interlocutor_id": "AC",
            "text": "Maybe when the evening chime rings?",
            "timestamp": "2022-08-06T17:35:05.451000"
        },
        {
            "utterance_id": 7,
            "interlocutor_id": "AA",
            "text": "I see. So, at 5 o'clock?",
            "timestamp": "2022-08-06T17:35:16.260000"
        },
        {
            "utterance_id": 8,
            "interlocutor_id": "AC",
            "text": "Yes. Does the chime ring where you are?",
            "timestamp": "2022-08-06T17:35:24.270000"
        },
        {
            "utterance_id": 9,
            "interlocutor_id": "AA",
            "text": "It doesn't ring for me.",
            "timestamp": "2022-08-06T17:35:43.041000"
        },
        {
            "utterance_id": 10,
            "interlocutor_id": "AC",
            "text": "Oh, I see. Is it because there are farms around?",
            "timestamp": "2022-08-06T17:35:58.350000"
        },
        {
            "utterance_id": 11,
            "interlocutor_id": "AA",
            "text": "I see! But my friend's place has it ringing, so I wonder what that is?",
            "timestamp": "2022-08-06T17:36:34.976000"
        },
        {
            "utterance_id": 12,
            "interlocutor_id": "AC",
            "text": "I wonder what that is? When I was a child, I remember feeling rushed to get home when I heard that.",
            "timestamp": "2022-08-06T17:36:58.438000"
        },
        {
            "utterance_id": 13,
            "interlocutor_id": "AA",
            "text": "You had a curfew, didn't you?",
            "timestamp": "2022-08-06T17:37:10.085000"
        },
        {
            "utterance_id": 14,
            "interlocutor_id": "AC",
            "text": "That's right. When you’re playing outside, it’s hard to keep track of time.",
            "timestamp": "2022-08-06T17:37:30.750000"
        },
        {
            "utterance_id": 15,
            "interlocutor_id": "AA",
            "text": "That's true. I wonder how we used to tell time back then. It's nostalgic.",
            "timestamp": "2022-08-06T17:37:51.256000"
        },
        {
            "utterance_id": 16,
            "interlocutor_id": "AC",
            "text": "I just remembered that when I was a kid, if I didn't have a clock, I’d ask a stranger.",
            "timestamp": "2022-08-06T17:38:12.643000"
        },
        {
            "utterance_id": 17,
            "interlocutor_id": "AA",
            "text": "Oh, that happened, didn’t it? They would normally tell you. You can't do that now.",
            "timestamp": "2022-08-06T17:38:34.150000"
        },
        {
            "utterance_id": 18,
            "interlocutor_id": "AC",
            "text": "Right? Nowadays, you have to be really wary of strangers!",
            "timestamp": "2022-08-06T17:38:53.933000"
        },
        {
            "utterance_id": 19,
            "interlocutor_id": "AA",
            "text": "Yes, it’s true. Just looking at a child innocently could lead to being treated as a suspicious person, and that’s scary.",
            "timestamp": "2022-08-06T17:39:19.747000"
        },
        {
            "utterance_id": 20,
            "interlocutor_id": "AC",
            "text": "I get it. I try to avoid staring at children.",
            "timestamp": "2022-08-06T17:39:35.562000"
        },
        {
            "utterance_id": 21,
            "interlocutor_id": "AA",
            "text": "Right. In that sense, it has become inconvenient.",
            "timestamp": "2022-08-06T17:39:53.467000"
        },
        {
            "utterance_id": 22,
            "interlocutor_id": "AC",
            "text": "Yeah. In the past, it was normal to get scolded by a stranger!",
            "timestamp": "2022-08-06T17:40:06.983000"
        },
        {
            "utterance_id": 23,
            "interlocutor_id": "AA",
            "text": "That’s true! We would just talk casually.",
            "timestamp": "2022-08-06T17:40:21.153000"
        },
        {
            "utterance_id": 24,
            "interlocutor_id": "AC",
            "text": "We did! So nostalgic.",
            "timestamp": "2022-08-06T17:40:43.104000"
        },
        {
            "utterance_id": 25,
            "interlocutor_id": "AA",
            "text": "The world has become convenient, but at the same time, it's just as restricted, isn’t it?",
            "timestamp": "2022-08-06T17:41:03.123000"
        },
        {
            "utterance_id": 26,
            "interlocutor_id": "AC",
            "text": "Yes! I miss the times when unknown aunties would give us candies or oranges.",
            "timestamp": "2022-08-06T17:41:25.408000"
        },
        {
            "utterance_id": 27,
            "interlocutor_id": "AA",
            "text": "That happened! We would visit each other’s houses without any weird implications.",
            "timestamp": "2022-08-06T17:41:40.568000"
        },
        {
            "utterance_id": 28,
            "interlocutor_id": "AC",
            "text": "Yes, it did. It’s totally Showa era!",
            "timestamp": "2022-08-06T17:41:56.887000"
        },
        {
            "utterance_id": 29,
            "interlocutor_id": "AA",
            "text": "So nostalgic, I want to go back!",
            "timestamp": "2022-08-06T17:42:01.949000"
        },
        {
            "utterance_id": 30,
            "interlocutor_id": "AC",
            "text": "Yes! Well then!",
            "timestamp": "2022-08-06T17:42:08.645000"
        }
    ],
    "evaluations": [
        {
            "interlocutor_id": "AC",
            "informativeness": 5,
            "comprehension": 5,
            "familiarity": 5,
            "interest": 5,
            "proactiveness": 4,
            "satisfaction": 5
        },
        {
            "interlocutor_id": "AA",
            "informativeness": 5,
            "comprehension": 5,
            "familiarity": 5,
            "interest": 5,
            "proactiveness": 5,
            "satisfaction": 5
        }
    ]
}