{
    "dialogue_id": 26,
    "interlocutors": [
        "AD",
        "AE"
    ],
    "utterances": [
        {
            "utterance_id": 0,
            "interlocutor_id": "AD",
            "text": "Hello! Nice to meet you!",
            "timestamp": "2022-08-17T15:47:36.543000"
        },
        {
            "utterance_id": 1,
            "interlocutor_id": "AE",
            "text": "Hello~ Nice to meet you!",
            "timestamp": "2022-08-17T15:47:48.297000"
        },
        {
            "utterance_id": 2,
            "interlocutor_id": "AD",
            "text": "Are you off today?",
            "timestamp": "2022-08-17T15:47:57.133000"
        },
        {
            "utterance_id": 3,
            "interlocutor_id": "AE",
            "text": "I'm off today. Are you also off?",
            "timestamp": "2022-08-17T15:48:12.736000"
        },
        {
            "utterance_id": 4,
            "interlocutor_id": "AD",
            "text": "I'm working from home. It's technically work.",
            "timestamp": "2022-08-17T15:48:25.638000"
        },
        {
            "utterance_id": 5,
            "interlocutor_id": "AE",
            "text": "Working from home... Thank you for your hard work.",
            "timestamp": "2022-08-17T15:48:32.866000"
        },
        {
            "utterance_id": 6,
            "interlocutor_id": "AD",
            "text": "Thank you. Did you go out or do anything during your day off?",
            "timestamp": "2022-08-17T15:48:51.619000"
        },
        {
            "utterance_id": 7,
            "interlocutor_id": "AE",
            "text": "I went out for some shopping.",
            "timestamp": "2022-08-17T15:50:00.180000"
        },
        {
            "utterance_id": 8,
            "interlocutor_id": "AD",
            "text": "That sounds nice! On weekdays, there are fewer people, so it seems great to go anywhere.",
            "timestamp": "2022-08-17T15:49:45.419000"
        },
        {
            "utterance_id": 9,
            "interlocutor_id": "AE",
            "text": "That's true on weekdays. It seems easier to do things alone.",
            "timestamp": "2022-08-17T15:50:17.365000"
        },
        {
            "utterance_id": 10,
            "interlocutor_id": "AD",
            "text": "If you're going out with someone, the timing usually doesn't match.",
            "timestamp": "2022-08-17T15:50:34.845000"
        },
        {
            "utterance_id": 11,
            "interlocutor_id": "AE",
            "text": "That's right. If you're doing something with someone, weekends are definitely better.",
            "timestamp": "2022-08-17T15:51:06.855000"
        },
        {
            "utterance_id": 12,
            "interlocutor_id": "AD",
            "text": "I have the same days off as the calendar, but it gets crowded. Sometimes I think that having a weekday off would be nice.",
            "timestamp": "2022-08-17T15:51:26.438000"
        },
        {
            "utterance_id": 13,
            "interlocutor_id": "AE",
            "text": "I see. My previous job had Sundays and Mondays off, and I regret not realizing how well-balanced that was.",
            "timestamp": "2022-08-17T15:51:53.281000"
        },
        {
            "utterance_id": 14,
            "interlocutor_id": "AD",
            "text": "Sundays and Mondays are good. You can hang out with someone on Sunday, and Monday is a weekday.",
            "timestamp": "2022-08-17T15:52:22.597000"
        },
        {
            "utterance_id": 15,
            "interlocutor_id": "AE",
            "text": "That's true. But it's difficult to go to places like hair salons.",
            "timestamp": "2022-08-17T15:52:55.501000"
        },
        {
            "utterance_id": 16,
            "interlocutor_id": "AD",
            "text": "Sundays are crowded, and I wonder if there are a lot of hair salons closed on Mondays?",
            "timestamp": "2022-08-17T15:53:21.773000"
        },
        {
            "utterance_id": 17,
            "interlocutor_id": "AE",
            "text": "I felt like they were closed every Monday.",
            "timestamp": "2022-08-17T15:53:58.976000"
        },
        {
            "utterance_id": 18,
            "interlocutor_id": "AD",
            "text": "Is that so? I didn't know that. I'll make sure not to schedule hair appointments on Mondays from now on.",
            "timestamp": "2022-08-17T15:54:21.930000"
        },
        {
            "utterance_id": 19,
            "interlocutor_id": "AE",
            "text": "If they are open on Mondays, I think it's fine to make a reservation.",
            "timestamp": "2022-08-17T15:55:20.189000"
        },
        {
            "utterance_id": 20,
            "interlocutor_id": "AD",
            "text": "I haven't been to the hair salon in over six months, so I totally forgot when they're closed.",
            "timestamp": "2022-08-17T15:56:09.010000"
        },
        {
            "utterance_id": 21,
            "interlocutor_id": "AE",
            "text": "Is it that you don't go often?",
            "timestamp": "2022-08-17T15:57:11.844000"
        },
        {
            "utterance_id": 22,
            "interlocutor_id": "AD",
            "text": "I'm currently dyeing my hair and waiting for the lighter parts to come down.",
            "timestamp": "2022-08-17T15:57:37.141000"
        },
        {
            "utterance_id": 23,
            "interlocutor_id": "AE",
            "text": "Oh, I see! Is that so?",
            "timestamp": "2022-08-17T15:58:06.031000"
        },
        {
            "utterance_id": 24,
            "interlocutor_id": "AD",
            "text": "Since my hair is long, I think I can just tie it up and not go too often.",
            "timestamp": "2022-08-17T15:58:55.341000"
        },
        {
            "utterance_id": 25,
            "interlocutor_id": "AE",
            "text": "Long hair seems like it allows for various styles, but it also looks like it requires a lot of maintenance.",
            "timestamp": "2022-08-17T15:59:34.829000"
        },
        {
            "utterance_id": 26,
            "interlocutor_id": "AD",
            "text": "The ends do get damaged, after all. Do you have long hair?",
            "timestamp": "2022-08-17T15:59:54.882000"
        },
        {
            "utterance_id": 27,
            "interlocutor_id": "AE",
            "text": "I have short hair, so I go for a haircut at least once a month.",
            "timestamp": "2022-08-17T16:00:17.367000"
        },
        {
            "utterance_id": 28,
            "interlocutor_id": "AD",
            "text": "Short hair seems easier to dry, which is nice!",
            "timestamp": "2022-08-17T16:00:40.390000"
        },
        {
            "utterance_id": 29,
            "interlocutor_id": "AE",
            "text": "That is nice. Thank you!",
            "timestamp": "2022-08-17T16:00:52.495000"
        }
    ],
    "evaluations": [
        {
            "interlocutor_id": "AD",
            "informativeness": 5,
            "comprehension": 5,
            "familiarity": 5,
            "interest": 5,
            "proactiveness": 5,
            "satisfaction": 5
        },
        {
            "interlocutor_id": "AE",
            "informativeness": 5,
            "comprehension": 4,
            "familiarity": 4,
            "interest": 4,
            "proactiveness": 4,
            "satisfaction": 4
        }
    ]
}