{
    "dialogue_id": 34,
    "interlocutors": [
        "AB",
        "AF"
    ],
    "utterances": [
        {
            "utterance_id": 0,
            "interlocutor_id": "AB",
            "text": "Good morning.",
            "timestamp": "2022-08-07T09:30:52.917000"
        },
        {
            "utterance_id": 1,
            "interlocutor_id": "AF",
            "text": "Good morning.",
            "timestamp": "2022-08-07T09:31:02.794000"
        },
        {
            "utterance_id": 2,
            "interlocutor_id": "AB",
            "text": "Did you have a good breakfast?",
            "timestamp": "2022-08-07T09:31:18.176000"
        },
        {
            "utterance_id": 3,
            "interlocutor_id": "AF",
            "text": "I made a cutlet sandwich with yesterday's leftovers.",
            "timestamp": "2022-08-07T09:31:34.209000"
        },
        {
            "utterance_id": 4,
            "interlocutor_id": "AB",
            "text": "That looks delicious. I had a cheese soufflé cake.",
            "timestamp": "2022-08-07T09:32:04.236000"
        },
        {
            "utterance_id": 5,
            "interlocutor_id": "AF",
            "text": "Having cake in the morning?",
            "timestamp": "2022-08-07T09:32:17.080000"
        },
        {
            "utterance_id": 6,
            "interlocutor_id": "AB",
            "text": "There were some leftovers.",
            "timestamp": "2022-08-07T09:32:46.099000"
        },
        {
            "utterance_id": 7,
            "interlocutor_id": "AF",
            "text": "I see, do you usually not eat much in the morning?",
            "timestamp": "2022-08-07T09:33:08.747000"
        },
        {
            "utterance_id": 8,
            "interlocutor_id": "AB",
            "text": "No, I always eat. I'm a bread person!",
            "timestamp": "2022-08-07T09:33:22.171000"
        },
        {
            "utterance_id": 9,
            "interlocutor_id": "AF",
            "text": "I prefer to drink rice and miso soup.",
            "timestamp": "2022-08-07T09:33:43.445000"
        },
        {
            "utterance_id": 10,
            "interlocutor_id": "AB",
            "text": "Is that so? My standard is toast, jam, and banana juice.",
            "timestamp": "2022-08-07T09:34:03.179000"
        },
        {
            "utterance_id": 11,
            "interlocutor_id": "AF",
            "text": "You do eat quite well! In my family, everyone has bread and miso soup.",
            "timestamp": "2022-08-07T09:34:31.143000"
        },
        {
            "utterance_id": 12,
            "interlocutor_id": "AB",
            "text": "Bread with miso soup! Is that a habit?",
            "timestamp": "2022-08-07T09:34:47.764000"
        },
        {
            "utterance_id": 13,
            "interlocutor_id": "AF",
            "text": "Yes, and my family also drinks yogurt and milk.",
            "timestamp": "2022-08-07T09:35:11.096000"
        },
        {
            "utterance_id": 14,
            "interlocutor_id": "AB",
            "text": "You shouldn't skip breakfast!",
            "timestamp": "2022-08-07T09:35:36.700000"
        },
        {
            "utterance_id": 15,
            "interlocutor_id": "AF",
            "text": "I personally don't eat much at night.",
            "timestamp": "2022-08-07T09:35:53.779000"
        },
        {
            "utterance_id": 16,
            "interlocutor_id": "AB",
            "text": "Is that so? No carbohydrates, perhaps?",
            "timestamp": "2022-08-07T09:36:14.749000"
        },
        {
            "utterance_id": 17,
            "interlocutor_id": "AF",
            "text": "If I cut out carbohydrates, I feel too low on sugar in the morning, so I eat a little.",
            "timestamp": "2022-08-07T09:36:44.612000"
        },
        {
            "utterance_id": 18,
            "interlocutor_id": "AB",
            "text": "I see. I eat well for breakfast, lunch, and dinner.",
            "timestamp": "2022-08-07T09:37:21.638000"
        },
        {
            "utterance_id": 19,
            "interlocutor_id": "AF",
            "text": "If you can eat, it’s best to eat well!",
            "timestamp": "2022-08-07T09:37:41.175000"
        },
        {
            "utterance_id": 20,
            "interlocutor_id": "AB",
            "text": "It's sad that I can't lose weight even in summer.",
            "timestamp": "2022-08-07T09:38:04.526000"
        },
        {
            "utterance_id": 21,
            "interlocutor_id": "AF",
            "text": "Recently, I lost 2 kilograms thanks to gastroenteritis?",
            "timestamp": "2022-08-07T09:38:33.042000"
        },
        {
            "utterance_id": 22,
            "interlocutor_id": "AB",
            "text": "Oh, does illness cause weight loss? Have you fully recovered?",
            "timestamp": "2022-08-07T09:38:52.206000"
        },
        {
            "utterance_id": 23,
            "interlocutor_id": "AF",
            "text": "Yes, after about three days without eating, my belly looked slimmer.",
            "timestamp": "2022-08-07T09:39:11.233000"
        },
        {
            "utterance_id": 24,
            "interlocutor_id": "AB",
            "text": "Three days?! That must have been tough. Was it from exhaustion?",
            "timestamp": "2022-08-07T09:39:26.688000"
        },
        {
            "utterance_id": 25,
            "interlocutor_id": "AF",
            "text": "I completely caught it from my child. Kids recover quickly, don't they?",
            "timestamp": "2022-08-07T09:39:47.407000"
        },
        {
            "utterance_id": 26,
            "interlocutor_id": "AB",
            "text": "I see. I'm glad it didn't escalate. You lost weight, though.",
            "timestamp": "2022-08-07T09:40:06.097000"
        },
        {
            "utterance_id": 27,
            "interlocutor_id": "AF",
            "text": "I'll make sure to get enough protein and exercise to get back to normal.",
            "timestamp": "2022-08-07T09:40:25.561000"
        },
        {
            "utterance_id": 28,
            "interlocutor_id": "AB",
            "text": "That's important! Let's continue to be careful!",
            "timestamp": "2022-08-07T09:40:41.292000"
        },
        {
            "utterance_id": 29,
            "interlocutor_id": "AF",
            "text": "You're right, thank you for today.",
            "timestamp": "2022-08-07T09:40:57.030000"
        }
    ],
    "evaluations": [
        {
            "interlocutor_id": "AB",
            "informativeness": 5,
            "comprehension": 5,
            "familiarity": 5,
            "interest": 5,
            "proactiveness": 5,
            "satisfaction": 5
        },
        {
            "interlocutor_id": "AF",
            "informativeness": 4,
            "comprehension": 4,
            "familiarity": 4,
            "interest": 4,
            "proactiveness": 4,
            "satisfaction": 4
        }
    ]
}