{
    "dialogue_id": 33,
    "interlocutors": [
        "AF",
        "AB"
    ],
    "utterances": [
        {
            "utterance_id": 0,
            "interlocutor_id": "AF",
            "text": "Hello!",
            "timestamp": "2022-08-07T09:20:30.854000"
        },
        {
            "utterance_id": 1,
            "interlocutor_id": "AB",
            "text": "Hello!",
            "timestamp": "2022-08-07T09:20:35.192000"
        },
        {
            "utterance_id": 2,
            "interlocutor_id": "AF",
            "text": "What do you want to eat or drink when it's hot?",
            "timestamp": "2022-08-07T09:20:50.939000"
        },
        {
            "utterance_id": 3,
            "interlocutor_id": "AB",
            "text": "Carbonated water and highballs!",
            "timestamp": "2022-08-07T09:21:08.260000"
        },
        {
            "utterance_id": 4,
            "interlocutor_id": "AF",
            "text": "Is the carbonated water sugar-free? I'm not too good with highballs.",
            "timestamp": "2022-08-07T09:21:29.547000"
        },
        {
            "utterance_id": 5,
            "interlocutor_id": "AB",
            "text": "Yes, it's sugar-free. I always stock it up. I crave something fizzy.",
            "timestamp": "2022-08-07T09:21:54.180000"
        },
        {
            "utterance_id": 6,
            "interlocutor_id": "AF",
            "text": "I like that too. I sometimes add a little Pokka Lemon or some frozen fruit to it.",
            "timestamp": "2022-08-07T09:22:23.273000"
        },
        {
            "utterance_id": 7,
            "interlocutor_id": "AB",
            "text": "That sounds delicious! And, maybe watermelon and spicy food as well.",
            "timestamp": "2022-08-07T09:22:40.280000"
        },
        {
            "utterance_id": 8,
            "interlocutor_id": "AF",
            "text": "I like both too! It feels like summer, doesn't it?",
            "timestamp": "2022-08-07T09:22:55.345000"
        },
        {
            "utterance_id": 9,
            "interlocutor_id": "AB",
            "text": "In summer, I want to eat spicy food. Then I sweat.",
            "timestamp": "2022-08-07T09:23:11.032000"
        },
        {
            "utterance_id": 10,
            "interlocutor_id": "AF",
            "text": "Sometimes I really crave tantanmen noodles.",
            "timestamp": "2022-08-07T09:23:34.831000"
        },
        {
            "utterance_id": 11,
            "interlocutor_id": "AB",
            "text": "I get that! Are you good with spicy food?",
            "timestamp": "2022-08-07T09:23:48.132000"
        },
        {
            "utterance_id": 12,
            "interlocutor_id": "AF",
            "text": "Yes. I sometimes make sundubu by myself and eat it.",
            "timestamp": "2022-08-07T09:24:01.631000"
        },
        {
            "utterance_id": 13,
            "interlocutor_id": "AB",
            "text": "That's nice. I love extremely spicy food.",
            "timestamp": "2022-08-07T09:24:21.043000"
        },
        {
            "utterance_id": 14,
            "interlocutor_id": "AF",
            "text": "I love it too, and I sometimes go out to eat with friends who also like it spicy.",
            "timestamp": "2022-08-07T09:24:48.350000"
        },
        {
            "utterance_id": 15,
            "interlocutor_id": "AB",
            "text": "That sounds great! I have no one around me who can eat extremely spicy food, so it's lonely.",
            "timestamp": "2022-08-07T09:25:05.080000"
        },
        {
            "utterance_id": 16,
            "interlocutor_id": "AF",
            "text": "My family is all bad with spicy food. It's fun when there's someone who likes spicy food nearby!",
            "timestamp": "2022-08-07T09:25:39.745000"
        },
        {
            "utterance_id": 17,
            "interlocutor_id": "AB",
            "text": "It must be so much fun. The only one who is with me is my husband, who likes spicy food.",
            "timestamp": "2022-08-07T09:26:06.887000"
        },
        {
            "utterance_id": 18,
            "interlocutor_id": "AF",
            "text": "Your husband can handle it! My husband is a complete sweet tooth.",
            "timestamp": "2022-08-07T09:26:23.399000"
        },
        {
            "utterance_id": 19,
            "interlocutor_id": "AB",
            "text": "My husband and I both like spicy food and sweet food.",
            "timestamp": "2022-08-07T09:26:42.486000"
        },
        {
            "utterance_id": 20,
            "interlocutor_id": "AF",
            "text": "It's better to enjoy both! My husband can only eat sweet curry.",
            "timestamp": "2022-08-07T09:27:11.431000"
        },
        {
            "utterance_id": 21,
            "interlocutor_id": "AB",
            "text": "Is that so? Do you adjust to him?",
            "timestamp": "2022-08-07T09:27:28.081000"
        },
        {
            "utterance_id": 22,
            "interlocutor_id": "AF",
            "text": "Yes, I make sweet curry and then add spices just for myself later.",
            "timestamp": "2022-08-07T09:28:02.222000"
        },
        {
            "utterance_id": 23,
            "interlocutor_id": "AB",
            "text": "That makes sense. In our house, only the children have sweet curry, and the adults have extremely spicy.",
            "timestamp": "2022-08-07T09:28:09.941000"
        },
        {
            "utterance_id": 24,
            "interlocutor_id": "AF",
            "text": "Even store-bought roux has some that are quite spicy!",
            "timestamp": "2022-08-07T09:28:29.647000"
        },
        {
            "utterance_id": 25,
            "interlocutor_id": "AB",
            "text": "I wonder what brand that was? Only one company offers extremely spicy roux.",
            "timestamp": "2022-08-07T09:28:54.316000"
        },
        {
            "utterance_id": 26,
            "interlocutor_id": "AF",
            "text": "I want to try it once. It sounds like you make curry in two pots at home, right?",
            "timestamp": "2022-08-07T09:29:22.341000"
        },
        {
            "utterance_id": 27,
            "interlocutor_id": "AB",
            "text": "That's right! Doing the dishes is bothersome.",
            "timestamp": "2022-08-07T09:29:40.114000"
        },
        {
            "utterance_id": 28,
            "interlocutor_id": "AF",
            "text": "I understand, it really is like that! Thank you for the conversation!",
            "timestamp": "2022-08-07T09:30:01.957000"
        },
        {
            "utterance_id": 29,
            "interlocutor_id": "AB",
            "text": "Thank you too!",
            "timestamp": "2022-08-07T09:30:08.246000"
        }
    ],
    "evaluations": [
        {
            "interlocutor_id": "AF",
            "informativeness": 4,
            "comprehension": 4,
            "familiarity": 4,
            "interest": 4,
            "proactiveness": 4,
            "satisfaction": 4
        },
        {
            "interlocutor_id": "AB",
            "informativeness": 5,
            "comprehension": 5,
            "familiarity": 5,
            "interest": 5,
            "proactiveness": 5,
            "satisfaction": 5
        }
    ]
}