{
    "dialogue_id": 39,
    "interlocutors": [
        "AF",
        "AB"
    ],
    "utterances": [
        {
            "utterance_id": 0,
            "interlocutor_id": "AF",
            "text": "Hello!",
            "timestamp": "2022-08-07T10:29:04.874000"
        },
        {
            "utterance_id": 1,
            "interlocutor_id": "AB",
            "text": "Hello!",
            "timestamp": "2022-08-07T10:29:12.124000"
        },
        {
            "utterance_id": 2,
            "interlocutor_id": "AF",
            "text": "Recently, I've been using video streaming services a lot.",
            "timestamp": "2022-08-07T10:29:37.286000"
        },
        {
            "utterance_id": 3,
            "interlocutor_id": "AB",
            "text": "I understand, it's easy to get hooked on them.",
            "timestamp": "2022-08-07T10:29:56.283000"
        },
        {
            "utterance_id": 4,
            "interlocutor_id": "AF",
            "text": "There are various recommendations coming up, so I keep watching one after another.",
            "timestamp": "2022-08-07T10:30:19.455000"
        },
        {
            "utterance_id": 5,
            "interlocutor_id": "AB",
            "text": "I used to subscribe a long time ago, but now I'm not registered for anything.",
            "timestamp": "2022-08-07T10:30:52.499000"
        },
        {
            "utterance_id": 6,
            "interlocutor_id": "AF",
            "text": "Is that so? Why aren’t you using them now?",
            "timestamp": "2022-08-07T10:31:28.843000"
        },
        {
            "utterance_id": 7,
            "interlocutor_id": "AB",
            "text": "When I was subscribed, I ran out of things to watch. I'm currently on a break. I watch Tver.",
            "timestamp": "2022-08-07T10:32:11.472000"
        },
        {
            "utterance_id": 8,
            "interlocutor_id": "AF",
            "text": "I see, I tend to watch a variety of genres, so I still have plenty to watch.",
            "timestamp": "2022-08-07T10:32:50.722000"
        },
        {
            "utterance_id": 9,
            "interlocutor_id": "AB",
            "text": "Which video streaming services do you use?",
            "timestamp": "2022-08-07T10:33:05.927000"
        },
        {
            "utterance_id": 10,
            "interlocutor_id": "AF",
            "text": "Amazon Prime and Netflix.",
            "timestamp": "2022-08-07T10:33:23.109000"
        },
        {
            "utterance_id": 11,
            "interlocutor_id": "AB",
            "text": "I've heard that Netflix is good, so I think if I subscribe next, it will probably be Netflix.",
            "timestamp": "2022-08-07T10:33:56.427000"
        },
        {
            "utterance_id": 12,
            "interlocutor_id": "AF",
            "text": "The monthly fee isn't that high, and there are many original works, so it's enjoyable.",
            "timestamp": "2022-08-07T10:34:15.116000"
        },
        {
            "utterance_id": 13,
            "interlocutor_id": "AB",
            "text": "Do you watch overseas dramas as well?",
            "timestamp": "2022-08-07T10:34:24.187000"
        },
        {
            "utterance_id": 14,
            "interlocutor_id": "AF",
            "text": "Yes, if it's interesting, I binge-watch it.",
            "timestamp": "2022-08-07T10:34:41.421000"
        },
        {
            "utterance_id": 15,
            "interlocutor_id": "AB",
            "text": "I was recommended a drama called Ozark, do you know it?",
            "timestamp": "2022-08-07T10:35:09.970000"
        },
        {
            "utterance_id": 16,
            "interlocutor_id": "AF",
            "text": "Yes, I watched it up to a certain point.",
            "timestamp": "2022-08-07T10:35:35.496000"
        },
        {
            "utterance_id": 17,
            "interlocutor_id": "AB",
            "text": "Is it interesting?",
            "timestamp": "2022-08-07T10:35:47.095000"
        },
        {
            "utterance_id": 18,
            "interlocutor_id": "AF",
            "text": "If it's a similar type, I found Breaking Bad to be more intense and interesting.",
            "timestamp": "2022-08-07T10:36:09.153000"
        },
        {
            "utterance_id": 19,
            "interlocutor_id": "AB",
            "text": "Is that so? I've heard that overseas dramas have very long series.",
            "timestamp": "2022-08-07T10:36:27.503000"
        },
        {
            "utterance_id": 20,
            "interlocutor_id": "AF",
            "text": "I think dramas that end around season 5 are more interesting than those that go on too long.",
            "timestamp": "2022-08-07T10:37:02.895000"
        },
        {
            "utterance_id": 21,
            "interlocutor_id": "AB",
            "text": "I agree. Being concise makes it easier to watch until the end.",
            "timestamp": "2022-08-07T10:37:18.740000"
        },
        {
            "utterance_id": 22,
            "interlocutor_id": "AF",
            "text": "When they drag on, the story tends to get repetitive and lose its appeal.",
            "timestamp": "2022-08-07T10:37:44.968000"
        },
        {
            "utterance_id": 23,
            "interlocutor_id": "AB",
            "text": "I understand. I mostly watch Japanese dramas.",
            "timestamp": "2022-08-07T10:38:06.682000"
        },
        {
            "utterance_id": 24,
            "interlocutor_id": "AF",
            "text": "In Japan, it's rare to have a season 2 unless it's very popular!",
            "timestamp": "2022-08-07T10:38:25.740000"
        },
        {
            "utterance_id": 25,
            "interlocutor_id": "AB",
            "text": "Right! And usually, series beyond season 2 aren't that interesting.",
            "timestamp": "2022-08-07T10:38:51.993000"
        },
        {
            "utterance_id": 26,
            "interlocutor_id": "AF",
            "text": "I get that. They often tend to repeat the same things.",
            "timestamp": "2022-08-07T10:39:14.536000"
        },
        {
            "utterance_id": 27,
            "interlocutor_id": "AB",
            "text": "Exactly. If you find any interesting dramas, please let me know!",
            "timestamp": "2022-08-07T10:39:30.690000"
        },
        {
            "utterance_id": 28,
            "interlocutor_id": "AF",
            "text": "Yes, likewise. Thank you for today.",
            "timestamp": "2022-08-07T10:39:47.150000"
        },
        {
            "utterance_id": 29,
            "interlocutor_id": "AB",
            "text": "See you again!",
            "timestamp": "2022-08-07T10:39:53.704000"
        }
    ],
    "evaluations": [
        {
            "interlocutor_id": "AF",
            "informativeness": 4,
            "comprehension": 4,
            "familiarity": 4,
            "interest": 4,
            "proactiveness": 4,
            "satisfaction": 4
        },
        {
            "interlocutor_id": "AB",
            "informativeness": 5,
            "comprehension": 5,
            "familiarity": 5,
            "interest": 5,
            "proactiveness": 5,
            "satisfaction": 5
        }
    ]
}