{
    "dialogue_id": 38,
    "interlocutors": [
        "AB",
        "AF"
    ],
    "utterances": [
        {
            "utterance_id": 0,
            "interlocutor_id": "AB",
            "text": "Hello!",
            "timestamp": "2022-08-07T10:16:08.550000"
        },
        {
            "utterance_id": 1,
            "interlocutor_id": "AF",
            "text": "Hello!",
            "timestamp": "2022-08-07T10:16:14.687000"
        },
        {
            "utterance_id": 2,
            "interlocutor_id": "AB",
            "text": "Recently, the weather over here has been strange.",
            "timestamp": "2022-08-07T10:16:29.176000"
        },
        {
            "utterance_id": 3,
            "interlocutor_id": "AF",
            "text": "It's the same here; we've had several days of bad weather and it's a bit chilly.",
            "timestamp": "2022-08-07T10:16:58.425000"
        },
        {
            "utterance_id": 4,
            "interlocutor_id": "AB",
            "text": "Indeed. This morning I thought there was a thunderstorm, and then later it was blazing hot.",
            "timestamp": "2022-08-07T10:17:18.264000"
        },
        {
            "utterance_id": 5,
            "interlocutor_id": "AF",
            "text": "It's humid, and my laundry isn't drying properly, which is annoying.",
            "timestamp": "2022-08-07T10:17:49.345000"
        },
        {
            "utterance_id": 6,
            "interlocutor_id": "AB",
            "text": "That's true! During times like these, wouldn't a drum-type be more convenient?",
            "timestamp": "2022-08-07T10:18:10.758000"
        },
        {
            "utterance_id": 7,
            "interlocutor_id": "AF",
            "text": "We have a drum-type, but it's old, so its performance isn't that great.",
            "timestamp": "2022-08-07T10:18:33.184000"
        },
        {
            "utterance_id": 8,
            "interlocutor_id": "AB",
            "text": "I see. We live in an apartment, but there's no space to put one.",
            "timestamp": "2022-08-07T10:18:53.022000"
        },
        {
            "utterance_id": 9,
            "interlocutor_id": "AF",
            "text": "It's a bit big, isn't it?",
            "timestamp": "2022-08-07T10:19:44.613000"
        },
        {
            "utterance_id": 10,
            "interlocutor_id": "AB",
            "text": "That's true. My current washing machine is almost 10 years old, so I think it might be time for a change.",
            "timestamp": "2022-08-07T10:20:14.502000"
        },
        {
            "utterance_id": 11,
            "interlocutor_id": "AF",
            "text": "Ours is around 17 years old. Actually, I was thinking it would be nice to get a top-loader next.",
            "timestamp": "2022-08-07T10:20:33.720000"
        },
        {
            "utterance_id": 12,
            "interlocutor_id": "AB",
            "text": "That's impressive durability. We also have a period of about three years where it wasn't used, so I hope it can hold on a bit longer.",
            "timestamp": "2022-08-07T10:20:57.101000"
        },
        {
            "utterance_id": 13,
            "interlocutor_id": "AF",
            "text": "That non-usage period is a bit concerning.",
            "timestamp": "2022-08-07T10:21:17.042000"
        },
        {
            "utterance_id": 14,
            "interlocutor_id": "AB",
            "text": "I lived overseas and stored it in a storage room.",
            "timestamp": "2022-08-07T10:21:33.046000"
        },
        {
            "utterance_id": 15,
            "interlocutor_id": "AF",
            "text": "I see—there's an impression that appliances deteriorate when not used, but is that really the case?",
            "timestamp": "2022-08-07T10:22:19.906000"
        },
        {
            "utterance_id": 16,
            "interlocutor_id": "AB",
            "text": "When I asked someone at an appliance store, they said its lifespan might actually be prolonged.",
            "timestamp": "2022-08-07T10:22:48.861000"
        },
        {
            "utterance_id": 17,
            "interlocutor_id": "AF",
            "text": "Really! I definitely want to replace mine soon.",
            "timestamp": "2022-08-07T10:23:12.861000"
        },
        {
            "utterance_id": 18,
            "interlocutor_id": "AB",
            "text": "17 years is impressive! However, they mentioned that many people switch back from drum-types to top-loaders.",
            "timestamp": "2022-08-07T10:23:40.265000"
        },
        {
            "utterance_id": 19,
            "interlocutor_id": "AF",
            "text": "Drum-types don't seem to produce very soft results.",
            "timestamp": "2022-08-07T10:24:12.299000"
        },
        {
            "utterance_id": 20,
            "interlocutor_id": "AB",
            "text": "Is that so! Did drying cause any damage?",
            "timestamp": "2022-08-07T10:24:30.365000"
        },
        {
            "utterance_id": 21,
            "interlocutor_id": "AF",
            "text": "I don't use the drying function much, but I didn't notice any significant damage.",
            "timestamp": "2022-08-07T10:25:17.934000"
        },
        {
            "utterance_id": 22,
            "interlocutor_id": "AB",
            "text": "I see. But I do want it to finish with a soft texture.",
            "timestamp": "2022-08-07T10:25:42.451000"
        },
        {
            "utterance_id": 23,
            "interlocutor_id": "AF",
            "text": "There are many good options for top-loaders out now, so I'm currently browsing.",
            "timestamp": "2022-08-07T10:26:13.989000"
        },
        {
            "utterance_id": 24,
            "interlocutor_id": "AB",
            "text": "I think I prefer top-loaders too. I dislike having to bend down with a drum-type.",
            "timestamp": "2022-08-07T10:26:37.540000"
        },
        {
            "utterance_id": 25,
            "interlocutor_id": "AF",
            "text": "With a drum-type, I often find myself sitting on my child's step stool to load and unload.",
            "timestamp": "2022-08-07T10:27:10.630000"
        },
        {
            "utterance_id": 26,
            "interlocutor_id": "AB",
            "text": "I see. I often suffer from back pain, so I need to be careful. I hope you find a good washing machine!",
            "timestamp": "2022-08-07T10:27:35.201000"
        },
        {
            "utterance_id": 27,
            "interlocutor_id": "AF",
            "text": "Oh really! That's something to think about; we should be careful when choosing a washing machine.",
            "timestamp": "2022-08-07T10:27:56.589000"
        },
        {
            "utterance_id": 28,
            "interlocutor_id": "AB",
            "text": "That's true! Please tell me more about it later.",
            "timestamp": "2022-08-07T10:28:14.073000"
        },
        {
            "utterance_id": 29,
            "interlocutor_id": "AF",
            "text": "Yes, thank you very much!",
            "timestamp": "2022-08-07T10:28:28.429000"
        }
    ],
    "evaluations": [
        {
            "interlocutor_id": "AB",
            "informativeness": 5,
            "comprehension": 5,
            "familiarity": 5,
            "interest": 5,
            "proactiveness": 5,
            "satisfaction": 5
        },
        {
            "interlocutor_id": "AF",
            "informativeness": 4,
            "comprehension": 4,
            "familiarity": 4,
            "interest": 4,
            "proactiveness": 4,
            "satisfaction": 4
        }
    ]
}