{
    "dialogue_id": 37,
    "interlocutors": [
        "AF",
        "AB"
    ],
    "utterances": [
        {
            "utterance_id": 0,
            "interlocutor_id": "AF",
            "text": "Hello!",
            "timestamp": "2022-08-07T10:04:30.761000"
        },
        {
            "utterance_id": 1,
            "interlocutor_id": "AB",
            "text": "Thank you!",
            "timestamp": "2022-08-07T10:04:38.947000"
        },
        {
            "utterance_id": 2,
            "interlocutor_id": "AF",
            "text": "Do you like coffee?",
            "timestamp": "2022-08-07T10:05:02.920000"
        },
        {
            "utterance_id": 3,
            "interlocutor_id": "AB",
            "text": "I love it! How about you?",
            "timestamp": "2022-08-07T10:05:07.655000"
        },
        {
            "utterance_id": 4,
            "interlocutor_id": "AF",
            "text": "Yes, I started drinking it around 30 years old.",
            "timestamp": "2022-08-07T10:05:21.545000"
        },
        {
            "utterance_id": 5,
            "interlocutor_id": "AB",
            "text": "How do you drink it?",
            "timestamp": "2022-08-07T10:05:30.238000"
        },
        {
            "utterance_id": 6,
            "interlocutor_id": "AF",
            "text": "I usually drink it hot and black, but sometimes I have it as a soy latte.",
            "timestamp": "2022-08-07T10:05:51.880000"
        },
        {
            "utterance_id": 7,
            "interlocutor_id": "AB",
            "text": "That sounds nice. I’ve been into almond milk lately.",
            "timestamp": "2022-08-07T10:06:12.358000"
        },
        {
            "utterance_id": 8,
            "interlocutor_id": "AF",
            "text": "Do you add almond milk to your coffee?",
            "timestamp": "2022-08-07T10:06:42.292000"
        },
        {
            "utterance_id": 9,
            "interlocutor_id": "AB",
            "text": "Yes! It’s delicious.",
            "timestamp": "2022-08-07T10:06:49.468000"
        },
        {
            "utterance_id": 10,
            "interlocutor_id": "AF",
            "text": "Almond milk has a bit of a unique taste on its own, right? It seems like it would be tasty when mixed.",
            "timestamp": "2022-08-07T10:07:55.220000"
        },
        {
            "utterance_id": 11,
            "interlocutor_id": "AB",
            "text": "I often drink just almond milk too! Of course, I like soy lattes as well.",
            "timestamp": "2022-08-07T10:08:27.539000"
        },
        {
            "utterance_id": 12,
            "interlocutor_id": "AF",
            "text": "It has a healthier image than regular milk!",
            "timestamp": "2022-08-07T10:08:50.001000"
        },
        {
            "utterance_id": 13,
            "interlocutor_id": "AB",
            "text": "Exactly! As you get older, you tend to choose healthier options.",
            "timestamp": "2022-08-07T10:09:10.360000"
        },
        {
            "utterance_id": 14,
            "interlocutor_id": "AF",
            "text": "That’s true. I thought soy milk was a good choice because it has isoflavones.",
            "timestamp": "2022-08-07T10:09:40.978000"
        },
        {
            "utterance_id": 15,
            "interlocutor_id": "AB",
            "text": "Soy milk is definitely good for the body! Sometimes, I make soy milk dan dan noodles.",
            "timestamp": "2022-08-07T10:10:10.511000"
        },
        {
            "utterance_id": 16,
            "interlocutor_id": "AF",
            "text": "I see, it makes it creamy and is healthy too.",
            "timestamp": "2022-08-07T10:10:40.156000"
        },
        {
            "utterance_id": 17,
            "interlocutor_id": "AB",
            "text": "It seems like it would be fine to drink the broth as well.",
            "timestamp": "2022-08-07T10:10:57.754000"
        },
        {
            "utterance_id": 18,
            "interlocutor_id": "AF",
            "text": "That sounds delicious. Do you make it yourself?",
            "timestamp": "2022-08-07T10:11:21.875000"
        },
        {
            "utterance_id": 19,
            "interlocutor_id": "AB",
            "text": "Yes! There are quite a few recipes available.",
            "timestamp": "2022-08-07T10:11:38.145000"
        },
        {
            "utterance_id": 20,
            "interlocutor_id": "AF",
            "text": "I’d like to try making it, so I’ll look for a recipe.",
            "timestamp": "2022-08-07T10:11:55.675000"
        },
        {
            "utterance_id": 21,
            "interlocutor_id": "AB",
            "text": "Absolutely! I like spicy food, so I add a lot of doubanjiang.",
            "timestamp": "2022-08-07T10:12:18.502000"
        },
        {
            "utterance_id": 22,
            "interlocutor_id": "AF",
            "text": "I love sesame, so when I make it, I tend to add a lot of sesame.",
            "timestamp": "2022-08-07T10:12:49.679000"
        },
        {
            "utterance_id": 23,
            "interlocutor_id": "AB",
            "text": "That sounds tasty too! Are you consuming anything else that’s healthy?",
            "timestamp": "2022-08-07T10:13:08.955000"
        },
        {
            "utterance_id": 24,
            "interlocutor_id": "AF",
            "text": "Hmm, I’ve been taking placenta supplements for the last few years.",
            "timestamp": "2022-08-07T10:13:36.259000"
        },
        {
            "utterance_id": 25,
            "interlocutor_id": "AB",
            "text": "I’ve seen that in commercials! Does it make you feel good?",
            "timestamp": "2022-08-07T10:13:59.133000"
        },
        {
            "utterance_id": 26,
            "interlocutor_id": "AF",
            "text": "At first, I took it for beauty reasons, but now I’m taking it for menopause, and I find it easier to wake up in the morning.",
            "timestamp": "2022-08-07T10:14:37.557000"
        },
        {
            "utterance_id": 27,
            "interlocutor_id": "AB",
            "text": "I see. You want to stay healthy for as long as possible, right?",
            "timestamp": "2022-08-07T10:14:56.719000"
        },
        {
            "utterance_id": 28,
            "interlocutor_id": "AF",
            "text": "I want to stay healthy for my family as well. Thank you for today!",
            "timestamp": "2022-08-07T10:15:22.480000"
        },
        {
            "utterance_id": 29,
            "interlocutor_id": "AB",
            "text": "Thank you!",
            "timestamp": "2022-08-07T10:15:30.564000"
        }
    ],
    "evaluations": [
        {
            "interlocutor_id": "AF",
            "informativeness": 4,
            "comprehension": 4,
            "familiarity": 4,
            "interest": 4,
            "proactiveness": 4,
            "satisfaction": 4
        },
        {
            "interlocutor_id": "AB",
            "informativeness": 5,
            "comprehension": 5,
            "familiarity": 5,
            "interest": 5,
            "proactiveness": 5,
            "satisfaction": 5
        }
    ]
}