{
    "dialogue_id": 40,
    "interlocutors": [
        "AB",
        "AF"
    ],
    "utterances": [
        {
            "utterance_id": 0,
            "interlocutor_id": "AB",
            "text": "It's been a while!",
            "timestamp": "2022-08-07T10:40:35.693000"
        },
        {
            "utterance_id": 1,
            "interlocutor_id": "AF",
            "text": "Hello, nice to meet you.",
            "timestamp": "2022-08-07T10:40:53.658000"
        },
        {
            "utterance_id": 2,
            "interlocutor_id": "AB",
            "text": "Likewise! Actually, something sad happened yesterday.",
            "timestamp": "2022-08-07T10:41:06.792000"
        },
        {
            "utterance_id": 3,
            "interlocutor_id": "AF",
            "text": "What happened?",
            "timestamp": "2022-08-07T10:41:18.708000"
        },
        {
            "utterance_id": 4,
            "interlocutor_id": "AB",
            "text": "Do you know there are floods happening in Tohoku and Hokuriku right now?",
            "timestamp": "2022-08-07T10:41:33.448000"
        },
        {
            "utterance_id": 5,
            "interlocutor_id": "AF",
            "text": "Yes, I’ve heard about it on the news.",
            "timestamp": "2022-08-07T10:41:59.204000"
        },
        {
            "utterance_id": 6,
            "interlocutor_id": "AB",
            "text": "I was actually planning to go on a trip to Awara Onsen in Fukui Prefecture starting today.",
            "timestamp": "2022-08-07T10:42:21.548000"
        },
        {
            "utterance_id": 7,
            "interlocutor_id": "AF",
            "text": "So it got canceled.",
            "timestamp": "2022-08-07T10:42:40.922000"
        },
        {
            "utterance_id": 8,
            "interlocutor_id": "AB",
            "text": "That's right—trains from Osaka are not running.",
            "timestamp": "2022-08-07T10:42:55.054000"
        },
        {
            "utterance_id": 9,
            "interlocutor_id": "AF",
            "text": "I see, it's difficult if the train stops.",
            "timestamp": "2022-08-07T10:43:12.853000"
        },
        {
            "utterance_id": 10,
            "interlocutor_id": "AB",
            "text": "If you have no transportation, there’s nothing you can do. Everything is canceled.",
            "timestamp": "2022-08-07T10:43:28.438000"
        },
        {
            "utterance_id": 11,
            "interlocutor_id": "AF",
            "text": "That's unfortunate, one of your summer plans got ruined.",
            "timestamp": "2022-08-07T10:43:46.675000"
        },
        {
            "utterance_id": 12,
            "interlocutor_id": "AB",
            "text": "Yes. I don't feel like doing anything now.",
            "timestamp": "2022-08-07T10:43:57.973000"
        },
        {
            "utterance_id": 13,
            "interlocutor_id": "AF",
            "text": "That's understandable! I also had a trip canceled when I was a student.",
            "timestamp": "2022-08-07T10:44:29.595000"
        },
        {
            "utterance_id": 14,
            "interlocutor_id": "AB",
            "text": "Was it due to a disaster?",
            "timestamp": "2022-08-07T10:44:43.598000"
        },
        {
            "utterance_id": 15,
            "interlocutor_id": "AF",
            "text": "While on the way, I got news that my grandmother had collapsed, and I had to return home.",
            "timestamp": "2022-08-07T10:45:14.222000"
        },
        {
            "utterance_id": 16,
            "interlocutor_id": "AB",
            "text": "You had to go to your grandmother's side, of course. The only saving grace was that there were no cancellation fees.",
            "timestamp": "2022-08-07T10:45:57.234000"
        },
        {
            "utterance_id": 17,
            "interlocutor_id": "AF",
            "text": "I also talked on the phone and explained the situation, and I wasn’t charged any cancellation fees.",
            "timestamp": "2022-08-07T10:46:16.662000"
        },
        {
            "utterance_id": 18,
            "interlocutor_id": "AB",
            "text": "That's kind of them.",
            "timestamp": "2022-08-07T10:46:23.950000"
        },
        {
            "utterance_id": 19,
            "interlocutor_id": "AF",
            "text": "I shamefully wanted to continue with my trip, though.",
            "timestamp": "2022-08-07T10:46:50.639000"
        },
        {
            "utterance_id": 20,
            "interlocutor_id": "AB",
            "text": "Especially since it was the day of and you were already on your way.",
            "timestamp": "2022-08-07T10:47:12.837000"
        },
        {
            "utterance_id": 21,
            "interlocutor_id": "AF",
            "text": "In the end, my grandmother was okay, so I was relieved.",
            "timestamp": "2022-08-07T10:47:30.159000"
        },
        {
            "utterance_id": 22,
            "interlocutor_id": "AB",
            "text": "That’s good to hear. Did you go again on another day?",
            "timestamp": "2022-08-07T10:47:43.905000"
        },
        {
            "utterance_id": 23,
            "interlocutor_id": "AF",
            "text": "Yes, but since then I’ve made it a point to only go when my relatives are well.",
            "timestamp": "2022-08-07T10:48:16.630000"
        },
        {
            "utterance_id": 24,
            "interlocutor_id": "AB",
            "text": "That makes sense. I'm also thinking of going again around autumn.",
            "timestamp": "2022-08-07T10:48:40.638000"
        },
        {
            "utterance_id": 25,
            "interlocutor_id": "AF",
            "text": "It’s a reset, isn’t it! I’m also considering a trip around autumn.",
            "timestamp": "2022-08-07T10:49:05.031000"
        },
        {
            "utterance_id": 26,
            "interlocutor_id": "AB",
            "text": "I'm worried because typhoons can suddenly occur.",
            "timestamp": "2022-08-07T10:49:34.896000"
        },
        {
            "utterance_id": 27,
            "interlocutor_id": "AF",
            "text": "There is that concern in autumn.",
            "timestamp": "2022-08-07T10:49:49.057000"
        },
        {
            "utterance_id": 28,
            "interlocutor_id": "AB",
            "text": "I hope you’ll be able to go without any issues! Thank you for listening to me.",
            "timestamp": "2022-08-07T10:50:28.775000"
        },
        {
            "utterance_id": 29,
            "interlocutor_id": "AF",
            "text": "Yes! Thank you as well!",
            "timestamp": "2022-08-07T10:50:44.076000"
        }
    ],
    "evaluations": [
        {
            "interlocutor_id": "AB",
            "informativeness": 5,
            "comprehension": 5,
            "familiarity": 5,
            "interest": 5,
            "proactiveness": 5,
            "satisfaction": 5
        },
        {
            "interlocutor_id": "AF",
            "informativeness": 4,
            "comprehension": 4,
            "familiarity": 4,
            "interest": 4,
            "proactiveness": 4,
            "satisfaction": 4
        }
    ]
}