{
    "dialogue_id": 46,
    "interlocutors": [
        "AH",
        "AI"
    ],
    "utterances": [
        {
            "utterance_id": 0,
            "interlocutor_id": "AH",
            "text": "Hello!",
            "timestamp": "2022-08-07T15:55:53.041000"
        },
        {
            "utterance_id": 1,
            "interlocutor_id": "AI",
            "text": "Hello!",
            "timestamp": "2022-08-07T15:56:02.783000"
        },
        {
            "utterance_id": 2,
            "interlocutor_id": "AH",
            "text": "Have you finished your lunch yet?",
            "timestamp": "2022-08-07T15:56:10.021000"
        },
        {
            "utterance_id": 3,
            "interlocutor_id": "AI",
            "text": "Yes, I went out to eat today.",
            "timestamp": "2022-08-07T15:56:19.579000"
        },
        {
            "utterance_id": 4,
            "interlocutor_id": "AH",
            "text": "Eating out is casual and great, isn't it?",
            "timestamp": "2022-08-07T15:56:34.589000"
        },
        {
            "utterance_id": 5,
            "interlocutor_id": "AI",
            "text": "I had quite a bit of day drinking.",
            "timestamp": "2022-08-07T15:56:42.795000"
        },
        {
            "utterance_id": 6,
            "interlocutor_id": "AH",
            "text": "Day drinking sounds fun!",
            "timestamp": "2022-08-07T15:56:56.899000"
        },
        {
            "utterance_id": 7,
            "interlocutor_id": "AI",
            "text": "Just a little beer, enough to enjoy.",
            "timestamp": "2022-08-07T15:57:15.325000"
        },
        {
            "utterance_id": 8,
            "interlocutor_id": "AH",
            "text": "I thought you were drinking a lot.",
            "timestamp": "2022-08-07T15:57:33.557000"
        },
        {
            "utterance_id": 9,
            "interlocutor_id": "AI",
            "text": "Hehe, well maybe not a little.",
            "timestamp": "2022-08-07T15:57:53.301000"
        },
        {
            "utterance_id": 10,
            "interlocutor_id": "AH",
            "text": "Do you drink quite a bit?",
            "timestamp": "2022-08-07T15:58:21.985000"
        },
        {
            "utterance_id": 11,
            "interlocutor_id": "AI",
            "text": "I drink like most people do.",
            "timestamp": "2022-08-07T15:58:35.166000"
        },
        {
            "utterance_id": 12,
            "interlocutor_id": "AH",
            "text": "I see. I'd like to try drinking someday too.",
            "timestamp": "2022-08-07T15:58:55.775000"
        },
        {
            "utterance_id": 13,
            "interlocutor_id": "AI",
            "text": "Oh, are you the type who doesn't drink at all?",
            "timestamp": "2022-08-07T15:59:10.125000"
        },
        {
            "utterance_id": 14,
            "interlocutor_id": "AH",
            "text": "Yes, I just don't feel like drinking much.",
            "timestamp": "2022-08-07T15:59:21.198000"
        },
        {
            "utterance_id": 15,
            "interlocutor_id": "AI",
            "text": "If you can avoid drinking, it's better not to.",
            "timestamp": "2022-08-07T15:59:31.502000"
        },
        {
            "utterance_id": 16,
            "interlocutor_id": "AH",
            "text": "I don't know if it's a substitute, but I drink sparkling water a lot.",
            "timestamp": "2022-08-07T15:59:48.475000"
        },
        {
            "utterance_id": 17,
            "interlocutor_id": "AI",
            "text": "Oh, I drink a lot of Wilkinson!",
            "timestamp": "2022-08-07T16:00:05.150000"
        },
        {
            "utterance_id": 18,
            "interlocutor_id": "AH",
            "text": "Is there alcoholic carbonated water too?",
            "timestamp": "2022-08-07T16:00:33.050000"
        },
        {
            "utterance_id": 19,
            "interlocutor_id": "AI",
            "text": "Wait a minute, Wilkinson is sparkling water.",
            "timestamp": "2022-08-07T16:00:47.841000"
        },
        {
            "utterance_id": 20,
            "interlocutor_id": "AH",
            "text": "So that was the case? Since you mentioned alcohol.",
            "timestamp": "2022-08-07T16:01:09.297000"
        },
        {
            "utterance_id": 21,
            "interlocutor_id": "AI",
            "text": "Moreover, people misunderstand that Wilkinson is all imported.",
            "timestamp": "2022-08-07T16:01:27.322000"
        },
        {
            "utterance_id": 22,
            "interlocutor_id": "AH",
            "text": "It sounds foreign because of the name.",
            "timestamp": "2022-08-07T16:01:42.958000"
        },
        {
            "utterance_id": 23,
            "interlocutor_id": "AI",
            "text": "It is a proper domestic product, a historically domestic product.",
            "timestamp": "2022-08-07T16:02:01.350000"
        },
        {
            "utterance_id": 24,
            "interlocutor_id": "AH",
            "text": "It seems to have more than a hundred years of history.",
            "timestamp": "2022-08-07T16:02:15.965000"
        },
        {
            "utterance_id": 25,
            "interlocutor_id": "AI",
            "text": "Indeed, it’s true that it was discovered by an Englishman.",
            "timestamp": "2022-08-07T16:02:35.703000"
        },
        {
            "utterance_id": 26,
            "interlocutor_id": "AH",
            "text": "I see, that’s a first for me!",
            "timestamp": "2022-08-07T16:02:53.664000"
        },
        {
            "utterance_id": 27,
            "interlocutor_id": "AI",
            "text": "Mr. Wilkinson discovered it.",
            "timestamp": "2022-08-07T16:03:04.217000"
        },
        {
            "utterance_id": 28,
            "interlocutor_id": "AH",
            "text": "So that's why it has a foreign-sounding name!",
            "timestamp": "2022-08-07T16:03:14.006000"
        },
        {
            "utterance_id": 29,
            "interlocutor_id": "AI",
            "text": "It's also true that the main use is for highballs.",
            "timestamp": "2022-08-07T16:03:26.116000"
        }
    ],
    "evaluations": [
        {
            "interlocutor_id": "AH",
            "informativeness": 4,
            "comprehension": 4,
            "familiarity": 3,
            "interest": 4,
            "proactiveness": 5,
            "satisfaction": 3
        },
        {
            "interlocutor_id": "AI",
            "informativeness": 5,
            "comprehension": 4,
            "familiarity": 5,
            "interest": 5,
            "proactiveness": 5,
            "satisfaction": 5
        }
    ]
}