{
    "dialogue_id": 48,
    "interlocutors": [
        "AH",
        "AI"
    ],
    "utterances": [
        {
            "utterance_id": 0,
            "interlocutor_id": "AH",
            "text": "こんにちは！",
            "timestamp": "2022-08-07T16:11:44.938000"
        },
        {
            "utterance_id": 1,
            "interlocutor_id": "AI",
            "text": "Hello!",
            "timestamp": "2022-08-07T16:11:52.148000"
        },
        {
            "utterance_id": 2,
            "interlocutor_id": "AH",
            "text": "こんにちは！",
            "timestamp": "2022-08-07T16:11:55.945000"
        },
        {
            "utterance_id": 3,
            "interlocutor_id": "AI",
            "text": "Hello!",
            "timestamp": "2022-08-07T16:12:12.694000"
        },
        {
            "utterance_id": 4,
            "interlocutor_id": "AH",
            "text": "この土日で何かされましたか？",
            "timestamp": "2022-08-07T16:12:30.433000"
        },
        {
            "utterance_id": 5,
            "interlocutor_id": "AI",
            "text": "Did you do anything this weekend?",
            "timestamp": "2022-08-07T16:12:54.127000"
        },
        {
            "utterance_id": 6,
            "interlocutor_id": "AH",
            "text": "あんまり何もしてないかも、しいていえばピアノの練習",
            "timestamp": "2022-08-07T16:13:05.344000"
        },
        {
            "utterance_id": 7,
            "interlocutor_id": "AI",
            "text": "I haven't done much, if I had to say, I practiced piano.",
            "timestamp": "2022-08-07T16:13:19.923000"
        },
        {
            "utterance_id": 8,
            "interlocutor_id": "AH",
            "text": "ピアノ弾けるのですね、どれくらい続けているのですか？",
            "timestamp": "2022-08-07T16:13:41.525000"
        },
        {
            "utterance_id": 9,
            "interlocutor_id": "AI",
            "text": "You can play piano, how long have you been doing it?",
            "timestamp": "2022-08-07T16:13:59.015000"
        },
        {
            "utterance_id": 10,
            "interlocutor_id": "AH",
            "text": "大人になって再開しましたが、はやいものでもう数年以上たちますね",
            "timestamp": "2022-08-07T16:14:16.717000"
        },
        {
            "utterance_id": 11,
            "interlocutor_id": "AI",
            "text": "I started again as an adult, and it's already been several years.",
            "timestamp": "2022-08-07T16:14:33.495000"
        },
        {
            "utterance_id": 12,
            "interlocutor_id": "AH",
            "text": "数年も続けられるのですね！",
            "timestamp": "2022-08-07T16:14:46.392000"
        },
        {
            "utterance_id": 13,
            "interlocutor_id": "AI",
            "text": "So you've been able to continue for several years!",
            "timestamp": "2022-08-07T16:14:58.277000"
        },
        {
            "utterance_id": 14,
            "interlocutor_id": "AH",
            "text": "子供の頃からあわせると、もう数十年かも",
            "timestamp": "2022-08-07T16:15:18.992000"
        },
        {
            "utterance_id": 15,
            "interlocutor_id": "AI",
            "text": "If I count from my childhood, it might be several decades.",
            "timestamp": "2022-08-07T16:15:30.082000"
        },
        {
            "utterance_id": 16,
            "interlocutor_id": "AH",
            "text": "そんなに続けられるのが羨ましいです！",
            "timestamp": "2022-08-07T16:15:37.855000"
        },
        {
            "utterance_id": 17,
            "interlocutor_id": "AI",
            "text": "I envy you for being able to continue for so long!",
            "timestamp": "2022-08-07T16:15:58.475000"
        },
        {
            "utterance_id": 18,
            "interlocutor_id": "AH",
            "text": "いやあ、かけてる時間の割にはねえ、とか思う時もありますが",
            "timestamp": "2022-08-07T16:16:11.127000"
        },
        {
            "utterance_id": 19,
            "interlocutor_id": "AI",
            "text": "Well, sometimes I think that considering the time I put in, it's not much.",
            "timestamp": "2022-08-07T16:16:25.726000"
        },
        {
            "utterance_id": 20,
            "interlocutor_id": "AH",
            "text": "継続できるだけですごいことだと思います。",
            "timestamp": "2022-08-07T16:16:52.317000"
        },
        {
            "utterance_id": 21,
            "interlocutor_id": "AI",
            "text": "I think it's impressive just to be able to continue.",
            "timestamp": "2022-08-07T16:17:05.144000"
        },
        {
            "utterance_id": 22,
            "interlocutor_id": "AH",
            "text": "あなたは土日なにかありましたか",
            "timestamp": "2022-08-07T16:17:22.758000"
        },
        {
            "utterance_id": 23,
            "interlocutor_id": "AI",
            "text": "Did you do anything this weekend?",
            "timestamp": "2022-08-07T16:17:35.604000"
        },
        {
            "utterance_id": 24,
            "interlocutor_id": "AH",
            "text": "私は疲れているのか、悪夢を何回かみました。",
            "timestamp": "2022-08-07T16:18:00.467000"
        },
        {
            "utterance_id": 25,
            "interlocutor_id": "AI",
            "text": "I might be tired because I had a few nightmares.",
            "timestamp": "2022-08-07T16:18:20.263000"
        },
        {
            "utterance_id": 26,
            "interlocutor_id": "AH",
            "text": "悪夢ですか、どんな悪夢、差し支えなければ",
            "timestamp": "2022-08-07T16:18:35.503000"
        },
        {
            "utterance_id": 27,
            "interlocutor_id": "AI",
            "text": "Nightmares? What kind of nightmares, if you don't mind me asking?",
            "timestamp": "2022-08-07T16:18:50.110000"
        },
        {
            "utterance_id": 28,
            "interlocutor_id": "AH",
            "text": "仕事でかなり大きなミスをする夢などをみました。",
            "timestamp": "2022-08-07T16:19:05.364000"
        },
        {
            "utterance_id": 29,
            "interlocutor_id": "AI",
            "text": "I dreamt of making a pretty big mistake at work.",
            "timestamp": "2022-08-07T16:19:29.133000"
        }
    ],
    "evaluations": [
        {
            "interlocutor_id": "AH",
            "informativeness": 3,
            "comprehension": 5,
            "familiarity": 4,
            "interest": 4,
            "proactiveness": 4,
            "satisfaction": 5
        },
        {
            "interlocutor_id": "AI",
            "informativeness": 5,
            "comprehension": 5,
            "familiarity": 5,
            "interest": 5,
            "proactiveness": 5,
            "satisfaction": 5
        }
    ]
}