{
    "dialogue_id": 45,
    "interlocutors": [
        "AA",
        "AG"
    ],
    "utterances": [
        {
            "utterance_id": 0,
            "interlocutor_id": "AA",
            "text": "Good evening!",
            "timestamp": "2022-08-06T22:37:59.616000"
        },
        {
            "utterance_id": 1,
            "interlocutor_id": "AG",
            "text": "Good evening! Thank you.",
            "timestamp": "2022-08-06T22:38:15.352000"
        },
        {
            "utterance_id": 2,
            "interlocutor_id": "AA",
            "text": "So, what do you like?",
            "timestamp": "2022-08-06T22:38:16.366000"
        },
        {
            "utterance_id": 3,
            "interlocutor_id": "AG",
            "text": "I like scary stories.",
            "timestamp": "2022-08-06T22:38:35.011000"
        },
        {
            "utterance_id": 4,
            "interlocutor_id": "AA",
            "text": "So you’re good at horror!",
            "timestamp": "2022-08-06T22:38:47.274000"
        },
        {
            "utterance_id": 5,
            "interlocutor_id": "AG",
            "text": "Yes. I'm pretty okay with horror, both movies and ghost stories.",
            "timestamp": "2022-08-06T22:39:11.069000"
        },
        {
            "utterance_id": 6,
            "interlocutor_id": "AA",
            "text": "Doesn’t that make it hard to sleep at night?",
            "timestamp": "2022-08-06T22:39:20.885000"
        },
        {
            "utterance_id": 7,
            "interlocutor_id": "AG",
            "text": "Not at all. In fact, I can sleep while listening to Inagawa-san's stories.",
            "timestamp": "2022-08-06T22:39:41.309000"
        },
        {
            "utterance_id": 8,
            "interlocutor_id": "AA",
            "text": "Wow, really? Is it because of the Tono legends that you're so strong?",
            "timestamp": "2022-08-06T22:40:06.503000"
        },
        {
            "utterance_id": 9,
            "interlocutor_id": "AG",
            "text": "I wonder? Maybe it's because I watched Japanese folktales since I was little?",
            "timestamp": "2022-08-06T22:40:40.751000"
        },
        {
            "utterance_id": 10,
            "interlocutor_id": "AA",
            "text": "Japanese folktales, the songs are gentle but the stories are really scary. The narrators were amazing too.",
            "timestamp": "2022-08-06T22:41:06.287000"
        },
        {
            "utterance_id": 11,
            "interlocutor_id": "AG",
            "text": "Exactly! Aside from the lighthearted stories, there are also trauma-inducing ones, so it’s impressive that kids can watch that.",
            "timestamp": "2022-08-06T22:41:37.772000"
        },
        {
            "utterance_id": 12,
            "interlocutor_id": "AA",
            "text": "I still remember the story of the mountain witch; it was super scary.",
            "timestamp": "2022-08-06T22:41:59.024000"
        },
        {
            "utterance_id": 13,
            "interlocutor_id": "AG",
            "text": "Haha! I totally get it! The BGM really adds to the tension!",
            "timestamp": "2022-08-06T22:42:24.674000"
        },
        {
            "utterance_id": 14,
            "interlocutor_id": "AA",
            "text": "It does! The scene where the monk escaped from the mountain witch was terrifying, for sure.",
            "timestamp": "2022-08-06T22:42:47.564000"
        },
        {
            "utterance_id": 15,
            "interlocutor_id": "AG",
            "text": "It’s way too scary. But if I remember correctly, didn’t the monk at the temple end up eating the mountain witch?",
            "timestamp": "2022-08-06T22:43:25.016000"
        },
        {
            "utterance_id": 16,
            "interlocutor_id": "AA",
            "text": "That’s right, I thought, “Could that really happen??” The monk is scarier than the mountain witch.",
            "timestamp": "2022-08-06T22:43:47.130000"
        },
        {
            "utterance_id": 17,
            "interlocutor_id": "AG",
            "text": "As a kid, I was just dumbfounded. The plot twist was incredible!",
            "timestamp": "2022-08-06T22:44:08.678000"
        },
        {
            "utterance_id": 18,
            "interlocutor_id": "AA",
            "text": "Seriously, it was like, “Who on earth made that story?” A shocking work.",
            "timestamp": "2022-08-06T22:44:30.576000"
        },
        {
            "utterance_id": 19,
            "interlocutor_id": "AG",
            "text": "The illustrations are cheerful, but the story is intense. I might have developed my love for scary stories from things like that.",
            "timestamp": "2022-08-06T22:45:08.048000"
        },
        {
            "utterance_id": 20,
            "interlocutor_id": "AA",
            "text": "I see. That makes sense. Scary stories have a way of gripping your heart, don't they?",
            "timestamp": "2022-08-06T22:45:39.433000"
        },
        {
            "utterance_id": 21,
            "interlocutor_id": "AG",
            "text": "Yes. I'm completely captivated. What do you like?",
            "timestamp": "2022-08-06T22:46:04.678000"
        },
        {
            "utterance_id": 22,
            "interlocutor_id": "AA",
            "text": "I don’t watch many scary stories, but I love mysterious ones!",
            "timestamp": "2022-08-06T22:46:29.594000"
        },
        {
            "utterance_id": 23,
            "interlocutor_id": "AG",
            "text": "Mysterious stories are great too! There are still tales of being tricked by foxes, it seems.",
            "timestamp": "2022-08-06T22:46:52.076000"
        },
        {
            "utterance_id": 24,
            "interlocutor_id": "AA",
            "text": "Still today? Really, is that so??",
            "timestamp": "2022-08-06T22:47:08.774000"
        },
        {
            "utterance_id": 25,
            "interlocutor_id": "AG",
            "text": "I heard that while listening to real-life ghost stories. I was moved to know that it still happens in the modern world.",
            "timestamp": "2022-08-06T22:47:38.279000"
        },
        {
            "utterance_id": 26,
            "interlocutor_id": "AA",
            "text": "Is that so? Wow, that’s amazing! Have you ever had a mysterious experience like that?",
            "timestamp": "2022-08-06T22:48:05.476000"
        },
        {
            "utterance_id": 27,
            "interlocutor_id": "AG",
            "text": "The only one I experienced was when my great-grandfather passed away, the door of the house rattled a bit.",
            "timestamp": "2022-08-06T22:48:50.820000"
        },
        {
            "utterance_id": 28,
            "interlocutor_id": "AA",
            "text": "Wow! That’s amazing! Oh wow, that sounds incredible!",
            "timestamp": "2022-08-06T22:49:09.203000"
        },
        {
            "utterance_id": 29,
            "interlocutor_id": "AG",
            "text": "I thought, “Oh, my great-grandpa came to visit.” It was a touching moment.",
            "timestamp": "2022-08-06T22:49:32.518000"
        }
    ],
    "evaluations": [
        {
            "interlocutor_id": "AA",
            "informativeness": 5,
            "comprehension": 5,
            "familiarity": 5,
            "interest": 5,
            "proactiveness": 5,
            "satisfaction": 5
        },
        {
            "interlocutor_id": "AG",
            "informativeness": 5,
            "comprehension": 5,
            "familiarity": 5,
            "interest": 5,
            "proactiveness": 5,
            "satisfaction": 5
        }
    ]
}