{
    "dialogue_id": 43,
    "interlocutors": [
        "AA",
        "AG"
    ],
    "utterances": [
        {
            "utterance_id": 0,
            "interlocutor_id": "AA",
            "text": "Good evening!",
            "timestamp": "2022-08-06T22:19:19.514000"
        },
        {
            "utterance_id": 1,
            "interlocutor_id": "AG",
            "text": "Hello, good evening!",
            "timestamp": "2022-08-06T22:19:29.199000"
        },
        {
            "utterance_id": 2,
            "interlocutor_id": "AA",
            "text": "What are your plans for tomorrow?",
            "timestamp": "2022-08-06T22:19:31.149000"
        },
        {
            "utterance_id": 3,
            "interlocutor_id": "AG",
            "text": "Tomorrow, maybe laundry?",
            "timestamp": "2022-08-06T22:19:47.251000"
        },
        {
            "utterance_id": 4,
            "interlocutor_id": "AA",
            "text": "Laundry, huh, that's nice!",
            "timestamp": "2022-08-06T22:19:54.491000"
        },
        {
            "utterance_id": 5,
            "interlocutor_id": "AG",
            "text": "I recently went on a trip and accumulated a lot of laundry.",
            "timestamp": "2022-08-06T22:20:11.828000"
        },
        {
            "utterance_id": 6,
            "interlocutor_id": "AA",
            "text": "You went on a trip? Where to?",
            "timestamp": "2022-08-06T22:20:21.591000"
        },
        {
            "utterance_id": 7,
            "interlocutor_id": "AG",
            "text": "To Tohoku. I went to see my grandmother!",
            "timestamp": "2022-08-06T22:20:46.668000"
        },
        {
            "utterance_id": 8,
            "interlocutor_id": "AA",
            "text": "To Tohoku! Where is that?",
            "timestamp": "2022-08-06T22:21:02.186000"
        },
        {
            "utterance_id": 9,
            "interlocutor_id": "AG",
            "text": "It's in Iwate Prefecture, and it was so peaceful.",
            "timestamp": "2022-08-06T22:21:23.805000"
        },
        {
            "utterance_id": 10,
            "interlocutor_id": "AA",
            "text": "Iwate Prefecture! I went there two years ago. It's really nice, right?",
            "timestamp": "2022-08-06T22:21:35.954000"
        },
        {
            "utterance_id": 11,
            "interlocutor_id": "AG",
            "text": "Really? For sightseeing, is it definitely Morioka or something?",
            "timestamp": "2022-08-06T22:21:51.760000"
        },
        {
            "utterance_id": 12,
            "interlocutor_id": "AA",
            "text": "I went to the Zashiki-warashi inn!",
            "timestamp": "2022-08-06T22:22:09.798000"
        },
        {
            "utterance_id": 13,
            "interlocutor_id": "AG",
            "text": "Oh! That place! I want to go there, what was it like!?",
            "timestamp": "2022-08-06T22:22:25.922000"
        },
        {
            "utterance_id": 14,
            "interlocutor_id": "AA",
            "text": "I realized that I have absolutely no spiritual intuition!!",
            "timestamp": "2022-08-06T22:22:48.638000"
        },
        {
            "utterance_id": 15,
            "interlocutor_id": "AG",
            "text": "Haha! That means there was nothing, huh? And you didn't feel anything?",
            "timestamp": "2022-08-06T22:23:08.111000"
        },
        {
            "utterance_id": 16,
            "interlocutor_id": "AA",
            "text": "My mother and I didn't feel anything, but my sister said she heard the sound of bells.",
            "timestamp": "2022-08-06T22:23:28.047000"
        },
        {
            "utterance_id": 17,
            "interlocutor_id": "AG",
            "text": "Oh! Bells!? I wonder if it was related to dolls nearby?",
            "timestamp": "2022-08-06T22:23:56.217000"
        },
        {
            "utterance_id": 18,
            "interlocutor_id": "AA",
            "text": "No, there wasn't anything like that! There were no bells anywhere in the room.",
            "timestamp": "2022-08-06T22:24:13.845000"
        },
        {
            "utterance_id": 19,
            "interlocutor_id": "AG",
            "text": "What!? No bells but the sound of bells!? That's amazing!",
            "timestamp": "2022-08-06T22:24:32.395000"
        },
        {
            "utterance_id": 20,
            "interlocutor_id": "AA",
            "text": "That's right! But I’ll say it again, I was frustrated because I didn't feel anything. I want to go back this year for revenge.",
            "timestamp": "2022-08-06T22:24:55.567000"
        },
        {
            "utterance_id": 21,
            "interlocutor_id": "AG",
            "text": "I really want to get revenge on that. Next time, I'd like to at least see a shadow.",
            "timestamp": "2022-08-06T22:25:20.438000"
        },
        {
            "utterance_id": 22,
            "interlocutor_id": "AA",
            "text": "That's right. Are you interested in things like that?",
            "timestamp": "2022-08-06T22:25:34.356000"
        },
        {
            "utterance_id": 23,
            "interlocutor_id": "AG",
            "text": "I'm really interested! Speaking of bells, the day before yesterday, I kept hearing the sound of a Buddhist altar bell outside.",
            "timestamp": "2022-08-06T22:26:20.286000"
        },
        {
            "utterance_id": 24,
            "interlocutor_id": "AA",
            "text": "Huh??? What does that mean?",
            "timestamp": "2022-08-06T22:26:34.078000"
        },
        {
            "utterance_id": 25,
            "interlocutor_id": "AG",
            "text": "It was more like a continuous 'ching' sound. It's different from a wind chime, so it's very mysterious.",
            "timestamp": "2022-08-06T22:26:57.801000"
        },
        {
            "utterance_id": 26,
            "interlocutor_id": "AA",
            "text": "Hmm, that must mean something is there. Maybe someone has come back.",
            "timestamp": "2022-08-06T22:27:08.961000"
        },
        {
            "utterance_id": 27,
            "interlocutor_id": "AG",
            "text": "Ah! I see! Since it’s close to Obon, right?",
            "timestamp": "2022-08-06T22:27:23.683000"
        },
        {
            "utterance_id": 28,
            "interlocutor_id": "AA",
            "text": "They might have come back early.",
            "timestamp": "2022-08-06T22:27:31.625000"
        },
        {
            "utterance_id": 29,
            "interlocutor_id": "AG",
            "text": "It might be a bit premature, but that could be it!",
            "timestamp": "2022-08-06T22:27:48.535000"
        }
    ],
    "evaluations": [
        {
            "interlocutor_id": "AA",
            "informativeness": 5,
            "comprehension": 5,
            "familiarity": 5,
            "interest": 5,
            "proactiveness": 5,
            "satisfaction": 5
        },
        {
            "interlocutor_id": "AG",
            "informativeness": 4,
            "comprehension": 5,
            "familiarity": 5,
            "interest": 5,
            "proactiveness": 5,
            "satisfaction": 5
        }
    ]
}