{
    "dialogue_id": 47,
    "interlocutors": [
        "AI",
        "AH"
    ],
    "utterances": [
        {
            "utterance_id": 0,
            "interlocutor_id": "AI",
            "text": "Nice to meet you",
            "timestamp": "2022-08-07T16:04:02.565000"
        },
        {
            "utterance_id": 1,
            "interlocutor_id": "AH",
            "text": "Likewise, nice to meet you!",
            "timestamp": "2022-08-07T16:04:08.183000"
        },
        {
            "utterance_id": 2,
            "interlocutor_id": "AI",
            "text": "By the way, what did you have for lunch?",
            "timestamp": "2022-08-07T16:04:17.614000"
        },
        {
            "utterance_id": 3,
            "interlocutor_id": "AH",
            "text": "I've already eaten!",
            "timestamp": "2022-08-07T16:04:25.355000"
        },
        {
            "utterance_id": 4,
            "interlocutor_id": "AI",
            "text": "Oh, what did you eat?",
            "timestamp": "2022-08-07T16:04:33.723000"
        },
        {
            "utterance_id": 5,
            "interlocutor_id": "AH",
            "text": "I had something called Taiwanese-style mixed noodles.",
            "timestamp": "2022-08-07T16:04:44.373000"
        },
        {
            "utterance_id": 6,
            "interlocutor_id": "AI",
            "text": "Interesting, Taiwanese-style, huh?",
            "timestamp": "2022-08-07T16:04:54.187000"
        },
        {
            "utterance_id": 7,
            "interlocutor_id": "AH",
            "text": "Yes, it was being sold, so I ended up buying it.",
            "timestamp": "2022-08-07T16:05:04.311000"
        },
        {
            "utterance_id": 8,
            "interlocutor_id": "AI",
            "text": "Oh, so it's something that is sold, what kind of noodles are they?",
            "timestamp": "2022-08-07T16:05:22.530000"
        },
        {
            "utterance_id": 9,
            "interlocutor_id": "AH",
            "text": "The noodles weren't different from other types, but there were a lot of vegetables.",
            "timestamp": "2022-08-07T16:05:50.473000"
        },
        {
            "utterance_id": 10,
            "interlocutor_id": "AI",
            "text": "Is it a spicy type?",
            "timestamp": "2022-08-07T16:06:02.155000"
        },
        {
            "utterance_id": 11,
            "interlocutor_id": "AH",
            "text": "It has meat and eggs, but the meat was a bit spicy.",
            "timestamp": "2022-08-07T16:06:24.049000"
        },
        {
            "utterance_id": 12,
            "interlocutor_id": "AI",
            "text": "Sounds nice, it might be good for summer, kind of like chilled Chinese noodles.",
            "timestamp": "2022-08-07T16:06:38.330000"
        },
        {
            "utterance_id": 13,
            "interlocutor_id": "AH",
            "text": "Yes, it was easy to eat!",
            "timestamp": "2022-08-07T16:06:46.245000"
        },
        {
            "utterance_id": 14,
            "interlocutor_id": "AI",
            "text": "Chilled Chinese noodles are great, especially in summer.",
            "timestamp": "2022-08-07T16:07:04.237000"
        },
        {
            "utterance_id": 15,
            "interlocutor_id": "AH",
            "text": "It's easy to eat even in the heat, right?",
            "timestamp": "2022-08-07T16:07:19.619000"
        },
        {
            "utterance_id": 16,
            "interlocutor_id": "AI",
            "text": "It feels like the wisdom of our predecessors has been condensed.",
            "timestamp": "2022-08-07T16:07:35.558000"
        },
        {
            "utterance_id": 17,
            "interlocutor_id": "AH",
            "text": "Other foods are probably the same, it's appreciated.",
            "timestamp": "2022-08-07T16:07:54.760000"
        },
        {
            "utterance_id": 18,
            "interlocutor_id": "AI",
            "text": "When it comes to soup ramen, it feels hot in summer, doesn't it?",
            "timestamp": "2022-08-07T16:08:17.194000"
        },
        {
            "utterance_id": 19,
            "interlocutor_id": "AH",
            "text": "Yes, eating it in an air-conditioned place is also delicious though.",
            "timestamp": "2022-08-07T16:08:46.447000"
        },
        {
            "utterance_id": 20,
            "interlocutor_id": "AI",
            "text": "There are various types of ramen, which one do you like?",
            "timestamp": "2022-08-07T16:09:06.045000"
        },
        {
            "utterance_id": 21,
            "interlocutor_id": "AH",
            "text": "I often eat tonkotsu.",
            "timestamp": "2022-08-07T16:09:15.740000"
        },
        {
            "utterance_id": 22,
            "interlocutor_id": "AI",
            "text": "Oh, is that Kyushu type, or Yokohama-style?",
            "timestamp": "2022-08-07T16:09:28.813000"
        },
        {
            "utterance_id": 23,
            "interlocutor_id": "AH",
            "text": "I'm eating at a chain store, so I'm not sure which one it is?",
            "timestamp": "2022-08-07T16:09:46.577000"
        },
        {
            "utterance_id": 24,
            "interlocutor_id": "AI",
            "text": "The white one is Kyushu, and the oily one with soy sauce is Yokohama.",
            "timestamp": "2022-08-07T16:10:13.695000"
        },
        {
            "utterance_id": 25,
            "interlocutor_id": "AH",
            "text": "Then it's Yokohama-style.",
            "timestamp": "2022-08-07T16:10:29.143000"
        },
        {
            "utterance_id": 26,
            "interlocutor_id": "AI",
            "text": "If it says 〇〇 house, it would be perfect Yokohama.",
            "timestamp": "2022-08-07T16:10:55.544000"
        },
        {
            "utterance_id": 27,
            "interlocutor_id": "AH",
            "text": "It wasn't that kind of shop.",
            "timestamp": "2022-08-07T16:10:57.016000"
        },
        {
            "utterance_id": 28,
            "interlocutor_id": "AI",
            "text": "Wow, there are really so many types of ramen.",
            "timestamp": "2022-08-07T16:11:09.123000"
        },
        {
            "utterance_id": 29,
            "interlocutor_id": "AH",
            "text": "Yes, I feel like I could eat it every day!",
            "timestamp": "2022-08-07T16:11:16.593000"
        }
    ],
    "evaluations": [
        {
            "interlocutor_id": "AI",
            "informativeness": 5,
            "comprehension": 4,
            "familiarity": 5,
            "interest": 5,
            "proactiveness": 5,
            "satisfaction": 5
        },
        {
            "interlocutor_id": "AH",
            "informativeness": 4,
            "comprehension": 3,
            "familiarity": 4,
            "interest": 4,
            "proactiveness": 5,
            "satisfaction": 4
        }
    ]
}