{
    "dialogue_id": 44,
    "interlocutors": [
        "AG",
        "AA"
    ],
    "utterances": [
        {
            "utterance_id": 0,
            "interlocutor_id": "AG",
            "text": "Hello! Nice to meet you!",
            "timestamp": "2022-08-06T22:28:24.452000"
        },
        {
            "utterance_id": 1,
            "interlocutor_id": "AA",
            "text": "Good evening!",
            "timestamp": "2022-08-06T22:28:25.276000"
        },
        {
            "utterance_id": 2,
            "interlocutor_id": "AG",
            "text": "I have a question, what scares you?",
            "timestamp": "2022-08-06T22:28:46.936000"
        },
        {
            "utterance_id": 3,
            "interlocutor_id": "AA",
            "text": "What scares me. Physically, it has to be the G that might be in my house.",
            "timestamp": "2022-08-06T22:29:06.408000"
        },
        {
            "utterance_id": 4,
            "interlocutor_id": "AG",
            "text": "Ah! G is scary, isn't it? Did you encounter one this year?",
            "timestamp": "2022-08-06T22:29:20.580000"
        },
        {
            "utterance_id": 5,
            "interlocutor_id": "AA",
            "text": "I encountered it twice... I was in despair and managed to escape.",
            "timestamp": "2022-08-06T22:29:35.615000"
        },
        {
            "utterance_id": 6,
            "interlocutor_id": "AG",
            "text": "Hee!! Twice!? And since you escaped, does that mean it’s still around?",
            "timestamp": "2022-08-06T22:29:56.742000"
        },
        {
            "utterance_id": 7,
            "interlocutor_id": "AA",
            "text": "It’s probably still there. The day after, I set off bug spray in my room.",
            "timestamp": "2022-08-06T22:30:12.286000"
        },
        {
            "utterance_id": 8,
            "interlocutor_id": "AG",
            "text": "Oh! Bug spray is reliable, isn't it? I hope it’s gone now.",
            "timestamp": "2022-08-06T22:30:33.882000"
        },
        {
            "utterance_id": 9,
            "interlocutor_id": "AA",
            "text": "I have a scary story, after using bug spray in April, I encountered one last month.",
            "timestamp": "2022-08-06T22:30:55.240000"
        },
        {
            "utterance_id": 10,
            "interlocutor_id": "AG",
            "text": "Huh? Wait, what!? The bug spray didn’t work!?",
            "timestamp": "2022-08-06T22:31:13.632000"
        },
        {
            "utterance_id": 11,
            "interlocutor_id": "AA",
            "text": "It definitely didn’t work. It might have just distracted me.",
            "timestamp": "2022-08-06T22:31:31.053000"
        },
        {
            "utterance_id": 12,
            "interlocutor_id": "AG",
            "text": "Does it not last that long? That’s such a shame.",
            "timestamp": "2022-08-06T22:31:54.680000"
        },
        {
            "utterance_id": 13,
            "interlocutor_id": "AA",
            "text": "I even whispered, \"Hey bug spray, do your job! Do you know how much I spent on you?\"",
            "timestamp": "2022-08-06T22:32:12.274000"
        },
        {
            "utterance_id": 14,
            "interlocutor_id": "AG",
            "text": "Haha! That’s so true! Were you slacking off!?",
            "timestamp": "2022-08-06T22:32:27.797000"
        },
        {
            "utterance_id": 15,
            "interlocutor_id": "AA",
            "text": "I really think you shouldn’t slack off!!!",
            "timestamp": "2022-08-06T22:32:37.052000"
        },
        {
            "utterance_id": 16,
            "interlocutor_id": "AG",
            "text": "This time, I'll have to look for a more effective one at the drugstore.",
            "timestamp": "2022-08-06T22:33:02.716000"
        },
        {
            "utterance_id": 17,
            "interlocutor_id": "AA",
            "text": "Indeed. By the way, what scares you?",
            "timestamp": "2022-08-06T22:33:16.894000"
        },
        {
            "utterance_id": 18,
            "interlocutor_id": "AG",
            "text": "I feel scared of large things.",
            "timestamp": "2022-08-06T22:33:41.142000"
        },
        {
            "utterance_id": 19,
            "interlocutor_id": "AA",
            "text": "You mean physically large things?",
            "timestamp": "2022-08-06T22:33:51.529000"
        },
        {
            "utterance_id": 20,
            "interlocutor_id": "AG",
            "text": "Yes. I don't think I'll encounter them, but for example, encountering a whale in the ocean.",
            "timestamp": "2022-08-06T22:34:12.464000"
        },
        {
            "utterance_id": 21,
            "interlocutor_id": "AA",
            "text": "Ah. That’s definitely scary. Especially since you can’t move freely underwater, it makes it even scarier.",
            "timestamp": "2022-08-06T22:34:36.499000"
        },
        {
            "utterance_id": 22,
            "interlocutor_id": "AG",
            "text": "Exactly. When I was really little, I felt fear from the koi flags that I saw from the window.",
            "timestamp": "2022-08-06T22:35:07.449000"
        },
        {
            "utterance_id": 23,
            "interlocutor_id": "AA",
            "text": "Koi flags have a lifeless face, and from a distance, they can look quite scary.",
            "timestamp": "2022-08-06T22:35:26.349000"
        },
        {
            "utterance_id": 24,
            "interlocutor_id": "AG",
            "text": "Yes, those eyes were super scary. But when I grew up, I was surprised by how small the koi flags really are.",
            "timestamp": "2022-08-06T22:35:53.293000"
        },
        {
            "utterance_id": 25,
            "interlocutor_id": "AA",
            "text": "It’s true, adults and kids see things differently. What was okay back then might not be now.",
            "timestamp": "2022-08-06T22:36:20.542000"
        },
        {
            "utterance_id": 26,
            "interlocutor_id": "AG",
            "text": "That's right. Bugs, everyone says that.",
            "timestamp": "2022-08-06T22:36:43.142000"
        },
        {
            "utterance_id": 27,
            "interlocutor_id": "AA",
            "text": "I can't handle them. Are you okay with bugs?",
            "timestamp": "2022-08-06T22:36:58.171000"
        },
        {
            "utterance_id": 28,
            "interlocutor_id": "AG",
            "text": "I'm pretty okay with them. Of course, I can't handle G!",
            "timestamp": "2022-08-06T22:37:18.293000"
        },
        {
            "utterance_id": 29,
            "interlocutor_id": "AA",
            "text": "There’s probably no one who is good at handling those!",
            "timestamp": "2022-08-06T22:37:29.512000"
        }
    ],
    "evaluations": [
        {
            "interlocutor_id": "AG",
            "informativeness": 5,
            "comprehension": 4,
            "familiarity": 5,
            "interest": 4,
            "proactiveness": 5,
            "satisfaction": 4
        },
        {
            "interlocutor_id": "AA",
            "informativeness": 5,
            "comprehension": 5,
            "familiarity": 5,
            "interest": 5,
            "proactiveness": 5,
            "satisfaction": 5
        }
    ]
}