{
    "dialogue_id": 42,
    "interlocutors": [
        "AG",
        "AA"
    ],
    "utterances": [
        {
            "utterance_id": 0,
            "interlocutor_id": "AG",
            "text": "Hello!",
            "timestamp": "2022-08-06T22:10:24.594000"
        },
        {
            "utterance_id": 1,
            "interlocutor_id": "AA",
            "text": "Good evening!",
            "timestamp": "2022-08-06T22:10:25.179000"
        },
        {
            "utterance_id": 2,
            "interlocutor_id": "AG",
            "text": "What have you been doing today?",
            "timestamp": "2022-08-06T22:10:43.844000"
        },
        {
            "utterance_id": 3,
            "interlocutor_id": "AA",
            "text": "Today, I was shopping and taking a nap.",
            "timestamp": "2022-08-06T22:10:55.535000"
        },
        {
            "utterance_id": 4,
            "interlocutor_id": "AG",
            "text": "Oh! Was it everyday shopping?",
            "timestamp": "2022-08-06T22:11:16.674000"
        },
        {
            "utterance_id": 5,
            "interlocutor_id": "AA",
            "text": "Yes! I was thinking of buying vegetables, but in the end, I didn't buy any.",
            "timestamp": "2022-08-06T22:11:30.206000"
        },
        {
            "utterance_id": 6,
            "interlocutor_id": "AG",
            "text": "Really? Why not?",
            "timestamp": "2022-08-06T22:11:41.843000"
        },
        {
            "utterance_id": 7,
            "interlocutor_id": "AA",
            "text": "I just felt like vegetables are expensive.",
            "timestamp": "2022-08-06T22:11:51.926000"
        },
        {
            "utterance_id": 8,
            "interlocutor_id": "AG",
            "text": "Ah! I see. Indeed, they've been really expensive lately.",
            "timestamp": "2022-08-06T22:12:08.474000"
        },
        {
            "utterance_id": 9,
            "interlocutor_id": "AA",
            "text": "That's right. By the way, I looked at vegetables twice.",
            "timestamp": "2022-08-06T22:12:21.534000"
        },
        {
            "utterance_id": 10,
            "interlocutor_id": "AG",
            "text": "It's to the level where I'm hesitant to make a salad.",
            "timestamp": "2022-08-06T22:12:40.373000"
        },
        {
            "utterance_id": 11,
            "interlocutor_id": "AA",
            "text": "I understand. I can't make it without thinking about it.",
            "timestamp": "2022-08-06T22:12:53.444000"
        },
        {
            "utterance_id": 12,
            "interlocutor_id": "AG",
            "text": "But for the sake of health, it feels like I have to include vegetables, so I force myself to buy them.",
            "timestamp": "2022-08-06T22:13:14.997000"
        },
        {
            "utterance_id": 13,
            "interlocutor_id": "AA",
            "text": "That's true, so I refrain from indulging in other luxuries a bit.",
            "timestamp": "2022-08-06T22:13:34.643000"
        },
        {
            "utterance_id": 14,
            "interlocutor_id": "AG",
            "text": "That's right. By the way, have you eaten eel this year?",
            "timestamp": "2022-08-06T22:13:54.957000"
        },
        {
            "utterance_id": 15,
            "interlocutor_id": "AA",
            "text": "Oh, I had some when I went back to my parents' house.",
            "timestamp": "2022-08-06T22:14:06.388000"
        },
        {
            "utterance_id": 16,
            "interlocutor_id": "AG",
            "text": "Oh! That's lucky! I ate it too, but I realized it had been about two years.",
            "timestamp": "2022-08-06T22:14:35.076000"
        },
        {
            "utterance_id": 17,
            "interlocutor_id": "AA",
            "text": "Wow, that's quite a while ago.",
            "timestamp": "2022-08-06T22:14:44.327000"
        },
        {
            "utterance_id": 18,
            "interlocutor_id": "AG",
            "text": "For some reason, I didn’t eat it last year. This year’s eel was delicious.",
            "timestamp": "2022-08-06T22:15:06.574000"
        },
        {
            "utterance_id": 19,
            "interlocutor_id": "AA",
            "text": "Did you eat it on the Day of the Ox?",
            "timestamp": "2022-08-06T22:15:18.924000"
        },
        {
            "utterance_id": 20,
            "interlocutor_id": "AG",
            "text": "Yes! I was all excited for the Day of the Ox! I even put it on my calendar.",
            "timestamp": "2022-08-06T22:15:41.199000"
        },
        {
            "utterance_id": 21,
            "interlocutor_id": "AA",
            "text": "I can see how excited you were, it sounds fun!",
            "timestamp": "2022-08-06T22:15:56.177000"
        },
        {
            "utterance_id": 22,
            "interlocutor_id": "AG",
            "text": "I was in a cheerful mood for a few days beforehand. Next time, I’ll eat it a bit earlier.",
            "timestamp": "2022-08-06T22:16:29.406000"
        },
        {
            "utterance_id": 23,
            "interlocutor_id": "AA",
            "text": "So cute! I was thinking of doing the same, looking forward to next year.",
            "timestamp": "2022-08-06T22:16:47.061000"
        },
        {
            "utterance_id": 24,
            "interlocutor_id": "AG",
            "text": "I hope next year the price goes down a bit and I can enjoy delicious eel.",
            "timestamp": "2022-08-06T22:17:08.458000"
        },
        {
            "utterance_id": 25,
            "interlocutor_id": "AA",
            "text": "Eel is really expensive, isn't it?",
            "timestamp": "2022-08-06T22:17:23.976000"
        },
        {
            "utterance_id": 26,
            "interlocutor_id": "AG",
            "text": "Expensive, expensive! Sometimes when it's cheap, I can't be satisfied. There's a risk.",
            "timestamp": "2022-08-06T22:17:48.511000"
        },
        {
            "utterance_id": 27,
            "interlocutor_id": "AA",
            "text": "I understand, somehow, when it's expensive, it feels reassuring and delicious.",
            "timestamp": "2022-08-06T22:18:04.547000"
        },
        {
            "utterance_id": 28,
            "interlocutor_id": "AG",
            "text": "That’s right! After all, buying the expensive one increases satisfaction the most!",
            "timestamp": "2022-08-06T22:18:26.235000"
        },
        {
            "utterance_id": 29,
            "interlocutor_id": "AA",
            "text": "You feel satisfied when you buy it, thinking it's going to be delicious.",
            "timestamp": "2022-08-06T22:18:40.367000"
        }
    ],
    "evaluations": [
        {
            "interlocutor_id": "AG",
            "informativeness": 4,
            "comprehension": 3,
            "familiarity": 4,
            "interest": 4,
            "proactiveness": 4,
            "satisfaction": 3
        },
        {
            "interlocutor_id": "AA",
            "informativeness": 5,
            "comprehension": 5,
            "familiarity": 5,
            "interest": 5,
            "proactiveness": 5,
            "satisfaction": 5
        }
    ]
}