{
    "dialogue_id": 51,
    "interlocutors": [
        "AI",
        "AH"
    ],
    "utterances": [
        {
            "utterance_id": 0,
            "interlocutor_id": "AI",
            "text": "Thank you in advance",
            "timestamp": "2022-08-07T16:34:51.765000"
        },
        {
            "utterance_id": 1,
            "interlocutor_id": "AH",
            "text": "Likewise, thank you!",
            "timestamp": "2022-08-07T16:34:59.585000"
        },
        {
            "utterance_id": 2,
            "interlocutor_id": "AI",
            "text": "By the way, what are your dinner plans?",
            "timestamp": "2022-08-07T16:35:08.336000"
        },
        {
            "utterance_id": 3,
            "interlocutor_id": "AH",
            "text": "I haven't decided yet.",
            "timestamp": "2022-08-07T16:35:18.247000"
        },
        {
            "utterance_id": 4,
            "interlocutor_id": "AI",
            "text": "Oh, is there something you're vaguely leaning towards?",
            "timestamp": "2022-08-07T16:35:31.863000"
        },
        {
            "utterance_id": 5,
            "interlocutor_id": "AH",
            "text": "I'm not very hungry, so I was thinking of having noodles.",
            "timestamp": "2022-08-07T16:35:51.590000"
        },
        {
            "utterance_id": 6,
            "interlocutor_id": "AI",
            "text": "Noodles are always the best, right?",
            "timestamp": "2022-08-07T16:36:03.062000"
        },
        {
            "utterance_id": 7,
            "interlocutor_id": "AH",
            "text": "Yes, even when I'm not hungry, I can still eat quite a bit.",
            "timestamp": "2022-08-07T16:36:14.752000"
        },
        {
            "utterance_id": 8,
            "interlocutor_id": "AI",
            "text": "There are various types like pasta, udon, and soba",
            "timestamp": "2022-08-07T16:36:25.035000"
        },
        {
            "utterance_id": 9,
            "interlocutor_id": "AH",
            "text": "Maybe pasta or udon.",
            "timestamp": "2022-08-07T16:36:43.200000"
        },
        {
            "utterance_id": 10,
            "interlocutor_id": "AI",
            "text": "Pasta sounds great, Italian!",
            "timestamp": "2022-08-07T16:36:58.913000"
        },
        {
            "utterance_id": 11,
            "interlocutor_id": "AH",
            "text": "There are various types of pasta, so it's hard to get tired of it.",
            "timestamp": "2022-08-07T16:37:26.122000"
        },
        {
            "utterance_id": 12,
            "interlocutor_id": "AI",
            "text": "Do you like cold pasta?",
            "timestamp": "2022-08-07T16:37:38.768000"
        },
        {
            "utterance_id": 13,
            "interlocutor_id": "AH",
            "text": "I've never tried cold pasta.",
            "timestamp": "2022-08-07T16:37:48.764000"
        },
        {
            "utterance_id": 14,
            "interlocutor_id": "AI",
            "text": "Wash mini tomatoes, basil, and cream cheese with cold water, and use thin noodles",
            "timestamp": "2022-08-07T16:38:10.471000"
        },
        {
            "utterance_id": 15,
            "interlocutor_id": "AH",
            "text": "It sounds refreshing and easy to eat!",
            "timestamp": "2022-08-07T16:38:25.226000"
        },
        {
            "utterance_id": 16,
            "interlocutor_id": "AI",
            "text": "If you use a thin noodle called capellini, it would be the best.",
            "timestamp": "2022-08-07T16:38:39.745000"
        },
        {
            "utterance_id": 17,
            "interlocutor_id": "AH",
            "text": "It differs depending on the noodles, huh?",
            "timestamp": "2022-08-07T16:38:49.299000"
        },
        {
            "utterance_id": 18,
            "interlocutor_id": "AI",
            "text": "If it's a hassle, you can use somen too.",
            "timestamp": "2022-08-07T16:39:03.706000"
        },
        {
            "utterance_id": 19,
            "interlocutor_id": "AH",
            "text": "So you can do it with somen, huh? I'll look up a recipe next time!",
            "timestamp": "2022-08-07T16:39:19.914000"
        },
        {
            "utterance_id": 20,
            "interlocutor_id": "AI",
            "text": "If you want to get a little creative, adding octopus could be interesting.",
            "timestamp": "2022-08-07T16:39:34.807000"
        },
        {
            "utterance_id": 21,
            "interlocutor_id": "AH",
            "text": "I love octopus, so I want to try adding it.",
            "timestamp": "2022-08-07T16:39:52.391000"
        },
        {
            "utterance_id": 22,
            "interlocutor_id": "AI",
            "text": "Summer octopus is incredibly delicious.",
            "timestamp": "2022-08-07T16:40:03.194000"
        },
        {
            "utterance_id": 23,
            "interlocutor_id": "AH",
            "text": "I know! I often eat it in summer.",
            "timestamp": "2022-08-07T16:40:20.838000"
        },
        {
            "utterance_id": 24,
            "interlocutor_id": "AI",
            "text": "Apparently, octopus is quite abundant right now, the common octopus.",
            "timestamp": "2022-08-07T16:40:33.447000"
        },
        {
            "utterance_id": 25,
            "interlocutor_id": "AH",
            "text": "Oh really? I had only seen news about the recent decline in catch quantities.",
            "timestamp": "2022-08-07T16:40:49.204000"
        },
        {
            "utterance_id": 26,
            "interlocutor_id": "AI",
            "text": "Fishing is interesting, and there's a tendency to need to gather information to find out what's being caught.",
            "timestamp": "2022-08-07T16:41:18.290000"
        },
        {
            "utterance_id": 27,
            "interlocutor_id": "AH",
            "text": "Do you fish as well?",
            "timestamp": "2022-08-07T16:41:29.840000"
        },
        {
            "utterance_id": 28,
            "interlocutor_id": "AI",
            "text": "I haven't done it recently, but I love fishing.",
            "timestamp": "2022-08-07T16:41:42.981000"
        },
        {
            "utterance_id": 29,
            "interlocutor_id": "AH",
            "text": "Fishing sounds fun!",
            "timestamp": "2022-08-07T16:41:49.967000"
        }
    ],
    "evaluations": [
        {
            "interlocutor_id": "AI",
            "informativeness": 5,
            "comprehension": 5,
            "familiarity": 5,
            "interest": 5,
            "proactiveness": 5,
            "satisfaction": 5
        },
        {
            "interlocutor_id": "AH",
            "informativeness": 5,
            "comprehension": 4,
            "familiarity": 5,
            "interest": 5,
            "proactiveness": 4,
            "satisfaction": 4
        }
    ]
}