{
    "dialogue_id": 59,
    "interlocutors": [
        "AJ",
        "AF"
    ],
    "utterances": [
        {
            "utterance_id": 0,
            "interlocutor_id": "AJ",
            "text": "Good evening!",
            "timestamp": "2022-08-06T21:42:19.395000"
        },
        {
            "utterance_id": 1,
            "interlocutor_id": "AF",
            "text": "Good evening!",
            "timestamp": "2022-08-06T21:42:24.891000"
        },
        {
            "utterance_id": 2,
            "interlocutor_id": "AJ",
            "text": "Do you like traveling?",
            "timestamp": "2022-08-06T21:42:32.422000"
        },
        {
            "utterance_id": 3,
            "interlocutor_id": "AF",
            "text": "I like it, but I haven’t been able to go recently.",
            "timestamp": "2022-08-06T21:42:45.281000"
        },
        {
            "utterance_id": 4,
            "interlocutor_id": "AJ",
            "text": "It's because of COVID that we can't go, right? Do you have any recommended places you've been to in the past?",
            "timestamp": "2022-08-06T21:43:02.093000"
        },
        {
            "utterance_id": 5,
            "interlocutor_id": "AF",
            "text": "Hmm, Amami Oshima was great.",
            "timestamp": "2022-08-06T21:43:19.903000"
        },
        {
            "utterance_id": 6,
            "interlocutor_id": "AJ",
            "text": "That's nice. It especially feels rich in nature. It seems like it might take a while to get there?",
            "timestamp": "2022-08-06T21:43:46.689000"
        },
        {
            "utterance_id": 7,
            "interlocutor_id": "AF",
            "text": "It's less than two hours by plane, but it's far from my home to the airport.",
            "timestamp": "2022-08-06T21:44:12.943000"
        },
        {
            "utterance_id": 8,
            "interlocutor_id": "AJ",
            "text": "By plane? I thought it was by ship.",
            "timestamp": "2022-08-06T21:44:37.954000"
        },
        {
            "utterance_id": 9,
            "interlocutor_id": "AF",
            "text": "If it were by ship, it would take quite a while!",
            "timestamp": "2022-08-06T21:44:52.056000"
        },
        {
            "utterance_id": 10,
            "interlocutor_id": "AJ",
            "text": "You're right. Have you been to any overseas countries?",
            "timestamp": "2022-08-06T21:45:17.419000"
        },
        {
            "utterance_id": 11,
            "interlocutor_id": "AF",
            "text": "I haven't been overseas, but I would like to visit places like Europe.",
            "timestamp": "2022-08-06T21:45:30.832000"
        },
        {
            "utterance_id": 12,
            "interlocutor_id": "AJ",
            "text": "I would also like to go to Europe. Although I can't speak English.",
            "timestamp": "2022-08-06T21:45:53.861000"
        },
        {
            "utterance_id": 13,
            "interlocutor_id": "AF",
            "text": "Have you traveled to any countries abroad?",
            "timestamp": "2022-08-06T21:46:08.913000"
        },
        {
            "utterance_id": 14,
            "interlocutor_id": "AJ",
            "text": "I have been to South Korea and Taiwan. It was fun.",
            "timestamp": "2022-08-06T21:46:28.057000"
        },
        {
            "utterance_id": 15,
            "interlocutor_id": "AF",
            "text": "Nearby places are nice! Is it okay to use Japanese to some extent in South Korea or Taiwan?",
            "timestamp": "2022-08-06T21:46:50.225000"
        },
        {
            "utterance_id": 16,
            "interlocutor_id": "AJ",
            "text": "I think it is possible, especially in the metropolitan areas. Both have delicious food.",
            "timestamp": "2022-08-06T21:47:33.069000"
        },
        {
            "utterance_id": 17,
            "interlocutor_id": "AF",
            "text": "Taiwan has the image of desserts, have you tried them?",
            "timestamp": "2022-08-06T21:48:07.487000"
        },
        {
            "utterance_id": 18,
            "interlocutor_id": "AJ",
            "text": "Not much in desserts. I had more dim sum, to be honest.",
            "timestamp": "2022-08-06T21:48:29.442000"
        },
        {
            "utterance_id": 19,
            "interlocutor_id": "AF",
            "text": "Dim sum sounds great; it makes me want to go as well.",
            "timestamp": "2022-08-06T21:48:41.506000"
        },
        {
            "utterance_id": 20,
            "interlocutor_id": "AJ",
            "text": "The cost of living is low, so it's nice. Do you like Korean food?",
            "timestamp": "2022-08-06T21:49:05.368000"
        },
        {
            "utterance_id": 21,
            "interlocutor_id": "AF",
            "text": "I can't think of Korean dishes right off the bat, but I like spicy food, so I want to try it.",
            "timestamp": "2022-08-06T21:49:33.120000"
        },
        {
            "utterance_id": 22,
            "interlocutor_id": "AJ",
            "text": "Dishes like samgyeopsal and bulgogi are delicious. Also, kimchi.",
            "timestamp": "2022-08-06T21:50:13.858000"
        },
        {
            "utterance_id": 23,
            "interlocutor_id": "AF",
            "text": "That's right! I like it; there are many things to eat in Japan now too, right?",
            "timestamp": "2022-08-06T21:50:57.361000"
        },
        {
            "utterance_id": 24,
            "interlocutor_id": "AJ",
            "text": "They've increased. Please try it next time.",
            "timestamp": "2022-08-06T21:51:12.732000"
        },
        {
            "utterance_id": 25,
            "interlocutor_id": "AF",
            "text": "That's true; food in the Asian region tends to suit Japanese tastes well.",
            "timestamp": "2022-08-06T21:51:40.309000"
        },
        {
            "utterance_id": 26,
            "interlocutor_id": "AJ",
            "text": "Indeed. I also like Thai food.",
            "timestamp": "2022-08-06T21:52:26.432000"
        },
        {
            "utterance_id": 27,
            "interlocutor_id": "AF",
            "text": "In Southeast Asia, I like pho.",
            "timestamp": "2022-08-06T21:52:47.748000"
        },
        {
            "utterance_id": 28,
            "interlocutor_id": "AJ",
            "text": "Sounds good. Pho is Vietnamese cuisine, right?",
            "timestamp": "2022-08-06T21:53:06.236000"
        },
        {
            "utterance_id": 29,
            "interlocutor_id": "AF",
            "text": "I believe so! Well, shall we wrap it up here?",
            "timestamp": "2022-08-06T21:53:20.121000"
        }
    ],
    "evaluations": [
        {
            "interlocutor_id": "AJ",
            "informativeness": 5,
            "comprehension": 5,
            "familiarity": 5,
            "interest": 5,
            "proactiveness": 5,
            "satisfaction": 5
        },
        {
            "interlocutor_id": "AF",
            "informativeness": 4,
            "comprehension": 4,
            "familiarity": 4,
            "interest": 4,
            "proactiveness": 4,
            "satisfaction": 4
        }
    ]
}