{
    "dialogue_id": 53,
    "interlocutors": [
        "AI",
        "AH"
    ],
    "utterances": [
        {
            "utterance_id": 0,
            "interlocutor_id": "AI",
            "text": "Good evening",
            "timestamp": "2022-08-07T16:50:13.803000"
        },
        {
            "utterance_id": 1,
            "interlocutor_id": "AH",
            "text": "Good evening!",
            "timestamp": "2022-08-07T16:50:16.032000"
        },
        {
            "utterance_id": 2,
            "interlocutor_id": "AI",
            "text": "At this time, it's a bit tricky to decide if it’s \"good evening\" or \"hello\"",
            "timestamp": "2022-08-07T16:50:37.040000"
        },
        {
            "utterance_id": 3,
            "interlocutor_id": "AH",
            "text": "Yes, it’s bright outside, but it's transitioning into night.",
            "timestamp": "2022-08-07T16:51:02.416000"
        },
        {
            "utterance_id": 4,
            "interlocutor_id": "AI",
            "text": "My workplace had a \"good morning\" type of greeting all the time",
            "timestamp": "2022-08-07T16:51:19.696000"
        },
        {
            "utterance_id": 5,
            "interlocutor_id": "AH",
            "text": "That's the case at my place too; is that the norm for workplaces?",
            "timestamp": "2022-08-07T16:51:33.233000"
        },
        {
            "utterance_id": 6,
            "interlocutor_id": "AI",
            "text": "I heard that places that operate 24/7 say \"good morning\"",
            "timestamp": "2022-08-07T16:51:51.983000"
        },
        {
            "utterance_id": 7,
            "interlocutor_id": "AH",
            "text": "Indeed, our industry operates 24 hours.",
            "timestamp": "2022-08-07T16:52:12.150000"
        },
        {
            "utterance_id": 8,
            "interlocutor_id": "AI",
            "text": "Is it because night shift workers have just woken up?",
            "timestamp": "2022-08-07T16:52:32.771000"
        },
        {
            "utterance_id": 9,
            "interlocutor_id": "AH",
            "text": "It might relate to their wake-up time.",
            "timestamp": "2022-08-07T16:52:55.784000"
        },
        {
            "utterance_id": 10,
            "interlocutor_id": "AI",
            "text": "Alternatively, to maintain fairness across all shifts, they always say \"good morning\"",
            "timestamp": "2022-08-07T16:53:11.011000"
        },
        {
            "utterance_id": 11,
            "interlocutor_id": "AH",
            "text": "It’s easy since you don't have to think about greetings.",
            "timestamp": "2022-08-07T16:53:44.053000"
        },
        {
            "utterance_id": 12,
            "interlocutor_id": "AI",
            "text": "Yes, that’s a significant point. It might actually be a well-thought-out system.",
            "timestamp": "2022-08-07T16:54:00.004000"
        },
        {
            "utterance_id": 13,
            "interlocutor_id": "AH",
            "text": "Conversely, changing greetings every hour would likely lead to confusion.",
            "timestamp": "2022-08-07T16:54:40.070000"
        },
        {
            "utterance_id": 14,
            "interlocutor_id": "AI",
            "text": "Especially if everyone doesn't come and leave at the same time, it would be even more so.",
            "timestamp": "2022-08-07T16:54:59.002000"
        },
        {
            "utterance_id": 15,
            "interlocutor_id": "AH",
            "text": "It might be a consideration to avoid overthinking those situations.",
            "timestamp": "2022-08-07T16:55:48.467000"
        },
        {
            "utterance_id": 16,
            "interlocutor_id": "AI",
            "text": "History and culture can be quite underestimated, can't they?",
            "timestamp": "2022-08-07T16:56:01.749000"
        },
        {
            "utterance_id": 17,
            "interlocutor_id": "AH",
            "text": "Yes, because it's often linked to our daily lives.",
            "timestamp": "2022-08-07T16:56:15.696000"
        },
        {
            "utterance_id": 18,
            "interlocutor_id": "AI",
            "text": "Are there any other unique expressions specific to your workplace?",
            "timestamp": "2022-08-07T16:56:29.396000"
        },
        {
            "utterance_id": 19,
            "interlocutor_id": "AH",
            "text": "There aren’t any jargon.",
            "timestamp": "2022-08-07T16:56:38.031000"
        },
        {
            "utterance_id": 20,
            "interlocutor_id": "AI",
            "text": "One day, the term \"defective product\" was banned.",
            "timestamp": "2022-08-07T16:56:50.499000"
        },
        {
            "utterance_id": 21,
            "interlocutor_id": "AH",
            "text": "Why was that?",
            "timestamp": "2022-08-07T16:57:07.548000"
        },
        {
            "utterance_id": 22,
            "interlocutor_id": "AI",
            "text": "Something like \"recalled product\"",
            "timestamp": "2022-08-07T16:57:13.545000"
        },
        {
            "utterance_id": 23,
            "interlocutor_id": "AH",
            "text": "That might have a better connotation.",
            "timestamp": "2022-08-07T16:57:32.567000"
        },
        {
            "utterance_id": 24,
            "interlocutor_id": "AI",
            "text": "I wonder if they wanted to make it easier to reuse.",
            "timestamp": "2022-08-07T16:57:43.934000"
        },
        {
            "utterance_id": 25,
            "interlocutor_id": "AH",
            "text": "The word \"defective\" definitely gives off a bad impression.",
            "timestamp": "2022-08-07T16:58:04.125000"
        },
        {
            "utterance_id": 26,
            "interlocutor_id": "AI",
            "text": "I thought there was a very intelligent person considering various aspects.",
            "timestamp": "2022-08-07T16:58:22.916000"
        },
        {
            "utterance_id": 27,
            "interlocutor_id": "AH",
            "text": "Indeed, I hadn’t given much thought to the words myself.",
            "timestamp": "2022-08-07T16:58:43.709000"
        },
        {
            "utterance_id": 28,
            "interlocutor_id": "AI",
            "text": "At first, it didn’t catch on well, but now everyone casually says \"recalled product.\"",
            "timestamp": "2022-08-07T16:59:02.072000"
        },
        {
            "utterance_id": 29,
            "interlocutor_id": "AH",
            "text": "Once you get used to it, that happens.",
            "timestamp": "2022-08-07T16:59:11.487000"
        }
    ],
    "evaluations": [
        {
            "interlocutor_id": "AI",
            "informativeness": 5,
            "comprehension": 5,
            "familiarity": 5,
            "interest": 5,
            "proactiveness": 5,
            "satisfaction": 5
        },
        {
            "interlocutor_id": "AH",
            "informativeness": 4,
            "comprehension": 5,
            "familiarity": 4,
            "interest": 5,
            "proactiveness": 5,
            "satisfaction": 4
        }
    ]
}