{
    "dialogue_id": 57,
    "interlocutors": [
        "AJ",
        "AF"
    ],
    "utterances": [
        {
            "utterance_id": 0,
            "interlocutor_id": "AJ",
            "text": "Good evening, nice to meet you.",
            "timestamp": "2022-08-06T21:17:16.705000"
        },
        {
            "utterance_id": 1,
            "interlocutor_id": "AF",
            "text": "Good evening, please.",
            "timestamp": "2022-08-06T21:17:32.147000"
        },
        {
            "utterance_id": 2,
            "interlocutor_id": "AJ",
            "text": "Do you have any hobbies?",
            "timestamp": "2022-08-06T21:18:01.832000"
        },
        {
            "utterance_id": 3,
            "interlocutor_id": "AF",
            "text": "I guess I have quite a few hobbies.",
            "timestamp": "2022-08-06T21:18:18.692000"
        },
        {
            "utterance_id": 4,
            "interlocutor_id": "AJ",
            "text": "For example?",
            "timestamp": "2022-08-06T21:18:33.054000"
        },
        {
            "utterance_id": 5,
            "interlocutor_id": "AF",
            "text": "I like things related to making things.",
            "timestamp": "2022-08-06T21:18:43.228000"
        },
        {
            "utterance_id": 6,
            "interlocutor_id": "AJ",
            "text": "That's great. Is it DIY or sewing?",
            "timestamp": "2022-08-06T21:19:08.041000"
        },
        {
            "utterance_id": 7,
            "interlocutor_id": "AF",
            "text": "It's a bit different from both, like painting on plates or working with flowers.",
            "timestamp": "2022-08-06T21:19:34.263000"
        },
        {
            "utterance_id": 8,
            "interlocutor_id": "AJ",
            "text": "Is plate painting related to ceramics?",
            "timestamp": "2022-08-06T21:20:32.345000"
        },
        {
            "utterance_id": 9,
            "interlocutor_id": "AF",
            "text": "Yes, first I apply the design and then bake it in a special oven.",
            "timestamp": "2022-08-06T21:20:53.068000"
        },
        {
            "utterance_id": 10,
            "interlocutor_id": "AJ",
            "text": "I used to attend a pottery class a little while ago. It's fun, isn't it?",
            "timestamp": "2022-08-06T21:21:15.662000"
        },
        {
            "utterance_id": 11,
            "interlocutor_id": "AF",
            "text": "In pottery, you actually make the plates! I've done that too.",
            "timestamp": "2022-08-06T21:21:31.774000"
        },
        {
            "utterance_id": 12,
            "interlocutor_id": "AJ",
            "text": "It's fun when you can create it just the way you want.",
            "timestamp": "2022-08-06T21:22:26.806000"
        },
        {
            "utterance_id": 13,
            "interlocutor_id": "AF",
            "text": "That's right, what kind of works did you create?",
            "timestamp": "2022-08-06T21:22:42.444000"
        },
        {
            "utterance_id": 14,
            "interlocutor_id": "AJ",
            "text": "Mostly coffee cups and plates. I still use them.",
            "timestamp": "2022-08-06T21:23:18.943000"
        },
        {
            "utterance_id": 15,
            "interlocutor_id": "AF",
            "text": "I also use plates that I've designed myself. It feels nice!",
            "timestamp": "2022-08-06T21:23:47.454000"
        },
        {
            "utterance_id": 16,
            "interlocutor_id": "AJ",
            "text": "You become attached to them, right? By the way, are the flowers fresh?",
            "timestamp": "2022-08-06T21:24:13.071000"
        },
        {
            "utterance_id": 17,
            "interlocutor_id": "AF",
            "text": "The flowers are preserved flowers, do you know about them?",
            "timestamp": "2022-08-06T21:24:36.741000"
        },
        {
            "utterance_id": 18,
            "interlocutor_id": "AJ",
            "text": "I've heard a little about them. Are they things that you freeze?",
            "timestamp": "2022-08-06T21:24:57.271000"
        },
        {
            "utterance_id": 19,
            "interlocutor_id": "AF",
            "text": "They are flowers that have undergone special processing, so they last much longer than fresh flowers.",
            "timestamp": "2022-08-06T21:26:26.331000"
        },
        {
            "utterance_id": 20,
            "interlocutor_id": "AJ",
            "text": "I see. Fresh flowers wither, so they seem great for gifts.",
            "timestamp": "2022-08-06T21:26:28.271000"
        },
        {
            "utterance_id": 21,
            "interlocutor_id": "AF",
            "text": "That's right, I make them not only for myself but also as gifts.",
            "timestamp": "2022-08-06T21:26:30.973000"
        },
        {
            "utterance_id": 22,
            "interlocutor_id": "AJ",
            "text": "The person receiving them would be really happy, right? I might look into it next time.",
            "timestamp": "2022-08-06T21:26:41.078000"
        },
        {
            "utterance_id": 23,
            "interlocutor_id": "AF",
            "text": "I’ve been attending classes for about three years and still don't get bored, no matter how many I make.",
            "timestamp": "2022-08-06T21:27:04.764000"
        },
        {
            "utterance_id": 24,
            "interlocutor_id": "AJ",
            "text": "Three years! That's impressive.",
            "timestamp": "2022-08-06T21:27:33.745000"
        },
        {
            "utterance_id": 25,
            "interlocutor_id": "AF",
            "text": "About every two months, but it's a hobby that provides a nice break.",
            "timestamp": "2022-08-06T21:27:53.318000"
        },
        {
            "utterance_id": 26,
            "interlocutor_id": "AJ",
            "text": "That's a good hobby. I also need to find something I can stick with.",
            "timestamp": "2022-08-06T21:28:22.093000"
        },
        {
            "utterance_id": 27,
            "interlocutor_id": "AF",
            "text": "Having something like that adds vibrancy to life.",
            "timestamp": "2022-08-06T21:28:36.653000"
        },
        {
            "utterance_id": 28,
            "interlocutor_id": "AJ",
            "text": "That's true. It seems like it would be a good stimulus, thank you.",
            "timestamp": "2022-08-06T21:29:07.841000"
        },
        {
            "utterance_id": 29,
            "interlocutor_id": "AF",
            "text": "Thank you as well!",
            "timestamp": "2022-08-06T21:29:16.498000"
        }
    ],
    "evaluations": [
        {
            "interlocutor_id": "AJ",
            "informativeness": 5,
            "comprehension": 5,
            "familiarity": 5,
            "interest": 5,
            "proactiveness": 5,
            "satisfaction": 5
        },
        {
            "interlocutor_id": "AF",
            "informativeness": 4,
            "comprehension": 3,
            "familiarity": 4,
            "interest": 4,
            "proactiveness": 4,
            "satisfaction": 4
        }
    ]
}