{
    "dialogue_id": 52,
    "interlocutors": [
        "AH",
        "AI"
    ],
    "utterances": [
        {
            "utterance_id": 0,
            "interlocutor_id": "AH",
            "text": "Good evening!",
            "timestamp": "2022-08-07T16:42:20.917000"
        },
        {
            "utterance_id": 1,
            "interlocutor_id": "AI",
            "text": "Good evening!",
            "timestamp": "2022-08-07T16:42:30.371000"
        },
        {
            "utterance_id": 2,
            "interlocutor_id": "AH",
            "text": "Do you have any special skills?",
            "timestamp": "2022-08-07T16:42:44.932000"
        },
        {
            "utterance_id": 3,
            "interlocutor_id": "AI",
            "text": "Well, my special skill is that I can always think the food in any country is the most delicious.",
            "timestamp": "2022-08-07T16:43:16.359000"
        },
        {
            "utterance_id": 4,
            "interlocutor_id": "AH",
            "text": "A skill for enjoying food seems quite useful!",
            "timestamp": "2022-08-07T16:43:33.125000"
        },
        {
            "utterance_id": 5,
            "interlocutor_id": "AI",
            "text": "I might be quite curious.",
            "timestamp": "2022-08-07T16:43:44.525000"
        },
        {
            "utterance_id": 6,
            "interlocutor_id": "AH",
            "text": "Have you traveled to places like England?",
            "timestamp": "2022-08-07T16:43:59.116000"
        },
        {
            "utterance_id": 7,
            "interlocutor_id": "AI",
            "text": "I went to England, to Stonehenge and so on.",
            "timestamp": "2022-08-07T16:44:15.198000"
        },
        {
            "utterance_id": 8,
            "interlocutor_id": "AH",
            "text": "I heard that British food is great.",
            "timestamp": "2022-08-07T16:44:32.710000"
        },
        {
            "utterance_id": 9,
            "interlocutor_id": "AI",
            "text": "Ah, that's self-deprecating humor.",
            "timestamp": "2022-08-07T16:44:41.677000"
        },
        {
            "utterance_id": 10,
            "interlocutor_id": "AH",
            "text": "Is that so?",
            "timestamp": "2022-08-07T16:44:48.870000"
        },
        {
            "utterance_id": 11,
            "interlocutor_id": "AI",
            "text": "Yes, they actually have confidence in it.",
            "timestamp": "2022-08-07T16:45:02.247000"
        },
        {
            "utterance_id": 12,
            "interlocutor_id": "AH",
            "text": "I've never tried it, so I'd like to have it someday.",
            "timestamp": "2022-08-07T16:45:13.446000"
        },
        {
            "utterance_id": 13,
            "interlocutor_id": "AI",
            "text": "For now, starting with fish and chips.",
            "timestamp": "2022-08-07T16:45:24.049000"
        },
        {
            "utterance_id": 14,
            "interlocutor_id": "AH",
            "text": "That seems relatively easy to eat.",
            "timestamp": "2022-08-07T16:45:48.644000"
        },
        {
            "utterance_id": 15,
            "interlocutor_id": "AI",
            "text": "If you like beer, it's the perfect food.",
            "timestamp": "2022-08-07T16:46:09.825000"
        },
        {
            "utterance_id": 16,
            "interlocutor_id": "AH",
            "text": "It goes well with beer, doesn't it?",
            "timestamp": "2022-08-07T16:46:23.350000"
        },
        {
            "utterance_id": 17,
            "interlocutor_id": "AI",
            "text": "Edamame or fish and chips, that is the question.",
            "timestamp": "2022-08-07T16:46:47.027000"
        },
        {
            "utterance_id": 18,
            "interlocutor_id": "AH",
            "text": "I can imagine I'd be quite torn.",
            "timestamp": "2022-08-07T16:47:02.282000"
        },
        {
            "utterance_id": 19,
            "interlocutor_id": "AI",
            "text": "Also roast beef.",
            "timestamp": "2022-08-07T16:47:09.734000"
        },
        {
            "utterance_id": 20,
            "interlocutor_id": "AH",
            "text": "Was roast beef also from England?",
            "timestamp": "2022-08-07T16:47:28.129000"
        },
        {
            "utterance_id": 21,
            "interlocutor_id": "AI",
            "text": "Yes, roast beef is pretty great.",
            "timestamp": "2022-08-07T16:47:43.928000"
        },
        {
            "utterance_id": 22,
            "interlocutor_id": "AH",
            "text": "It seems not very British, or rather surprising.",
            "timestamp": "2022-08-07T16:47:55.668000"
        },
        {
            "utterance_id": 23,
            "interlocutor_id": "AI",
            "text": "After all, there is a term called English breakfast.",
            "timestamp": "2022-08-07T16:48:20.605000"
        },
        {
            "utterance_id": 24,
            "interlocutor_id": "AH",
            "text": "English breakfast?",
            "timestamp": "2022-08-07T16:48:34.907000"
        },
        {
            "utterance_id": 25,
            "interlocutor_id": "AI",
            "text": "Yes, it means they are more particular about it than on the continent.",
            "timestamp": "2022-08-07T16:48:46.816000"
        },
        {
            "utterance_id": 26,
            "interlocutor_id": "AH",
            "text": "Oh, I definitely want to try that.",
            "timestamp": "2022-08-07T16:48:57.817000"
        },
        {
            "utterance_id": 27,
            "interlocutor_id": "AI",
            "text": "In France, they have croissants and café au lait at the very least.",
            "timestamp": "2022-08-07T16:49:11.165000"
        },
        {
            "utterance_id": 28,
            "interlocutor_id": "AH",
            "text": "They are quite common even in nearby places.",
            "timestamp": "2022-08-07T16:49:23.829000"
        },
        {
            "utterance_id": 29,
            "interlocutor_id": "AI",
            "text": "However, the French are serious about their croissants.",
            "timestamp": "2022-08-07T16:49:39.795000"
        }
    ],
    "evaluations": [
        {
            "interlocutor_id": "AH",
            "informativeness": 4,
            "comprehension": 5,
            "familiarity": 4,
            "interest": 4,
            "proactiveness": 5,
            "satisfaction": 5
        },
        {
            "interlocutor_id": "AI",
            "informativeness": 5,
            "comprehension": 5,
            "familiarity": 5,
            "interest": 5,
            "proactiveness": 5,
            "satisfaction": 5
        }
    ]
}