{
    "dialogue_id": 65,
    "interlocutors": [
        "AA",
        "AG"
    ],
    "utterances": [
        {
            "utterance_id": 0,
            "interlocutor_id": "AA",
            "text": "Good evening!",
            "timestamp": "2022-08-06T23:31:53.886000"
        },
        {
            "utterance_id": 1,
            "interlocutor_id": "AG",
            "text": "Good evening! How are you?",
            "timestamp": "2022-08-06T23:32:04.613000"
        },
        {
            "utterance_id": 2,
            "interlocutor_id": "AA",
            "text": "What are your plans for tomorrow?",
            "timestamp": "2022-08-06T23:32:05.932000"
        },
        {
            "utterance_id": 3,
            "interlocutor_id": "AG",
            "text": "Tomorrow, um, I will watch a horse racing program.",
            "timestamp": "2022-08-06T23:32:32.757000"
        },
        {
            "utterance_id": 4,
            "interlocutor_id": "AA",
            "text": "Oh, that's nice! Which horse are you rooting for?",
            "timestamp": "2022-08-06T23:32:50.922000"
        },
        {
            "utterance_id": 5,
            "interlocutor_id": "AG",
            "text": "Tomorrow won't race, but I usually support a horse called Gold Ship.",
            "timestamp": "2022-08-06T23:33:13.507000"
        },
        {
            "utterance_id": 6,
            "interlocutor_id": "AA",
            "text": "Golshi... the unsinkable ship, right?",
            "timestamp": "2022-08-06T23:34:00.026000"
        },
        {
            "utterance_id": 7,
            "interlocutor_id": "AG",
            "text": "Yes, that's right! You know it well!",
            "timestamp": "2022-08-06T23:34:11.386000"
        },
        {
            "utterance_id": 8,
            "interlocutor_id": "AA",
            "text": "It appears in videos! Gold Ship's outrageous behavior.",
            "timestamp": "2022-08-06T23:34:27.524000"
        },
        {
            "utterance_id": 9,
            "interlocutor_id": "AG",
            "text": "That's true. It's such a strong character horse.",
            "timestamp": "2022-08-06T23:34:48.924000"
        },
        {
            "utterance_id": 10,
            "interlocutor_id": "AA",
            "text": "I didn't know about the 12 billion incident back then, but it was incredible, wasn't it?",
            "timestamp": "2022-08-06T23:35:14.591000"
        },
        {
            "utterance_id": 11,
            "interlocutor_id": "AG",
            "text": "The uproar when it didn’t leave the gate, when I watch the video, I can even hear laughter, and it's amazing.",
            "timestamp": "2022-08-06T23:35:54.034000"
        },
        {
            "utterance_id": 12,
            "interlocutor_id": "AA",
            "text": "Seriously a gambler, right? It really surprised me.",
            "timestamp": "2022-08-06T23:36:13.916000"
        },
        {
            "utterance_id": 13,
            "interlocutor_id": "AG",
            "text": "Really. Those who bet on it must be in mourning, but as someone who only supports the horse without betting, I enjoyed watching it.",
            "timestamp": "2022-08-06T23:36:51.929000"
        },
        {
            "utterance_id": 14,
            "interlocutor_id": "AA",
            "text": "I understand, I mean, it really is gambling, so just enjoying it without betting was enough for me.",
            "timestamp": "2022-08-06T23:37:22.157000"
        },
        {
            "utterance_id": 15,
            "interlocutor_id": "AG",
            "text": "I’m still just supporting without betting, so it’s definitely more comfortable that way.",
            "timestamp": "2022-08-06T23:37:47.677000"
        },
        {
            "utterance_id": 16,
            "interlocutor_id": "AA",
            "text": "That’s good, I’ve bet a few times but ended up losing.",
            "timestamp": "2022-08-06T23:38:11.425000"
        },
        {
            "utterance_id": 17,
            "interlocutor_id": "AG",
            "text": "Even if I lose, as long as they come back safely without injuries, that's what matters.",
            "timestamp": "2022-08-06T23:38:50.374000"
        },
        {
            "utterance_id": 18,
            "interlocutor_id": "AA",
            "text": "That's what I truly wish for. Please live out their natural life to the end!",
            "timestamp": "2022-08-06T23:39:11.870000"
        },
        {
            "utterance_id": 19,
            "interlocutor_id": "AG",
            "text": "For real! Gold Ship is sturdy, which is good, but with how much it stood and acted out, it would normally be dangerous.",
            "timestamp": "2022-08-06T23:39:40.975000"
        },
        {
            "utterance_id": 20,
            "interlocutor_id": "AA",
            "text": "That's so true! I'm glad the maternal side of Mejiro was strong.",
            "timestamp": "2022-08-06T23:40:11.181000"
        },
        {
            "utterance_id": 21,
            "interlocutor_id": "AG",
            "text": "That’s great. It seems like both strong and weak horses came from Stay Gold.",
            "timestamp": "2022-08-06T23:40:39.065000"
        },
        {
            "utterance_id": 22,
            "interlocutor_id": "AA",
            "text": "It feels like both came out, which is sad.",
            "timestamp": "2022-08-06T23:40:52.923000"
        },
        {
            "utterance_id": 23,
            "interlocutor_id": "AG",
            "text": "I hope they produce lots of strong offspring and carry on their lineage.",
            "timestamp": "2022-08-06T23:41:17.796000"
        },
        {
            "utterance_id": 24,
            "interlocutor_id": "AA",
            "text": "Yes, I hope for strong horses that can live until the end.",
            "timestamp": "2022-08-06T23:41:38.171000"
        },
        {
            "utterance_id": 25,
            "interlocutor_id": "AG",
            "text": "If they get injured during the race, it's very worrying.",
            "timestamp": "2022-08-06T23:42:11.697000"
        },
        {
            "utterance_id": 26,
            "interlocutor_id": "AA",
            "text": "Seriously! I hope nothing happens like with Silence Suzuka.",
            "timestamp": "2022-08-06T23:42:36.778000"
        },
        {
            "utterance_id": 27,
            "interlocutor_id": "AG",
            "text": "Silence Suzuka! It's such a pity. I pray everyone finishes safely tomorrow as well.",
            "timestamp": "2022-08-06T23:43:18.962000"
        },
        {
            "utterance_id": 28,
            "interlocutor_id": "AA",
            "text": "Truly! I'm praying for it. Thank you for today!",
            "timestamp": "2022-08-06T23:43:30.614000"
        },
        {
            "utterance_id": 29,
            "interlocutor_id": "AG",
            "text": "Thank you too! It was fun.",
            "timestamp": "2022-08-06T23:43:50.718000"
        }
    ],
    "evaluations": [
        {
            "interlocutor_id": "AA",
            "informativeness": 5,
            "comprehension": 5,
            "familiarity": 5,
            "interest": 5,
            "proactiveness": 5,
            "satisfaction": 5
        },
        {
            "interlocutor_id": "AG",
            "informativeness": 5,
            "comprehension": 5,
            "familiarity": 5,
            "interest": 5,
            "proactiveness": 5,
            "satisfaction": 5
        }
    ]
}