{
    "dialogue_id": 63,
    "interlocutors": [
        "AA",
        "AG"
    ],
    "utterances": [
        {
            "utterance_id": 0,
            "interlocutor_id": "AA",
            "text": "Good evening!",
            "timestamp": "2022-08-06T23:11:23.624000"
        },
        {
            "utterance_id": 1,
            "interlocutor_id": "AG",
            "text": "Good evening!",
            "timestamp": "2022-08-06T23:11:32.440000"
        },
        {
            "utterance_id": 2,
            "interlocutor_id": "AA",
            "text": "What exactly is breakfast tomorrow morning?",
            "timestamp": "2022-08-06T23:11:40.219000"
        },
        {
            "utterance_id": 3,
            "interlocutor_id": "AG",
            "text": "I hadn't decided at all, but probably rice.",
            "timestamp": "2022-08-06T23:12:01.336000"
        },
        {
            "utterance_id": 4,
            "interlocutor_id": "AA",
            "text": "White rice?",
            "timestamp": "2022-08-06T23:12:09.885000"
        },
        {
            "utterance_id": 5,
            "interlocutor_id": "AG",
            "text": "Yes. I'll rummage through the fridge for side dishes and put them on the white rice.",
            "timestamp": "2022-08-06T23:12:33.206000"
        },
        {
            "utterance_id": 6,
            "interlocutor_id": "AA",
            "text": "It's wonderful that you have proper side dishes!",
            "timestamp": "2022-08-06T23:12:47.983000"
        },
        {
            "utterance_id": 7,
            "interlocutor_id": "AG",
            "text": "Huh? If there are no side dishes, would it just be salt rice?",
            "timestamp": "2022-08-06T23:13:09.057000"
        },
        {
            "utterance_id": 8,
            "interlocutor_id": "AA",
            "text": "It would be kimchi rice.",
            "timestamp": "2022-08-06T23:13:21.824000"
        },
        {
            "utterance_id": 9,
            "interlocutor_id": "AG",
            "text": "Kimchi rice! It’s delicious, isn’t it? But aren’t you worried about the smell in the morning?",
            "timestamp": "2022-08-06T23:13:45.878000"
        },
        {
            "utterance_id": 10,
            "interlocutor_id": "AA",
            "text": "That's true... Then let's go with salted kelp rice.",
            "timestamp": "2022-08-06T23:14:06.217000"
        },
        {
            "utterance_id": 11,
            "interlocutor_id": "AG",
            "text": "I've never really used salted kelp, do you just sprinkle it on?",
            "timestamp": "2022-08-06T23:14:34.098000"
        },
        {
            "utterance_id": 12,
            "interlocutor_id": "AA",
            "text": "Yes, that's right. It's delicious just like that, but when making rice balls, mixing in mayonnaise makes it even tastier.",
            "timestamp": "2022-08-06T23:15:08.357000"
        },
        {
            "utterance_id": 13,
            "interlocutor_id": "AG",
            "text": "Oh! Mayonnaise! That sounds delicious!",
            "timestamp": "2022-08-06T23:15:27.175000"
        },
        {
            "utterance_id": 14,
            "interlocutor_id": "AA",
            "text": "It really is! You shouldn't worry about the calories.",
            "timestamp": "2022-08-06T23:15:37.921000"
        },
        {
            "utterance_id": 15,
            "interlocutor_id": "AG",
            "text": "If I worry about calories, I can't enjoy my rice. Saying that, I’m gaining weight.",
            "timestamp": "2022-08-06T23:16:05.441000"
        },
        {
            "utterance_id": 16,
            "interlocutor_id": "AA",
            "text": "Let’s just say it’s happy weight gain; I have a health check-up next week.",
            "timestamp": "2022-08-06T23:16:35.944000"
        },
        {
            "utterance_id": 17,
            "interlocutor_id": "AG",
            "text": "Oh! Is that so? So, are you trying to be careful as a last-minute effort?",
            "timestamp": "2022-08-06T23:17:00.717000"
        },
        {
            "utterance_id": 18,
            "interlocutor_id": "AA",
            "text": "That's right, I'm trying to avoid eating as a last-minute effort...",
            "timestamp": "2022-08-06T23:17:21.485000"
        },
        {
            "utterance_id": 19,
            "interlocutor_id": "AG",
            "text": "That's true. It’s normal to try that.",
            "timestamp": "2022-08-06T23:17:45.837000"
        },
        {
            "utterance_id": 20,
            "interlocutor_id": "AA",
            "text": "Exactly! I hope to lose about 5 kg just for the health check-up. The rest is fine.",
            "timestamp": "2022-08-06T23:18:04.732000"
        },
        {
            "utterance_id": 21,
            "interlocutor_id": "AG",
            "text": "5 kg! That's quite a fasting, isn’t it?",
            "timestamp": "2022-08-06T23:18:23.968000"
        },
        {
            "utterance_id": 22,
            "interlocutor_id": "AA",
            "text": "I will fast... My weight has gone up significantly.",
            "timestamp": "2022-08-06T23:18:43.697000"
        },
        {
            "utterance_id": 23,
            "interlocutor_id": "AG",
            "text": "Ah, but during the summer, you have to stay hydrated. That’s dangerous!",
            "timestamp": "2022-08-06T23:19:13.897000"
        },
        {
            "utterance_id": 24,
            "interlocutor_id": "AA",
            "text": "Indeed, I’ll try to drink water and tea.",
            "timestamp": "2022-08-06T23:19:29.651000"
        },
        {
            "utterance_id": 25,
            "interlocutor_id": "AG",
            "text": "That sounds good. That might be a good idea. Also, I've seen enzyme drinks on the internet a lot.",
            "timestamp": "2022-08-06T23:19:53.982000"
        },
        {
            "utterance_id": 26,
            "interlocutor_id": "AA",
            "text": "I wonder if they actually work?",
            "timestamp": "2022-08-06T23:20:10.795000"
        },
        {
            "utterance_id": 27,
            "interlocutor_id": "AG",
            "text": "I've tried it once, but if you don’t continue, you’ll just gain it back. It might be good if it's temporary?",
            "timestamp": "2022-08-06T23:20:33.290000"
        },
        {
            "utterance_id": 28,
            "interlocutor_id": "AA",
            "text": "Really! Since it's just for next week, I think I'll give it a try.",
            "timestamp": "2022-08-06T23:20:48.695000"
        },
        {
            "utterance_id": 29,
            "interlocutor_id": "AG",
            "text": "Just don’t overdo it! I’m cheering you on!",
            "timestamp": "2022-08-06T23:21:05.699000"
        }
    ],
    "evaluations": [
        {
            "interlocutor_id": "AA",
            "informativeness": 5,
            "comprehension": 5,
            "familiarity": 5,
            "interest": 5,
            "proactiveness": 5,
            "satisfaction": 5
        },
        {
            "interlocutor_id": "AG",
            "informativeness": 4,
            "comprehension": 4,
            "familiarity": 5,
            "interest": 4,
            "proactiveness": 4,
            "satisfaction": 5
        }
    ]
}