{
    "dialogue_id": 64,
    "interlocutors": [
        "AG",
        "AA"
    ],
    "utterances": [
        {
            "utterance_id": 0,
            "interlocutor_id": "AG",
            "text": "Good evening!",
            "timestamp": "2022-08-06T23:21:44.362000"
        },
        {
            "utterance_id": 1,
            "interlocutor_id": "AA",
            "text": "Good evening!",
            "timestamp": "2022-08-06T23:21:46.752000"
        },
        {
            "utterance_id": 2,
            "interlocutor_id": "AG",
            "text": "Have you seen any birds around recently?",
            "timestamp": "2022-08-06T23:22:11.607000"
        },
        {
            "utterance_id": 3,
            "interlocutor_id": "AA",
            "text": "Birds? Now that you mention it...",
            "timestamp": "2022-08-06T23:22:25.996000"
        },
        {
            "utterance_id": 4,
            "interlocutor_id": "AG",
            "text": "We have a forest next door, so I see them, but when I go to the city, I don't see many.",
            "timestamp": "2022-08-06T23:22:52.839000"
        },
        {
            "utterance_id": 5,
            "interlocutor_id": "AA",
            "text": "That's true, I feel like I don't hear sparrows near my house.",
            "timestamp": "2022-08-06T23:23:20.407000"
        },
        {
            "utterance_id": 6,
            "interlocutor_id": "AG",
            "text": "Exactly! I haven’t seen sparrows lately. They aren’t even in the forest near my house.",
            "timestamp": "2022-08-06T23:23:42.414000"
        },
        {
            "utterance_id": 7,
            "interlocutor_id": "AA",
            "text": "Is that so? If there are any, they would be crows, right?",
            "timestamp": "2022-08-06T23:24:03.383000"
        },
        {
            "utterance_id": 8,
            "interlocutor_id": "AG",
            "text": "The crows were raising their young in the forest until last month.",
            "timestamp": "2022-08-06T23:24:24.500000"
        },
        {
            "utterance_id": 9,
            "interlocutor_id": "AA",
            "text": "They raise their young in summer, right? I thought it was spring.",
            "timestamp": "2022-08-06T23:24:44.261000"
        },
        {
            "utterance_id": 10,
            "interlocutor_id": "AG",
            "text": "It's early summer. Crow chicks have a poor way of calling, so they are practicing all the time.",
            "timestamp": "2022-08-06T23:25:11.491000"
        },
        {
            "utterance_id": 11,
            "interlocutor_id": "AA",
            "text": "Wow, that's so cute! You can tell by their calls?",
            "timestamp": "2022-08-06T23:25:30.353000"
        },
        {
            "utterance_id": 12,
            "interlocutor_id": "AG",
            "text": "The adults have a strong call, but the weaker ones are easy to recognize.",
            "timestamp": "2022-08-06T23:25:56.341000"
        },
        {
            "utterance_id": 13,
            "interlocutor_id": "AA",
            "text": "A strong call... that’s true, I can hear it. I might look it up on video.",
            "timestamp": "2022-08-06T23:26:35.755000"
        },
        {
            "utterance_id": 14,
            "interlocutor_id": "AG",
            "text": "It would be great if there are videos. Do you like animals?",
            "timestamp": "2022-08-06T23:26:54.750000"
        },
        {
            "utterance_id": 15,
            "interlocutor_id": "AA",
            "text": "I love animals!",
            "timestamp": "2022-08-06T23:27:01.721000"
        },
        {
            "utterance_id": 16,
            "interlocutor_id": "AG",
            "text": "I also love animals! I often watch videos and get healed by them.",
            "timestamp": "2022-08-06T23:27:21.737000"
        },
        {
            "utterance_id": 17,
            "interlocutor_id": "AA",
            "text": "I understand, they are so soothing. I'm happy that there are so many videos lately.",
            "timestamp": "2022-08-06T23:27:44.535000"
        },
        {
            "utterance_id": 18,
            "interlocutor_id": "AG",
            "text": "There are a lot, right? What's your favorite animal?",
            "timestamp": "2022-08-06T23:28:04.847000"
        },
        {
            "utterance_id": 19,
            "interlocutor_id": "AA",
            "text": "Cats! But lately, I’ve been interested in Pallas's cats.",
            "timestamp": "2022-08-06T23:28:18.020000"
        },
        {
            "utterance_id": 20,
            "interlocutor_id": "AG",
            "text": "Cats are popular, right? Pallas's cats are cute too!!",
            "timestamp": "2022-08-06T23:28:36.034000"
        },
        {
            "utterance_id": 21,
            "interlocutor_id": "AA",
            "text": "They really are!! What do you like?",
            "timestamp": "2022-08-06T23:28:55.258000"
        },
        {
            "utterance_id": 22,
            "interlocutor_id": "AG",
            "text": "I like turtles. Actually, I have one.",
            "timestamp": "2022-08-06T23:29:13.248000"
        },
        {
            "utterance_id": 23,
            "interlocutor_id": "AA",
            "text": "Turtles! They are adorable, what kind is it?",
            "timestamp": "2022-08-06T23:29:35.109000"
        },
        {
            "utterance_id": 24,
            "interlocutor_id": "AG",
            "text": "It’s a yellow-margined box turtle, and it’s quite friendly.",
            "timestamp": "2022-08-06T23:29:51.813000"
        },
        {
            "utterance_id": 25,
            "interlocutor_id": "AA",
            "text": "Turtles can get along with you, huh!",
            "timestamp": "2022-08-06T23:30:01.677000"
        },
        {
            "utterance_id": 26,
            "interlocutor_id": "AG",
            "text": "I think it depends on the individual, but mine follows me around.",
            "timestamp": "2022-08-06T23:30:23.903000"
        },
        {
            "utterance_id": 27,
            "interlocutor_id": "AA",
            "text": "Wow, really? That's super cute!!! Does it recognize its name?",
            "timestamp": "2022-08-06T23:30:44.170000"
        },
        {
            "utterance_id": 28,
            "interlocutor_id": "AG",
            "text": "It turns its head this way. But if I call another one, it turns too, so it seems like it's responding to my voice.",
            "timestamp": "2022-08-06T23:31:12.889000"
        },
        {
            "utterance_id": 29,
            "interlocutor_id": "AA",
            "text": "That's even more delightful!! So nice!",
            "timestamp": "2022-08-06T23:31:27.613000"
        }
    ],
    "evaluations": [
        {
            "interlocutor_id": "AG",
            "informativeness": 5,
            "comprehension": 4,
            "familiarity": 5,
            "interest": 4,
            "proactiveness": 5,
            "satisfaction": 5
        },
        {
            "interlocutor_id": "AA",
            "informativeness": 5,
            "comprehension": 5,
            "familiarity": 5,
            "interest": 5,
            "proactiveness": 5,
            "satisfaction": 5
        }
    ]
}