{
    "dialogue_id": 67,
    "interlocutors": [
        "AC",
        "AK"
    ],
    "utterances": [
        {
            "utterance_id": 0,
            "interlocutor_id": "AC",
            "text": "Hello!",
            "timestamp": "2022-08-09T12:05:43.834000"
        },
        {
            "utterance_id": 1,
            "interlocutor_id": "AK",
            "text": "Hello!",
            "timestamp": "2022-08-09T12:05:48.909000"
        },
        {
            "utterance_id": 2,
            "interlocutor_id": "AC",
            "text": "By the way, do you have any jinx or superstition that you keep for yourself?",
            "timestamp": "2022-08-09T12:06:04.670000"
        },
        {
            "utterance_id": 3,
            "interlocutor_id": "AK",
            "text": "A jinx? Like what kind?",
            "timestamp": "2022-08-09T12:06:18.863000"
        },
        {
            "utterance_id": 4,
            "interlocutor_id": "AC",
            "text": "Well, I try not to step on manholes when I walk down the street.",
            "timestamp": "2022-08-09T12:06:36.389000"
        },
        {
            "utterance_id": 5,
            "interlocutor_id": "AK",
            "text": "Oh! Does that mean you think it's bad luck?",
            "timestamp": "2022-08-09T12:06:52.454000"
        },
        {
            "utterance_id": 6,
            "interlocutor_id": "AC",
            "text": "Sort of!",
            "timestamp": "2022-08-09T12:06:58.798000"
        },
        {
            "utterance_id": 7,
            "interlocutor_id": "AK",
            "text": "I've never thought about that! I'll think about it a bit now.",
            "timestamp": "2022-08-09T12:07:21.244000"
        },
        {
            "utterance_id": 8,
            "interlocutor_id": "AC",
            "text": "Right, I guess I'm a bit strange, aren't I?",
            "timestamp": "2022-08-09T12:07:31.303000"
        },
        {
            "utterance_id": 9,
            "interlocutor_id": "AK",
            "text": "No, not at all. I'm a bit of a worrywart, so I check about locking the door at least twice.",
            "timestamp": "2022-08-09T12:08:02.126000"
        },
        {
            "utterance_id": 10,
            "interlocutor_id": "AC",
            "text": "That's impressive! Have you ever actually forgotten to lock it?",
            "timestamp": "2022-08-09T12:08:22.863000"
        },
        {
            "utterance_id": 11,
            "interlocutor_id": "AK",
            "text": "I often did in the past! So now I always make sure to check.",
            "timestamp": "2022-08-09T12:08:43.064000"
        },
        {
            "utterance_id": 12,
            "interlocutor_id": "AC",
            "text": "That's more like learned behavior than a jinx!",
            "timestamp": "2022-08-09T12:08:57.625000"
        },
        {
            "utterance_id": 13,
            "interlocutor_id": "AK",
            "text": "That's true. I don't really understand jinxes.",
            "timestamp": "2022-08-09T12:09:09.396000"
        },
        {
            "utterance_id": 14,
            "interlocutor_id": "AC",
            "text": "I asked the question and I don't really get it either. I may have said something arbitrary.",
            "timestamp": "2022-08-09T12:09:24.858000"
        },
        {
            "utterance_id": 15,
            "interlocutor_id": "AK",
            "text": "Is that so! Maybe I’m not aware of any.",
            "timestamp": "2022-08-09T12:09:43.397000"
        },
        {
            "utterance_id": 16,
            "interlocutor_id": "AC",
            "text": "Athletes have all sorts of routines, right?",
            "timestamp": "2022-08-09T12:09:57.788000"
        },
        {
            "utterance_id": 17,
            "interlocutor_id": "AK",
            "text": "They do, don’t they? I don’t really have fixed behaviors.",
            "timestamp": "2022-08-09T12:10:16.983000"
        },
        {
            "utterance_id": 18,
            "interlocutor_id": "AC",
            "text": "That's the best thing! Because if you don't do it, you get anxious, right?",
            "timestamp": "2022-08-09T12:10:37.984000"
        },
        {
            "utterance_id": 19,
            "interlocutor_id": "AK",
            "text": "I don't really understand, but I guess it has an actual impact.",
            "timestamp": "2022-08-09T12:11:03.764000"
        },
        {
            "utterance_id": 20,
            "interlocutor_id": "AC",
            "text": "I think so. It’s probably just a belief, but it feels sad to be tied down by it.",
            "timestamp": "2022-08-09T12:11:17.345000"
        },
        {
            "utterance_id": 21,
            "interlocutor_id": "AK",
            "text": "That's definitely true. I want to free them from that.",
            "timestamp": "2022-08-09T12:11:30.446000"
        },
        {
            "utterance_id": 22,
            "interlocutor_id": "AC",
            "text": "Right! I've heard that Ai-chan from table tennis has a lot of routines.",
            "timestamp": "2022-08-09T12:11:52.137000"
        },
        {
            "utterance_id": 23,
            "interlocutor_id": "AK",
            "text": "Oh, really? Has she had the same routines since she was little?",
            "timestamp": "2022-08-09T12:12:14.088000"
        },
        {
            "utterance_id": 24,
            "interlocutor_id": "AC",
            "text": "Ah, since she’s been an athlete for a long time, maybe they increased little by little.",
            "timestamp": "2022-08-09T12:12:34.791000"
        },
        {
            "utterance_id": 25,
            "interlocutor_id": "AK",
            "text": "That sounds likely! She seems to be getting more and more tied down.",
            "timestamp": "2022-08-09T12:12:55.870000"
        },
        {
            "utterance_id": 26,
            "interlocutor_id": "AC",
            "text": "That's tough. I want to live a bit more freely.",
            "timestamp": "2022-08-09T12:13:14.297000"
        },
        {
            "utterance_id": 27,
            "interlocutor_id": "AK",
            "text": "I really feel that way too. I just hope I can feel liberated now.",
            "timestamp": "2022-08-09T12:13:27.658000"
        },
        {
            "utterance_id": 28,
            "interlocutor_id": "AC",
            "text": "Yes. I think I'm going to break my manhole jinx soon.",
            "timestamp": "2022-08-09T12:13:42.710000"
        },
        {
            "utterance_id": 29,
            "interlocutor_id": "AK",
            "text": "Please do try that!",
            "timestamp": "2022-08-09T12:13:51.982000"
        }
    ],
    "evaluations": [
        {
            "interlocutor_id": "AC",
            "informativeness": 4,
            "comprehension": 4,
            "familiarity": 5,
            "interest": 3,
            "proactiveness": 2,
            "satisfaction": 4
        },
        {
            "interlocutor_id": "AK",
            "informativeness": 4,
            "comprehension": 5,
            "familiarity": 4,
            "interest": 4,
            "proactiveness": 3,
            "satisfaction": 4
        }
    ]
}