{
    "dialogue_id": 69,
    "interlocutors": [
        "AC",
        "AK"
    ],
    "utterances": [
        {
            "utterance_id": 0,
            "interlocutor_id": "AC",
            "text": "どうもー。はじめまして！",
            "timestamp": "2022-08-09T12:21:12.548000"
        },
        {
            "utterance_id": 1,
            "interlocutor_id": "AK",
            "text": "Hello! Nice to meet you!",
            "timestamp": "2022-08-09T12:21:21.342000"
        },
        {
            "utterance_id": 2,
            "interlocutor_id": "AC",
            "text": "はじめまして。よろしくお願いします。",
            "timestamp": "2022-08-09T12:21:32.281000"
        },
        {
            "utterance_id": 3,
            "interlocutor_id": "AK",
            "text": "Nice to meet you. I look forward to working with you.",
            "timestamp": "2022-08-09T12:21:38.525000"
        },
        {
            "utterance_id": 4,
            "interlocutor_id": "AC",
            "text": "最近買って良かったものって、ありますか？",
            "timestamp": "2022-08-09T12:21:48.896000"
        },
        {
            "utterance_id": 5,
            "interlocutor_id": "AK",
            "text": "Is there something you've bought recently that you're glad you did?",
            "timestamp": "2022-08-09T12:22:06.330000"
        },
        {
            "utterance_id": 6,
            "interlocutor_id": "AC",
            "text": "ドライヤーです！",
            "timestamp": "2022-08-09T12:22:23.235000"
        },
        {
            "utterance_id": 7,
            "interlocutor_id": "AK",
            "text": "It's a hair dryer!",
            "timestamp": "2022-08-09T12:22:39.210000"
        },
        {
            "utterance_id": 8,
            "interlocutor_id": "AC",
            "text": "おっ！買い替えたんですねー！",
            "timestamp": "2022-08-09T12:22:45.544000"
        },
        {
            "utterance_id": 9,
            "interlocutor_id": "AK",
            "text": "Oh! You replaced it!",
            "timestamp": "2022-08-09T12:23:07.647000"
        },
        {
            "utterance_id": 10,
            "interlocutor_id": "AC",
            "text": "壊れちゃって。探しに探して新しいものに買い換えました！",
            "timestamp": "2022-08-09T12:23:34.004000"
        },
        {
            "utterance_id": 11,
            "interlocutor_id": "AK",
            "text": "It broke. I searched and searched and finally got a new one!",
            "timestamp": "2022-08-09T12:23:45.773000"
        },
        {
            "utterance_id": 12,
            "interlocutor_id": "AC",
            "text": "ドライヤーって、突然壊れますよね。",
            "timestamp": "2022-08-09T12:23:53.477000"
        },
        {
            "utterance_id": 13,
            "interlocutor_id": "AK",
            "text": "Hair dryers can break suddenly, can't they?",
            "timestamp": "2022-08-09T12:24:16.492000"
        },
        {
            "utterance_id": 14,
            "interlocutor_id": "AC",
            "text": "突然火花が飛び散りました。",
            "timestamp": "2022-08-09T12:24:34.987000"
        },
        {
            "utterance_id": 15,
            "interlocutor_id": "AK",
            "text": "Suddenly, sparks flew out.",
            "timestamp": "2022-08-09T12:24:58.625000"
        },
        {
            "utterance_id": 16,
            "interlocutor_id": "AC",
            "text": "ぎゃー！危険！",
            "timestamp": "2022-08-09T12:25:09.691000"
        },
        {
            "utterance_id": 17,
            "interlocutor_id": "AK",
            "text": "Yikes! That's dangerous!",
            "timestamp": "2022-08-09T12:25:32.849000"
        },
        {
            "utterance_id": 18,
            "interlocutor_id": "AC",
            "text": "めっちゃ怖かったです。それでも冷風だけは使えたんですが、冷や冷やもんでしたよ。",
            "timestamp": "2022-08-09T12:25:50.346000"
        },
        {
            "utterance_id": 19,
            "interlocutor_id": "AK",
            "text": "It was really scary. I could still use the cool air, but it was nerve-wracking.",
            "timestamp": "2022-08-09T12:26:18.848000"
        },
        {
            "utterance_id": 20,
            "interlocutor_id": "AC",
            "text": "危なすぎる！新しいドライヤーはどんな感じなんですか？",
            "timestamp": "2022-08-09T12:26:37.746000"
        },
        {
            "utterance_id": 21,
            "interlocutor_id": "AK",
            "text": "That's too dangerous! What is your new hair dryer like?",
            "timestamp": "2022-08-09T12:26:58.062000"
        },
        {
            "utterance_id": 22,
            "interlocutor_id": "AC",
            "text": "なんか変な形なんです。打ち出の小槌みたいな。",
            "timestamp": "2022-08-09T12:27:16.036000"
        },
        {
            "utterance_id": 23,
            "interlocutor_id": "AK",
            "text": "It has a weird shape. It's like a magic mallet.",
            "timestamp": "2022-08-09T12:27:42.111000"
        },
        {
            "utterance_id": 24,
            "interlocutor_id": "AC",
            "text": "あら、ラブリー。",
            "timestamp": "2022-08-09T12:28:07.648000"
        },
        {
            "utterance_id": 25,
            "interlocutor_id": "AK",
            "text": "Oh, lovely.",
            "timestamp": "2022-08-09T12:28:22.093000"
        },
        {
            "utterance_id": 26,
            "interlocutor_id": "AC",
            "text": "ええー！なんだか今日からラブリーに見えちゃうかも。",
            "timestamp": "2022-08-09T12:28:33.492000"
        },
        {
            "utterance_id": 27,
            "interlocutor_id": "AK",
            "text": "Really? It might look lovely starting today.",
            "timestamp": "2022-08-09T12:28:55.602000"
        },
        {
            "utterance_id": 28,
            "interlocutor_id": "AC",
            "text": "買ってよかったと思うのは、見た目が個性的だからでしょうか？",
            "timestamp": "2022-08-09T12:29:06.875000"
        },
        {
            "utterance_id": 29,
            "interlocutor_id": "AK",
            "text": "Is it because its unique appearance makes you feel like it was a good purchase?",
            "timestamp": "2022-08-09T12:29:15.258000"
        }
    ],
    "evaluations": [
        {
            "interlocutor_id": "AC",
            "informativeness": 5,
            "comprehension": 5,
            "familiarity": 5,
            "interest": 5,
            "proactiveness": 5,
            "satisfaction": 4
        },
        {
            "interlocutor_id": "AK",
            "informativeness": 4,
            "comprehension": 4,
            "familiarity": 4,
            "interest": 5,
            "proactiveness": 5,
            "satisfaction": 5
        }
    ]
}