{
    "dialogue_id": 68,
    "interlocutors": [
        "AK",
        "AC"
    ],
    "utterances": [
        {
            "utterance_id": 0,
            "interlocutor_id": "AK",
            "text": "Hello!",
            "timestamp": "2022-08-09T12:14:06.905000"
        },
        {
            "utterance_id": 1,
            "interlocutor_id": "AC",
            "text": "Hello!",
            "timestamp": "2022-08-09T12:14:12.919000"
        },
        {
            "utterance_id": 2,
            "interlocutor_id": "AK",
            "text": "What are your plans for today?",
            "timestamp": "2022-08-09T12:14:19.168000"
        },
        {
            "utterance_id": 3,
            "interlocutor_id": "AC",
            "text": "Today, I’ll just go shopping in the evening and maybe cook dinner.",
            "timestamp": "2022-08-09T12:14:35.638000"
        },
        {
            "utterance_id": 4,
            "interlocutor_id": "AK",
            "text": "Have you decided what you’re going to make?",
            "timestamp": "2022-08-09T12:14:48.087000"
        },
        {
            "utterance_id": 5,
            "interlocutor_id": "AC",
            "text": "Not yet, actually.",
            "timestamp": "2022-08-09T12:14:54.006000"
        },
        {
            "utterance_id": 6,
            "interlocutor_id": "AK",
            "text": "I'm not good at deciding the menu.",
            "timestamp": "2022-08-09T12:15:02.732000"
        },
        {
            "utterance_id": 7,
            "interlocutor_id": "AC",
            "text": "It’s a hassle, isn’t it? Do you usually decide before going shopping?",
            "timestamp": "2022-08-09T12:15:16.352000"
        },
        {
            "utterance_id": 8,
            "interlocutor_id": "AK",
            "text": "I usually decide after shopping.",
            "timestamp": "2022-08-09T12:15:29.854000"
        },
        {
            "utterance_id": 9,
            "interlocutor_id": "AC",
            "text": "Wow, that sounds tough. You might run out of ideas.",
            "timestamp": "2022-08-09T12:15:40.269000"
        },
        {
            "utterance_id": 10,
            "interlocutor_id": "AK",
            "text": "I do! It often ends up just being stir-fried vegetables.",
            "timestamp": "2022-08-09T12:15:54.550000"
        },
        {
            "utterance_id": 11,
            "interlocutor_id": "AC",
            "text": "Ah, then you can make it with any vegetables you buy! That's the best!",
            "timestamp": "2022-08-09T12:16:07.162000"
        },
        {
            "utterance_id": 12,
            "interlocutor_id": "AK",
            "text": "That's right. Other than that, I just mix in whatever meat I have.",
            "timestamp": "2022-08-09T12:16:24.737000"
        },
        {
            "utterance_id": 13,
            "interlocutor_id": "AC",
            "text": "Stir-fried meat with vegetables goes well with rice!",
            "timestamp": "2022-08-09T12:16:42.532000"
        },
        {
            "utterance_id": 14,
            "interlocutor_id": "AK",
            "text": "It does. I often end up turning it into a rice bowl.",
            "timestamp": "2022-08-09T12:16:58.939000"
        },
        {
            "utterance_id": 15,
            "interlocutor_id": "AC",
            "text": "That sounds nice! Vegetable broth is delicious! Do you change the flavor?",
            "timestamp": "2022-08-09T12:17:20.866000"
        },
        {
            "utterance_id": 16,
            "interlocutor_id": "AK",
            "text": "Usually, I just use noodle sauce and sugar.",
            "timestamp": "2022-08-09T12:17:38.049000"
        },
        {
            "utterance_id": 17,
            "interlocutor_id": "AC",
            "text": "Noodle sauce is a versatile seasoning, isn't it?",
            "timestamp": "2022-08-09T12:17:50.574000"
        },
        {
            "utterance_id": 18,
            "interlocutor_id": "AK",
            "text": "It is indeed. Sometimes I mix in oyster sauce, but it generally turns out the same.",
            "timestamp": "2022-08-09T12:18:15.696000"
        },
        {
            "utterance_id": 19,
            "interlocutor_id": "AC",
            "text": "I think that’s great! I often use it for omelets too.",
            "timestamp": "2022-08-09T12:18:23.560000"
        },
        {
            "utterance_id": 20,
            "interlocutor_id": "AK",
            "text": "They’re delicious! I love dashimaki tamago!",
            "timestamp": "2022-08-09T12:18:41.168000"
        },
        {
            "utterance_id": 21,
            "interlocutor_id": "AC",
            "text": "That also goes well with rice! Do you always make your omelets plain?",
            "timestamp": "2022-08-09T12:18:56.892000"
        },
        {
            "utterance_id": 22,
            "interlocutor_id": "AK",
            "text": "I usually mix in dashi, noodle sauce, and sugar!",
            "timestamp": "2022-08-09T12:19:15.554000"
        },
        {
            "utterance_id": 23,
            "interlocutor_id": "AC",
            "text": "Sweet and sounds delicious! I sometimes mix in carrots and green onions too.",
            "timestamp": "2022-08-09T12:19:33.810000"
        },
        {
            "utterance_id": 24,
            "interlocutor_id": "AK",
            "text": "Really! That sounds luxurious! I only add crab sticks occasionally.",
            "timestamp": "2022-08-09T12:19:49.135000"
        },
        {
            "utterance_id": 25,
            "interlocutor_id": "AC",
            "text": "Crab sticks! Aren’t they super luxurious!",
            "timestamp": "2022-08-09T12:19:57.573000"
        },
        {
            "utterance_id": 26,
            "interlocutor_id": "AK",
            "text": "They’re tasty, and they look cute.",
            "timestamp": "2022-08-09T12:20:10.918000"
        },
        {
            "utterance_id": 27,
            "interlocutor_id": "AC",
            "text": "Indeed, yellow and red make for a colorful appearance!",
            "timestamp": "2022-08-09T12:20:28.446000"
        },
        {
            "utterance_id": 28,
            "interlocutor_id": "AK",
            "text": "That’s true. Crab sticks are versatile too!",
            "timestamp": "2022-08-09T12:20:40.510000"
        },
        {
            "utterance_id": 29,
            "interlocutor_id": "AC",
            "text": "They really are! I learned something good from you. Thank you!",
            "timestamp": "2022-08-09T12:20:53.652000"
        }
    ],
    "evaluations": [
        {
            "interlocutor_id": "AK",
            "informativeness": 5,
            "comprehension": 5,
            "familiarity": 4,
            "interest": 5,
            "proactiveness": 5,
            "satisfaction": 5
        },
        {
            "interlocutor_id": "AC",
            "informativeness": 5,
            "comprehension": 5,
            "familiarity": 5,
            "interest": 4,
            "proactiveness": 4,
            "satisfaction": 5
        }
    ]
}