{
    "dialogue_id": 79,
    "interlocutors": [
        "AC",
        "AK"
    ],
    "utterances": [
        {
            "utterance_id": 0,
            "interlocutor_id": "AC",
            "text": "Hello!",
            "timestamp": "2022-08-09T13:54:50.253000"
        },
        {
            "utterance_id": 1,
            "interlocutor_id": "AK",
            "text": "Hello there.",
            "timestamp": "2022-08-09T13:54:56.432000"
        },
        {
            "utterance_id": 2,
            "interlocutor_id": "AC",
            "text": "Do you have summer vacation?",
            "timestamp": "2022-08-09T13:55:04.939000"
        },
        {
            "utterance_id": 3,
            "interlocutor_id": "AK",
            "text": "Not at all! Do you have any?",
            "timestamp": "2022-08-09T13:55:15.057000"
        },
        {
            "utterance_id": 4,
            "interlocutor_id": "AC",
            "text": "For me, every day feels like summer vacation. What do you mean by not having any?",
            "timestamp": "2022-08-09T13:55:28.835000"
        },
        {
            "utterance_id": 5,
            "interlocutor_id": "AK",
            "text": "It feels like an ordinary routine.",
            "timestamp": "2022-08-09T13:55:47.811000"
        },
        {
            "utterance_id": 6,
            "interlocutor_id": "AC",
            "text": "Wow! So does that mean you always have work to do?",
            "timestamp": "2022-08-09T13:56:01.350000"
        },
        {
            "utterance_id": 7,
            "interlocutor_id": "AK",
            "text": "Yes, that's right. I usually have time off, but work feels just like normal.",
            "timestamp": "2022-08-09T13:56:24.039000"
        },
        {
            "utterance_id": 8,
            "interlocutor_id": "AC",
            "text": "I see. If there are no holidays apart from your usual days off, doesn't that feel a bit monotonous?",
            "timestamp": "2022-08-09T13:56:55.119000"
        },
        {
            "utterance_id": 9,
            "interlocutor_id": "AK",
            "text": "Indeed, that can be the case. But I work part-time, so I have a lot of days off.",
            "timestamp": "2022-08-09T13:57:18.869000"
        },
        {
            "utterance_id": 10,
            "interlocutor_id": "AC",
            "text": "Oh, I see! How many hours do you work?",
            "timestamp": "2022-08-09T13:57:32.931000"
        },
        {
            "utterance_id": 11,
            "interlocutor_id": "AK",
            "text": "I always work 5.5 hours! I can go home by 3 PM every day.",
            "timestamp": "2022-08-09T13:57:56.484000"
        },
        {
            "utterance_id": 12,
            "interlocutor_id": "AC",
            "text": "That's nice! Being able to go home while it's still light out means you can manage things at home too.",
            "timestamp": "2022-08-09T13:58:14.939000"
        },
        {
            "utterance_id": 13,
            "interlocutor_id": "AK",
            "text": "Exactly! I always rush to do housework after I get back.",
            "timestamp": "2022-08-09T13:58:34.402000"
        },
        {
            "utterance_id": 14,
            "interlocutor_id": "AC",
            "text": "That's admirable! Even for a short time, going out to work can be mentally exhausting, right?",
            "timestamp": "2022-08-09T13:58:55.079000"
        },
        {
            "utterance_id": 15,
            "interlocutor_id": "AK",
            "text": "It's a nice change of pace. On the contrary, if I have too many consecutive holidays, I get tired of it.",
            "timestamp": "2022-08-09T13:59:15.754000"
        },
        {
            "utterance_id": 16,
            "interlocutor_id": "AC",
            "text": "Whoa, you're quite the hard worker!",
            "timestamp": "2022-08-09T13:59:25.184000"
        },
        {
            "utterance_id": 17,
            "interlocutor_id": "AK",
            "text": "Not really! I have a 4-day weekend starting today, so I plan to take it slow.",
            "timestamp": "2022-08-09T13:59:41.328000"
        },
        {
            "utterance_id": 18,
            "interlocutor_id": "AC",
            "text": "A 4-day weekend sounds great! Are you going anywhere?",
            "timestamp": "2022-08-09T13:59:58.356000"
        },
        {
            "utterance_id": 19,
            "interlocutor_id": "AK",
            "text": "I’m planning to go out to eat today.",
            "timestamp": "2022-08-09T14:00:10.637000"
        },
        {
            "utterance_id": 20,
            "interlocutor_id": "AC",
            "text": "That sounds lovely! Have you already chosen a restaurant?",
            "timestamp": "2022-08-09T14:00:19.522000"
        },
        {
            "utterance_id": 21,
            "interlocutor_id": "AK",
            "text": "I’m going to a nearby Italian restaurant with my aunt!",
            "timestamp": "2022-08-09T14:00:37.046000"
        },
        {
            "utterance_id": 22,
            "interlocutor_id": "AC",
            "text": "Wow, if you go with your aunt, I have a feeling she’ll treat you!",
            "timestamp": "2022-08-09T14:00:55.243000"
        },
        {
            "utterance_id": 23,
            "interlocutor_id": "AK",
            "text": "Maybe! It's the first time just the two of us will be going, so I'm a little nervous.",
            "timestamp": "2022-08-09T14:01:12.099000"
        },
        {
            "utterance_id": 24,
            "interlocutor_id": "AC",
            "text": "Oh, I see! You're good at conversation, so I'm sure it'll be a great time!",
            "timestamp": "2022-08-09T14:01:29.937000"
        },
        {
            "utterance_id": 25,
            "interlocutor_id": "AK",
            "text": "I’m happy to hear that. I don’t think it’s that great, though. I’m mainly looking forward to the sparkling wine, so I’ll enjoy it somehow.",
            "timestamp": "2022-08-09T14:01:55.744000"
        },
        {
            "utterance_id": 26,
            "interlocutor_id": "AC",
            "text": "That sounds nice! Enjoy yourself!",
            "timestamp": "2022-08-09T14:02:14.083000"
        },
        {
            "utterance_id": 27,
            "interlocutor_id": "AK",
            "text": "Thank you! I'm looking forward to it since it's the first time I’m going to that restaurant!",
            "timestamp": "2022-08-09T14:02:35.821000"
        },
        {
            "utterance_id": 28,
            "interlocutor_id": "AC",
            "text": "Next time, let me know how it went!",
            "timestamp": "2022-08-09T14:02:55.164000"
        },
        {
            "utterance_id": 29,
            "interlocutor_id": "AK",
            "text": "I will! Thank you for listening.",
            "timestamp": "2022-08-09T14:03:06.834000"
        }
    ],
    "evaluations": [
        {
            "interlocutor_id": "AC",
            "informativeness": 5,
            "comprehension": 4,
            "familiarity": 5,
            "interest": 3,
            "proactiveness": 4,
            "satisfaction": 3
        },
        {
            "interlocutor_id": "AK",
            "informativeness": 5,
            "comprehension": 4,
            "familiarity": 4,
            "interest": 5,
            "proactiveness": 5,
            "satisfaction": 5
        }
    ]
}