{
    "dialogue_id": 74,
    "interlocutors": [
        "AK",
        "AC"
    ],
    "utterances": [
        {
            "utterance_id": 0,
            "interlocutor_id": "AK",
            "text": "Hello!",
            "timestamp": "2022-08-09T13:06:44.083000"
        },
        {
            "utterance_id": 1,
            "interlocutor_id": "AC",
            "text": "Yes, hello!",
            "timestamp": "2022-08-09T13:06:51.217000"
        },
        {
            "utterance_id": 2,
            "interlocutor_id": "AK",
            "text": "How is your health?",
            "timestamp": "2022-08-09T13:07:03.017000"
        },
        {
            "utterance_id": 3,
            "interlocutor_id": "AC",
            "text": "Yes, to be honest, I'm so hungry it’s a bit scary.",
            "timestamp": "2022-08-09T13:07:17.092000"
        },
        {
            "utterance_id": 4,
            "interlocutor_id": "AK",
            "text": "Wow, that’s amazing. Having an appetite is happiness, right?",
            "timestamp": "2022-08-09T13:07:33.734000"
        },
        {
            "utterance_id": 5,
            "interlocutor_id": "AC",
            "text": "There is happiness in being able to eat. Everything is delicious!",
            "timestamp": "2022-08-09T13:07:51.064000"
        },
        {
            "utterance_id": 6,
            "interlocutor_id": "AK",
            "text": "What's your favorite?",
            "timestamp": "2022-08-09T13:07:59.389000"
        },
        {
            "utterance_id": 7,
            "interlocutor_id": "AC",
            "text": "White rice with mentaiko.",
            "timestamp": "2022-08-09T13:08:10.699000"
        },
        {
            "utterance_id": 8,
            "interlocutor_id": "AK",
            "text": "Ah, I love that too!",
            "timestamp": "2022-08-09T13:08:18.560000"
        },
        {
            "utterance_id": 9,
            "interlocutor_id": "AC",
            "text": "It’s a must-have. I even had seconds this morning.",
            "timestamp": "2022-08-09T13:08:35.194000"
        },
        {
            "utterance_id": 10,
            "interlocutor_id": "AK",
            "text": "It goes well with rice, right? Is it the spicy kind?",
            "timestamp": "2022-08-09T13:08:48.616000"
        },
        {
            "utterance_id": 11,
            "interlocutor_id": "AC",
            "text": "Yes! I could probably eat about three bowls!",
            "timestamp": "2022-08-09T13:09:07.435000"
        },
        {
            "utterance_id": 12,
            "interlocutor_id": "AK",
            "text": "Oh! That's impressive! I like the ends of mentaiko.",
            "timestamp": "2022-08-09T13:09:24.646000"
        },
        {
            "utterance_id": 13,
            "interlocutor_id": "AC",
            "text": "The ends?",
            "timestamp": "2022-08-09T13:09:31.076000"
        },
        {
            "utterance_id": 14,
            "interlocutor_id": "AK",
            "text": "I like the skin, but the ends have more skin, so they're the best!",
            "timestamp": "2022-08-09T13:09:58.819000"
        },
        {
            "utterance_id": 15,
            "interlocutor_id": "AC",
            "text": "Whoa! I've never met anyone who said that!",
            "timestamp": "2022-08-09T13:10:14.207000"
        },
        {
            "utterance_id": 16,
            "interlocutor_id": "AK",
            "text": "Really? That's why I prefer to eat it whole, not just the filling.",
            "timestamp": "2022-08-09T13:10:45.067000"
        },
        {
            "utterance_id": 17,
            "interlocutor_id": "AC",
            "text": "Eating it whole is luxurious! You can taste the burst of the skin.",
            "timestamp": "2022-08-09T13:11:11.335000"
        },
        {
            "utterance_id": 18,
            "interlocutor_id": "AK",
            "text": "Exactly! That popping sensation is irresistible.",
            "timestamp": "2022-08-09T13:11:24.921000"
        },
        {
            "utterance_id": 19,
            "interlocutor_id": "AC",
            "text": "Ugh. Even though I ate this morning, I feel like eating again.",
            "timestamp": "2022-08-09T13:11:38.690000"
        },
        {
            "utterance_id": 20,
            "interlocutor_id": "AK",
            "text": "Don’t you worry about your uric acid levels?",
            "timestamp": "2022-08-09T13:11:49.738000"
        },
        {
            "utterance_id": 21,
            "interlocutor_id": "AC",
            "text": "I do! My husband said fish roe is bad for you.",
            "timestamp": "2022-08-09T13:12:05.993000"
        },
        {
            "utterance_id": 22,
            "interlocutor_id": "AK",
            "text": "It is! Most delicious things are usually bad for you.",
            "timestamp": "2022-08-09T13:12:20.152000"
        },
        {
            "utterance_id": 23,
            "interlocutor_id": "AC",
            "text": "I can’t take it! Someone stop this appetite!",
            "timestamp": "2022-08-09T13:12:35.974000"
        },
        {
            "utterance_id": 24,
            "interlocutor_id": "AK",
            "text": "Can’t be stopped, I guess. But it’s a sign of being healthy!",
            "timestamp": "2022-08-09T13:12:53.778000"
        },
        {
            "utterance_id": 25,
            "interlocutor_id": "AC",
            "text": "That’s true! Are you suffering from summer fatigue or anything?",
            "timestamp": "2022-08-09T13:13:10.743000"
        },
        {
            "utterance_id": 26,
            "interlocutor_id": "AK",
            "text": "I am. I feel like rice would be good right now.",
            "timestamp": "2022-08-09T13:13:28.664000"
        },
        {
            "utterance_id": 27,
            "interlocutor_id": "AC",
            "text": "Oh dear. In times like these, it’s mentaiko!",
            "timestamp": "2022-08-09T13:13:50.148000"
        },
        {
            "utterance_id": 28,
            "interlocutor_id": "AK",
            "text": "Right? It’s expensive, but maybe I should just buy some! Mentaiko is the best!",
            "timestamp": "2022-08-09T13:14:09.157000"
        },
        {
            "utterance_id": 29,
            "interlocutor_id": "AC",
            "text": "Indeed! See you later!",
            "timestamp": "2022-08-09T13:14:17.151000"
        }
    ],
    "evaluations": [
        {
            "interlocutor_id": "AK",
            "informativeness": 4,
            "comprehension": 4,
            "familiarity": 4,
            "interest": 5,
            "proactiveness": 5,
            "satisfaction": 5
        },
        {
            "interlocutor_id": "AC",
            "informativeness": 5,
            "comprehension": 5,
            "familiarity": 5,
            "interest": 5,
            "proactiveness": 5,
            "satisfaction": 5
        }
    ]
}