{
    "dialogue_id": 77,
    "interlocutors": [
        "AC",
        "AK"
    ],
    "utterances": [
        {
            "utterance_id": 0,
            "interlocutor_id": "AC",
            "text": "Hello!",
            "timestamp": "2022-08-09T13:38:15.656000"
        },
        {
            "utterance_id": 1,
            "interlocutor_id": "AK",
            "text": "Thank you!",
            "timestamp": "2022-08-09T13:38:21.688000"
        },
        {
            "utterance_id": 2,
            "interlocutor_id": "AC",
            "text": "When you were a child, did you have any desires or dreams about what you wanted to be?",
            "timestamp": "2022-08-09T13:38:37.201000"
        },
        {
            "utterance_id": 3,
            "interlocutor_id": "AK",
            "text": "My childhood dreams changed every time.",
            "timestamp": "2022-08-09T13:38:51.408000"
        },
        {
            "utterance_id": 4,
            "interlocutor_id": "AC",
            "text": "Oh, you had a dream-filled childhood! What kind of dreams did you have?",
            "timestamp": "2022-08-09T13:39:13.663000"
        },
        {
            "utterance_id": 5,
            "interlocutor_id": "AK",
            "text": "Florist, pastry chef, supermarket cashier, and so on.",
            "timestamp": "2022-08-09T13:39:33.338000"
        },
        {
            "utterance_id": 6,
            "interlocutor_id": "AC",
            "text": "You had many relatable professions!",
            "timestamp": "2022-08-09T13:39:43.616000"
        },
        {
            "utterance_id": 7,
            "interlocutor_id": "AK",
            "text": "That's true! I must have envied those jobs since I saw them in real life.",
            "timestamp": "2022-08-09T13:39:59.667000"
        },
        {
            "utterance_id": 8,
            "interlocutor_id": "AC",
            "text": "As a kid, jobs looked fun, didn’t they?",
            "timestamp": "2022-08-09T13:40:17.532000"
        },
        {
            "utterance_id": 9,
            "interlocutor_id": "AK",
            "text": "They did. What kind of dreams did you have?",
            "timestamp": "2022-08-09T13:40:28.742000"
        },
        {
            "utterance_id": 10,
            "interlocutor_id": "AC",
            "text": "I also had the classic dream of being a pastry chef!",
            "timestamp": "2022-08-09T13:40:43.545000"
        },
        {
            "utterance_id": 11,
            "interlocutor_id": "AK",
            "text": "Being a pastry chef is aspirational, isn't it?",
            "timestamp": "2022-08-09T13:40:52.086000"
        },
        {
            "utterance_id": 12,
            "interlocutor_id": "AC",
            "text": "Yes! I think I viewed it more as an all-you-can-eat kind of thing rather than actually making them.",
            "timestamp": "2022-08-09T13:41:09.822000"
        },
        {
            "utterance_id": 13,
            "interlocutor_id": "AK",
            "text": "Oh, really? Wanting to eat suggests you were an interesting kid!",
            "timestamp": "2022-08-09T13:41:30.507000"
        },
        {
            "utterance_id": 14,
            "interlocutor_id": "AC",
            "text": "Huh? I thought everyone felt that way!",
            "timestamp": "2022-08-09T13:41:49.707000"
        },
        {
            "utterance_id": 15,
            "interlocutor_id": "AK",
            "text": "So you weren't interested in making them? Like squeezing the whipped cream?",
            "timestamp": "2022-08-09T13:42:06.742000"
        },
        {
            "utterance_id": 16,
            "interlocutor_id": "AC",
            "text": "That's true! I often made Christmas cakes because I wanted to do that!",
            "timestamp": "2022-08-09T13:42:43.096000"
        },
        {
            "utterance_id": 17,
            "interlocutor_id": "AK",
            "text": "It’s the last fun part, right? It makes you nervous because failure isn't allowed.",
            "timestamp": "2022-08-09T13:43:07.583000"
        },
        {
            "utterance_id": 18,
            "interlocutor_id": "AC",
            "text": "It really does! Do you still make cakes?",
            "timestamp": "2022-08-09T13:43:29.457000"
        },
        {
            "utterance_id": 19,
            "interlocutor_id": "AK",
            "text": "I make them occasionally! Like chocolate cakes!",
            "timestamp": "2022-08-09T13:43:41.309000"
        },
        {
            "utterance_id": 20,
            "interlocutor_id": "AC",
            "text": "That sounds elaborate! For chocolate cakes, do you include cocoa?",
            "timestamp": "2022-08-09T13:43:54.604000"
        },
        {
            "utterance_id": 21,
            "interlocutor_id": "AK",
            "text": "Yes, that's right. The chocolate is the final coating.",
            "timestamp": "2022-08-09T13:44:17.681000"
        },
        {
            "utterance_id": 22,
            "interlocutor_id": "AC",
            "text": "Wow, that’s professional! Did you perhaps fulfill your dream of being a pastry chef?",
            "timestamp": "2022-08-09T13:44:33.540000"
        },
        {
            "utterance_id": 23,
            "interlocutor_id": "AK",
            "text": "No, not at all. I started making them just occasionally for fun after growing up.",
            "timestamp": "2022-08-09T13:44:52.727000"
        },
        {
            "utterance_id": 24,
            "interlocutor_id": "AC",
            "text": "That's the best way, rather than making it a job!",
            "timestamp": "2022-08-09T13:45:06.818000"
        },
        {
            "utterance_id": 25,
            "interlocutor_id": "AK",
            "text": "Do you make any?",
            "timestamp": "2022-08-09T13:45:15.664000"
        },
        {
            "utterance_id": 26,
            "interlocutor_id": "AC",
            "text": "I don't at all. I was clumsy to begin with, so I wasn't suited to be a pastry chef!",
            "timestamp": "2022-08-09T13:45:38.659000"
        },
        {
            "utterance_id": 27,
            "interlocutor_id": "AK",
            "text": "Oh, so you're still only an eater now!",
            "timestamp": "2022-08-09T13:45:50.595000"
        },
        {
            "utterance_id": 28,
            "interlocutor_id": "AC",
            "text": "You caught me! That's exactly right!",
            "timestamp": "2022-08-09T13:46:08.060000"
        },
        {
            "utterance_id": 29,
            "interlocutor_id": "AK",
            "text": "It's delicious, after all. I think that's good!",
            "timestamp": "2022-08-09T13:46:21.057000"
        }
    ],
    "evaluations": [
        {
            "interlocutor_id": "AC",
            "informativeness": 5,
            "comprehension": 5,
            "familiarity": 5,
            "interest": 4,
            "proactiveness": 3,
            "satisfaction": 5
        },
        {
            "interlocutor_id": "AK",
            "informativeness": 4,
            "comprehension": 4,
            "familiarity": 5,
            "interest": 4,
            "proactiveness": 4,
            "satisfaction": 4
        }
    ]
}