{
    "dialogue_id": 83,
    "interlocutors": [
        "AC",
        "AK"
    ],
    "utterances": [
        {
            "utterance_id": 0,
            "interlocutor_id": "AC",
            "text": "Hello! Nice to meet you!",
            "timestamp": "2022-08-09T14:31:45.102000"
        },
        {
            "utterance_id": 1,
            "interlocutor_id": "AK",
            "text": "Thank you for your kindness.",
            "timestamp": "2022-08-09T14:31:49.980000"
        },
        {
            "utterance_id": 2,
            "interlocutor_id": "AC",
            "text": "Do you have anything you've been working hard on recently?",
            "timestamp": "2022-08-09T14:32:02.424000"
        },
        {
            "utterance_id": 3,
            "interlocutor_id": "AK",
            "text": "I've been working hard on my home garden!",
            "timestamp": "2022-08-09T14:32:12.761000"
        },
        {
            "utterance_id": 4,
            "interlocutor_id": "AC",
            "text": "Wow, what are you growing?",
            "timestamp": "2022-08-09T14:32:22.664000"
        },
        {
            "utterance_id": 5,
            "interlocutor_id": "AK",
            "text": "This year, I tried planting zucchini!",
            "timestamp": "2022-08-09T14:32:37.058000"
        },
        {
            "utterance_id": 6,
            "interlocutor_id": "AC",
            "text": "Oh, that sounds summery! How's it growing?",
            "timestamp": "2022-08-09T14:32:52.153000"
        },
        {
            "utterance_id": 7,
            "interlocutor_id": "AK",
            "text": "It's turned into quite a situation.",
            "timestamp": "2022-08-09T14:33:02.538000"
        },
        {
            "utterance_id": 8,
            "interlocutor_id": "AC",
            "text": "What! A difficult situation?",
            "timestamp": "2022-08-09T14:33:09.994000"
        },
        {
            "utterance_id": 9,
            "interlocutor_id": "AK",
            "text": "I couldn't harvest it because of the continuous rain, and it grew gigantic.",
            "timestamp": "2022-08-09T14:33:24.110000"
        },
        {
            "utterance_id": 10,
            "interlocutor_id": "AC",
            "text": "Oh! How big did the zucchini get?",
            "timestamp": "2022-08-09T14:33:44.107000"
        },
        {
            "utterance_id": 11,
            "interlocutor_id": "AK",
            "text": "About three times the normal size. It was nearly 40 centimeters long.",
            "timestamp": "2022-08-09T14:34:13.285000"
        },
        {
            "utterance_id": 12,
            "interlocutor_id": "AC",
            "text": "Wow! 40 centimeters, that’s way too filling.",
            "timestamp": "2022-08-09T14:34:26.061000"
        },
        {
            "utterance_id": 13,
            "interlocutor_id": "AK",
            "text": "I wonder if it's still edible. I'm scared to cut it.",
            "timestamp": "2022-08-09T14:34:36.471000"
        },
        {
            "utterance_id": 14,
            "interlocutor_id": "AC",
            "text": "I wonder what it's like inside? There must be seeds too, right?",
            "timestamp": "2022-08-09T14:34:54.283000"
        },
        {
            "utterance_id": 15,
            "interlocutor_id": "AK",
            "text": "The seeds probably grew gigantic too.",
            "timestamp": "2022-08-09T14:35:03.793000"
        },
        {
            "utterance_id": 16,
            "interlocutor_id": "AC",
            "text": "That’s true. What will you do with it? Have you harvested it yet?",
            "timestamp": "2022-08-09T14:35:25.084000"
        },
        {
            "utterance_id": 17,
            "interlocutor_id": "AK",
            "text": "I harvested it this morning! It was quite the effort.",
            "timestamp": "2022-08-09T14:35:44.678000"
        },
        {
            "utterance_id": 18,
            "interlocutor_id": "AC",
            "text": "If it was 40 centimeters long, it must be heavy, right?",
            "timestamp": "2022-08-09T14:35:56.628000"
        },
        {
            "utterance_id": 19,
            "interlocutor_id": "AK",
            "text": "It was heavy enough to seem like a weight training workout.",
            "timestamp": "2022-08-09T14:36:06.925000"
        },
        {
            "utterance_id": 20,
            "interlocutor_id": "AC",
            "text": "Imagining a zucchini dumbbell is cute.",
            "timestamp": "2022-08-09T14:36:21.732000"
        },
        {
            "utterance_id": 21,
            "interlocutor_id": "AK",
            "text": "I tried doing that a bit. I recommend it.",
            "timestamp": "2022-08-09T14:36:36.288000"
        },
        {
            "utterance_id": 22,
            "interlocutor_id": "AC",
            "text": "You actually did it! That's hilarious!",
            "timestamp": "2022-08-09T14:36:51.832000"
        },
        {
            "utterance_id": 23,
            "interlocutor_id": "AK",
            "text": "It's laughable. For now, I sent my grandma a help text.",
            "timestamp": "2022-08-09T14:37:14.826000"
        },
        {
            "utterance_id": 24,
            "interlocutor_id": "AC",
            "text": "Oh! I wonder what kind of wisdom your grandma will reply with?",
            "timestamp": "2022-08-09T14:37:34.106000"
        },
        {
            "utterance_id": 25,
            "interlocutor_id": "AK",
            "text": "Who knows. Since it's my grandma, she hasn't noticed it and it's still unread.",
            "timestamp": "2022-08-09T14:37:56.058000"
        },
        {
            "utterance_id": 26,
            "interlocutor_id": "AC",
            "text": "Grandma! Please notice it before preparing tonight's dinner!",
            "timestamp": "2022-08-09T14:38:12.639000"
        },
        {
            "utterance_id": 27,
            "interlocutor_id": "AK",
            "text": "Or maybe I should go deliver it today. I wonder if she would be happy.",
            "timestamp": "2022-08-09T14:38:27.862000"
        },
        {
            "utterance_id": 28,
            "interlocutor_id": "AC",
            "text": "She might be surprised! Please have your grandma try lifting the dumbbell too.",
            "timestamp": "2022-08-09T14:38:51.947000"
        },
        {
            "utterance_id": 29,
            "interlocutor_id": "AK",
            "text": "Haha, I’ll make her try it! Well then!",
            "timestamp": "2022-08-09T14:39:05.220000"
        }
    ],
    "evaluations": [
        {
            "interlocutor_id": "AC",
            "informativeness": 5,
            "comprehension": 5,
            "familiarity": 5,
            "interest": 5,
            "proactiveness": 5,
            "satisfaction": 5
        },
        {
            "interlocutor_id": "AK",
            "informativeness": 5,
            "comprehension": 4,
            "familiarity": 5,
            "interest": 5,
            "proactiveness": 5,
            "satisfaction": 5
        }
    ]
}