{
    "dialogue_id": 81,
    "interlocutors": [
        "AC",
        "AK"
    ],
    "utterances": [
        {
            "utterance_id": 0,
            "interlocutor_id": "AC",
            "text": "Hello!",
            "timestamp": "2022-08-09T14:12:29.916000"
        },
        {
            "utterance_id": 1,
            "interlocutor_id": "AK",
            "text": "Hello!",
            "timestamp": "2022-08-09T14:12:34.727000"
        },
        {
            "utterance_id": 2,
            "interlocutor_id": "AC",
            "text": "May I ask you something? Are you married?",
            "timestamp": "2022-08-09T14:12:50.119000"
        },
        {
            "utterance_id": 3,
            "interlocutor_id": "AK",
            "text": "Yes! I've been married for about 7 years!",
            "timestamp": "2022-08-09T14:13:02.574000"
        },
        {
            "utterance_id": 4,
            "interlocutor_id": "AC",
            "text": "Oh, that's quite a while ago!",
            "timestamp": "2022-08-09T14:13:16.415000"
        },
        {
            "utterance_id": 5,
            "interlocutor_id": "AK",
            "text": "Time flies, doesn't it?",
            "timestamp": "2022-08-09T14:13:29.474000"
        },
        {
            "utterance_id": 6,
            "interlocutor_id": "AC",
            "text": "It sure does. How about you? Do you still fight?",
            "timestamp": "2022-08-09T14:13:47.075000"
        },
        {
            "utterance_id": 7,
            "interlocutor_id": "AK",
            "text": "Even if we do fight, I always hold back because I lose.",
            "timestamp": "2022-08-09T14:14:02.360000"
        },
        {
            "utterance_id": 8,
            "interlocutor_id": "AC",
            "text": "Wow, you're so patient! That's impressive!",
            "timestamp": "2022-08-09T14:14:27.485000"
        },
        {
            "utterance_id": 9,
            "interlocutor_id": "AK",
            "text": "According to my husband's family, I'm apparently kind.",
            "timestamp": "2022-08-09T14:14:45.277000"
        },
        {
            "utterance_id": 10,
            "interlocutor_id": "AC",
            "text": "That's wonderful! What, are you boasting now?!",
            "timestamp": "2022-08-09T14:15:02.148000"
        },
        {
            "utterance_id": 11,
            "interlocutor_id": "AK",
            "text": "I'm not boasting! I always complain to my husband's family.",
            "timestamp": "2022-08-09T14:15:18.629000"
        },
        {
            "utterance_id": 12,
            "interlocutor_id": "AC",
            "text": "What! Not your own family, but your husband's family!",
            "timestamp": "2022-08-09T14:15:30.849000"
        },
        {
            "utterance_id": 13,
            "interlocutor_id": "AK",
            "text": "They understand my feelings. He's a cold man.",
            "timestamp": "2022-08-09T14:15:46.115000"
        },
        {
            "utterance_id": 14,
            "interlocutor_id": "AC",
            "text": "Really! But your husband's family isn't cold, right?",
            "timestamp": "2022-08-09T14:16:12.826000"
        },
        {
            "utterance_id": 15,
            "interlocutor_id": "AK",
            "text": "No. They’re like me, feeling victimized by my husband, so we treat each other kindly.",
            "timestamp": "2022-08-09T14:16:53.476000"
        },
        {
            "utterance_id": 16,
            "interlocutor_id": "AC",
            "text": "Victimized, huh! Men are often not good with words, so they might just seem cold.",
            "timestamp": "2022-08-09T14:17:19.459000"
        },
        {
            "utterance_id": 17,
            "interlocutor_id": "AK",
            "text": "For some reason, they are kind to others but strict with family. When I ask questions, they tell me to figure it out myself.",
            "timestamp": "2022-08-09T14:17:49.651000"
        },
        {
            "utterance_id": 18,
            "interlocutor_id": "AC",
            "text": "How strict! Your husband seems like he’s the capable type!",
            "timestamp": "2022-08-09T14:18:10.601000"
        },
        {
            "utterance_id": 19,
            "interlocutor_id": "AK",
            "text": "I wonder. It seems he gets annoyed with people who don't use their brains.",
            "timestamp": "2022-08-09T14:18:35.556000"
        },
        {
            "utterance_id": 20,
            "interlocutor_id": "AC",
            "text": "It's fine for work, but home isn’t an office!",
            "timestamp": "2022-08-09T14:19:01.360000"
        },
        {
            "utterance_id": 21,
            "interlocutor_id": "AK",
            "text": "That's so true. Are you married?",
            "timestamp": "2022-08-09T14:19:14.230000"
        },
        {
            "utterance_id": 22,
            "interlocutor_id": "AC",
            "text": "I am too!",
            "timestamp": "2022-08-09T14:19:27.470000"
        },
        {
            "utterance_id": 23,
            "interlocutor_id": "AK",
            "text": "Oh! Do you fight?",
            "timestamp": "2022-08-09T14:19:38.753000"
        },
        {
            "utterance_id": 24,
            "interlocutor_id": "AC",
            "text": "Not at all recently. We used to fight fiercely, though.",
            "timestamp": "2022-08-09T14:19:58.232000"
        },
        {
            "utterance_id": 25,
            "interlocutor_id": "AK",
            "text": "Fiercely, huh!",
            "timestamp": "2022-08-09T14:20:08.635000"
        },
        {
            "utterance_id": 26,
            "interlocutor_id": "AC",
            "text": "It was mostly verbal fights, though. Back then, I was younger too.",
            "timestamp": "2022-08-09T14:20:28.556000"
        },
        {
            "utterance_id": 27,
            "interlocutor_id": "AK",
            "text": "It seems like you both have grown.",
            "timestamp": "2022-08-09T14:20:41.079000"
        },
        {
            "utterance_id": 28,
            "interlocutor_id": "AC",
            "text": "Yes, I've climbed about 100 steps of resignation.",
            "timestamp": "2022-08-09T14:20:59.968000"
        },
        {
            "utterance_id": 29,
            "interlocutor_id": "AK",
            "text": "Wow. I want to hurry up and climb too!",
            "timestamp": "2022-08-09T14:21:13.244000"
        }
    ],
    "evaluations": [
        {
            "interlocutor_id": "AC",
            "informativeness": 5,
            "comprehension": 5,
            "familiarity": 5,
            "interest": 5,
            "proactiveness": 5,
            "satisfaction": 5
        },
        {
            "interlocutor_id": "AK",
            "informativeness": 5,
            "comprehension": 4,
            "familiarity": 4,
            "interest": 5,
            "proactiveness": 5,
            "satisfaction": 5
        }
    ]
}