{
    "dialogue_id": 89,
    "interlocutors": [
        "AG",
        "AA"
    ],
    "utterances": [
        {
            "utterance_id": 0,
            "interlocutor_id": "AG",
            "text": "Hello!",
            "timestamp": "2022-08-09T18:32:09.227000"
        },
        {
            "utterance_id": 1,
            "interlocutor_id": "AA",
            "text": "Thank you very much!",
            "timestamp": "2022-08-09T18:32:10.441000"
        },
        {
            "utterance_id": 2,
            "interlocutor_id": "AG",
            "text": "The other day, I had a weird dream, but do you often see dreams?",
            "timestamp": "2022-08-09T18:32:33.045000"
        },
        {
            "utterance_id": 3,
            "interlocutor_id": "AA",
            "text": "A dream? I don't see them very often. What kind of dream?",
            "timestamp": "2022-08-09T18:32:46.013000"
        },
        {
            "utterance_id": 4,
            "interlocutor_id": "AG",
            "text": "It was a dream where I was watching the night sky from the ground, fighting a UFO-like spaceship.",
            "timestamp": "2022-08-09T18:33:28.046000"
        },
        {
            "utterance_id": 5,
            "interlocutor_id": "AA",
            "text": "Wow, that's mysterious!",
            "timestamp": "2022-08-09T18:33:34.726000"
        },
        {
            "utterance_id": 6,
            "interlocutor_id": "AG",
            "text": "When I shoot at the UFO-like thing, it bursts like fireworks, sparkling and scattering in the sky, just like in old shooting games.",
            "timestamp": "2022-08-09T18:34:10.986000"
        },
        {
            "utterance_id": 7,
            "interlocutor_id": "AA",
            "text": "That sounds amazing! Have you tried dream interpretation?",
            "timestamp": "2022-08-09T18:34:25.836000"
        },
        {
            "utterance_id": 8,
            "interlocutor_id": "AG",
            "text": "I haven't, but the battle was happening together with fireworks, and the night sky looked really beautiful.",
            "timestamp": "2022-08-09T18:35:05.526000"
        },
        {
            "utterance_id": 9,
            "interlocutor_id": "AA",
            "text": "That's incredibly romantic! It seems like something good will happen.",
            "timestamp": "2022-08-09T18:35:28.130000"
        },
        {
            "utterance_id": 10,
            "interlocutor_id": "AG",
            "text": "I hope something good will happen! Since it's a dream about a battle, I'm thinking I hope it doesn't turn out bad.",
            "timestamp": "2022-08-09T18:35:58.536000"
        },
        {
            "utterance_id": 11,
            "interlocutor_id": "AA",
            "text": "I was thinking that the battle would mean victory. In reality, losing can happen, but since that dream was so beautiful, it's definitely a good omen!",
            "timestamp": "2022-08-09T18:36:40.554000"
        },
        {
            "utterance_id": 12,
            "interlocutor_id": "AG",
            "text": "Hearing your opinion makes me feel happy! I really hope that's true.",
            "timestamp": "2022-08-09T18:37:12.480000"
        },
        {
            "utterance_id": 13,
            "interlocutor_id": "AA",
            "text": "Maybe something will happen tomorrow, or possibly even today, I'm looking forward to it.",
            "timestamp": "2022-08-09T18:37:29.749000"
        },
        {
            "utterance_id": 14,
            "interlocutor_id": "AG",
            "text": "That's fast! It could be something like seeing fireworks from home or spotting a UFO.",
            "timestamp": "2022-08-09T18:38:05.508000"
        },
        {
            "utterance_id": 15,
            "interlocutor_id": "AA",
            "text": "If that happens, please let me know! I'm looking forward to it!",
            "timestamp": "2022-08-09T18:38:21.284000"
        },
        {
            "utterance_id": 16,
            "interlocutor_id": "AG",
            "text": "Sure! If that happens, I'll let you know.",
            "timestamp": "2022-08-09T18:38:43.035000"
        },
        {
            "utterance_id": 17,
            "interlocutor_id": "AA",
            "text": "I'll be waiting! I'm happy too.",
            "timestamp": "2022-08-09T18:38:52.066000"
        },
        {
            "utterance_id": 18,
            "interlocutor_id": "AG",
            "text": "Speaking of which, have you ever had a nightmare?",
            "timestamp": "2022-08-09T18:39:14.031000"
        },
        {
            "utterance_id": 19,
            "interlocutor_id": "AA",
            "text": "A nightmare? I occasionally dream about my old embarrassing moments.",
            "timestamp": "2022-08-09T18:39:39.866000"
        },
        {
            "utterance_id": 20,
            "interlocutor_id": "AG",
            "text": "That's definitely a nightmare! Those embarrassing moments are terrifying!!",
            "timestamp": "2022-08-09T18:39:55.391000"
        },
        {
            "utterance_id": 21,
            "interlocutor_id": "AA",
            "text": "It's terrifying! I'm really frustrated about only remembering such unpleasant things.",
            "timestamp": "2022-08-09T18:40:11.618000"
        },
        {
            "utterance_id": 22,
            "interlocutor_id": "AG",
            "text": "Is that so? Do you have scary dreams?",
            "timestamp": "2022-08-09T18:40:40.639000"
        },
        {
            "utterance_id": 23,
            "interlocutor_id": "AA",
            "text": "I think I definitely have scary dreams, but I can't recall any right now!",
            "timestamp": "2022-08-09T18:41:00.585000"
        },
        {
            "utterance_id": 24,
            "interlocutor_id": "AG",
            "text": "It's better to forget them! The other day, my mother screamed in the middle of the night.",
            "timestamp": "2022-08-09T18:41:19.790000"
        },
        {
            "utterance_id": 25,
            "interlocutor_id": "AA",
            "text": "Oh my!",
            "timestamp": "2022-08-09T18:41:25.260000"
        },
        {
            "utterance_id": 26,
            "interlocutor_id": "AG",
            "text": "Apparently, she had a scary dream and screamed, \"Yikes!\" But she doesn't remember the content.",
            "timestamp": "2022-08-09T18:41:52.051000"
        },
        {
            "utterance_id": 27,
            "interlocutor_id": "AA",
            "text": "I'm glad she remembered the fear but didn't recall the details, really.",
            "timestamp": "2022-08-09T18:42:09.337000"
        },
        {
            "utterance_id": 28,
            "interlocutor_id": "AG",
            "text": "That's right. That way, it won't turn into trauma later on. I think it's better that way.",
            "timestamp": "2022-08-09T18:42:35.199000"
        },
        {
            "utterance_id": 29,
            "interlocutor_id": "AA",
            "text": "That's true. I hope your mother has sweet dreams.",
            "timestamp": "2022-08-09T18:42:51.655000"
        }
    ],
    "evaluations": [
        {
            "interlocutor_id": "AG",
            "informativeness": 5,
            "comprehension": 4,
            "familiarity": 5,
            "interest": 4,
            "proactiveness": 5,
            "satisfaction": 4
        },
        {
            "interlocutor_id": "AA",
            "informativeness": 5,
            "comprehension": 5,
            "familiarity": 5,
            "interest": 5,
            "proactiveness": 5,
            "satisfaction": 5
        }
    ]
}