{
    "dialogue_id": 93,
    "interlocutors": [
        "AG",
        "AA"
    ],
    "utterances": [
        {
            "utterance_id": 0,
            "interlocutor_id": "AG",
            "text": "Good evening! Nice to meet you.",
            "timestamp": "2022-08-09T19:14:14.948000"
        },
        {
            "utterance_id": 1,
            "interlocutor_id": "AA",
            "text": "Nice to meet you too!",
            "timestamp": "2022-08-09T19:14:18.070000"
        },
        {
            "utterance_id": 2,
            "interlocutor_id": "AG",
            "text": "Suddenly, do you have any mysterious experiences?",
            "timestamp": "2022-08-09T19:14:38.148000"
        },
        {
            "utterance_id": 3,
            "interlocutor_id": "AA",
            "text": "Mysterious experiences? Oh, I have one!",
            "timestamp": "2022-08-09T19:14:51.899000"
        },
        {
            "utterance_id": 4,
            "interlocutor_id": "AG",
            "text": "Oh! Awesome! I want to hear about it!",
            "timestamp": "2022-08-09T19:15:09.896000"
        },
        {
            "utterance_id": 5,
            "interlocutor_id": "AA",
            "text": "I visited a certain shrine, and while I was clasping my hands in prayer, I heard a bicycle sound coming from the right side. But when I opened my eyes, there was nothing there. You’re not supposed to ride bicycles in the shrine grounds anyway.",
            "timestamp": "2022-08-09T19:16:02.151000"
        },
        {
            "utterance_id": 6,
            "interlocutor_id": "AG",
            "text": "What!? A bicycle!? What could that sound be...",
            "timestamp": "2022-08-09T19:16:22.029000"
        },
        {
            "utterance_id": 7,
            "interlocutor_id": "AA",
            "text": "That's right, but there was really nothing there.",
            "timestamp": "2022-08-09T19:16:31.588000"
        },
        {
            "utterance_id": 8,
            "interlocutor_id": "AG",
            "text": "Was it during the day?",
            "timestamp": "2022-08-09T19:16:45.538000"
        },
        {
            "utterance_id": 9,
            "interlocutor_id": "AA",
            "text": "It was during the day!",
            "timestamp": "2022-08-09T19:16:49.963000"
        },
        {
            "utterance_id": 10,
            "interlocutor_id": "AG",
            "text": "So it doesn't seem to be something invisible in the dark. It's something invisible even though it's bright!",
            "timestamp": "2022-08-09T19:17:16.169000"
        },
        {
            "utterance_id": 11,
            "interlocutor_id": "AA",
            "text": "I think so. I really wonder what it was.",
            "timestamp": "2022-08-09T19:17:29.535000"
        },
        {
            "utterance_id": 12,
            "interlocutor_id": "AG",
            "text": "I've heard stories about foxes or tengu making sounds by rustling the grass in the wind, was there any grass or trees?",
            "timestamp": "2022-08-09T19:18:06.336000"
        },
        {
            "utterance_id": 13,
            "interlocutor_id": "AA",
            "text": "There were. It was at Munakata Shrine in Fukuoka Prefecture.",
            "timestamp": "2022-08-09T19:18:40.598000"
        },
        {
            "utterance_id": 14,
            "interlocutor_id": "AG",
            "text": "Then it might have been something mystical that crossed by. Thank you for sharing your wonderful experience!",
            "timestamp": "2022-08-09T19:19:09.642000"
        },
        {
            "utterance_id": 15,
            "interlocutor_id": "AA",
            "text": "No problem! Conversely, do you have any experiences?",
            "timestamp": "2022-08-09T19:19:18.120000"
        },
        {
            "utterance_id": 16,
            "interlocutor_id": "AG",
            "text": "I had one recently. At night.",
            "timestamp": "2022-08-09T19:19:33.537000"
        },
        {
            "utterance_id": 17,
            "interlocutor_id": "AA",
            "text": "I want to hear about it!!",
            "timestamp": "2022-08-09T19:19:40.430000"
        },
        {
            "utterance_id": 18,
            "interlocutor_id": "AG",
            "text": "At the witching hour, for some reason, the sound of the Buddhist altar bell kept ringing continuously.",
            "timestamp": "2022-08-09T19:20:07.834000"
        },
        {
            "utterance_id": 19,
            "interlocutor_id": "AA",
            "text": "What!!",
            "timestamp": "2022-08-09T19:20:19.717000"
        },
        {
            "utterance_id": 20,
            "interlocutor_id": "AG",
            "text": "It was from outside, but it was different from the wind chime, and it was hard to understand the meaning of it ringing continuously. It's a mystery.",
            "timestamp": "2022-08-09T19:20:37.121000"
        },
        {
            "utterance_id": 21,
            "interlocutor_id": "AA",
            "text": "Continuously? Does that mean it definitely wasn't an echo?",
            "timestamp": "2022-08-09T19:20:56.537000"
        },
        {
            "utterance_id": 22,
            "interlocutor_id": "AG",
            "text": "Is that so? By the way, at the same time the next day, there was the smell of incense.",
            "timestamp": "2022-08-09T19:21:20.033000"
        },
        {
            "utterance_id": 23,
            "interlocutor_id": "AA",
            "text": "That sounds like a greeting from the other side! That's so cute!",
            "timestamp": "2022-08-09T19:21:46.593000"
        },
        {
            "utterance_id": 24,
            "interlocutor_id": "AG",
            "text": "It is a bit premature for Obon though! If it is a greeting, I’d be happy.",
            "timestamp": "2022-08-09T19:22:14.756000"
        },
        {
            "utterance_id": 25,
            "interlocutor_id": "AA",
            "text": "Those who have passed away must like to be at home.",
            "timestamp": "2022-08-09T19:22:28.355000"
        },
        {
            "utterance_id": 26,
            "interlocutor_id": "AG",
            "text": "Yes, if it's perceived as comfortable, then that's good.",
            "timestamp": "2022-08-09T19:22:57.665000"
        },
        {
            "utterance_id": 27,
            "interlocutor_id": "AA",
            "text": "Do you offer something that the deceased person liked during Obon?",
            "timestamp": "2022-08-09T19:23:20.662000"
        },
        {
            "utterance_id": 28,
            "interlocutor_id": "AG",
            "text": "I hadn’t thought about it much, but for now, I might burn my favorite incense?",
            "timestamp": "2022-08-09T19:23:50.983000"
        },
        {
            "utterance_id": 29,
            "interlocutor_id": "AA",
            "text": "Sounds good! I also often burn incense.",
            "timestamp": "2022-08-09T19:24:08.772000"
        }
    ],
    "evaluations": [
        {
            "interlocutor_id": "AG",
            "informativeness": 4,
            "comprehension": 5,
            "familiarity": 5,
            "interest": 5,
            "proactiveness": 5,
            "satisfaction": 5
        },
        {
            "interlocutor_id": "AA",
            "informativeness": 5,
            "comprehension": 5,
            "familiarity": 5,
            "interest": 5,
            "proactiveness": 5,
            "satisfaction": 5
        }
    ]
}