{
    "dialogue_id": 92,
    "interlocutors": [
        "AA",
        "AG"
    ],
    "utterances": [
        {
            "utterance_id": 0,
            "interlocutor_id": "AA",
            "text": "Good evening!",
            "timestamp": "2022-08-09T19:04:22.728000"
        },
        {
            "utterance_id": 1,
            "interlocutor_id": "AG",
            "text": "Good evening!",
            "timestamp": "2022-08-09T19:04:32.714000"
        },
        {
            "utterance_id": 2,
            "interlocutor_id": "AA",
            "text": "What are you doing tomorrow?",
            "timestamp": "2022-08-09T19:04:32.835000"
        },
        {
            "utterance_id": 3,
            "interlocutor_id": "AG",
            "text": "Tomorrow, I don't have any specific plans. Do you have anything scheduled?",
            "timestamp": "2022-08-09T19:04:53.955000"
        },
        {
            "utterance_id": 4,
            "interlocutor_id": "AA",
            "text": "I have work tomorrow. But I'm working from home, so I'm thinking about what to eat for lunch.",
            "timestamp": "2022-08-09T19:05:21.672000"
        },
        {
            "utterance_id": 5,
            "interlocutor_id": "AG",
            "text": "I see. Do you usually order takeout for lunch?",
            "timestamp": "2022-08-09T19:05:52.688000"
        },
        {
            "utterance_id": 6,
            "interlocutor_id": "AA",
            "text": "I've never ordered takeout! I always feel like I want to go get it myself!",
            "timestamp": "2022-08-09T19:06:10.454000"
        },
        {
            "utterance_id": 7,
            "interlocutor_id": "AG",
            "text": "Me too! But lately, there's been a takeout boom, so I'm a little curious about it.",
            "timestamp": "2022-08-09T19:06:39.178000"
        },
        {
            "utterance_id": 8,
            "interlocutor_id": "AA",
            "text": "That's true. But, of course, takeout fees are involved. It's a bit of a pity...",
            "timestamp": "2022-08-09T19:07:02.510000"
        },
        {
            "utterance_id": 9,
            "interlocutor_id": "AG",
            "text": "I get it! That! I think about how with that takeout fee, I could have eaten something else delicious.",
            "timestamp": "2022-08-09T19:07:30.496000"
        },
        {
            "utterance_id": 10,
            "interlocutor_id": "AA",
            "text": "I understand! In that case, I would rather go get it! Plus, I can buy ice cream on the way back!",
            "timestamp": "2022-08-09T19:07:50.685000"
        },
        {
            "utterance_id": 11,
            "interlocutor_id": "AG",
            "text": "Ice cream on the way back! That's nice. Do you like ice cream?",
            "timestamp": "2022-08-09T19:08:06.984000"
        },
        {
            "utterance_id": 12,
            "interlocutor_id": "AA",
            "text": "I love ice cream! I always have some on hand.",
            "timestamp": "2022-08-09T19:08:21.138000"
        },
        {
            "utterance_id": 13,
            "interlocutor_id": "AG",
            "text": "You keep it on hand? You really do love it! Do you have any recommendations?",
            "timestamp": "2022-08-09T19:08:46.250000"
        },
        {
            "utterance_id": 14,
            "interlocutor_id": "AA",
            "text": "My recommendation is Häagen-Dazs. It's expensive, but it's delicious...",
            "timestamp": "2022-08-09T19:09:04.331000"
        },
        {
            "utterance_id": 15,
            "interlocutor_id": "AG",
            "text": "It's really good! The sweetness is on a different level compared to cheap vanilla ice cream!",
            "timestamp": "2022-08-09T19:09:28.639000"
        },
        {
            "utterance_id": 16,
            "interlocutor_id": "AA",
            "text": "That's right. The quality is different! But I also love the ones that are like 198 yen for six.",
            "timestamp": "2022-08-09T19:09:47.983000"
        },
        {
            "utterance_id": 17,
            "interlocutor_id": "AG",
            "text": "Oh! There are tasty ones among the cheap ones!",
            "timestamp": "2022-08-09T19:10:08.859000"
        },
        {
            "utterance_id": 18,
            "interlocutor_id": "AA",
            "text": "That's true, but in that case, it's more about refreshing myself than savoring the taste.",
            "timestamp": "2022-08-09T19:10:27.648000"
        },
        {
            "utterance_id": 19,
            "interlocutor_id": "AG",
            "text": "Definitely. Just eating one can quickly lower your body heat!",
            "timestamp": "2022-08-09T19:10:53.927000"
        },
        {
            "utterance_id": 20,
            "interlocutor_id": "AA",
            "text": "That's right! Do you eat ice cream or cold things?",
            "timestamp": "2022-08-09T19:11:06.921000"
        },
        {
            "utterance_id": 21,
            "interlocutor_id": "AG",
            "text": "I do! When it's hot, I definitely crave ice cream.",
            "timestamp": "2022-08-09T19:11:27.708000"
        },
        {
            "utterance_id": 22,
            "interlocutor_id": "AA",
            "text": "Right? Do you have any favorites?",
            "timestamp": "2022-08-09T19:11:38.209000"
        },
        {
            "utterance_id": 23,
            "interlocutor_id": "AG",
            "text": "My favorite is Choco Bucky. Do you know it?",
            "timestamp": "2022-08-09T19:11:58.855000"
        },
        {
            "utterance_id": 24,
            "interlocutor_id": "AA",
            "text": "I love it! That one from Chateau de Sweets, right?",
            "timestamp": "2022-08-09T19:12:13.736000"
        },
        {
            "utterance_id": 25,
            "interlocutor_id": "AG",
            "text": "Yes, that's right! You're well-informed! It's really delicious, isn't it?",
            "timestamp": "2022-08-09T19:12:33.568000"
        },
        {
            "utterance_id": 26,
            "interlocutor_id": "AA",
            "text": "It is! You can't go wrong with Chateau de Sweets.",
            "timestamp": "2022-08-09T19:12:43.744000"
        },
        {
            "utterance_id": 27,
            "interlocutor_id": "AG",
            "text": "The ones from Chateau de Sweets are inexpensive, yet they have good quality and healthy options, so I often use them.",
            "timestamp": "2022-08-09T19:13:07.385000"
        },
        {
            "utterance_id": 28,
            "interlocutor_id": "AA",
            "text": "That's right. Isn't Choco Bucky about 100 yen or so?",
            "timestamp": "2022-08-09T19:13:27.239000"
        },
        {
            "utterance_id": 29,
            "interlocutor_id": "AG",
            "text": "Yes, indeed! It might be the best in terms of price among the cheap ones.",
            "timestamp": "2022-08-09T19:13:49.154000"
        }
    ],
    "evaluations": [
        {
            "interlocutor_id": "AA",
            "informativeness": 5,
            "comprehension": 5,
            "familiarity": 5,
            "interest": 5,
            "proactiveness": 5,
            "satisfaction": 5
        },
        {
            "interlocutor_id": "AG",
            "informativeness": 5,
            "comprehension": 5,
            "familiarity": 5,
            "interest": 5,
            "proactiveness": 5,
            "satisfaction": 5
        }
    ]
}