{
    "dialogue_id": 97,
    "interlocutors": [
        "AG",
        "AC"
    ],
    "utterances": [
        {
            "utterance_id": 0,
            "interlocutor_id": "AG",
            "text": "Good evening! How are you?",
            "timestamp": "2022-08-07T00:25:02.214000"
        },
        {
            "utterance_id": 1,
            "interlocutor_id": "AC",
            "text": "Yes, I'm good!",
            "timestamp": "2022-08-07T00:25:06.235000"
        },
        {
            "utterance_id": 2,
            "interlocutor_id": "AG",
            "text": "The other day, I went on a trip; have you been anywhere recently?",
            "timestamp": "2022-08-07T00:25:28.124000"
        },
        {
            "utterance_id": 3,
            "interlocutor_id": "AC",
            "text": "Oh, I’m so jealous! I haven’t been anywhere at all!",
            "timestamp": "2022-08-07T00:25:40.426000"
        },
        {
            "utterance_id": 4,
            "interlocutor_id": "AG",
            "text": "I guess it’s because of the pandemic.",
            "timestamp": "2022-08-07T00:25:53.807000"
        },
        {
            "utterance_id": 5,
            "interlocutor_id": "AC",
            "text": "That’s part of it, but I’m kind of a homebody.",
            "timestamp": "2022-08-07T00:26:01.633000"
        },
        {
            "utterance_id": 6,
            "interlocutor_id": "AG",
            "text": "I only go on trips about once a year, if that. I think this is my first trip in three years?",
            "timestamp": "2022-08-07T00:26:29.167000"
        },
        {
            "utterance_id": 7,
            "interlocutor_id": "AC",
            "text": "So, did you fully enjoy it?",
            "timestamp": "2022-08-07T00:26:47.448000"
        },
        {
            "utterance_id": 8,
            "interlocutor_id": "AG",
            "text": "I went on a whirlwind trip. Well, it was a whirlwind visit to my grandparents' and relatives' houses.",
            "timestamp": "2022-08-07T00:27:08.657000"
        },
        {
            "utterance_id": 9,
            "interlocutor_id": "AC",
            "text": "You’re doing a good deed! A whirlwind means it was a day trip?",
            "timestamp": "2022-08-07T00:27:28.560000"
        },
        {
            "utterance_id": 10,
            "interlocutor_id": "AG",
            "text": "No, I had about four days, but there was a lot of travel.",
            "timestamp": "2022-08-07T00:27:48.612000"
        },
        {
            "utterance_id": 11,
            "interlocutor_id": "AC",
            "text": "I see! Are you the type who can go on a trip without making a lot of plans?",
            "timestamp": "2022-08-07T00:28:06.262000"
        },
        {
            "utterance_id": 12,
            "interlocutor_id": "AG",
            "text": "This time it felt like a long-awaited greeting, so I didn't have a plan, but usually, I do plan.",
            "timestamp": "2022-08-07T00:28:39.818000"
        },
        {
            "utterance_id": 13,
            "interlocutor_id": "AC",
            "text": "It makes sense when you visit relatives!",
            "timestamp": "2022-08-07T00:28:58.966000"
        },
        {
            "utterance_id": 14,
            "interlocutor_id": "AG",
            "text": "Yes, it’s pretty spontaneous. I only set a plan for visiting the graves.",
            "timestamp": "2022-08-07T00:29:22.036000"
        },
        {
            "utterance_id": 15,
            "interlocutor_id": "AC",
            "text": "That's impressive! What do you usually refer to when making plans?",
            "timestamp": "2022-08-07T00:29:46.798000"
        },
        {
            "utterance_id": 16,
            "interlocutor_id": "AG",
            "text": "I often rely on information from the internet, like tourist spots. What do you refer to?",
            "timestamp": "2022-08-07T00:30:10.464000"
        },
        {
            "utterance_id": 17,
            "interlocutor_id": "AC",
            "text": "I usually buy magazines like \"Rurubu\"!",
            "timestamp": "2022-08-07T00:30:29.168000"
        },
        {
            "utterance_id": 18,
            "interlocutor_id": "AG",
            "text": "Oh! Magazines are great! Just looking at them is exciting.",
            "timestamp": "2022-08-07T00:30:43.989000"
        },
        {
            "utterance_id": 19,
            "interlocutor_id": "AC",
            "text": "That’s right, exactly! It’s more about enjoying the magazines than actually looking for information.",
            "timestamp": "2022-08-07T00:31:06.967000"
        },
        {
            "utterance_id": 20,
            "interlocutor_id": "AG",
            "text": "I see! So, you buy them even if you're not going?",
            "timestamp": "2022-08-07T00:31:27.646000"
        },
        {
            "utterance_id": 21,
            "interlocutor_id": "AC",
            "text": "Yes. Or rather, I buy them, read them, and imagine my trip.",
            "timestamp": "2022-08-07T00:31:42.330000"
        },
        {
            "utterance_id": 22,
            "interlocutor_id": "AG",
            "text": "Imaginary travel! That would make traveling the world easily accessible!",
            "timestamp": "2022-08-07T00:32:06.269000"
        },
        {
            "utterance_id": 23,
            "interlocutor_id": "AC",
            "text": "Indeed! Until now, I’ve only done that within Japan.",
            "timestamp": "2022-08-07T00:32:27.013000"
        },
        {
            "utterance_id": 24,
            "interlocutor_id": "AG",
            "text": "Is it \"Arukikata\" instead of \"Rurubu\"? That one seems just right.",
            "timestamp": "2022-08-07T00:32:54.940000"
        },
        {
            "utterance_id": 25,
            "interlocutor_id": "AC",
            "text": "Ah, I know that one! I’ll check it out at the bookstore next time!",
            "timestamp": "2022-08-07T00:33:08.118000"
        },
        {
            "utterance_id": 26,
            "interlocutor_id": "AG",
            "text": "They also have it at the library, but it was pretty checked out, by the way.",
            "timestamp": "2022-08-07T00:33:25.060000"
        },
        {
            "utterance_id": 27,
            "interlocutor_id": "AC",
            "text": "Libraries are eco-friendly! And it saves money too!",
            "timestamp": "2022-08-07T00:33:46.348000"
        },
        {
            "utterance_id": 28,
            "interlocutor_id": "AG",
            "text": "That’s true! Plus, feeling a sense of destiny when borrowing a country that's been sitting on the shelf is nice.",
            "timestamp": "2022-08-07T00:34:21.730000"
        },
        {
            "utterance_id": 29,
            "interlocutor_id": "AC",
            "text": "That sounds wonderful! I hope it isn’t a strange country, but I want to go to the library.",
            "timestamp": "2022-08-07T00:34:50.148000"
        },
        {
            "utterance_id": 30,
            "interlocutor_id": "AG",
            "text": "For sure, you should!",
            "timestamp": "2022-08-07T00:35:42.014000"
        }
    ],
    "evaluations": [
        {
            "interlocutor_id": "AG",
            "informativeness": 4,
            "comprehension": 4,
            "familiarity": 5,
            "interest": 4,
            "proactiveness": 3,
            "satisfaction": 4
        },
        {
            "interlocutor_id": "AC",
            "informativeness": 5,
            "comprehension": 5,
            "familiarity": 5,
            "interest": 5,
            "proactiveness": 5,
            "satisfaction": 5
        }
    ]
}