{
    "dialogue_id": 100,
    "interlocutors": [
        "AC",
        "AG"
    ],
    "utterances": [
        {
            "utterance_id": 0,
            "interlocutor_id": "AC",
            "text": "Thank you! Good evening.",
            "timestamp": "2022-08-07T00:58:28.481000"
        },
        {
            "utterance_id": 1,
            "interlocutor_id": "AG",
            "text": "Good evening! Thank you!",
            "timestamp": "2022-08-07T00:58:39.647000"
        },
        {
            "utterance_id": 2,
            "interlocutor_id": "AC",
            "text": "Have you met up with any friends from school recently?",
            "timestamp": "2022-08-07T00:58:57.218000"
        },
        {
            "utterance_id": 3,
            "interlocutor_id": "AG",
            "text": "I haven't met anyone, actually. Speaking of which, the last time I saw them was probably about ten years ago.",
            "timestamp": "2022-08-07T00:59:26.188000"
        },
        {
            "utterance_id": 4,
            "interlocutor_id": "AC",
            "text": "It's been quite a while, hasn't it?",
            "timestamp": "2022-08-07T00:59:36.642000"
        },
        {
            "utterance_id": 5,
            "interlocutor_id": "AG",
            "text": "Yes. We've been in touch, but we haven't actually met. How about you?",
            "timestamp": "2022-08-07T01:00:00.556000"
        },
        {
            "utterance_id": 6,
            "interlocutor_id": "AC",
            "text": "I haven't either at all. I haven't even been in touch.",
            "timestamp": "2022-08-07T01:00:12.371000"
        },
        {
            "utterance_id": 7,
            "interlocutor_id": "AG",
            "text": "Were you someone who had a lot of friends during your school days?",
            "timestamp": "2022-08-07T01:00:28.772000"
        },
        {
            "utterance_id": 8,
            "interlocutor_id": "AC",
            "text": "Not exactly a lot, but I should have had friends from my club activities.",
            "timestamp": "2022-08-07T01:00:46.080000"
        },
        {
            "utterance_id": 9,
            "interlocutor_id": "AG",
            "text": "I understand! That expression \"I should have had\" is nice. I wonder where those people went.",
            "timestamp": "2022-08-07T01:01:24.413000"
        },
        {
            "utterance_id": 10,
            "interlocutor_id": "AC",
            "text": "Right! Once the system of New Year's cards collapsed, we quickly became distant.",
            "timestamp": "2022-08-07T01:01:42.986000"
        },
        {
            "utterance_id": 11,
            "interlocutor_id": "AG",
            "text": "Ah! That’s true! When New Year's cards disappear, it leads to emails, LINE, and then eventually stopping sending anything.",
            "timestamp": "2022-08-07T01:02:14.510000"
        },
        {
            "utterance_id": 12,
            "interlocutor_id": "AC",
            "text": "That’s right. You could say there's nothing left to send.",
            "timestamp": "2022-08-07T01:02:30.315000"
        },
        {
            "utterance_id": 13,
            "interlocutor_id": "AG",
            "text": "Somehow, I think since I can talk anytime on LINE, I end up ignoring it.",
            "timestamp": "2022-08-07T01:02:56.301000"
        },
        {
            "utterance_id": 14,
            "interlocutor_id": "AC",
            "text": "Exactly! Do you worry about being left on read on LINE?",
            "timestamp": "2022-08-07T01:03:11.612000"
        },
        {
            "utterance_id": 15,
            "interlocutor_id": "AG",
            "text": "My younger brother does that to me often, but not so much with friends. How about you?",
            "timestamp": "2022-08-07T01:03:40.502000"
        },
        {
            "utterance_id": 16,
            "interlocutor_id": "AC",
            "text": "I end up sending a stamp after contemplating how to reply, giving off a vibe to end the conversation.",
            "timestamp": "2022-08-07T01:04:05.787000"
        },
        {
            "utterance_id": 17,
            "interlocutor_id": "AG",
            "text": "Haha! Stamps are really convenient for those times, aren't they? I do that often too.",
            "timestamp": "2022-08-07T01:04:30.694000"
        },
        {
            "utterance_id": 18,
            "interlocutor_id": "AC",
            "text": "Really? When it turns into a back-and-forth on LINE, I can't figure out when to end it.",
            "timestamp": "2022-08-07T01:04:56.179000"
        },
        {
            "utterance_id": 19,
            "interlocutor_id": "AG",
            "text": "It's so hard to tell! With New Year's cards or letters, it’s easy because you send them back and forth to signal the end.",
            "timestamp": "2022-08-07T01:05:26.544000"
        },
        {
            "utterance_id": 20,
            "interlocutor_id": "AC",
            "text": "Exactly! There was an ease in that kind of one-way communication!",
            "timestamp": "2022-08-07T01:05:46.692000"
        },
        {
            "utterance_id": 21,
            "interlocutor_id": "AG",
            "text": "There was! Sometimes I would send something just when the other person probably forgot. A pace like that is nice.",
            "timestamp": "2022-08-07T01:06:14.968000"
        },
        {
            "utterance_id": 22,
            "interlocutor_id": "AC",
            "text": "I understand. Plus, it's nice that you don't have to write long messages!",
            "timestamp": "2022-08-07T01:06:36.443000"
        },
        {
            "utterance_id": 23,
            "interlocutor_id": "AG",
            "text": "That's true! The length of messages on LINE can actually be confusing.",
            "timestamp": "2022-08-07T01:07:12.871000"
        },
        {
            "utterance_id": 24,
            "interlocutor_id": "AC",
            "text": "I feel the same. I worry that if it's too curt, I might upset someone.",
            "timestamp": "2022-08-07T01:07:26.982000"
        },
        {
            "utterance_id": 25,
            "interlocutor_id": "AG",
            "text": "That’s right. I've heard young people often exchange messages with just one character.",
            "timestamp": "2022-08-07T01:07:48.546000"
        },
        {
            "utterance_id": 26,
            "interlocutor_id": "AC",
            "text": "Yes, I hear that! Like \"ryo\" for \"understood\"!",
            "timestamp": "2022-08-07T01:08:05.622000"
        },
        {
            "utterance_id": 27,
            "interlocutor_id": "AG",
            "text": "\"Ryo\"! If you press that, it suggests \"understood,\" doesn't it?",
            "timestamp": "2022-08-07T01:08:33.112000"
        },
        {
            "utterance_id": 28,
            "interlocutor_id": "AC",
            "text": "I really think that escaping into stamps is the best strategy!",
            "timestamp": "2022-08-07T01:08:57.456000"
        },
        {
            "utterance_id": 29,
            "interlocutor_id": "AG",
            "text": "Stamps are so convenient. I've reaffirmed that!",
            "timestamp": "2022-08-07T01:09:13.354000"
        }
    ],
    "evaluations": [
        {
            "interlocutor_id": "AC",
            "informativeness": 5,
            "comprehension": 5,
            "familiarity": 5,
            "interest": 5,
            "proactiveness": 3,
            "satisfaction": 5
        },
        {
            "interlocutor_id": "AG",
            "informativeness": 5,
            "comprehension": 5,
            "familiarity": 5,
            "interest": 4,
            "proactiveness": 4,
            "satisfaction": 4
        }
    ]
}