{
    "dialogue_id": 105,
    "interlocutors": [
        "AC",
        "AG"
    ],
    "utterances": [
        {
            "utterance_id": 0,
            "interlocutor_id": "AC",
            "text": "Hello!",
            "timestamp": "2022-08-07T01:56:48.728000"
        },
        {
            "utterance_id": 1,
            "interlocutor_id": "AG",
            "text": "Hello, nice to meet you.",
            "timestamp": "2022-08-07T01:57:08.898000"
        },
        {
            "utterance_id": 2,
            "interlocutor_id": "AC",
            "text": "Do you often drink alcohol?",
            "timestamp": "2022-08-07T01:57:43.040000"
        },
        {
            "utterance_id": 3,
            "interlocutor_id": "AG",
            "text": "I don't drink that much. But I like to taste various drinks!",
            "timestamp": "2022-08-07T01:58:06.674000"
        },
        {
            "utterance_id": 4,
            "interlocutor_id": "AC",
            "text": "I see! So you're not very strong with alcohol?",
            "timestamp": "2022-08-07T01:58:19.470000"
        },
        {
            "utterance_id": 5,
            "interlocutor_id": "AG",
            "text": "I have a constitution that makes me itchy when I drink too much. But I can drink a normal amount.",
            "timestamp": "2022-08-07T01:58:47.142000"
        },
        {
            "utterance_id": 6,
            "interlocutor_id": "AC",
            "text": "It must be tough to get itchy! I wonder if it means your blood circulation is getting too good?",
            "timestamp": "2022-08-07T01:59:01.801000"
        },
        {
            "utterance_id": 7,
            "interlocutor_id": "AG",
            "text": "It seems so. Don't you feel hot when you drink?",
            "timestamp": "2022-08-07T01:59:22.274000"
        },
        {
            "utterance_id": 8,
            "interlocutor_id": "AC",
            "text": "Yes, I do! It feels like all the pores in my body open up at once!",
            "timestamp": "2022-08-07T01:59:36.730000"
        },
        {
            "utterance_id": 9,
            "interlocutor_id": "AG",
            "text": "In the summer, it's already hot, but I have the impression that people who like alcohol drink even more. How about you?",
            "timestamp": "2022-08-07T02:00:14.799000"
        },
        {
            "utterance_id": 10,
            "interlocutor_id": "AC",
            "text": "That's true. I want to drink beer in a place with good air conditioning.",
            "timestamp": "2022-08-07T02:00:33.163000"
        },
        {
            "utterance_id": 11,
            "interlocutor_id": "AG",
            "text": "I thought so! Indeed, summer feels like a beer season.",
            "timestamp": "2022-08-07T02:00:56.948000"
        },
        {
            "utterance_id": 12,
            "interlocutor_id": "AC",
            "text": "Right? Also, I often drink shochu mixed with soda!",
            "timestamp": "2022-08-07T02:01:13.209000"
        },
        {
            "utterance_id": 13,
            "interlocutor_id": "AG",
            "text": "Soda mix! That sounds refreshing. Is the shochu strong?",
            "timestamp": "2022-08-07T02:01:40.177000"
        },
        {
            "utterance_id": 14,
            "interlocutor_id": "AC",
            "text": "The alcohol content is high, but I mix it quite weak with soda.",
            "timestamp": "2022-08-07T02:01:57.590000"
        },
        {
            "utterance_id": 15,
            "interlocutor_id": "AG",
            "text": "I see. Do you drink a lot?",
            "timestamp": "2022-08-07T02:02:16.215000"
        },
        {
            "utterance_id": 16,
            "interlocutor_id": "AC",
            "text": "For some reason, I tend to drink a lot of alcohol. I can't drink the same amount of fluids if I think of them as water.",
            "timestamp": "2022-08-07T02:02:35.767000"
        },
        {
            "utterance_id": 17,
            "interlocutor_id": "AG",
            "text": "That's strange! I sip beer, so I can't drink that much.",
            "timestamp": "2022-08-07T02:03:02.270000"
        },
        {
            "utterance_id": 18,
            "interlocutor_id": "AC",
            "text": "Isn't beer bitter if you sip it?",
            "timestamp": "2022-08-07T02:03:11.451000"
        },
        {
            "utterance_id": 19,
            "interlocutor_id": "AG",
            "text": "It's super bitter. Plus, it gets warm towards the end, and I think I've messed up while drinking it.",
            "timestamp": "2022-08-07T02:03:33.202000"
        },
        {
            "utterance_id": 20,
            "interlocutor_id": "AC",
            "text": "Beer is all about the smoothness! It should be gulped down while it's cold!",
            "timestamp": "2022-08-07T02:03:51.397000"
        },
        {
            "utterance_id": 21,
            "interlocutor_id": "AG",
            "text": "That's definitely true. You have to train to drink that way!",
            "timestamp": "2022-08-07T02:04:14.523000"
        },
        {
            "utterance_id": 22,
            "interlocutor_id": "AC",
            "text": "Well, consuming too much alcohol isn't good; I wouldn't recommend it.",
            "timestamp": "2022-08-07T02:04:31.865000"
        },
        {
            "utterance_id": 23,
            "interlocutor_id": "AG",
            "text": "Well, I'm the type to be satisfied with half a cup, so I'll try to drink that much while it's cold.",
            "timestamp": "2022-08-07T02:05:02.880000"
        },
        {
            "utterance_id": 24,
            "interlocutor_id": "AC",
            "text": "That's good! Do you prefer tea or coffee over alcohol?",
            "timestamp": "2022-08-07T02:05:23.478000"
        },
        {
            "utterance_id": 25,
            "interlocutor_id": "AG",
            "text": "Yes. I like those and drink them often. I have over 20 types in stock at home.",
            "timestamp": "2022-08-07T02:05:51.367000"
        },
        {
            "utterance_id": 26,
            "interlocutor_id": "AC",
            "text": "That's amazing! 20 types is really impressive!",
            "timestamp": "2022-08-07T02:06:02.149000"
        },
        {
            "utterance_id": 27,
            "interlocutor_id": "AG",
            "text": "It really is. Sometimes I think I could open a café.",
            "timestamp": "2022-08-07T02:06:28.398000"
        },
        {
            "utterance_id": 28,
            "interlocutor_id": "AC",
            "text": "You could! Please tell me more about that someday!",
            "timestamp": "2022-08-07T02:06:53.339000"
        },
        {
            "utterance_id": 29,
            "interlocutor_id": "AG",
            "text": "Yes, please let me talk about it again if there's a chance.",
            "timestamp": "2022-08-07T02:07:12.614000"
        }
    ],
    "evaluations": [
        {
            "interlocutor_id": "AC",
            "informativeness": 5,
            "comprehension": 5,
            "familiarity": 5,
            "interest": 5,
            "proactiveness": 5,
            "satisfaction": 5
        },
        {
            "interlocutor_id": "AG",
            "informativeness": 4,
            "comprehension": 5,
            "familiarity": 5,
            "interest": 5,
            "proactiveness": 4,
            "satisfaction": 4
        }
    ]
}