{
    "dialogue_id": 104,
    "interlocutors": [
        "AG",
        "AC"
    ],
    "utterances": [
        {
            "utterance_id": 0,
            "interlocutor_id": "AG",
            "text": "Good evening!",
            "timestamp": "2022-08-07T01:45:22.086000"
        },
        {
            "utterance_id": 1,
            "interlocutor_id": "AC",
            "text": "Hello, good evening!",
            "timestamp": "2022-08-07T01:45:27.510000"
        },
        {
            "utterance_id": 2,
            "interlocutor_id": "AG",
            "text": "This is sudden, but if you could gain one special ability, what kind of ability would you want?",
            "timestamp": "2022-08-07T01:45:56.027000"
        },
        {
            "utterance_id": 3,
            "interlocutor_id": "AC",
            "text": "A special ability, huh! I've never thought about it!",
            "timestamp": "2022-08-07T01:46:09.247000"
        },
        {
            "utterance_id": 4,
            "interlocutor_id": "AG",
            "text": "Something superhuman, like flying or breathing fire.",
            "timestamp": "2022-08-07T01:46:33.888000"
        },
        {
            "utterance_id": 5,
            "interlocutor_id": "AC",
            "text": "Breathing fire? Like Godzilla! I don't want that!",
            "timestamp": "2022-08-07T01:46:57.650000"
        },
        {
            "utterance_id": 6,
            "interlocutor_id": "AG",
            "text": "I've never seen anyone who, when asked to choose one, actually ends up choosing one.",
            "timestamp": "2022-08-07T01:47:28.325000"
        },
        {
            "utterance_id": 7,
            "interlocutor_id": "AC",
            "text": "Well, I thought about being able to read minds, but that's a double-edged sword, right?",
            "timestamp": "2022-08-07T01:47:49.885000"
        },
        {
            "utterance_id": 8,
            "interlocutor_id": "AG",
            "text": "I see. So when you say double-edged sword, does that mean there are things you wouldn't want to know?",
            "timestamp": "2022-08-07T01:48:15.530000"
        },
        {
            "utterance_id": 9,
            "interlocutor_id": "AC",
            "text": "Absolutely! Would you want to know?",
            "timestamp": "2022-08-07T01:48:27.406000"
        },
        {
            "utterance_id": 10,
            "interlocutor_id": "AG",
            "text": "I wouldn't want to know. What kind of times do you wish to know?",
            "timestamp": "2022-08-07T01:48:59.269000"
        },
        {
            "utterance_id": 11,
            "interlocutor_id": "AC",
            "text": "There are times when I really want to know my husband's true feelings. Sometimes we just can't communicate.",
            "timestamp": "2022-08-07T01:49:24.365000"
        },
        {
            "utterance_id": 12,
            "interlocutor_id": "AG",
            "text": "I see! It's true that a husband is someone close yet kind of a stranger at the same time.",
            "timestamp": "2022-08-07T01:49:56.112000"
        },
        {
            "utterance_id": 13,
            "interlocutor_id": "AC",
            "text": "Exactly! Just the other day, he did something that made me go, \"Wait, what?\"",
            "timestamp": "2022-08-07T01:50:11.279000"
        },
        {
            "utterance_id": 14,
            "interlocutor_id": "AG",
            "text": "Can I ask what kind of action that was?",
            "timestamp": "2022-08-07T01:50:24.939000"
        },
        {
            "utterance_id": 15,
            "interlocutor_id": "AC",
            "text": "Sure. There's a stray cat that has been visiting us often lately, and we were talking about whether it would come today.",
            "timestamp": "2022-08-07T01:50:46.273000"
        },
        {
            "utterance_id": 16,
            "interlocutor_id": "AG",
            "text": "Oh. That's nice, a kitty.",
            "timestamp": "2022-08-07T01:51:01.687000"
        },
        {
            "utterance_id": 17,
            "interlocutor_id": "AC",
            "text": "Yes. So, I said he should leave some cat food we had at home outside for it.",
            "timestamp": "2022-08-07T01:51:23.239000"
        },
        {
            "utterance_id": 18,
            "interlocutor_id": "AG",
            "text": "I see, that's a good idea.",
            "timestamp": "2022-08-07T01:51:40.787000"
        },
        {
            "utterance_id": 19,
            "interlocutor_id": "AC",
            "text": "But then, he went out to the garden without taking anything, called out \"Hey,\" and then went to another room to start watching TV without saying anything.",
            "timestamp": "2022-08-07T01:52:10.227000"
        },
        {
            "utterance_id": 20,
            "interlocutor_id": "AG",
            "text": "Huh? Huh? Huh? What’s going on!?",
            "timestamp": "2022-08-07T01:52:30.168000"
        },
        {
            "utterance_id": 21,
            "interlocutor_id": "AC",
            "text": "Right! I was like, \"What!?\" It made no sense!",
            "timestamp": "2022-08-07T01:52:47.614000"
        },
        {
            "utterance_id": 22,
            "interlocutor_id": "AG",
            "text": "Yeah, it doesn't make sense! But then, even if you could read his mind, you might not be able to keep up with understanding it.",
            "timestamp": "2022-08-07T01:53:23.044000"
        },
        {
            "utterance_id": 23,
            "interlocutor_id": "AC",
            "text": "Exactly. I don't have telepathy, so when I asked later, he said, \"If you leave the canned food outside, it will go bad, you know?\"",
            "timestamp": "2022-08-07T01:53:46.402000"
        },
        {
            "utterance_id": 24,
            "interlocutor_id": "AG",
            "text": "Ah, that's true, but then I wished he could have said something!",
            "timestamp": "2022-08-07T01:54:17.620000"
        },
        {
            "utterance_id": 25,
            "interlocutor_id": "AC",
            "text": "Yes, that's exactly it! I'm not a psychic; he should just say it!",
            "timestamp": "2022-08-07T01:54:41.954000"
        },
        {
            "utterance_id": 26,
            "interlocutor_id": "AG",
            "text": "Haha! But if you could become a psychic, your husband might hardly talk anymore.",
            "timestamp": "2022-08-07T01:55:12.517000"
        },
        {
            "utterance_id": 27,
            "interlocutor_id": "AC",
            "text": "That does seem possible. After all, I don't need to be a psychic!",
            "timestamp": "2022-08-07T01:55:39.567000"
        },
        {
            "utterance_id": 28,
            "interlocutor_id": "AG",
            "text": "No, I don't need that either. I'd prefer to communicate properly with words, I think.",
            "timestamp": "2022-08-07T01:56:09.080000"
        },
        {
            "utterance_id": 29,
            "interlocutor_id": "AC",
            "text": "I agree. Conversation is important! Words are important!",
            "timestamp": "2022-08-07T01:56:25.343000"
        }
    ],
    "evaluations": [
        {
            "interlocutor_id": "AG",
            "informativeness": 5,
            "comprehension": 5,
            "familiarity": 5,
            "interest": 5,
            "proactiveness": 4,
            "satisfaction": 4
        },
        {
            "interlocutor_id": "AC",
            "informativeness": 5,
            "comprehension": 5,
            "familiarity": 5,
            "interest": 5,
            "proactiveness": 5,
            "satisfaction": 5
        }
    ]
}