{
    "dialogue_id": 103,
    "interlocutors": [
        "AC",
        "AG"
    ],
    "utterances": [
        {
            "utterance_id": 0,
            "interlocutor_id": "AC",
            "text": "Hello. Nice to meet you.",
            "timestamp": "2022-08-07T01:33:12.645000"
        },
        {
            "utterance_id": 1,
            "interlocutor_id": "AG",
            "text": "Hello. Nice to meet you too.",
            "timestamp": "2022-08-07T01:33:27.958000"
        },
        {
            "utterance_id": 2,
            "interlocutor_id": "AC",
            "text": "It's been incredibly hot recently, are you taking any measures against the heat?",
            "timestamp": "2022-08-07T01:33:43.788000"
        },
        {
            "utterance_id": 3,
            "interlocutor_id": "AG",
            "text": "When I go outside, I just take ice packs and a portable fan.",
            "timestamp": "2022-08-07T01:34:15.145000"
        },
        {
            "utterance_id": 4,
            "interlocutor_id": "AC",
            "text": "You have a portable fan!",
            "timestamp": "2022-08-07T01:34:30.237000"
        },
        {
            "utterance_id": 5,
            "interlocutor_id": "AG",
            "text": "Yes. I bought it last year. It's surprisingly good.",
            "timestamp": "2022-08-07T01:34:51.268000"
        },
        {
            "utterance_id": 6,
            "interlocutor_id": "AC",
            "text": "Oh! I was interested in that. Does it run on batteries?",
            "timestamp": "2022-08-07T01:35:17.315000"
        },
        {
            "utterance_id": 7,
            "interlocutor_id": "AG",
            "text": "The one I have is rechargeable via USB.",
            "timestamp": "2022-08-07T01:35:39.891000"
        },
        {
            "utterance_id": 8,
            "interlocutor_id": "AC",
            "text": "Convenient! How long does it last after charging?",
            "timestamp": "2022-08-07T01:36:03.937000"
        },
        {
            "utterance_id": 9,
            "interlocutor_id": "AG",
            "text": "It depends on the strength, but it lasts enough for a day out.",
            "timestamp": "2022-08-07T01:36:27.472000"
        },
        {
            "utterance_id": 10,
            "interlocutor_id": "AC",
            "text": "It lasts that long! Have you seen others using it?",
            "timestamp": "2022-08-07T01:36:45.611000"
        },
        {
            "utterance_id": 11,
            "interlocutor_id": "AG",
            "text": "Yes, a lot of parents raising small children tend to have them.",
            "timestamp": "2022-08-07T01:37:28.095000"
        },
        {
            "utterance_id": 12,
            "interlocutor_id": "AC",
            "text": "I see! It's not an era where you just fan children with handheld fans anymore!",
            "timestamp": "2022-08-07T01:37:54.512000"
        },
        {
            "utterance_id": 13,
            "interlocutor_id": "AG",
            "text": "I used to prefer fans too, but the coolness is completely different. And kids like those types of things.",
            "timestamp": "2022-08-07T01:38:34.154000"
        },
        {
            "utterance_id": 14,
            "interlocutor_id": "AC",
            "text": "Kids do like them! I wonder if they can become aliens with the portable ones?",
            "timestamp": "2022-08-07T01:39:09.111000"
        },
        {
            "utterance_id": 15,
            "interlocutor_id": "AG",
            "text": "Oh, I experimented with that, but it didn't work!",
            "timestamp": "2022-08-07T01:39:32.400000"
        },
        {
            "utterance_id": 16,
            "interlocutor_id": "AC",
            "text": "So it seems it's not possible with the small ones!",
            "timestamp": "2022-08-07T01:39:44.788000"
        },
        {
            "utterance_id": 17,
            "interlocutor_id": "AG",
            "text": "It seems that way. Also, the way the wind is directed is different from the old ones.",
            "timestamp": "2022-08-07T01:40:13.637000"
        },
        {
            "utterance_id": 18,
            "interlocutor_id": "AC",
            "text": "Oh! Speaking of which, recent fans efficiently direct wind straight, right?",
            "timestamp": "2022-08-07T01:40:37.308000"
        },
        {
            "utterance_id": 19,
            "interlocutor_id": "AG",
            "text": "Exactly! The portable ones also have a straight flow. I prefer a gentler breeze, though.",
            "timestamp": "2022-08-07T01:41:13.525000"
        },
        {
            "utterance_id": 20,
            "interlocutor_id": "AC",
            "text": "I can somewhat understand that! Furthermore, I like the atmosphere of a hand fan!",
            "timestamp": "2022-08-07T01:41:35.631000"
        },
        {
            "utterance_id": 21,
            "interlocutor_id": "AG",
            "text": "That’s nice. For evening coolness, a hand fan is essential. A USB portable fan doesn't give the same feeling.",
            "timestamp": "2022-08-07T01:42:15.050000"
        },
        {
            "utterance_id": 22,
            "interlocutor_id": "AC",
            "text": "Right! And I’d like to have it tucked in the back of a yukata!",
            "timestamp": "2022-08-07T01:42:40.250000"
        },
        {
            "utterance_id": 23,
            "interlocutor_id": "AG",
            "text": "At the obi part! That sounds nice. It feels like summer.",
            "timestamp": "2022-08-07T01:42:59.490000"
        },
        {
            "utterance_id": 24,
            "interlocutor_id": "AC",
            "text": "It is summer! If only there was the scent of mosquito coils, it would be the perfect ambiance.",
            "timestamp": "2022-08-07T01:43:19.288000"
        },
        {
            "utterance_id": 25,
            "interlocutor_id": "AG",
            "text": "That sounds nice! By the way, have you seen any fireworks recently?",
            "timestamp": "2022-08-07T01:43:39.530000"
        },
        {
            "utterance_id": 26,
            "interlocutor_id": "AC",
            "text": "I might not have!",
            "timestamp": "2022-08-07T01:43:45.447000"
        },
        {
            "utterance_id": 27,
            "interlocutor_id": "AG",
            "text": "I haven’t seen them live at all either. I want to see them soon. It’s a summer tradition.",
            "timestamp": "2022-08-07T01:44:11.131000"
        },
        {
            "utterance_id": 28,
            "interlocutor_id": "AC",
            "text": "Indeed. Even if launching fireworks is difficult, getting sparklers is an option!",
            "timestamp": "2022-08-07T01:44:27.979000"
        },
        {
            "utterance_id": 29,
            "interlocutor_id": "AG",
            "text": "That also has a lovely ambiance. Summer is indeed wonderful.",
            "timestamp": "2022-08-07T01:44:46.182000"
        }
    ],
    "evaluations": [
        {
            "interlocutor_id": "AC",
            "informativeness": 5,
            "comprehension": 5,
            "familiarity": 5,
            "interest": 5,
            "proactiveness": 3,
            "satisfaction": 5
        },
        {
            "interlocutor_id": "AG",
            "informativeness": 5,
            "comprehension": 5,
            "familiarity": 5,
            "interest": 4,
            "proactiveness": 4,
            "satisfaction": 4
        }
    ]
}