{
    "dialogue_id": 112,
    "interlocutors": [
        "AA",
        "AL"
    ],
    "utterances": [
        {
            "utterance_id": 0,
            "interlocutor_id": "AA",
            "text": "Thank you very much",
            "timestamp": "2022-08-09T20:39:13.755000"
        },
        {
            "utterance_id": 1,
            "interlocutor_id": "AL",
            "text": "Please",
            "timestamp": "2022-08-09T20:39:19.392000"
        },
        {
            "utterance_id": 2,
            "interlocutor_id": "AA",
            "text": "Are you good at waking up early?",
            "timestamp": "2022-08-09T20:39:21.811000"
        },
        {
            "utterance_id": 3,
            "interlocutor_id": "AL",
            "text": "Yes, I wake up at 4 o'clock",
            "timestamp": "2022-08-09T20:39:33.152000"
        },
        {
            "utterance_id": 4,
            "interlocutor_id": "AA",
            "text": "No way, 4 o'clock? Really, no way",
            "timestamp": "2022-08-09T20:39:40.224000"
        },
        {
            "utterance_id": 5,
            "interlocutor_id": "AL",
            "text": "For now, I wake up and take a walk, or rather, jog a little",
            "timestamp": "2022-08-09T20:39:58.851000"
        },
        {
            "utterance_id": 6,
            "interlocutor_id": "AA",
            "text": "That's too healthy...",
            "timestamp": "2022-08-09T20:40:07.802000"
        },
        {
            "utterance_id": 7,
            "interlocutor_id": "AL",
            "text": "I can't remember whose words it was that said, \"I'd rather die than not be healthy\"",
            "timestamp": "2022-08-09T20:40:20.894000"
        },
        {
            "utterance_id": 8,
            "interlocutor_id": "AA",
            "text": "Who was it! Do you get sleepy in the afternoon?",
            "timestamp": "2022-08-09T20:40:34.826000"
        },
        {
            "utterance_id": 9,
            "interlocutor_id": "AL",
            "text": "I go to bed by 9 PM",
            "timestamp": "2022-08-09T20:40:48.641000"
        },
        {
            "utterance_id": 10,
            "interlocutor_id": "AA",
            "text": "Then that means you have only 20 minutes left!",
            "timestamp": "2022-08-09T20:40:55.931000"
        },
        {
            "utterance_id": 11,
            "interlocutor_id": "AL",
            "text": "I'm still wide awake",
            "timestamp": "2022-08-09T20:41:09.143000"
        },
        {
            "utterance_id": 12,
            "interlocutor_id": "AA",
            "text": "As expected of you",
            "timestamp": "2022-08-09T20:41:13.696000"
        },
        {
            "utterance_id": 13,
            "interlocutor_id": "AL",
            "text": "Are you not good at mornings?",
            "timestamp": "2022-08-09T20:41:28.100000"
        },
        {
            "utterance_id": 14,
            "interlocutor_id": "AA",
            "text": "I'm not good at all, I want to sleep forever",
            "timestamp": "2022-08-09T20:41:36.641000"
        },
        {
            "utterance_id": 15,
            "interlocutor_id": "AL",
            "text": "Speaking of which, you did say that",
            "timestamp": "2022-08-09T20:41:48.613000"
        },
        {
            "utterance_id": 16,
            "interlocutor_id": "AA",
            "text": "That's right. But since I have to wake up, I set the alarm with the assumption of a second sleep",
            "timestamp": "2022-08-09T20:42:14.656000"
        },
        {
            "utterance_id": 17,
            "interlocutor_id": "AL",
            "text": "Do you play games at night?",
            "timestamp": "2022-08-09T20:42:26.699000"
        },
        {
            "utterance_id": 18,
            "interlocutor_id": "AA",
            "text": "At night, I read books and do various small chores",
            "timestamp": "2022-08-09T20:42:53.558000"
        },
        {
            "utterance_id": 19,
            "interlocutor_id": "AL",
            "text": "Oh, what have you been reading recently?",
            "timestamp": "2022-08-09T20:43:06.394000"
        },
        {
            "utterance_id": 20,
            "interlocutor_id": "AA",
            "text": "Recently, I've been reading some spiritual books",
            "timestamp": "2022-08-09T20:43:30.379000"
        },
        {
            "utterance_id": 21,
            "interlocutor_id": "AL",
            "text": "Incense and such, very intriguing",
            "timestamp": "2022-08-09T20:43:45.051000"
        },
        {
            "utterance_id": 22,
            "interlocutor_id": "AA",
            "text": "Really? I'm glad to hear that. It's something I can't often tell my friends",
            "timestamp": "2022-08-09T20:44:07.211000"
        },
        {
            "utterance_id": 23,
            "interlocutor_id": "AL",
            "text": "My husband likes it, spiritual stuff",
            "timestamp": "2022-08-09T20:44:16.854000"
        },
        {
            "utterance_id": 24,
            "interlocutor_id": "AA",
            "text": "Oh, is that so? We're kindred spirits",
            "timestamp": "2022-08-09T20:44:34.091000"
        },
        {
            "utterance_id": 25,
            "interlocutor_id": "AL",
            "text": "Somehow, next to me, he's saying, \"Ask what he likes quickly\"",
            "timestamp": "2022-08-09T20:44:47.522000"
        },
        {
            "utterance_id": 26,
            "interlocutor_id": "AA",
            "text": "Wait, he's there?",
            "timestamp": "2022-08-09T20:45:02.223000"
        },
        {
            "utterance_id": 27,
            "interlocutor_id": "AL",
            "text": "My family is really close",
            "timestamp": "2022-08-09T20:45:14.611000"
        },
        {
            "utterance_id": 28,
            "interlocutor_id": "AA",
            "text": "What a wonderful family you have! I'm envious",
            "timestamp": "2022-08-09T20:45:21.145000"
        },
        {
            "utterance_id": 29,
            "interlocutor_id": "AL",
            "text": "Thank you.",
            "timestamp": "2022-08-09T20:45:28.216000"
        }
    ],
    "evaluations": [
        {
            "interlocutor_id": "AA",
            "informativeness": 5,
            "comprehension": 5,
            "familiarity": 5,
            "interest": 5,
            "proactiveness": 5,
            "satisfaction": 5
        },
        {
            "interlocutor_id": "AL",
            "informativeness": 5,
            "comprehension": 5,
            "familiarity": 5,
            "interest": 5,
            "proactiveness": 5,
            "satisfaction": 5
        }
    ]
}