{
    "dialogue_id": 111,
    "interlocutors": [
        "AL",
        "AA"
    ],
    "utterances": [
        {
            "utterance_id": 0,
            "interlocutor_id": "AL",
            "text": "Thank you very much!",
            "timestamp": "2022-08-09T20:30:48.304000"
        },
        {
            "utterance_id": 1,
            "interlocutor_id": "AA",
            "text": "Good evening! Thank you very much",
            "timestamp": "2022-08-09T20:30:49.245000"
        },
        {
            "utterance_id": 2,
            "interlocutor_id": "AL",
            "text": "I was trying to say something, but I can't remember at all!",
            "timestamp": "2022-08-09T20:31:11.483000"
        },
        {
            "utterance_id": 3,
            "interlocutor_id": "AA",
            "text": "I understand. That happens, doesn't it? What was for dinner today?",
            "timestamp": "2022-08-09T20:31:28.753000"
        },
        {
            "utterance_id": 4,
            "interlocutor_id": "AL",
            "text": "It was omurice!",
            "timestamp": "2022-08-09T20:31:39.128000"
        },
        {
            "utterance_id": 5,
            "interlocutor_id": "AA",
            "text": "That sounds nice! Chicken rice and eggs!",
            "timestamp": "2022-08-09T20:31:57.545000"
        },
        {
            "utterance_id": 6,
            "interlocutor_id": "AL",
            "text": "I saw on Instagram a manga artist saying \"I can't remember the hiragana for 'no'\"",
            "timestamp": "2022-08-09T20:32:20.091000"
        },
        {
            "utterance_id": 7,
            "interlocutor_id": "AA",
            "text": "Oh no, I hope they're okay. Is it a computer issue?",
            "timestamp": "2022-08-09T20:32:34.903000"
        },
        {
            "utterance_id": 8,
            "interlocutor_id": "AL",
            "text": "It seems it was handwritten",
            "timestamp": "2022-08-09T20:32:53.905000"
        },
        {
            "utterance_id": 9,
            "interlocutor_id": "AA",
            "text": "Is it like gestalt collapse?",
            "timestamp": "2022-08-09T20:33:01.721000"
        },
        {
            "utterance_id": 10,
            "interlocutor_id": "AL",
            "text": "That happens, like with \"mu\" or something",
            "timestamp": "2022-08-09T20:33:12.233000"
        },
        {
            "utterance_id": 11,
            "interlocutor_id": "AA",
            "text": "Ah, I get it. It's those slightly tricky hiragana, right?",
            "timestamp": "2022-08-09T20:33:26.943000"
        },
        {
            "utterance_id": 12,
            "interlocutor_id": "AL",
            "text": "Do you remember dinner?",
            "timestamp": "2022-08-09T20:33:46.247000"
        },
        {
            "utterance_id": 13,
            "interlocutor_id": "AA",
            "text": "I haven't eaten dinner yet. Actually, I'm holding back because I have a health check-up",
            "timestamp": "2022-08-09T20:34:04.241000"
        },
        {
            "utterance_id": 14,
            "interlocutor_id": "AL",
            "text": "Oh no, that's the one where you get dizzy from low blood sugar",
            "timestamp": "2022-08-09T20:34:20.258000"
        },
        {
            "utterance_id": 15,
            "interlocutor_id": "AA",
            "text": "That's right... but I'm desperately trying to lose a little weight",
            "timestamp": "2022-08-09T20:34:42.837000"
        },
        {
            "utterance_id": 16,
            "interlocutor_id": "AL",
            "text": "Ah, so it's not a health check tomorrow, it's about weight!",
            "timestamp": "2022-08-09T20:35:00.379000"
        },
        {
            "utterance_id": 17,
            "interlocutor_id": "AA",
            "text": "That's right! The health check is this Friday, so I'm trying to do something about my weight...",
            "timestamp": "2022-08-09T20:35:33.921000"
        },
        {
            "utterance_id": 18,
            "interlocutor_id": "AL",
            "text": "That's cutting it really close!",
            "timestamp": "2022-08-09T20:35:48.584000"
        },
        {
            "utterance_id": 19,
            "interlocutor_id": "AA",
            "text": "I'll aim for a last-minute effort! It's at 8:30 in the morning, so I'll eat a lot after that",
            "timestamp": "2022-08-09T20:36:04.282000"
        },
        {
            "utterance_id": 20,
            "interlocutor_id": "AL",
            "text": "No, just like that, \"You are beautiful\" (Princess Mononoke)",
            "timestamp": "2022-08-09T20:36:29.791000"
        },
        {
            "utterance_id": 21,
            "interlocutor_id": "AA",
            "text": "Princess Mononoke! Well then, is it okay if I...?",
            "timestamp": "2022-08-09T20:36:37.303000"
        },
        {
            "utterance_id": 22,
            "interlocutor_id": "AL",
            "text": "That's funny",
            "timestamp": "2022-08-09T20:36:44.471000"
        },
        {
            "utterance_id": 23,
            "interlocutor_id": "AA",
            "text": "It's tough, ah what should I do? I want to quit and eat ramen",
            "timestamp": "2022-08-09T20:37:01.725000"
        },
        {
            "utterance_id": 24,
            "interlocutor_id": "AL",
            "text": "I had ramen for lunch today",
            "timestamp": "2022-08-09T20:37:18.203000"
        },
        {
            "utterance_id": 25,
            "interlocutor_id": "AA",
            "text": "That sounds nice, what kind of ramen?",
            "timestamp": "2022-08-09T20:37:27.102000"
        },
        {
            "utterance_id": 26,
            "interlocutor_id": "AL",
            "text": "I said \"three ramens,\" and the one I was asked about was \"Is this it?\"",
            "timestamp": "2022-08-09T20:37:50.717000"
        },
        {
            "utterance_id": 27,
            "interlocutor_id": "AA",
            "text": "Oh wow! Well, if it's a pool location, I guess that makes sense",
            "timestamp": "2022-08-09T20:38:07.122000"
        },
        {
            "utterance_id": 28,
            "interlocutor_id": "AL",
            "text": "Yes, it was at the chain right along the nearest national highway",
            "timestamp": "2022-08-09T20:38:30.233000"
        },
        {
            "utterance_id": 29,
            "interlocutor_id": "AA",
            "text": "Ah, you fell for the chain store's strategy, huh?",
            "timestamp": "2022-08-09T20:38:44.775000"
        }
    ],
    "evaluations": [
        {
            "interlocutor_id": "AL",
            "informativeness": 5,
            "comprehension": 5,
            "familiarity": 5,
            "interest": 5,
            "proactiveness": 5,
            "satisfaction": 5
        },
        {
            "interlocutor_id": "AA",
            "informativeness": 5,
            "comprehension": 5,
            "familiarity": 5,
            "interest": 5,
            "proactiveness": 5,
            "satisfaction": 5
        }
    ]
}