{
    "dialogue_id": 115,
    "interlocutors": [
        "AL",
        "AA"
    ],
    "utterances": [
        {
            "utterance_id": 0,
            "interlocutor_id": "AL",
            "text": "お願いしまーす！",
            "timestamp": "2022-08-09T21:02:42.949000"
        },
        {
            "utterance_id": 1,
            "interlocutor_id": "AA",
            "text": "Please!",
            "timestamp": "2022-08-09T21:02:44.319000"
        },
        {
            "utterance_id": 2,
            "interlocutor_id": "AL",
            "text": "こんばんは！",
            "timestamp": "2022-08-09T21:03:14.745000"
        },
        {
            "utterance_id": 3,
            "interlocutor_id": "AA",
            "text": "Good evening!",
            "timestamp": "2022-08-09T21:03:30.492000"
        },
        {
            "utterance_id": 4,
            "interlocutor_id": "AL",
            "text": "こう暑いと、週末どこに行くか家族で選択肢が少なくて",
            "timestamp": "2022-08-09T21:03:47.787000"
        },
        {
            "utterance_id": 5,
            "interlocutor_id": "AA",
            "text": "When it's this hot, our family has limited options for where to go on the weekend.",
            "timestamp": "2022-08-09T21:03:59.376000"
        },
        {
            "utterance_id": 6,
            "interlocutor_id": "AL",
            "text": "たしかに！遊びに行ってもぐったりしちゃいますもんね",
            "timestamp": "2022-08-09T21:04:12.731000"
        },
        {
            "utterance_id": 7,
            "interlocutor_id": "AA",
            "text": "That's true! Even if we go out to play, we get exhausted.",
            "timestamp": "2022-08-09T21:04:17.781000"
        },
        {
            "utterance_id": 8,
            "interlocutor_id": "AL",
            "text": "ショッピングモールか、神社に行ってるんです",
            "timestamp": "2022-08-09T21:04:35.788000"
        },
        {
            "utterance_id": 9,
            "interlocutor_id": "AA",
            "text": "We usually go to the shopping mall or a shrine.",
            "timestamp": "2022-08-09T21:04:52.542000"
        },
        {
            "utterance_id": 10,
            "interlocutor_id": "AL",
            "text": "いいですね。神社も行かれるんですか？",
            "timestamp": "2022-08-09T21:05:20.631000"
        },
        {
            "utterance_id": 11,
            "interlocutor_id": "AA",
            "text": "That sounds nice. Do you also go to shrines?",
            "timestamp": "2022-08-09T21:05:31.367000"
        },
        {
            "utterance_id": 12,
            "interlocutor_id": "AL",
            "text": "主人がスピリチュアル系というか、神社が好きで",
            "timestamp": "2022-08-09T21:05:57.180000"
        },
        {
            "utterance_id": 13,
            "interlocutor_id": "AA",
            "text": "My husband is into spirituality, and he likes shrines.",
            "timestamp": "2022-08-09T21:06:15.258000"
        },
        {
            "utterance_id": 14,
            "interlocutor_id": "AL",
            "text": "ああいいですねえ！",
            "timestamp": "2022-08-09T21:06:25.772000"
        },
        {
            "utterance_id": 15,
            "interlocutor_id": "AA",
            "text": "Oh, that's nice!",
            "timestamp": "2022-08-09T21:06:46.959000"
        },
        {
            "utterance_id": 16,
            "interlocutor_id": "AL",
            "text": "実際、木が多くて涼しいですし",
            "timestamp": "2022-08-09T21:07:10.454000"
        },
        {
            "utterance_id": 17,
            "interlocutor_id": "AA",
            "text": "Actually, there are many trees, so it’s cool.",
            "timestamp": "2022-08-09T21:07:32.352000"
        },
        {
            "utterance_id": 18,
            "interlocutor_id": "AL",
            "text": "たしかにそうですよね！駐車場も無料が多いですし、休憩所もありますし",
            "timestamp": "2022-08-09T21:07:45.844000"
        },
        {
            "utterance_id": 19,
            "interlocutor_id": "AA",
            "text": "That's definitely true! Many parking lots are free, and there are rest areas too.",
            "timestamp": "2022-08-09T21:07:51.998000"
        },
        {
            "utterance_id": 20,
            "interlocutor_id": "AL",
            "text": "参道に蕎麦屋があったりしますし。蕎麦好きなんです、主人と息子",
            "timestamp": "2022-08-09T21:08:08.160000"
        },
        {
            "utterance_id": 21,
            "interlocutor_id": "AA",
            "text": "There’s a soba shop along the approach. My husband and son love soba.",
            "timestamp": "2022-08-09T21:08:29.826000"
        },
        {
            "utterance_id": 22,
            "interlocutor_id": "AL",
            "text": "お蕎麦お好きなんですね、ヘルシー！",
            "timestamp": "2022-08-09T21:08:48.958000"
        },
        {
            "utterance_id": 23,
            "interlocutor_id": "AA",
            "text": "You like soba, that's healthy!",
            "timestamp": "2022-08-09T21:08:54.218000"
        },
        {
            "utterance_id": 24,
            "interlocutor_id": "AL",
            "text": "暑くても食べやすいですし！",
            "timestamp": "2022-08-09T21:09:03.969000"
        },
        {
            "utterance_id": 25,
            "interlocutor_id": "AA",
            "text": "It's easy to eat even when it's hot!",
            "timestamp": "2022-08-09T21:09:32.669000"
        },
        {
            "utterance_id": 26,
            "interlocutor_id": "AL",
            "text": "そうですよね、お蕎麦といえば、出雲大社にはいかれたことがありますか？",
            "timestamp": "2022-08-09T21:09:58.478000"
        },
        {
            "utterance_id": 27,
            "interlocutor_id": "AA",
            "text": "Speaking of soba, have you ever been to Izumo Taisha?",
            "timestamp": "2022-08-09T21:10:34.935000"
        },
        {
            "utterance_id": 28,
            "interlocutor_id": "AL",
            "text": "ああああ、行きたいんですよねえええ",
            "timestamp": "2022-08-09T21:11:01.492000"
        },
        {
            "utterance_id": 29,
            "interlocutor_id": "AA",
            "text": "Ah, I really want to go!",
            "timestamp": "2022-08-09T21:11:15.361000"
        }
    ],
    "evaluations": [
        {
            "interlocutor_id": "AL",
            "informativeness": 5,
            "comprehension": 5,
            "familiarity": 5,
            "interest": 5,
            "proactiveness": 5,
            "satisfaction": 5
        },
        {
            "interlocutor_id": "AA",
            "informativeness": 5,
            "comprehension": 5,
            "familiarity": 5,
            "interest": 5,
            "proactiveness": 5,
            "satisfaction": 5
        }
    ]
}