{
    "dialogue_id": 110,
    "interlocutors": [
        "AL",
        "AA"
    ],
    "utterances": [
        {
            "utterance_id": 0,
            "interlocutor_id": "AL",
            "text": "Good evening!",
            "timestamp": "2022-08-09T20:22:53.164000"
        },
        {
            "utterance_id": 1,
            "interlocutor_id": "AA",
            "text": "Good evening!",
            "timestamp": "2022-08-09T20:22:53.540000"
        },
        {
            "utterance_id": 2,
            "interlocutor_id": "AL",
            "text": "Do you have any recommendations for something to do during home time?",
            "timestamp": "2022-08-09T20:23:05.776000"
        },
        {
            "utterance_id": 3,
            "interlocutor_id": "AA",
            "text": "Recommendations? Well, how about reading or burning incense?",
            "timestamp": "2022-08-09T20:23:24.109000"
        },
        {
            "utterance_id": 4,
            "interlocutor_id": "AL",
            "text": "Speaking of incense",
            "timestamp": "2022-08-09T20:23:33.863000"
        },
        {
            "utterance_id": 5,
            "interlocutor_id": "AA",
            "text": "It's incense. Do you often use it?",
            "timestamp": "2022-08-09T20:23:44.755000"
        },
        {
            "utterance_id": 6,
            "interlocutor_id": "AL",
            "text": "I sometimes use something like a room fragrance spray, but incense?",
            "timestamp": "2022-08-09T20:24:07.351000"
        },
        {
            "utterance_id": 7,
            "interlocutor_id": "AA",
            "text": "Room fragrance spray sounds nice! It seems like it lasts a long time.",
            "timestamp": "2022-08-09T20:24:29.861000"
        },
        {
            "utterance_id": 8,
            "interlocutor_id": "AL",
            "text": "When I went to Kanazawa a long time ago, I bought a lot of incense.",
            "timestamp": "2022-08-09T20:24:45.470000"
        },
        {
            "utterance_id": 9,
            "interlocutor_id": "AA",
            "text": "That’s nice! Do you travel often?",
            "timestamp": "2022-08-09T20:24:57.154000"
        },
        {
            "utterance_id": 10,
            "interlocutor_id": "AL",
            "text": "I used to, before COVID.",
            "timestamp": "2022-08-09T20:25:07.373000"
        },
        {
            "utterance_id": 11,
            "interlocutor_id": "AA",
            "text": "Do you travel domestically or internationally?",
            "timestamp": "2022-08-09T20:25:15.370000"
        },
        {
            "utterance_id": 12,
            "interlocutor_id": "AL",
            "text": "I’ve done both. Each travel destination has a unique scent, right?",
            "timestamp": "2022-08-09T20:25:32.334000"
        },
        {
            "utterance_id": 13,
            "interlocutor_id": "AA",
            "text": "Yes, it’s exciting!",
            "timestamp": "2022-08-09T20:25:40.789000"
        },
        {
            "utterance_id": 14,
            "interlocutor_id": "AL",
            "text": "Kanazawa had a nice scent too. Bali had a mysterious smell.",
            "timestamp": "2022-08-09T20:25:56.004000"
        },
        {
            "utterance_id": 15,
            "interlocutor_id": "AA",
            "text": "That sounds wonderful. The fragrance of travel is one of the joys of traveling.",
            "timestamp": "2022-08-09T20:26:09.692000"
        },
        {
            "utterance_id": 16,
            "interlocutor_id": "AL",
            "text": "Do you travel often?",
            "timestamp": "2022-08-09T20:26:21.356000"
        },
        {
            "utterance_id": 17,
            "interlocutor_id": "AA",
            "text": "Yes, I tend to go domestically.",
            "timestamp": "2022-08-09T20:26:34.590000"
        },
        {
            "utterance_id": 18,
            "interlocutor_id": "AL",
            "text": "Where do you usually go?",
            "timestamp": "2022-08-09T20:26:55.769000"
        },
        {
            "utterance_id": 19,
            "interlocutor_id": "AA",
            "text": "I often go to places like Kyoto. I love shrines and temples.",
            "timestamp": "2022-08-09T20:27:10.175000"
        },
        {
            "utterance_id": 20,
            "interlocutor_id": "AL",
            "text": "That’s why you like incense.",
            "timestamp": "2022-08-09T20:27:18.481000"
        },
        {
            "utterance_id": 21,
            "interlocutor_id": "AA",
            "text": "That’s part of it, yes.",
            "timestamp": "2022-08-09T20:27:25.271000"
        },
        {
            "utterance_id": 22,
            "interlocutor_id": "AL",
            "text": "There's something called the \"way of fragrance,\" right?",
            "timestamp": "2022-08-09T20:27:45.746000"
        },
        {
            "utterance_id": 23,
            "interlocutor_id": "AA",
            "text": "Yes, there are tea ceremony, flower arranging, and the way of fragrance.",
            "timestamp": "2022-08-09T20:28:06.305000"
        },
        {
            "utterance_id": 24,
            "interlocutor_id": "AL",
            "text": "I have somewhat admired it before.",
            "timestamp": "2022-08-09T20:28:14.540000"
        },
        {
            "utterance_id": 25,
            "interlocutor_id": "AA",
            "text": "I understand. But I once saw something like a textbook and gave up.",
            "timestamp": "2022-08-09T20:28:31.519000"
        },
        {
            "utterance_id": 26,
            "interlocutor_id": "AL",
            "text": "A textbook! Is a favorite scent a memory of paradise?",
            "timestamp": "2022-08-09T20:28:53.637000"
        },
        {
            "utterance_id": 27,
            "interlocutor_id": "AA",
            "text": "That's amazing, paradise... I like the scent of wisteria recently.",
            "timestamp": "2022-08-09T20:29:37.504000"
        },
        {
            "utterance_id": 28,
            "interlocutor_id": "AL",
            "text": "Wisteria, huh? I'll look it up. I like sandalwood.",
            "timestamp": "2022-08-09T20:29:54.013000"
        },
        {
            "utterance_id": 29,
            "interlocutor_id": "AA",
            "text": "Sandalwood is nice! It creates a calm feeling.",
            "timestamp": "2022-08-09T20:30:06.705000"
        }
    ],
    "evaluations": [
        {
            "interlocutor_id": "AL",
            "informativeness": 5,
            "comprehension": 5,
            "familiarity": 5,
            "interest": 5,
            "proactiveness": 5,
            "satisfaction": 5
        },
        {
            "interlocutor_id": "AA",
            "informativeness": 5,
            "comprehension": 5,
            "familiarity": 5,
            "interest": 5,
            "proactiveness": 5,
            "satisfaction": 5
        }
    ]
}