{
    "dialogue_id": 119,
    "interlocutors": [
        "AI",
        "AA"
    ],
    "utterances": [
        {
            "utterance_id": 0,
            "interlocutor_id": "AI",
            "text": "Thank you in advance",
            "timestamp": "2022-08-08T23:22:24.886000"
        },
        {
            "utterance_id": 1,
            "interlocutor_id": "AA",
            "text": "Good evening",
            "timestamp": "2022-08-08T23:22:26.287000"
        },
        {
            "utterance_id": 2,
            "interlocutor_id": "AI",
            "text": "Was today a good day?",
            "timestamp": "2022-08-08T23:22:33.162000"
        },
        {
            "utterance_id": 3,
            "interlocutor_id": "AA",
            "text": "Yes, it was a nice day today!",
            "timestamp": "2022-08-08T23:22:46.212000"
        },
        {
            "utterance_id": 4,
            "interlocutor_id": "AI",
            "text": "Oh, really? Why was it a good day?",
            "timestamp": "2022-08-08T23:22:59.079000"
        },
        {
            "utterance_id": 5,
            "interlocutor_id": "AA",
            "text": "It was hot, but the wind was blowing, and that made it pleasant.",
            "timestamp": "2022-08-08T23:23:16.557000"
        },
        {
            "utterance_id": 6,
            "interlocutor_id": "AI",
            "text": "Ah, the weather, right? It definitely didn't seem bad.",
            "timestamp": "2022-08-08T23:23:31.231000"
        },
        {
            "utterance_id": 7,
            "interlocutor_id": "AA",
            "text": "That's right. Until now, the wind has been hot, but it was refreshing, like a nice early summer breeze.",
            "timestamp": "2022-08-08T23:24:01.013000"
        },
        {
            "utterance_id": 8,
            "interlocutor_id": "AI",
            "text": "Besides the weather, was there anything good in terms of your daily life?",
            "timestamp": "2022-08-08T23:24:29.438000"
        },
        {
            "utterance_id": 9,
            "interlocutor_id": "AA",
            "text": "Well, let me think... being comfortable in the air conditioning?",
            "timestamp": "2022-08-08T23:24:51.444000"
        },
        {
            "utterance_id": 10,
            "interlocutor_id": "AI",
            "text": "Haha, a room with air conditioning is the best, isn’t it?",
            "timestamp": "2022-08-08T23:25:31.554000"
        },
        {
            "utterance_id": 11,
            "interlocutor_id": "AA",
            "text": "Exactly. Eating ice cream in there is the best. Well, I'm kind of cutting back on it right now.",
            "timestamp": "2022-08-08T23:25:54.596000"
        },
        {
            "utterance_id": 12,
            "interlocutor_id": "AI",
            "text": "Summer fun, isn't it great?",
            "timestamp": "2022-08-08T23:26:11.625000"
        },
        {
            "utterance_id": 13,
            "interlocutor_id": "AA",
            "text": "It’s absolutely wonderful! It’s a bliss that can only happen in this era.",
            "timestamp": "2022-08-08T23:26:28.243000"
        },
        {
            "utterance_id": 14,
            "interlocutor_id": "AI",
            "text": "Speaking of summer, what about watermelon?",
            "timestamp": "2022-08-08T23:26:37.315000"
        },
        {
            "utterance_id": 15,
            "interlocutor_id": "AA",
            "text": "Yes, eating watermelon and spitting out the seeds, right?",
            "timestamp": "2022-08-08T23:26:49.256000"
        },
        {
            "utterance_id": 16,
            "interlocutor_id": "AI",
            "text": "Personally, I would recommend octopus.",
            "timestamp": "2022-08-08T23:27:03.360000"
        },
        {
            "utterance_id": 17,
            "interlocutor_id": "AA",
            "text": "Octopus? From the sea?",
            "timestamp": "2022-08-08T23:27:12.644000"
        },
        {
            "utterance_id": 18,
            "interlocutor_id": "AI",
            "text": "Yes, summer octopus is delicious.",
            "timestamp": "2022-08-08T23:27:24.142000"
        },
        {
            "utterance_id": 19,
            "interlocutor_id": "AA",
            "text": "Is it in season? I didn’t know that.",
            "timestamp": "2022-08-08T23:27:37.426000"
        },
        {
            "utterance_id": 20,
            "interlocutor_id": "AI",
            "text": "Boiled with plum sauce, and also tempura.",
            "timestamp": "2022-08-08T23:27:52.146000"
        },
        {
            "utterance_id": 21,
            "interlocutor_id": "AA",
            "text": "Plum sauce! That sounds really appetizing!",
            "timestamp": "2022-08-08T23:28:10.790000"
        },
        {
            "utterance_id": 22,
            "interlocutor_id": "AI",
            "text": "Also, surprisingly, it's delicious in pasta with tomato and basil.",
            "timestamp": "2022-08-08T23:28:27.856000"
        },
        {
            "utterance_id": 23,
            "interlocutor_id": "AA",
            "text": "Wow, that sounds tasty! It really gives off a summer vibe.",
            "timestamp": "2022-08-08T23:28:45.193000"
        },
        {
            "utterance_id": 24,
            "interlocutor_id": "AI",
            "text": "Warm classic pasta is good, but I think cold capellini, which are thin noodles, is the best.",
            "timestamp": "2022-08-08T23:29:09.652000"
        },
        {
            "utterance_id": 25,
            "interlocutor_id": "AA",
            "text": "That’s nice! I can count how many times I’ve made capellini on one hand.",
            "timestamp": "2022-08-08T23:29:35.145000"
        },
        {
            "utterance_id": 26,
            "interlocutor_id": "AI",
            "text": "Don’t you think it's very similar to somen?",
            "timestamp": "2022-08-08T23:29:59.513000"
        },
        {
            "utterance_id": 27,
            "interlocutor_id": "AA",
            "text": "Yes, I was just thinking that while writing. It's like the feeling of tightening the noodles with water.",
            "timestamp": "2022-08-08T23:30:24.063000"
        },
        {
            "utterance_id": 28,
            "interlocutor_id": "AI",
            "text": "It's really mysterious how noodles from far-off Italy and Japan can be so similar, isn't it?",
            "timestamp": "2022-08-08T23:30:48.827000"
        },
        {
            "utterance_id": 29,
            "interlocutor_id": "AA",
            "text": "It is mysterious, but somehow it gives a sense of familiarity.",
            "timestamp": "2022-08-08T23:31:03.701000"
        }
    ],
    "evaluations": [
        {
            "interlocutor_id": "AI",
            "informativeness": 5,
            "comprehension": 5,
            "familiarity": 5,
            "interest": 5,
            "proactiveness": 5,
            "satisfaction": 5
        },
        {
            "interlocutor_id": "AA",
            "informativeness": 5,
            "comprehension": 5,
            "familiarity": 5,
            "interest": 5,
            "proactiveness": 5,
            "satisfaction": 5
        }
    ]
}