{
    "dialogue_id": 117,
    "interlocutors": [
        "AI",
        "AA"
    ],
    "utterances": [
        {
            "utterance_id": 0,
            "interlocutor_id": "AI",
            "text": "Nice to meet you",
            "timestamp": "2022-08-08T23:04:07.396000"
        },
        {
            "utterance_id": 1,
            "interlocutor_id": "AA",
            "text": "Thank you very much",
            "timestamp": "2022-08-08T23:04:11.914000"
        },
        {
            "utterance_id": 2,
            "interlocutor_id": "AI",
            "text": "Have you done any shopping recently?",
            "timestamp": "2022-08-08T23:04:24.249000"
        },
        {
            "utterance_id": 3,
            "interlocutor_id": "AA",
            "text": "Recently, I bought an afternoon tea ticket!",
            "timestamp": "2022-08-08T23:04:38.556000"
        },
        {
            "utterance_id": 4,
            "interlocutor_id": "AI",
            "text": "Oh, that's nice. Is it at a hotel or something?",
            "timestamp": "2022-08-08T23:04:52.504000"
        },
        {
            "utterance_id": 5,
            "interlocutor_id": "AA",
            "text": "Yes, that's right. There was an afternoon tea in the gift set",
            "timestamp": "2022-08-08T23:05:14.091000"
        },
        {
            "utterance_id": 6,
            "interlocutor_id": "AI",
            "text": "Nice, I haven't been recently",
            "timestamp": "2022-08-08T23:05:31.929000"
        },
        {
            "utterance_id": 7,
            "interlocutor_id": "AA",
            "text": "Did you go quite often before?",
            "timestamp": "2022-08-08T23:05:44.073000"
        },
        {
            "utterance_id": 8,
            "interlocutor_id": "AI",
            "text": "I relatively like tea, so I go sometimes",
            "timestamp": "2022-08-08T23:05:55.369000"
        },
        {
            "utterance_id": 9,
            "interlocutor_id": "AA",
            "text": "Ah, indeed! Since it's afternoon tea, was it for the tea?",
            "timestamp": "2022-08-08T23:06:21.270000"
        },
        {
            "utterance_id": 10,
            "interlocutor_id": "AI",
            "text": "There are quite a few famous places nearby, and I've heard that their sweets are delicious too",
            "timestamp": "2022-08-08T23:06:35.875000"
        },
        {
            "utterance_id": 11,
            "interlocutor_id": "AA",
            "text": "Really? I'd like to know, but...",
            "timestamp": "2022-08-08T23:06:57.956000"
        },
        {
            "utterance_id": 12,
            "interlocutor_id": "AI",
            "text": "I keep thinking I should go, but somehow the world has turned like this",
            "timestamp": "2022-08-08T23:07:18.348000"
        },
        {
            "utterance_id": 13,
            "interlocutor_id": "AA",
            "text": "That's true. You have to be careful even going out",
            "timestamp": "2022-08-08T23:07:34.552000"
        },
        {
            "utterance_id": 14,
            "interlocutor_id": "AI",
            "text": "Those places usually are quite proper, so there probably isn’t a problem, but",
            "timestamp": "2022-08-08T23:09:13.236000"
        },
        {
            "utterance_id": 15,
            "interlocutor_id": "AA",
            "text": "Well, it's food-related, so I guess it's the minimum you would expect",
            "timestamp": "2022-08-08T23:08:52.264000"
        },
        {
            "utterance_id": 16,
            "interlocutor_id": "AI",
            "text": "I went to the real deal in England",
            "timestamp": "2022-08-08T23:08:54.123000"
        },
        {
            "utterance_id": 17,
            "interlocutor_id": "AA",
            "text": "Oh! That's amazing! Was there a difference?",
            "timestamp": "2022-08-08T23:08:56.092000"
        },
        {
            "utterance_id": 18,
            "interlocutor_id": "AI",
            "text": "There was a piano performance",
            "timestamp": "2022-08-08T23:09:09.136000"
        },
        {
            "utterance_id": 19,
            "interlocutor_id": "AA",
            "text": "How charming",
            "timestamp": "2022-08-08T23:09:18.230000"
        },
        {
            "utterance_id": 20,
            "interlocutor_id": "AI",
            "text": "Also, they recommended an expensive set with champagne",
            "timestamp": "2022-08-08T23:09:33.953000"
        },
        {
            "utterance_id": 21,
            "interlocutor_id": "AA",
            "text": "Wow, that's incredible. Luxurious",
            "timestamp": "2022-08-08T23:09:46.710000"
        },
        {
            "utterance_id": 22,
            "interlocutor_id": "AI",
            "text": "Well, the thing is, I was living in France at that time, so it felt like a gag",
            "timestamp": "2022-08-08T23:09:59.960000"
        },
        {
            "utterance_id": 23,
            "interlocutor_id": "AA",
            "text": "A gag...",
            "timestamp": "2022-08-08T23:10:08.759000"
        },
        {
            "utterance_id": 24,
            "interlocutor_id": "AI",
            "text": "Why would you go to England and order something expensive from France?",
            "timestamp": "2022-08-08T23:10:27.698000"
        },
        {
            "utterance_id": 25,
            "interlocutor_id": "AA",
            "text": "They must have thought I looked wealthy or something",
            "timestamp": "2022-08-08T23:10:45.632000"
        },
        {
            "utterance_id": 26,
            "interlocutor_id": "AI",
            "text": "Well, it seems there are quite a few French people who stick to French ways",
            "timestamp": "2022-08-08T23:11:03.365000"
        },
        {
            "utterance_id": 27,
            "interlocutor_id": "AA",
            "text": "Ah, you have quite a sense of pride as a French person",
            "timestamp": "2022-08-08T23:11:32.849000"
        },
        {
            "utterance_id": 28,
            "interlocutor_id": "AI",
            "text": "There are those types who go on foreign trips and go to Japanese restaurants; they probably do the same everywhere",
            "timestamp": "2022-08-08T23:11:57.069000"
        },
        {
            "utterance_id": 29,
            "interlocutor_id": "AA",
            "text": "Ah, yes, there are indeed. So you're saying they are similar types.",
            "timestamp": "2022-08-08T23:12:19.380000"
        }
    ],
    "evaluations": [
        {
            "interlocutor_id": "AI",
            "informativeness": 5,
            "comprehension": 5,
            "familiarity": 5,
            "interest": 5,
            "proactiveness": 5,
            "satisfaction": 5
        },
        {
            "interlocutor_id": "AA",
            "informativeness": 5,
            "comprehension": 5,
            "familiarity": 5,
            "interest": 5,
            "proactiveness": 5,
            "satisfaction": 5
        }
    ]
}