{
    "dialogue_id": 123,
    "interlocutors": [
        "AI",
        "AA"
    ],
    "utterances": [
        {
            "utterance_id": 0,
            "interlocutor_id": "AI",
            "text": "Nice to meet you",
            "timestamp": "2022-08-09T00:02:02.879000"
        },
        {
            "utterance_id": 1,
            "interlocutor_id": "AA",
            "text": "Thank you for having me",
            "timestamp": "2022-08-09T00:02:06.240000"
        },
        {
            "utterance_id": 2,
            "interlocutor_id": "AI",
            "text": "Have you been out to eat recently?",
            "timestamp": "2022-08-09T00:02:18.472000"
        },
        {
            "utterance_id": 3,
            "interlocutor_id": "AA",
            "text": "Now that you mention it, I haven't! The last time was probably last month when I ate Chinese food with my family",
            "timestamp": "2022-08-09T00:02:45.240000"
        },
        {
            "utterance_id": 4,
            "interlocutor_id": "AI",
            "text": "Chinese food? There are various types of Chinese cuisine, aren't there?",
            "timestamp": "2022-08-09T00:03:09.067000"
        },
        {
            "utterance_id": 5,
            "interlocutor_id": "AA",
            "text": "That's true. Even when you say Chinese cuisine, there are differences between Sichuan and Beijing, for example",
            "timestamp": "2022-08-09T00:03:40.405000"
        },
        {
            "utterance_id": 6,
            "interlocutor_id": "AI",
            "text": "It's not an exaggeration to say that what we call street Chinese is a type of Japanese food in a way",
            "timestamp": "2022-08-09T00:04:02.313000"
        },
        {
            "utterance_id": 7,
            "interlocutor_id": "AA",
            "text": "Indeed. It's already been rearranged into Japanese food, hasn't it?",
            "timestamp": "2022-08-09T00:04:42.373000"
        },
        {
            "utterance_id": 8,
            "interlocutor_id": "AI",
            "text": "So, what type of Chinese did you go to?",
            "timestamp": "2022-08-09T00:04:59.529000"
        },
        {
            "utterance_id": 9,
            "interlocutor_id": "AA",
            "text": "What was it? It was a department store restaurant, and it felt pretty authentic",
            "timestamp": "2022-08-09T00:06:05.528000"
        },
        {
            "utterance_id": 10,
            "interlocutor_id": "AI",
            "text": "Well, as long as it’s delicious, that’s fine",
            "timestamp": "2022-08-09T00:06:06.401000"
        },
        {
            "utterance_id": 11,
            "interlocutor_id": "AA",
            "text": "I was searching for it online, but I can’t remember the name. Even though I go there often!",
            "timestamp": "2022-08-09T00:06:32.182000"
        },
        {
            "utterance_id": 12,
            "interlocutor_id": "AI",
            "text": "Recently, I've been into Yunnan cuisine",
            "timestamp": "2022-08-09T00:06:51.030000"
        },
        {
            "utterance_id": 13,
            "interlocutor_id": "AA",
            "text": "Oh! What kind of food is that?",
            "timestamp": "2022-08-09T00:07:15.752000"
        },
        {
            "utterance_id": 14,
            "interlocutor_id": "AI",
            "text": "It feels like a more niche version of Sichuan cuisine",
            "timestamp": "2022-08-09T00:07:39.541000"
        },
        {
            "utterance_id": 15,
            "interlocutor_id": "AA",
            "text": "Oh, I see! That's amazing",
            "timestamp": "2022-08-09T00:07:58.391000"
        },
        {
            "utterance_id": 16,
            "interlocutor_id": "AI",
            "text": "It has noodles and herbal medicine dishes, and surprisingly, it feels somewhat Japanese",
            "timestamp": "2022-08-09T00:08:17.624000"
        },
        {
            "utterance_id": 17,
            "interlocutor_id": "AA",
            "text": "It seems like a mix of various tribal cuisines",
            "timestamp": "2022-08-09T00:08:40.407000"
        },
        {
            "utterance_id": 18,
            "interlocutor_id": "AI",
            "text": "Yes, I wonder if it was like that in places like Namban during the Three Kingdoms period",
            "timestamp": "2022-08-09T00:09:11.722000"
        },
        {
            "utterance_id": 19,
            "interlocutor_id": "AA",
            "text": "Eating the food sparks such imaginations, doesn't it?",
            "timestamp": "2022-08-09T00:09:26.205000"
        },
        {
            "utterance_id": 20,
            "interlocutor_id": "AI",
            "text": "It seems like it would be hard to travel there",
            "timestamp": "2022-08-09T00:09:43.538000"
        },
        {
            "utterance_id": 21,
            "interlocutor_id": "AA",
            "text": "Yes, I want to enjoy the atmosphere through the food",
            "timestamp": "2022-08-09T00:10:11.967000"
        },
        {
            "utterance_id": 22,
            "interlocutor_id": "AI",
            "text": "There are various types of Chinese food, so it's interesting to explore new places",
            "timestamp": "2022-08-09T00:10:43.112000"
        },
        {
            "utterance_id": 23,
            "interlocutor_id": "AA",
            "text": "Indeed! Do you ever eat out alone?",
            "timestamp": "2022-08-09T00:11:03.500000"
        },
        {
            "utterance_id": 24,
            "interlocutor_id": "AI",
            "text": "Occasionally, I do",
            "timestamp": "2022-08-09T00:11:14.037000"
        },
        {
            "utterance_id": 25,
            "interlocutor_id": "AA",
            "text": "I see, what type of cuisine do you usually have?",
            "timestamp": "2022-08-09T00:11:52.177000"
        },
        {
            "utterance_id": 26,
            "interlocutor_id": "AI",
            "text": "There are various cases, but my recent favorite is a shop that serves barley rice",
            "timestamp": "2022-08-09T00:12:14.079000"
        },
        {
            "utterance_id": 27,
            "interlocutor_id": "AA",
            "text": "A barley rice shop! How intriguing",
            "timestamp": "2022-08-09T00:12:26.233000"
        },
        {
            "utterance_id": 28,
            "interlocutor_id": "AI",
            "text": "Perhaps it’s because it’s near a major hospital, but it’s popular for being healthy",
            "timestamp": "2022-08-09T00:12:43.715000"
        },
        {
            "utterance_id": 29,
            "interlocutor_id": "AA",
            "text": "I wonder if that intention comes from the hospital's side too.",
            "timestamp": "2022-08-09T00:13:03.371000"
        }
    ],
    "evaluations": [
        {
            "interlocutor_id": "AI",
            "informativeness": 5,
            "comprehension": 5,
            "familiarity": 5,
            "interest": 5,
            "proactiveness": 5,
            "satisfaction": 5
        },
        {
            "interlocutor_id": "AA",
            "informativeness": 5,
            "comprehension": 5,
            "familiarity": 5,
            "interest": 5,
            "proactiveness": 5,
            "satisfaction": 5
        }
    ]
}