{
    "dialogue_id": 121,
    "interlocutors": [
        "AI",
        "AA"
    ],
    "utterances": [
        {
            "utterance_id": 0,
            "interlocutor_id": "AI",
            "text": "Thank you in advance",
            "timestamp": "2022-08-08T23:40:35.308000"
        },
        {
            "utterance_id": 1,
            "interlocutor_id": "AA",
            "text": "Thank you very much",
            "timestamp": "2022-08-08T23:40:36.839000"
        },
        {
            "utterance_id": 2,
            "interlocutor_id": "AI",
            "text": "Do you have plans for tomorrow?",
            "timestamp": "2022-08-08T23:40:46.848000"
        },
        {
            "utterance_id": 3,
            "interlocutor_id": "AA",
            "text": "Tomorrow, I have my main job of working from home!",
            "timestamp": "2022-08-08T23:41:01.819000"
        },
        {
            "utterance_id": 4,
            "interlocutor_id": "AI",
            "text": "I see, that's great for business!",
            "timestamp": "2022-08-08T23:41:19.109000"
        },
        {
            "utterance_id": 5,
            "interlocutor_id": "AA",
            "text": "I hope so, but...",
            "timestamp": "2022-08-08T23:41:31.373000"
        },
        {
            "utterance_id": 6,
            "interlocutor_id": "AI",
            "text": "No, no, just having work is a blessing, let's think that way",
            "timestamp": "2022-08-08T23:41:51.094000"
        },
        {
            "utterance_id": 7,
            "interlocutor_id": "AA",
            "text": "That's true. I'm grateful that I can receive my salary properly.",
            "timestamp": "2022-08-08T23:42:14.388000"
        },
        {
            "utterance_id": 8,
            "interlocutor_id": "AI",
            "text": "In the age of AI, workers might really become unnecessary",
            "timestamp": "2022-08-08T23:42:36.453000"
        },
        {
            "utterance_id": 9,
            "interlocutor_id": "AA",
            "text": "That's right. Recently, AI has been drawing illustrations, and they are quite well-received, so it's a bit concerning.",
            "timestamp": "2022-08-08T23:43:12.644000"
        },
        {
            "utterance_id": 10,
            "interlocutor_id": "AI",
            "text": "The shogi player Watanabe has posted about how to interact with AI on YouTube, and it's helpful",
            "timestamp": "2022-08-08T23:43:39.151000"
        },
        {
            "utterance_id": 11,
            "interlocutor_id": "AA",
            "text": "I see. It's great that a professional in the field explains it in those videos.",
            "timestamp": "2022-08-08T23:44:22.113000"
        },
        {
            "utterance_id": 12,
            "interlocutor_id": "AI",
            "text": "Indeed, in the sense that he has reached the level of a master by utilizing AI, he can be considered a leading user of AI",
            "timestamp": "2022-08-08T23:44:48.892000"
        },
        {
            "utterance_id": 13,
            "interlocutor_id": "AA",
            "text": "His thinking is flexible, right? It's something that’s hard to imitate",
            "timestamp": "2022-08-08T23:45:24.344000"
        },
        {
            "utterance_id": 14,
            "interlocutor_id": "AI",
            "text": "Another impressive thing is the ability to explain extremely fine changes at a professional level in a way that even I can understand",
            "timestamp": "2022-08-08T23:45:59.118000"
        },
        {
            "utterance_id": 15,
            "interlocutor_id": "AA",
            "text": "I've heard that those who are truly quick-minded are good at explaining things to anyone",
            "timestamp": "2022-08-08T23:46:46.405000"
        },
        {
            "utterance_id": 16,
            "interlocutor_id": "AI",
            "text": "It’s easy to imagine there being an enormous amount of research behind it",
            "timestamp": "2022-08-08T23:47:08.893000"
        },
        {
            "utterance_id": 17,
            "interlocutor_id": "AA",
            "text": "It means that it is backed by a large amount of quantitative data...",
            "timestamp": "2022-08-08T23:47:47.025000"
        },
        {
            "utterance_id": 18,
            "interlocutor_id": "AI",
            "text": "AI assesses which side has the advantage in this situation, but how to reach that situation is human work",
            "timestamp": "2022-08-08T23:48:23.566000"
        },
        {
            "utterance_id": 19,
            "interlocutor_id": "AA",
            "text": "It is humans who carry the process leading to the decision",
            "timestamp": "2022-08-08T23:48:56.130000"
        },
        {
            "utterance_id": 20,
            "interlocutor_id": "AI",
            "text": "They spoke passionately about that",
            "timestamp": "2022-08-08T23:49:10.779000"
        },
        {
            "utterance_id": 21,
            "interlocutor_id": "AA",
            "text": "I'm a little interested. I think I'll watch that video tomorrow!",
            "timestamp": "2022-08-08T23:49:34.878000"
        },
        {
            "utterance_id": 22,
            "interlocutor_id": "AI",
            "text": "It's a pretty good video. It’s even more interesting if you understand shogi reasonably well.",
            "timestamp": "2022-08-08T23:49:56.915000"
        },
        {
            "utterance_id": 23,
            "interlocutor_id": "AA",
            "text": "Do you also play shogi?",
            "timestamp": "2022-08-08T23:50:10.887000"
        },
        {
            "utterance_id": 24,
            "interlocutor_id": "AI",
            "text": "I might have just said something embarrassing",
            "timestamp": "2022-08-08T23:50:22.539000"
        },
        {
            "utterance_id": 25,
            "interlocutor_id": "AA",
            "text": "Huh, did something happen?",
            "timestamp": "2022-08-08T23:50:34.681000"
        },
        {
            "utterance_id": 26,
            "interlocutor_id": "AI",
            "text": "Before Watanabe's explanation, I thought it was shameless to say “if you understand shogi”",
            "timestamp": "2022-08-08T23:50:54.993000"
        },
        {
            "utterance_id": 27,
            "interlocutor_id": "AA",
            "text": "In front of such a master, everyone becomes like that. At least for me, I don’t understand at all, so it can be said to be an appropriate expression!",
            "timestamp": "2022-08-08T23:51:45.128000"
        },
        {
            "utterance_id": 28,
            "interlocutor_id": "AI",
            "text": "I'll correct it to \"if you are someone who enjoys shogi”",
            "timestamp": "2022-08-08T23:52:05.753000"
        },
        {
            "utterance_id": 29,
            "interlocutor_id": "AA",
            "text": "I see, that's more appropriate.",
            "timestamp": "2022-08-08T23:52:20.947000"
        }
    ],
    "evaluations": [
        {
            "interlocutor_id": "AI",
            "informativeness": 5,
            "comprehension": 5,
            "familiarity": 5,
            "interest": 5,
            "proactiveness": 5,
            "satisfaction": 5
        },
        {
            "interlocutor_id": "AA",
            "informativeness": 5,
            "comprehension": 5,
            "familiarity": 5,
            "interest": 5,
            "proactiveness": 5,
            "satisfaction": 5
        }
    ]
}