{
    "dialogue_id": 128,
    "interlocutors": [
        "AA",
        "AI"
    ],
    "utterances": [
        {
            "utterance_id": 0,
            "interlocutor_id": "AA",
            "text": "Good morning.",
            "timestamp": "2022-08-09T07:12:37.887000"
        },
        {
            "utterance_id": 1,
            "interlocutor_id": "AI",
            "text": "Good morning.",
            "timestamp": "2022-08-09T07:12:43.557000"
        },
        {
            "utterance_id": 2,
            "interlocutor_id": "AA",
            "text": "How do you plan to spend this week?",
            "timestamp": "2022-08-09T07:12:50.945000"
        },
        {
            "utterance_id": 3,
            "interlocutor_id": "AI",
            "text": "I think I might go get some vegetables and fruits this weekend.",
            "timestamp": "2022-08-09T07:13:13.008000"
        },
        {
            "utterance_id": 4,
            "interlocutor_id": "AA",
            "text": "Ah, that sounds nice. Do you have any specific vegetables in mind?",
            "timestamp": "2022-08-09T07:13:43.060000"
        },
        {
            "utterance_id": 5,
            "interlocutor_id": "AI",
            "text": "I have decided on fruits, grapes.",
            "timestamp": "2022-08-09T07:14:01.980000"
        },
        {
            "utterance_id": 6,
            "interlocutor_id": "AA",
            "text": "Oh, are you thinking of Shine Muscat?",
            "timestamp": "2022-08-09T07:14:13.772000"
        },
        {
            "utterance_id": 7,
            "interlocutor_id": "AI",
            "text": "I think it's still early for Shine Muscat; I'm aiming for a variety called Chichibu Ruby.",
            "timestamp": "2022-08-09T07:14:31.978000"
        },
        {
            "utterance_id": 8,
            "interlocutor_id": "AA",
            "text": "Chichibu Ruby! I think that became popular after being aired on TV last year or something.",
            "timestamp": "2022-08-09T07:14:59.302000"
        },
        {
            "utterance_id": 9,
            "interlocutor_id": "AI",
            "text": "Oh, is that so? If it becomes too popular, I might have a hard time.",
            "timestamp": "2022-08-09T07:15:15.934000"
        },
        {
            "utterance_id": 10,
            "interlocutor_id": "AA",
            "text": "Do you often eat it?",
            "timestamp": "2022-08-09T07:15:56.044000"
        },
        {
            "utterance_id": 11,
            "interlocutor_id": "AI",
            "text": "No, I found out about it last year but missed my chance to buy it.",
            "timestamp": "2022-08-09T07:16:11.395000"
        },
        {
            "utterance_id": 12,
            "interlocutor_id": "AA",
            "text": "Oh, I see. I'm looking forward to it.",
            "timestamp": "2022-08-09T07:16:22.878000"
        },
        {
            "utterance_id": 13,
            "interlocutor_id": "AI",
            "text": "Yes, I'm thinking I can somehow get it this year.",
            "timestamp": "2022-08-09T07:16:05.532000"
        },
        {
            "utterance_id": 14,
            "interlocutor_id": "AA",
            "text": "Have you decided where to buy it from?",
            "timestamp": "2022-08-09T07:16:57.927000"
        },
        {
            "utterance_id": 15,
            "interlocutor_id": "AI",
            "text": "Yes, for now, I'm aiming for a specific place.",
            "timestamp": "2022-08-09T07:16:38.005000"
        },
        {
            "utterance_id": 16,
            "interlocutor_id": "AA",
            "text": "Oh! If that's the case, it sounds like you'll be able to buy it!",
            "timestamp": "2022-08-09T07:16:54.309000"
        },
        {
            "utterance_id": 17,
            "interlocutor_id": "AI",
            "text": "Even if I fail, I won't give up; that's my indomitable spirit.",
            "timestamp": "2022-08-09T07:17:05.375000"
        },
        {
            "utterance_id": 18,
            "interlocutor_id": "AA",
            "text": "That's a very good spirit, please do your best!",
            "timestamp": "2022-08-09T07:17:22.061000"
        },
        {
            "utterance_id": 19,
            "interlocutor_id": "AI",
            "text": "Besides that, there's the hometown tax donation.",
            "timestamp": "2022-08-09T07:17:33.043000"
        },
        {
            "utterance_id": 20,
            "interlocutor_id": "AA",
            "text": "Ah, my mother does that, and this year we received peaches and mangoes.",
            "timestamp": "2022-08-09T07:17:50.098000"
        },
        {
            "utterance_id": 21,
            "interlocutor_id": "AI",
            "text": "That's right, it's getting to be summer, so the fruit donations will start soon.",
            "timestamp": "2022-08-09T07:18:09.093000"
        },
        {
            "utterance_id": 22,
            "interlocutor_id": "AA",
            "text": "That's nice. Are you getting fruits from there too?",
            "timestamp": "2022-08-09T07:18:52.662000"
        },
        {
            "utterance_id": 23,
            "interlocutor_id": "AI",
            "text": "I think I'll start with plums.",
            "timestamp": "2022-08-09T07:18:52.726000"
        },
        {
            "utterance_id": 24,
            "interlocutor_id": "AA",
            "text": "Oh, plums. Do you eat them fresh?",
            "timestamp": "2022-08-09T07:18:45.978000"
        },
        {
            "utterance_id": 25,
            "interlocutor_id": "AI",
            "text": "Yes, I love them because they're juicy.",
            "timestamp": "2022-08-09T07:18:58.330000"
        },
        {
            "utterance_id": 26,
            "interlocutor_id": "AA",
            "text": "That's nice! When I think of plums, I tend to imagine dried ones.",
            "timestamp": "2022-08-09T07:19:14.744000"
        },
        {
            "utterance_id": 27,
            "interlocutor_id": "AI",
            "text": "From now on, we'll have grapes and apples; autumn is really nice, isn't it?",
            "timestamp": "2022-08-09T07:19:37.731000"
        },
        {
            "utterance_id": 28,
            "interlocutor_id": "AA",
            "text": "I hope this year's harvest is abundant.",
            "timestamp": "2022-08-09T07:19:51.554000"
        },
        {
            "utterance_id": 29,
            "interlocutor_id": "AI",
            "text": "I'm currently undecided about where to go.",
            "timestamp": "2022-08-09T07:20:03.627000"
        }
    ],
    "evaluations": [
        {
            "interlocutor_id": "AA",
            "informativeness": 5,
            "comprehension": 5,
            "familiarity": 5,
            "interest": 5,
            "proactiveness": 5,
            "satisfaction": 5
        },
        {
            "interlocutor_id": "AI",
            "informativeness": 5,
            "comprehension": 5,
            "familiarity": 5,
            "interest": 5,
            "proactiveness": 5,
            "satisfaction": 5
        }
    ]
}