{
    "dialogue_id": 125,
    "interlocutors": [
        "AI",
        "AA"
    ],
    "utterances": [
        {
            "utterance_id": 0,
            "interlocutor_id": "AI",
            "text": "Thank you very much",
            "timestamp": "2022-08-09T00:21:18.887000"
        },
        {
            "utterance_id": 1,
            "interlocutor_id": "AA",
            "text": "Thank you very much.",
            "timestamp": "2022-08-09T00:21:21.300000"
        },
        {
            "utterance_id": 2,
            "interlocutor_id": "AI",
            "text": "Actually, I finally made the decision and bought it the other day",
            "timestamp": "2022-08-09T00:21:37.808000"
        },
        {
            "utterance_id": 3,
            "interlocutor_id": "AA",
            "text": "Oh really! What did you purchase?",
            "timestamp": "2022-08-09T00:21:48.689000"
        },
        {
            "utterance_id": 4,
            "interlocutor_id": "AI",
            "text": "A massage chair",
            "timestamp": "2022-08-09T00:22:09.540000"
        },
        {
            "utterance_id": 5,
            "interlocutor_id": "AA",
            "text": "No way!!!",
            "timestamp": "2022-08-09T00:22:20.782000"
        },
        {
            "utterance_id": 6,
            "interlocutor_id": "AI",
            "text": "After much consideration, I bought it",
            "timestamp": "2022-08-09T00:22:35.260000"
        },
        {
            "utterance_id": 7,
            "interlocutor_id": "AA",
            "text": "It's big, so it's a tough decision, isn't it?",
            "timestamp": "2022-08-09T00:22:55.083000"
        },
        {
            "utterance_id": 8,
            "interlocutor_id": "AI",
            "text": "A little while ago, I stayed in a hotel that had a massage chair",
            "timestamp": "2022-08-09T00:23:17.456000"
        },
        {
            "utterance_id": 9,
            "interlocutor_id": "AA",
            "text": "Oh, that sounds nice. Was it really good?",
            "timestamp": "2022-08-09T00:23:29.885000"
        },
        {
            "utterance_id": 10,
            "interlocutor_id": "AI",
            "text": "It was like all my fatigue was blown away",
            "timestamp": "2022-08-09T00:23:41.495000"
        },
        {
            "utterance_id": 11,
            "interlocutor_id": "AA",
            "text": "Wow, that sounds amazing",
            "timestamp": "2022-08-09T00:23:48.240000"
        },
        {
            "utterance_id": 12,
            "interlocutor_id": "AI",
            "text": "I'm really starting to get concerned about my shoulder stiffness at this age",
            "timestamp": "2022-08-09T00:24:04.885000"
        },
        {
            "utterance_id": 13,
            "interlocutor_id": "AA",
            "text": "They say it gets more concerning year by year",
            "timestamp": "2022-08-09T00:24:25.934000"
        },
        {
            "utterance_id": 14,
            "interlocutor_id": "AI",
            "text": "I thought I was fine for a while",
            "timestamp": "2022-08-09T00:24:49.314000"
        },
        {
            "utterance_id": 15,
            "interlocutor_id": "AA",
            "text": "Was it not okay?",
            "timestamp": "2022-08-09T00:24:58.246000"
        },
        {
            "utterance_id": 16,
            "interlocutor_id": "AI",
            "text": "Yes, it turned out to be just my imagination; you can't win against age, after all",
            "timestamp": "2022-08-09T00:25:14.486000"
        },
        {
            "utterance_id": 17,
            "interlocutor_id": "AA",
            "text": "Oh, I see... But that led to your decision to get a massage chair, right?",
            "timestamp": "2022-08-09T00:25:36.988000"
        },
        {
            "utterance_id": 18,
            "interlocutor_id": "AI",
            "text": "Yes, I thought if I was going to worry about it, I might as well just buy it",
            "timestamp": "2022-08-09T00:25:53.733000"
        },
        {
            "utterance_id": 19,
            "interlocutor_id": "AA",
            "text": "That's a bold decision!",
            "timestamp": "2022-08-09T00:26:21.812000"
        },
        {
            "utterance_id": 20,
            "interlocutor_id": "AI",
            "text": "I can't say much until I try it out, though",
            "timestamp": "2022-08-09T00:26:30.201000"
        },
        {
            "utterance_id": 21,
            "interlocutor_id": "AA",
            "text": "That's true. Did you try any at the electronics store?",
            "timestamp": "2022-08-09T00:26:49.051000"
        },
        {
            "utterance_id": 22,
            "interlocutor_id": "AI",
            "text": "I tried a lot of them",
            "timestamp": "2022-08-09T00:27:00.118000"
        },
        {
            "utterance_id": 23,
            "interlocutor_id": "AA",
            "text": "There are so many, so you probably had a tough time deciding!",
            "timestamp": "2022-08-09T00:27:23.098000"
        },
        {
            "utterance_id": 24,
            "interlocutor_id": "AI",
            "text": "But I sat on all of them, and surprisingly, the conclusion came easily",
            "timestamp": "2022-08-09T00:27:44.028000"
        },
        {
            "utterance_id": 25,
            "interlocutor_id": "AA",
            "text": "Is that so? That's impressive",
            "timestamp": "2022-08-09T00:28:03.802000"
        },
        {
            "utterance_id": 26,
            "interlocutor_id": "AI",
            "text": "As a benchmark, I have the one I used at the hotel as a reference",
            "timestamp": "2022-08-09T00:28:18.629000"
        },
        {
            "utterance_id": 27,
            "interlocutor_id": "AA",
            "text": "I see, that makes sense. It’s great that you have a standard to compare against",
            "timestamp": "2022-08-09T00:28:40.928000"
        },
        {
            "utterance_id": 28,
            "interlocutor_id": "AI",
            "text": "It's interesting that you can end up choosing something that's somewhat similar",
            "timestamp": "2022-08-09T00:29:05.690000"
        },
        {
            "utterance_id": 29,
            "interlocutor_id": "AA",
            "text": "Indeed. It felt like the path was somewhat indicated for me,",
            "timestamp": "2022-08-09T00:29:21.865000"
        }
    ],
    "evaluations": [
        {
            "interlocutor_id": "AI",
            "informativeness": 5,
            "comprehension": 5,
            "familiarity": 5,
            "interest": 5,
            "proactiveness": 5,
            "satisfaction": 5
        },
        {
            "interlocutor_id": "AA",
            "informativeness": 5,
            "comprehension": 5,
            "familiarity": 5,
            "interest": 5,
            "proactiveness": 5,
            "satisfaction": 5
        }
    ]
}