{
    "dialogue_id": 124,
    "interlocutors": [
        "AA",
        "AI"
    ],
    "utterances": [
        {
            "utterance_id": 0,
            "interlocutor_id": "AA",
            "text": "Thank you very much.",
            "timestamp": "2022-08-09T00:13:23.549000"
        },
        {
            "utterance_id": 1,
            "interlocutor_id": "AI",
            "text": "Thank you.",
            "timestamp": "2022-08-09T00:13:34.098000"
        },
        {
            "utterance_id": 2,
            "interlocutor_id": "AA",
            "text": "Are you good at waking up early in the morning?",
            "timestamp": "2022-08-09T00:13:35.730000"
        },
        {
            "utterance_id": 3,
            "interlocutor_id": "AI",
            "text": "I'm relatively good at it.",
            "timestamp": "2022-08-09T00:13:45.657000"
        },
        {
            "utterance_id": 4,
            "interlocutor_id": "AA",
            "text": "Oh, so you naturally wake up?",
            "timestamp": "2022-08-09T00:13:55.578000"
        },
        {
            "utterance_id": 5,
            "interlocutor_id": "AI",
            "text": "Perhaps thanks to the advancing years.",
            "timestamp": "2022-08-09T00:14:08.908000"
        },
        {
            "utterance_id": 6,
            "interlocutor_id": "AA",
            "text": "I don't think that's true!",
            "timestamp": "2022-08-09T00:14:21.876000"
        },
        {
            "utterance_id": 7,
            "interlocutor_id": "AI",
            "text": "No, when I was younger, I loved sleeping.",
            "timestamp": "2022-08-09T00:14:34.746000"
        },
        {
            "utterance_id": 8,
            "interlocutor_id": "AA",
            "text": "Oh, is that so?",
            "timestamp": "2022-08-09T00:14:45.139000"
        },
        {
            "utterance_id": 9,
            "interlocutor_id": "AI",
            "text": "Yes, I used to sleep in the morning, afternoon, evening, and night.",
            "timestamp": "2022-08-09T00:15:00.263000"
        },
        {
            "utterance_id": 10,
            "interlocutor_id": "AA",
            "text": "I understand, I love sleeping too.",
            "timestamp": "2022-08-09T00:15:18.560000"
        },
        {
            "utterance_id": 11,
            "interlocutor_id": "AI",
            "text": "But somehow, I've come to wake up in the morning naturally.",
            "timestamp": "2022-08-09T00:15:37.084000"
        },
        {
            "utterance_id": 12,
            "interlocutor_id": "AA",
            "text": "Wow, that's wonderful. You wake up with the morning light, right?",
            "timestamp": "2022-08-09T00:15:58.860000"
        },
        {
            "utterance_id": 13,
            "interlocutor_id": "AI",
            "text": "I might wake up while it's still dark.",
            "timestamp": "2022-08-09T00:16:11.956000"
        },
        {
            "utterance_id": 14,
            "interlocutor_id": "AA",
            "text": "Do you sleep soundly?",
            "timestamp": "2022-08-09T00:16:28.506000"
        },
        {
            "utterance_id": 15,
            "interlocutor_id": "AI",
            "text": "I think my sleep is of good quality.",
            "timestamp": "2022-08-09T00:16:38.986000"
        },
        {
            "utterance_id": 16,
            "interlocutor_id": "AA",
            "text": "Is it because you use a good pillow?",
            "timestamp": "2022-08-09T00:16:50.746000"
        },
        {
            "utterance_id": 17,
            "interlocutor_id": "AI",
            "text": "It might be effective since I have double-glazed windows for soundproofing.",
            "timestamp": "2022-08-09T00:17:09.984000"
        },
        {
            "utterance_id": 18,
            "interlocutor_id": "AA",
            "text": "Double-glazed windows! That’s nice!",
            "timestamp": "2022-08-09T00:17:23.108000"
        },
        {
            "utterance_id": 19,
            "interlocutor_id": "AI",
            "text": "It's two birds with one stone due to being on a main street and playing the piano.",
            "timestamp": "2022-08-09T00:17:39.695000"
        },
        {
            "utterance_id": 20,
            "interlocutor_id": "AA",
            "text": "Indeed. That's a nice choice.",
            "timestamp": "2022-08-09T00:17:55.988000"
        },
        {
            "utterance_id": 21,
            "interlocutor_id": "AI",
            "text": "Air conditioning and heating work well too.",
            "timestamp": "2022-08-09T00:18:10.281000"
        },
        {
            "utterance_id": 22,
            "interlocutor_id": "AA",
            "text": "That’s great for the electricity bill!",
            "timestamp": "2022-08-09T00:18:24.653000"
        },
        {
            "utterance_id": 23,
            "interlocutor_id": "AI",
            "text": "The tough situation is a pleasantly cool summer like last week.",
            "timestamp": "2022-08-09T00:18:40.282000"
        },
        {
            "utterance_id": 24,
            "interlocutor_id": "AA",
            "text": "Ah, I can somewhat guess.",
            "timestamp": "2022-08-09T00:18:50.496000"
        },
        {
            "utterance_id": 25,
            "interlocutor_id": "AI",
            "text": "Ideally, I’d want to open the window and enjoy the natural breeze.",
            "timestamp": "2022-08-09T00:19:06.360000"
        },
        {
            "utterance_id": 26,
            "interlocutor_id": "AA",
            "text": "Yes, yes.",
            "timestamp": "2022-08-09T00:19:18.442000"
        },
        {
            "utterance_id": 27,
            "interlocutor_id": "AI",
            "text": "My eyes are wide awake due to the sound of cars.",
            "timestamp": "2022-08-09T00:20:02.571000"
        },
        {
            "utterance_id": 28,
            "interlocutor_id": "AA",
            "text": "Being on a main street, there must be a lot of cars. You can’t just open the window.",
            "timestamp": "2022-08-09T00:20:32.906000"
        },
        {
            "utterance_id": 29,
            "interlocutor_id": "AI",
            "text": "That’s right, that’s the tough part.",
            "timestamp": "2022-08-09T00:20:43.832000"
        }
    ],
    "evaluations": [
        {
            "interlocutor_id": "AA",
            "informativeness": 5,
            "comprehension": 5,
            "familiarity": 5,
            "interest": 5,
            "proactiveness": 5,
            "satisfaction": 5
        },
        {
            "interlocutor_id": "AI",
            "informativeness": 5,
            "comprehension": 5,
            "familiarity": 5,
            "interest": 5,
            "proactiveness": 5,
            "satisfaction": 5
        }
    ]
}