{
    "dialogue_id": 132,
    "interlocutors": [
        "AA",
        "AI"
    ],
    "utterances": [
        {
            "utterance_id": 0,
            "interlocutor_id": "AA",
            "text": "Good morning.",
            "timestamp": "2022-08-09T07:50:52.831000"
        },
        {
            "utterance_id": 1,
            "interlocutor_id": "AI",
            "text": "Good morning.",
            "timestamp": "2022-08-09T07:51:04.355000"
        },
        {
            "utterance_id": 2,
            "interlocutor_id": "AA",
            "text": "Conversely, where is a place that left a lasting impression on you?",
            "timestamp": "2022-08-09T07:51:14.197000"
        },
        {
            "utterance_id": 3,
            "interlocutor_id": "AI",
            "text": "Oh, is that how it is?",
            "timestamp": "2022-08-09T07:51:25.091000"
        },
        {
            "utterance_id": 4,
            "interlocutor_id": "AA",
            "text": "It sure is!",
            "timestamp": "2022-08-09T07:51:28.333000"
        },
        {
            "utterance_id": 5,
            "interlocutor_id": "AI",
            "text": "What immediately comes to mind is Cape Roca.",
            "timestamp": "2022-08-09T07:51:43.743000"
        },
        {
            "utterance_id": 6,
            "interlocutor_id": "AA",
            "text": "A cape, huh? To see the ocean?",
            "timestamp": "2022-08-09T07:51:53.644000"
        },
        {
            "utterance_id": 7,
            "interlocutor_id": "AI",
            "text": "Like the westernmost point of Europe?",
            "timestamp": "2022-08-09T07:52:05.733000"
        },
        {
            "utterance_id": 8,
            "interlocutor_id": "AA",
            "text": "Oh, so that led you to Portugal.",
            "timestamp": "2022-08-09T07:52:22.370000"
        },
        {
            "utterance_id": 9,
            "interlocutor_id": "AI",
            "text": "Portugal was really fun!",
            "timestamp": "2022-08-09T07:52:34.589000"
        },
        {
            "utterance_id": 10,
            "interlocutor_id": "AA",
            "text": "That sounds nice. It seems delightful.",
            "timestamp": "2022-08-09T07:52:45.513000"
        },
        {
            "utterance_id": 11,
            "interlocutor_id": "AI",
            "text": "After all, it's cheap.",
            "timestamp": "2022-08-09T07:52:52.558000"
        },
        {
            "utterance_id": 12,
            "interlocutor_id": "AA",
            "text": "In terms of prices! But travel costs seem high.",
            "timestamp": "2022-08-09T07:53:10.952000"
        },
        {
            "utterance_id": 13,
            "interlocutor_id": "AI",
            "text": "Oh, by the way, in Portugal, I had an incredible experience that was terrifying.",
            "timestamp": "2022-08-09T07:53:32.440000"
        },
        {
            "utterance_id": 14,
            "interlocutor_id": "AA",
            "text": "Really! I’m curious about that!!",
            "timestamp": "2022-08-09T07:53:39.183000"
        },
        {
            "utterance_id": 15,
            "interlocutor_id": "AI",
            "text": "In a port town called Nazaré, I met an older Japanese person at the hotel.",
            "timestamp": "2022-08-09T07:54:00.210000"
        },
        {
            "utterance_id": 16,
            "interlocutor_id": "AA",
            "text": "Oh, I see! I've heard of Nazaré.",
            "timestamp": "2022-08-09T07:54:21.181000"
        },
        {
            "utterance_id": 17,
            "interlocutor_id": "AI",
            "text": "Now, here comes the main part of the story.",
            "timestamp": "2022-08-09T07:54:31.597000"
        },
        {
            "utterance_id": 18,
            "interlocutor_id": "AA",
            "text": "Yes!",
            "timestamp": "2022-08-09T07:54:40.831000"
        },
        {
            "utterance_id": 19,
            "interlocutor_id": "AI",
            "text": "The next day, after touring the University of Coimbra, when I opened the door, that person came out from the other side.",
            "timestamp": "2022-08-09T07:55:04.312000"
        },
        {
            "utterance_id": 20,
            "interlocutor_id": "AA",
            "text": "My heart started racing.",
            "timestamp": "2022-08-09T07:55:24.909000"
        },
        {
            "utterance_id": 21,
            "interlocutor_id": "AI",
            "text": "Furthermore, the next day, I ran into them by chance at a restaurant in Porto.",
            "timestamp": "2022-08-09T07:55:57.553000"
        },
        {
            "utterance_id": 22,
            "interlocutor_id": "AA",
            "text": "No way! That actually happened!",
            "timestamp": "2022-08-09T07:56:08.425000"
        },
        {
            "utterance_id": 23,
            "interlocutor_id": "AI",
            "text": "At my final destination, I ran into them again in a city across the border in Spain.",
            "timestamp": "2022-08-09T07:56:32.322000"
        },
        {
            "utterance_id": 24,
            "interlocutor_id": "AA",
            "text": "That's just fate.",
            "timestamp": "2022-08-09T07:56:41.063000"
        },
        {
            "utterance_id": 25,
            "interlocutor_id": "AI",
            "text": "The fear of having the same schedule set up.",
            "timestamp": "2022-08-09T07:56:52.896000"
        },
        {
            "utterance_id": 26,
            "interlocutor_id": "AA",
            "text": "You didn't have any conversations or anything like that, right?",
            "timestamp": "2022-08-09T07:57:15.652000"
        },
        {
            "utterance_id": 27,
            "interlocutor_id": "AI",
            "text": "We talked about greetings and recent events, but we definitely didn’t coordinate our destinations.",
            "timestamp": "2022-08-09T07:57:37.509000"
        },
        {
            "utterance_id": 28,
            "interlocutor_id": "AA",
            "text": "That’s a bit scary.",
            "timestamp": "2022-08-09T07:57:47.063000"
        },
        {
            "utterance_id": 29,
            "interlocutor_id": "AI",
            "text": "Despite the fact that I was traveling by car and they by train, it’s amazing that we hit bingo this much.",
            "timestamp": "2022-08-09T07:58:11.385000"
        }
    ],
    "evaluations": [
        {
            "interlocutor_id": "AA",
            "informativeness": 5,
            "comprehension": 5,
            "familiarity": 5,
            "interest": 5,
            "proactiveness": 5,
            "satisfaction": 5
        },
        {
            "interlocutor_id": "AI",
            "informativeness": 5,
            "comprehension": 5,
            "familiarity": 5,
            "interest": 5,
            "proactiveness": 5,
            "satisfaction": 5
        }
    ]
}