{
    "dialogue_id": 135,
    "interlocutors": [
        "AI",
        "AA"
    ],
    "utterances": [
        {
            "utterance_id": 0,
            "interlocutor_id": "AI",
            "text": "Good morning",
            "timestamp": "2022-08-09T08:18:19.254000"
        },
        {
            "utterance_id": 1,
            "interlocutor_id": "AA",
            "text": "Good morning.",
            "timestamp": "2022-08-09T08:18:24.390000"
        },
        {
            "utterance_id": 2,
            "interlocutor_id": "AI",
            "text": "Do you drink beer?",
            "timestamp": "2022-08-09T08:18:36.200000"
        },
        {
            "utterance_id": 3,
            "interlocutor_id": "AA",
            "text": "I don't drink beer; I can't stand the smell.",
            "timestamp": "2022-08-09T08:18:49.672000"
        },
        {
            "utterance_id": 4,
            "interlocutor_id": "AI",
            "text": "Oh, do you drink something else?",
            "timestamp": "2022-08-09T08:19:05.462000"
        },
        {
            "utterance_id": 5,
            "interlocutor_id": "AA",
            "text": "Mainly cocktails. They're expensive, though.",
            "timestamp": "2022-08-09T08:19:22.869000"
        },
        {
            "utterance_id": 6,
            "interlocutor_id": "AI",
            "text": "Cocktails are stylish and nice.",
            "timestamp": "2022-08-09T08:19:33.963000"
        },
        {
            "utterance_id": 7,
            "interlocutor_id": "AA",
            "text": "Yes, that's right. Cocktails don't have such a strong smell, so I can drink them.",
            "timestamp": "2022-08-09T08:19:53.703000"
        },
        {
            "utterance_id": 8,
            "interlocutor_id": "AI",
            "text": "Do you make them at home, or do you prefer going to a bar?",
            "timestamp": "2022-08-09T08:20:06.060000"
        },
        {
            "utterance_id": 9,
            "interlocutor_id": "AA",
            "text": "I prefer a bar.",
            "timestamp": "2022-08-09T08:20:23.383000"
        },
        {
            "utterance_id": 10,
            "interlocutor_id": "AI",
            "text": "It feels stylish and mature.",
            "timestamp": "2022-08-09T08:20:37.687000"
        },
        {
            "utterance_id": 11,
            "interlocutor_id": "AA",
            "text": "Not at all! I don't have proper tools for making them, so I think I might as well go out.",
            "timestamp": "2022-08-09T08:20:58.268000"
        },
        {
            "utterance_id": 12,
            "interlocutor_id": "AI",
            "text": "Perhaps there's value in having cocktails made stylishly for you.",
            "timestamp": "2022-08-09T08:21:19.454000"
        },
        {
            "utterance_id": 13,
            "interlocutor_id": "AA",
            "text": "Ah, I see. That might be true. I also enjoy the ambiance.",
            "timestamp": "2022-08-09T08:21:42.059000"
        },
        {
            "utterance_id": 14,
            "interlocutor_id": "AI",
            "text": "Oh, jazz?",
            "timestamp": "2022-08-09T08:21:53.139000"
        },
        {
            "utterance_id": 15,
            "interlocutor_id": "AA",
            "text": "Or the sound of ice. I like it because I can enjoy the overall experience.",
            "timestamp": "2022-08-09T08:22:12.482000"
        },
        {
            "utterance_id": 16,
            "interlocutor_id": "AI",
            "text": "Ah, that sounds nice. I haven't been able to enjoy that kind of thing.",
            "timestamp": "2022-08-09T08:22:25.771000"
        },
        {
            "utterance_id": 17,
            "interlocutor_id": "AA",
            "text": "It’s great, right? Enjoying with a bartender is also a pleasure.",
            "timestamp": "2022-08-09T08:22:53.563000"
        },
        {
            "utterance_id": 18,
            "interlocutor_id": "AI",
            "text": "Hmm, maybe I’ll give that a try.",
            "timestamp": "2022-08-09T08:23:12.385000"
        },
        {
            "utterance_id": 19,
            "interlocutor_id": "AA",
            "text": "Definitely! I hope you can casually enjoy drinks soon.",
            "timestamp": "2022-08-09T08:23:29.054000"
        },
        {
            "utterance_id": 20,
            "interlocutor_id": "AI",
            "text": "There are plenty of such places nearby.",
            "timestamp": "2022-08-09T08:23:44.993000"
        },
        {
            "utterance_id": 21,
            "interlocutor_id": "AA",
            "text": "Oh, that's nice! I can enjoy myself there.",
            "timestamp": "2022-08-09T08:24:00.745000"
        },
        {
            "utterance_id": 22,
            "interlocutor_id": "AI",
            "text": "But suddenly jumping into an unknown bar...",
            "timestamp": "2022-08-09T08:24:24.139000"
        },
        {
            "utterance_id": 23,
            "interlocutor_id": "AA",
            "text": "That's true. It can be a bit nerve-wracking. I always take a deep breath at the door.",
            "timestamp": "2022-08-09T08:24:44.420000"
        },
        {
            "utterance_id": 24,
            "interlocutor_id": "AI",
            "text": "Oh, it’s not that you often go to specific places?",
            "timestamp": "2022-08-09T08:24:58.735000"
        },
        {
            "utterance_id": 25,
            "interlocutor_id": "AA",
            "text": "It happens at any bar for me...",
            "timestamp": "2022-08-09T08:25:19.843000"
        },
        {
            "utterance_id": 26,
            "interlocutor_id": "AI",
            "text": "The bar probably wouldn’t refuse anyone, but...",
            "timestamp": "2022-08-09T08:25:43.090000"
        },
        {
            "utterance_id": 27,
            "interlocutor_id": "AA",
            "text": "That's true, but I wonder if my dress code is fine or if my makeup is smudged. It’s more about my feelings.",
            "timestamp": "2022-08-09T08:26:09.209000"
        },
        {
            "utterance_id": 28,
            "interlocutor_id": "AI",
            "text": "Ah, women have to pay attention to those things too; that sounds tough.",
            "timestamp": "2022-08-09T08:26:24.303000"
        },
        {
            "utterance_id": 29,
            "interlocutor_id": "AA",
            "text": "Yes, it might be a bit of a hassle.",
            "timestamp": "2022-08-09T08:26:48.134000"
        }
    ],
    "evaluations": [
        {
            "interlocutor_id": "AI",
            "informativeness": 5,
            "comprehension": 5,
            "familiarity": 5,
            "interest": 5,
            "proactiveness": 5,
            "satisfaction": 5
        },
        {
            "interlocutor_id": "AA",
            "informativeness": 5,
            "comprehension": 5,
            "familiarity": 5,
            "interest": 5,
            "proactiveness": 5,
            "satisfaction": 5
        }
    ]
}