{
    "dialogue_id": 131,
    "interlocutors": [
        "AI",
        "AA"
    ],
    "utterances": [
        {
            "utterance_id": 0,
            "interlocutor_id": "AI",
            "text": "Thank you very much.",
            "timestamp": "2022-08-09T07:38:51.212000"
        },
        {
            "utterance_id": 1,
            "interlocutor_id": "AA",
            "text": "Good morning.",
            "timestamp": "2022-08-09T07:38:52.371000"
        },
        {
            "utterance_id": 2,
            "interlocutor_id": "AI",
            "text": "Is there a memorable place you've been to?",
            "timestamp": "2022-08-09T07:39:24.660000"
        },
        {
            "utterance_id": 3,
            "interlocutor_id": "AA",
            "text": "Memorable place, let’s see, maybe Beppu in Oita Prefecture.",
            "timestamp": "2022-08-09T07:39:40.816000"
        },
        {
            "utterance_id": 4,
            "interlocutor_id": "AI",
            "text": "Oh, why Beppu?",
            "timestamp": "2022-08-09T07:39:50.357000"
        },
        {
            "utterance_id": 5,
            "interlocutor_id": "AA",
            "text": "It's originally my mother's hometown, but when I took my grandfather to a certain place in Beppu, he was so moved. That has stuck with me ever since.",
            "timestamp": "2022-08-09T07:40:24.771000"
        },
        {
            "utterance_id": 6,
            "interlocutor_id": "AI",
            "text": "I see, what did your grandfather like about it?",
            "timestamp": "2022-08-09T07:40:47.513000"
        },
        {
            "utterance_id": 7,
            "interlocutor_id": "AA",
            "text": "It was hard to express in words. I took him to the mountains. Local people have their usual places they go, so it seemed like it was his first time climbing.",
            "timestamp": "2022-08-09T07:41:29.684000"
        },
        {
            "utterance_id": 8,
            "interlocutor_id": "AI",
            "text": "I see, and then?",
            "timestamp": "2022-08-09T07:41:50.501000"
        },
        {
            "utterance_id": 9,
            "interlocutor_id": "AA",
            "text": "He kept saying thank you for bringing me here. At that time, I was like \"No problem!\" but the scene still lingers in my memory.",
            "timestamp": "2022-08-09T07:42:55.777000"
        },
        {
            "utterance_id": 10,
            "interlocutor_id": "AI",
            "text": "I wonder what he liked, why did he say thank you?",
            "timestamp": "2022-08-09T07:43:15.711000"
        },
        {
            "utterance_id": 11,
            "interlocutor_id": "AA",
            "text": "That’s right. He should have been used to climbing mountains. I thought about asking him, but he seemed really confused about it all. Maybe it was because it was a mountain where gods reside.",
            "timestamp": "2022-08-09T07:44:19.760000"
        },
        {
            "utterance_id": 12,
            "interlocutor_id": "AI",
            "text": "He must have felt something that only he could understand.",
            "timestamp": "2022-08-09T07:44:38.714000"
        },
        {
            "utterance_id": 13,
            "interlocutor_id": "AA",
            "text": "I think that’s true. I don’t think he was particularly religious, but",
            "timestamp": "2022-08-09T07:45:13.117000"
        },
        {
            "utterance_id": 14,
            "interlocutor_id": "AI",
            "text": "Did you go to Tsurumidake?",
            "timestamp": "2022-08-09T07:45:24.010000"
        },
        {
            "utterance_id": 15,
            "interlocutor_id": "AA",
            "text": "It’s the upper shrine of Hiokahimune Shrine, so, um, please wait a moment.",
            "timestamp": "2022-08-09T07:46:17.609000"
        },
        {
            "utterance_id": 16,
            "interlocutor_id": "AI",
            "text": "Yes, it’s Tsurumidake.",
            "timestamp": "2022-08-09T07:47:07.477000"
        },
        {
            "utterance_id": 17,
            "interlocutor_id": "AA",
            "text": "Right. Have you been there?",
            "timestamp": "2022-08-09T07:47:14.487000"
        },
        {
            "utterance_id": 18,
            "interlocutor_id": "AI",
            "text": "No, actually I haven’t. It’s a hard mode without a car.",
            "timestamp": "2022-08-09T07:47:35.955000"
        },
        {
            "utterance_id": 19,
            "interlocutor_id": "AA",
            "text": "That’s definitely true... I mean, Beppu is a bit inconvenient without a car.",
            "timestamp": "2022-08-09T07:47:55.001000"
        },
        {
            "utterance_id": 20,
            "interlocutor_id": "AI",
            "text": "When I traveled Kyushu, I only went by train as a student.",
            "timestamp": "2022-08-09T07:48:11.167000"
        },
        {
            "utterance_id": 21,
            "interlocutor_id": "AA",
            "text": "Oh! Were you turned down?",
            "timestamp": "2022-08-09T07:48:26.003000"
        },
        {
            "utterance_id": 22,
            "interlocutor_id": "AI",
            "text": "It felt like the northern half of the route.",
            "timestamp": "2022-08-09T07:48:37.730000"
        },
        {
            "utterance_id": 23,
            "interlocutor_id": "AA",
            "text": "That sounds nice! It seems fun.",
            "timestamp": "2022-08-09T07:48:49.069000"
        },
        {
            "utterance_id": 24,
            "interlocutor_id": "AI",
            "text": "I went during a period when I was feeling a bit down.",
            "timestamp": "2022-08-09T07:49:02.539000"
        },
        {
            "utterance_id": 25,
            "interlocutor_id": "AA",
            "text": "Oh dear. You were tired then.",
            "timestamp": "2022-08-09T07:49:18.315000"
        },
        {
            "utterance_id": 26,
            "interlocutor_id": "AI",
            "text": "I had fractured my leg and had been holed up at home for more than a month.",
            "timestamp": "2022-08-09T07:49:38.236000"
        },
        {
            "utterance_id": 27,
            "interlocutor_id": "AA",
            "text": "Oh! That sounds severe. That would definitely weigh on your heart.",
            "timestamp": "2022-08-09T07:50:04.025000"
        },
        {
            "utterance_id": 28,
            "interlocutor_id": "AI",
            "text": "I had no money but plenty of time, so I traveled by all local trains.",
            "timestamp": "2022-08-09T07:50:18.600000"
        },
        {
            "utterance_id": 29,
            "interlocutor_id": "AA",
            "text": "Wow, that’s amazing!",
            "timestamp": "2022-08-09T07:50:34.522000"
        }
    ],
    "evaluations": [
        {
            "interlocutor_id": "AI",
            "informativeness": 5,
            "comprehension": 5,
            "familiarity": 5,
            "interest": 5,
            "proactiveness": 5,
            "satisfaction": 5
        },
        {
            "interlocutor_id": "AA",
            "informativeness": 5,
            "comprehension": 5,
            "familiarity": 5,
            "interest": 5,
            "proactiveness": 5,
            "satisfaction": 5
        }
    ]
}