{
    "dialogue_id": 130,
    "interlocutors": [
        "AA",
        "AI"
    ],
    "utterances": [
        {
            "utterance_id": 0,
            "interlocutor_id": "AA",
            "text": "Good morning.",
            "timestamp": "2022-08-09T07:29:46.094000"
        },
        {
            "utterance_id": 1,
            "interlocutor_id": "AI",
            "text": "Good morning.",
            "timestamp": "2022-08-09T07:30:12.710000"
        },
        {
            "utterance_id": 2,
            "interlocutor_id": "AA",
            "text": "Where do you usually get your information from?",
            "timestamp": "2022-08-09T07:30:14.251000"
        },
        {
            "utterance_id": 3,
            "interlocutor_id": "AI",
            "text": "Google, YouTube, Twitter",
            "timestamp": "2022-08-09T07:30:17.752000"
        },
        {
            "utterance_id": 4,
            "interlocutor_id": "AA",
            "text": "Ah, I see. Is it Google?",
            "timestamp": "2022-08-09T07:30:26.654000"
        },
        {
            "utterance_id": 5,
            "interlocutor_id": "AI",
            "text": "The basic principle is to \"Google it\" first.",
            "timestamp": "2022-08-09T07:30:38.132000"
        },
        {
            "utterance_id": 6,
            "interlocutor_id": "AA",
            "text": "Is that so?",
            "timestamp": "2022-08-09T07:30:49.700000"
        },
        {
            "utterance_id": 7,
            "interlocutor_id": "AI",
            "text": "When I want to know something a bit deeper, or from a user perspective, I use Twitter.",
            "timestamp": "2022-08-09T07:31:12.497000"
        },
        {
            "utterance_id": 8,
            "interlocutor_id": "AA",
            "text": "User perspective. I see, so that's how you investigate it.",
            "timestamp": "2022-08-09T07:31:33.438000"
        },
        {
            "utterance_id": 9,
            "interlocutor_id": "AI",
            "text": "I have my own theory when it comes to information.",
            "timestamp": "2022-08-09T07:31:52.467000"
        },
        {
            "utterance_id": 10,
            "interlocutor_id": "AA",
            "text": "Oh, I'd like to hear it.",
            "timestamp": "2022-08-09T07:32:01.964000"
        },
        {
            "utterance_id": 11,
            "interlocutor_id": "AI",
            "text": "The information that comes to you is advertising, in other words, it's information that tells you to pay up.",
            "timestamp": "2022-08-09T07:32:18.894000"
        },
        {
            "utterance_id": 12,
            "interlocutor_id": "AA",
            "text": "Ah...",
            "timestamp": "2022-08-09T07:32:29.746000"
        },
        {
            "utterance_id": 13,
            "interlocutor_id": "AI",
            "text": "If you just act like you want information, you'll only end up with mediocre junk.",
            "timestamp": "2022-08-09T07:32:58.075000"
        },
        {
            "utterance_id": 14,
            "interlocutor_id": "AA",
            "text": "I can really relate to that...",
            "timestamp": "2022-08-09T07:33:09.077000"
        },
        {
            "utterance_id": 15,
            "interlocutor_id": "AI",
            "text": "If you want good quality information, you must first provide it.",
            "timestamp": "2022-08-09T07:33:20.995000"
        },
        {
            "utterance_id": 16,
            "interlocutor_id": "AA",
            "text": "So you're doing that, huh?",
            "timestamp": "2022-08-09T07:33:31.650000"
        },
        {
            "utterance_id": 17,
            "interlocutor_id": "AI",
            "text": "Yes, I believe that providing information is essential for things I take seriously.",
            "timestamp": "2022-08-09T07:33:54.025000"
        },
        {
            "utterance_id": 18,
            "interlocutor_id": "AA",
            "text": "I see, so providing information makes it easier to grasp more information...",
            "timestamp": "2022-08-09T07:34:16.709000"
        },
        {
            "utterance_id": 19,
            "interlocutor_id": "AI",
            "text": "First give, and then the path naturally opens up.",
            "timestamp": "2022-08-09T07:34:32.857000"
        },
        {
            "utterance_id": 20,
            "interlocutor_id": "AA",
            "text": "If you give, you will be given in return, right?",
            "timestamp": "2022-08-09T07:34:53.724000"
        },
        {
            "utterance_id": 21,
            "interlocutor_id": "AI",
            "text": "Exactly. Twitter is great in that respect. You can implement it immediately.",
            "timestamp": "2022-08-09T07:35:14.846000"
        },
        {
            "utterance_id": 22,
            "interlocutor_id": "AA",
            "text": "That's true; it's excellent for being able to do it anytime and anywhere in 140 characters.",
            "timestamp": "2022-08-09T07:35:42.560000"
        },
        {
            "utterance_id": 23,
            "interlocutor_id": "AI",
            "text": "Create an account with a catchy name, tweet relevant content, and if someone likes it, follow them back.",
            "timestamp": "2022-08-09T07:35:58.755000"
        },
        {
            "utterance_id": 24,
            "interlocutor_id": "AA",
            "text": "You're actually following back properly. From there, you expand your roots.",
            "timestamp": "2022-08-09T07:36:29.542000"
        },
        {
            "utterance_id": 25,
            "interlocutor_id": "AI",
            "text": "Yes, if you keep giving for three months, you'll look pretty good.",
            "timestamp": "2022-08-09T07:36:47.067000"
        },
        {
            "utterance_id": 26,
            "interlocutor_id": "AA",
            "text": "This is enlightening. I'm primarily a reader on Twitter.",
            "timestamp": "2022-08-09T07:37:15.337000"
        },
        {
            "utterance_id": 27,
            "interlocutor_id": "AI",
            "text": "Twitter is precisely about what you can produce.",
            "timestamp": "2022-08-09T07:37:26.297000"
        },
        {
            "utterance_id": 28,
            "interlocutor_id": "AA",
            "text": "That's right.",
            "timestamp": "2022-08-09T07:37:41.337000"
        },
        {
            "utterance_id": 29,
            "interlocutor_id": "AI",
            "text": "Those who are famous to the point of attracting controversy probably have different troubles.",
            "timestamp": "2022-08-09T07:38:00.853000"
        }
    ],
    "evaluations": [
        {
            "interlocutor_id": "AA",
            "informativeness": 5,
            "comprehension": 5,
            "familiarity": 5,
            "interest": 5,
            "proactiveness": 5,
            "satisfaction": 5
        },
        {
            "interlocutor_id": "AI",
            "informativeness": 5,
            "comprehension": 5,
            "familiarity": 5,
            "interest": 5,
            "proactiveness": 5,
            "satisfaction": 5
        }
    ]
}