{
    "dialogue_id": 138,
    "interlocutors": [
        "AA",
        "AM"
    ],
    "utterances": [
        {
            "utterance_id": 0,
            "interlocutor_id": "AA",
            "text": "Thank you very much.",
            "timestamp": "2022-08-07T09:21:59.327000"
        },
        {
            "utterance_id": 1,
            "interlocutor_id": "AM",
            "text": "Thank you! Do you have a favorite character, <AA>?",
            "timestamp": "2022-08-07T09:22:52.457000"
        },
        {
            "utterance_id": 2,
            "interlocutor_id": "AA",
            "text": "A character? Well, could you tell me first so I can think about it?",
            "timestamp": "2022-08-07T09:23:15.356000"
        },
        {
            "utterance_id": 3,
            "interlocutor_id": "AM",
            "text": "Okay, I like Batman.",
            "timestamp": "2022-08-07T09:23:34.363000"
        },
        {
            "utterance_id": 4,
            "interlocutor_id": "AA",
            "text": "An American comic character, right?",
            "timestamp": "2022-08-07T09:23:42.899000"
        },
        {
            "utterance_id": 5,
            "interlocutor_id": "AM",
            "text": "Yes, comics have a lot of information, so it can be tough to read.",
            "timestamp": "2022-08-07T09:24:07.341000"
        },
        {
            "utterance_id": 6,
            "interlocutor_id": "AA",
            "text": "I see, that does seem like it has a lot of information! Do you read it in English?",
            "timestamp": "2022-08-07T09:24:26.838000"
        },
        {
            "utterance_id": 7,
            "interlocutor_id": "AM",
            "text": "I sometimes read it in English, but a good translated version is out, so I mostly read that.",
            "timestamp": "2022-08-07T09:24:52.134000"
        },
        {
            "utterance_id": 8,
            "interlocutor_id": "AA",
            "text": "It's popular, so it probably gets translated a lot! How many volumes are there?",
            "timestamp": "2022-08-07T09:25:18.153000"
        },
        {
            "utterance_id": 9,
            "interlocutor_id": "AM",
            "text": "The system of American comic books is complex, so it's hard to say how many volumes there are.",
            "timestamp": "2022-08-07T09:26:15.386000"
        },
        {
            "utterance_id": 10,
            "interlocutor_id": "AA",
            "text": "Is that so? There certainly are many different heroes!",
            "timestamp": "2022-08-07T09:26:30.911000"
        },
        {
            "utterance_id": 11,
            "interlocutor_id": "AM",
            "text": "That's right. Even in a single character's series, there are many different timelines.",
            "timestamp": "2022-08-07T09:27:18.122000"
        },
        {
            "utterance_id": 12,
            "interlocutor_id": "AA",
            "text": "Ah, I see, so that's how it is! Different timelines, huh?",
            "timestamp": "2022-08-07T09:27:31.362000"
        },
        {
            "utterance_id": 13,
            "interlocutor_id": "AM",
            "text": "It’s quite difficult to keep up, especially since these characters have a long history.",
            "timestamp": "2022-08-07T09:27:53.162000"
        },
        {
            "utterance_id": 14,
            "interlocutor_id": "AA",
            "text": "Indeed. By the way, how long have you liked them?",
            "timestamp": "2022-08-07T09:28:18.899000"
        },
        {
            "utterance_id": 15,
            "interlocutor_id": "AM",
            "text": "I've liked him as a character for about 20 years.",
            "timestamp": "2022-08-07T09:29:02.045000"
        },
        {
            "utterance_id": 16,
            "interlocutor_id": "AA",
            "text": "Wow, that's quite a long time!",
            "timestamp": "2022-08-07T09:29:04.623000"
        },
        {
            "utterance_id": 17,
            "interlocutor_id": "AM",
            "text": "But I'm not a super fan or anything, I have limited knowledge.",
            "timestamp": "2022-08-07T09:29:33.133000"
        },
        {
            "utterance_id": 18,
            "interlocutor_id": "AA",
            "text": "Still, just the fact that you've liked it for 20 years is impressive! I think the depth of liking doesn't matter.",
            "timestamp": "2022-08-07T09:30:17.426000"
        },
        {
            "utterance_id": 19,
            "interlocutor_id": "AM",
            "text": "Thank you. Just the other day, I bought a Batman logo sticker on Mercari. I'm going to put it on my bike.",
            "timestamp": "2022-08-07T09:30:45.129000"
        },
        {
            "utterance_id": 20,
            "interlocutor_id": "AA",
            "text": "Putting it on your bike sounds great! It must lift your spirits!",
            "timestamp": "2022-08-07T09:30:59.654000"
        },
        {
            "utterance_id": 21,
            "interlocutor_id": "AM",
            "text": "Yes, it's to uplift my mood! Plus, it's also for theft prevention.",
            "timestamp": "2022-08-07T09:31:27.402000"
        },
        {
            "utterance_id": 22,
            "interlocutor_id": "AA",
            "text": "I see, theft prevention. I hadn't thought of that. It does make sense!",
            "timestamp": "2022-08-07T09:31:50.249000"
        },
        {
            "utterance_id": 23,
            "interlocutor_id": "AM",
            "text": "It seems that marking your belongings makes them less likely to be stolen.",
            "timestamp": "2022-08-07T09:32:11.879000"
        },
        {
            "utterance_id": 24,
            "interlocutor_id": "AA",
            "text": "I see. That’s true. I actually had my favorite bike stolen once, so this is insightful.",
            "timestamp": "2022-08-07T09:33:07.985000"
        },
        {
            "utterance_id": 25,
            "interlocutor_id": "AM",
            "text": "That's sad to hear. It's better to take theft prevention measures.",
            "timestamp": "2022-08-07T09:33:35.274000"
        },
        {
            "utterance_id": 26,
            "interlocutor_id": "AA",
            "text": "I will. These things are indeed important.",
            "timestamp": "2022-08-07T09:33:55.076000"
        },
        {
            "utterance_id": 27,
            "interlocutor_id": "AM",
            "text": "Like tying something to an umbrella's handle.",
            "timestamp": "2022-08-07T09:34:17.983000"
        },
        {
            "utterance_id": 28,
            "interlocutor_id": "AA",
            "text": "True! It's good to attach something distinctive to make it hard to steal. For example, something that's clearly company property.",
            "timestamp": "2022-08-07T09:34:58.044000"
        },
        {
            "utterance_id": 29,
            "interlocutor_id": "AM",
            "text": "Oh, that’s a good idea!",
            "timestamp": "2022-08-07T09:35:12.657000"
        }
    ],
    "evaluations": [
        {
            "interlocutor_id": "AA",
            "informativeness": 5,
            "comprehension": 5,
            "familiarity": 5,
            "interest": 5,
            "proactiveness": 5,
            "satisfaction": 5
        },
        {
            "interlocutor_id": "AM",
            "informativeness": 5,
            "comprehension": 3,
            "familiarity": 5,
            "interest": 5,
            "proactiveness": 5,
            "satisfaction": 5
        }
    ]
}