{
    "dialogue_id": 136,
    "interlocutors": [
        "AA",
        "AM"
    ],
    "utterances": [
        {
            "utterance_id": 0,
            "interlocutor_id": "AA",
            "text": "Hello",
            "timestamp": "2022-08-07T09:00:21.160000"
        },
        {
            "utterance_id": 1,
            "interlocutor_id": "AM",
            "text": "Nice to meet you.",
            "timestamp": "2022-08-07T09:00:37.558000"
        },
        {
            "utterance_id": 2,
            "interlocutor_id": "AA",
            "text": "It's cool today, isn't it?",
            "timestamp": "2022-08-07T09:00:38.966000"
        },
        {
            "utterance_id": 3,
            "interlocutor_id": "AM",
            "text": "Yes, it's comfortable and I'm grateful for that.",
            "timestamp": "2022-08-07T09:00:55.582000"
        },
        {
            "utterance_id": 4,
            "interlocutor_id": "AA",
            "text": "I hope it stays like this tomorrow too.",
            "timestamp": "2022-08-07T09:01:08.872000"
        },
        {
            "utterance_id": 5,
            "interlocutor_id": "AM",
            "text": "It seems like it will get hot again this week.",
            "timestamp": "2022-08-07T09:01:26.649000"
        },
        {
            "utterance_id": 6,
            "interlocutor_id": "AA",
            "text": "That's unfortunate; I'll have to turn the air conditioner back on.",
            "timestamp": "2022-08-07T09:01:39.335000"
        },
        {
            "utterance_id": 7,
            "interlocutor_id": "AM",
            "text": "It was comfortable to have the windows open and use a fan.",
            "timestamp": "2022-08-07T09:02:08.813000"
        },
        {
            "utterance_id": 8,
            "interlocutor_id": "AA",
            "text": "Yes, I'm looking forward to autumn.",
            "timestamp": "2022-08-07T09:02:19.992000"
        },
        {
            "utterance_id": 9,
            "interlocutor_id": "AM",
            "text": "I like summer, so I try not to complain about the heat.",
            "timestamp": "2022-08-07T09:02:44.090000"
        },
        {
            "utterance_id": 10,
            "interlocutor_id": "AA",
            "text": "Oh, is that so? What do you like about summer?",
            "timestamp": "2022-08-07T09:02:55.074000"
        },
        {
            "utterance_id": 11,
            "interlocutor_id": "AM",
            "text": "Because summer has a clear ending. I feel a sense of loneliness when summer ends; I like that fleeting feeling.",
            "timestamp": "2022-08-07T09:03:36.224000"
        },
        {
            "utterance_id": 12,
            "interlocutor_id": "AA",
            "text": "You sound like a poet; I see, so there is that transience.",
            "timestamp": "2022-08-07T09:03:53.498000"
        },
        {
            "utterance_id": 13,
            "interlocutor_id": "AM",
            "text": "It feels like the end of summer vacation.",
            "timestamp": "2022-08-07T09:04:09.628000"
        },
        {
            "utterance_id": 14,
            "interlocutor_id": "AA",
            "text": "I see, that makes it easier to understand. It's nice to have that kind of enjoyment.",
            "timestamp": "2022-08-07T09:04:26.247000"
        },
        {
            "utterance_id": 15,
            "interlocutor_id": "AM",
            "text": "Also, I love watermelon!",
            "timestamp": "2022-08-07T09:04:41.122000"
        },
        {
            "utterance_id": 16,
            "interlocutor_id": "AA",
            "text": "Watermelon! That's great; it's a symbol of summer.",
            "timestamp": "2022-08-07T09:04:50.348000"
        },
        {
            "utterance_id": 17,
            "interlocutor_id": "AM",
            "text": "I've already bought watermelon twice this year and enjoyed it deliciously.",
            "timestamp": "2022-08-07T09:05:14.927000"
        },
        {
            "utterance_id": 18,
            "interlocutor_id": "AA",
            "text": "You really love watermelon, don't you? Do you eat it as is?",
            "timestamp": "2022-08-07T09:05:26.670000"
        },
        {
            "utterance_id": 19,
            "interlocutor_id": "AM",
            "text": "I eat it with salt.",
            "timestamp": "2022-08-07T09:05:49.416000"
        },
        {
            "utterance_id": 20,
            "interlocutor_id": "AA",
            "text": "Oh, that sounds good; that indescribable flavor spreads in your mouth.",
            "timestamp": "2022-08-07T09:05:58.277000"
        },
        {
            "utterance_id": 21,
            "interlocutor_id": "AM",
            "text": "I've tried it with Himalayan pink salt, and it was very delicious.",
            "timestamp": "2022-08-07T09:06:25.825000"
        },
        {
            "utterance_id": 22,
            "interlocutor_id": "AA",
            "text": "You're particular about salt! Just hearing that makes it sound delicious.",
            "timestamp": "2022-08-07T09:06:30.659000"
        },
        {
            "utterance_id": 23,
            "interlocutor_id": "AM",
            "text": "Himalayan salt is also good on peaches.",
            "timestamp": "2022-08-07T09:06:44.337000"
        },
        {
            "utterance_id": 24,
            "interlocutor_id": "AA",
            "text": "Peaches? I didn't know that; does it taste like watermelon too?",
            "timestamp": "2022-08-07T09:07:08.531000"
        },
        {
            "utterance_id": 25,
            "interlocutor_id": "AM",
            "text": "If you sprinkle rock salt, olive oil, and a little wine vinegar, it becomes like a gourmet dessert.",
            "timestamp": "2022-08-07T09:07:49.936000"
        },
        {
            "utterance_id": 26,
            "interlocutor_id": "AA",
            "text": "Wow, that sounds amazing; I'll try it! I have peaches chilling in the fridge right now.",
            "timestamp": "2022-08-07T09:08:08.536000"
        },
        {
            "utterance_id": 27,
            "interlocutor_id": "AM",
            "text": "I recommend it! Please give it a try.",
            "timestamp": "2022-08-07T09:08:44.112000"
        },
        {
            "utterance_id": 28,
            "interlocutor_id": "AA",
            "text": "Thank you, I've decided on my 3 o'clock snack today.",
            "timestamp": "2022-08-07T09:08:52.303000"
        },
        {
            "utterance_id": 29,
            "interlocutor_id": "AM",
            "text": "That's great!",
            "timestamp": "2022-08-07T09:09:01.015000"
        }
    ],
    "evaluations": [
        {
            "interlocutor_id": "AA",
            "informativeness": 5,
            "comprehension": 5,
            "familiarity": 5,
            "interest": 5,
            "proactiveness": 5,
            "satisfaction": 5
        },
        {
            "interlocutor_id": "AM",
            "informativeness": 5,
            "comprehension": 4,
            "familiarity": 5,
            "interest": 5,
            "proactiveness": 5,
            "satisfaction": 5
        }
    ]
}