{
    "dialogue_id": 134,
    "interlocutors": [
        "AA",
        "AI"
    ],
    "utterances": [
        {
            "utterance_id": 0,
            "interlocutor_id": "AA",
            "text": "Good morning.",
            "timestamp": "2022-08-09T08:09:25.594000"
        },
        {
            "utterance_id": 1,
            "interlocutor_id": "AI",
            "text": "Good morning.",
            "timestamp": "2022-08-09T08:09:26.913000"
        },
        {
            "utterance_id": 2,
            "interlocutor_id": "AA",
            "text": "What's for breakfast today?",
            "timestamp": "2022-08-09T08:09:33.207000"
        },
        {
            "utterance_id": 3,
            "interlocutor_id": "AI",
            "text": "The usual, sausage with sauerkraut.",
            "timestamp": "2022-08-09T08:09:49.644000"
        },
        {
            "utterance_id": 4,
            "interlocutor_id": "AA",
            "text": "Very German.",
            "timestamp": "2022-08-09T08:09:56.160000"
        },
        {
            "utterance_id": 5,
            "interlocutor_id": "AI",
            "text": "I've been told I'm a typical German by Germans.",
            "timestamp": "2022-08-09T08:10:14.684000"
        },
        {
            "utterance_id": 6,
            "interlocutor_id": "AA",
            "text": "Right? I think that's amazing.",
            "timestamp": "2022-08-09T08:10:31.012000"
        },
        {
            "utterance_id": 7,
            "interlocutor_id": "AI",
            "text": "With a beer in hand, I always choose typical German cuisine.",
            "timestamp": "2022-08-09T08:10:57.004000"
        },
        {
            "utterance_id": 8,
            "interlocutor_id": "AA",
            "text": "Sauerkraut is delicious, isn't it?",
            "timestamp": "2022-08-09T08:11:16.373000"
        },
        {
            "utterance_id": 9,
            "interlocutor_id": "AI",
            "text": "I can't do without it now.",
            "timestamp": "2022-08-09T08:11:25.957000"
        },
        {
            "utterance_id": 10,
            "interlocutor_id": "AA",
            "text": "That said, when I try to make it myself, I get anxious about how far I can go.",
            "timestamp": "2022-08-09T08:11:58.477000"
        },
        {
            "utterance_id": 11,
            "interlocutor_id": "AI",
            "text": "Honestly, there are times when I wish I could go back if I could.",
            "timestamp": "2022-08-09T08:12:35.202000"
        },
        {
            "utterance_id": 12,
            "interlocutor_id": "AA",
            "text": "Oh, is that so?",
            "timestamp": "2022-08-09T08:12:45.604000"
        },
        {
            "utterance_id": 13,
            "interlocutor_id": "AI",
            "text": "Yes, it was fun.",
            "timestamp": "2022-08-09T08:12:56.340000"
        },
        {
            "utterance_id": 14,
            "interlocutor_id": "AA",
            "text": "That's nice. Such positive feelings.",
            "timestamp": "2022-08-09T08:13:18.362000"
        },
        {
            "utterance_id": 15,
            "interlocutor_id": "AI",
            "text": "Beer and wine are both delicious, and because the portions are large, it's cheap overall.",
            "timestamp": "2022-08-09T08:13:42.758000"
        },
        {
            "utterance_id": 16,
            "interlocutor_id": "AA",
            "text": "You're a drinker!",
            "timestamp": "2022-08-09T08:13:55.518000"
        },
        {
            "utterance_id": 17,
            "interlocutor_id": "AI",
            "text": "Yes, Europe is a paradise for drinkers.",
            "timestamp": "2022-08-09T08:14:11.719000"
        },
        {
            "utterance_id": 18,
            "interlocutor_id": "AA",
            "text": "Do you drink wine often?",
            "timestamp": "2022-08-09T08:14:27.805000"
        },
        {
            "utterance_id": 19,
            "interlocutor_id": "AI",
            "text": "Yes, I drink wine often. In Germany, beer is cheaper than water.",
            "timestamp": "2022-08-09T08:14:51.912000"
        },
        {
            "utterance_id": 20,
            "interlocutor_id": "AA",
            "text": "You've said that a lot!",
            "timestamp": "2022-08-09T08:15:02.427000"
        },
        {
            "utterance_id": 21,
            "interlocutor_id": "AI",
            "text": "Occasionally in Japan, they have German beer shops or Oktoberfest, right?",
            "timestamp": "2022-08-09T08:15:27.358000"
        },
        {
            "utterance_id": 22,
            "interlocutor_id": "AA",
            "text": "Yes, they do.",
            "timestamp": "2022-08-09T08:15:34.198000"
        },
        {
            "utterance_id": 23,
            "interlocutor_id": "AI",
            "text": "They say, \"Just give us the German price already.\"",
            "timestamp": "2022-08-09T08:15:44.126000"
        },
        {
            "utterance_id": 24,
            "interlocutor_id": "AA",
            "text": "That's outrageous! I understand, though!",
            "timestamp": "2022-08-09T08:15:55.357000"
        },
        {
            "utterance_id": 25,
            "interlocutor_id": "AI",
            "text": "When you see prices that are ten times higher locally, you think, well, come on...",
            "timestamp": "2022-08-09T08:16:22.904000"
        },
        {
            "utterance_id": 26,
            "interlocutor_id": "AA",
            "text": "I understand how you feel. I get that air freight is a thing, but it's a different price! I've had that experience too.",
            "timestamp": "2022-08-09T08:17:04.917000"
        },
        {
            "utterance_id": 27,
            "interlocutor_id": "AI",
            "text": "It's not something that spoils easily, and it can be transported in bulk by ship.",
            "timestamp": "2022-08-09T08:17:28.642000"
        },
        {
            "utterance_id": 28,
            "interlocutor_id": "AA",
            "text": "Well, I suppose they want to make a profit.",
            "timestamp": "2022-08-09T08:17:49.173000"
        },
        {
            "utterance_id": 29,
            "interlocutor_id": "AI",
            "text": "It's business, after all.",
            "timestamp": "2022-08-09T08:17:59.836000"
        }
    ],
    "evaluations": [
        {
            "interlocutor_id": "AA",
            "informativeness": 5,
            "comprehension": 5,
            "familiarity": 5,
            "interest": 5,
            "proactiveness": 5,
            "satisfaction": 5
        },
        {
            "interlocutor_id": "AI",
            "informativeness": 5,
            "comprehension": 5,
            "familiarity": 5,
            "interest": 5,
            "proactiveness": 5,
            "satisfaction": 5
        }
    ]
}