{
    "dialogue_id": 139,
    "interlocutors": [
        "AM",
        "AA"
    ],
    "utterances": [
        {
            "utterance_id": 0,
            "interlocutor_id": "AM",
            "text": "よろしくお願いします！",
            "timestamp": "2022-08-07T09:36:23.728000"
        },
        {
            "utterance_id": 1,
            "interlocutor_id": "AA",
            "text": "Nice to meet you!",
            "timestamp": "2022-08-07T09:36:27.499000"
        },
        {
            "utterance_id": 2,
            "interlocutor_id": "AM",
            "text": "よろしくお願いいたします。",
            "timestamp": "2022-08-07T09:37:24.533000"
        },
        {
            "utterance_id": 3,
            "interlocutor_id": "AA",
            "text": "Thank you in advance.",
            "timestamp": "2022-08-07T09:37:38.809000"
        },
        {
            "utterance_id": 4,
            "interlocutor_id": "AM",
            "text": "自分は観葉植物を部屋にたくさん置いていますが、<AA>さんは何か育てているものありますか？",
            "timestamp": "2022-08-07T09:37:53.039000"
        },
        {
            "utterance_id": 5,
            "interlocutor_id": "AA",
            "text": "I have a lot of houseplants in my room, but do you have anything you’re growing?",
            "timestamp": "2022-08-07T09:38:10.301000"
        },
        {
            "utterance_id": 6,
            "interlocutor_id": "AM",
            "text": "私は榊とミリオンバンブーを育ててます",
            "timestamp": "2022-08-07T09:38:40.593000"
        },
        {
            "utterance_id": 7,
            "interlocutor_id": "AA",
            "text": "I’m growing sakaki and million bamboo.",
            "timestamp": "2022-08-07T09:39:37.057000"
        },
        {
            "utterance_id": 8,
            "interlocutor_id": "AM",
            "text": "榊って家で育てられるのですね！",
            "timestamp": "2022-08-07T09:39:58.478000"
        },
        {
            "utterance_id": 9,
            "interlocutor_id": "AA",
            "text": "I didn't know sakaki could be grown at home!",
            "timestamp": "2022-08-07T09:40:29.647000"
        },
        {
            "utterance_id": 10,
            "interlocutor_id": "AM",
            "text": "そうなんですよ、小さいんですけど鉢に入れて育ててます！",
            "timestamp": "2022-08-07T09:41:16.114000"
        },
        {
            "utterance_id": 11,
            "interlocutor_id": "AA",
            "text": "That’s right, it’s small, but I’m growing it in a pot!",
            "timestamp": "2022-08-07T09:41:33.150000"
        },
        {
            "utterance_id": 12,
            "interlocutor_id": "AM",
            "text": "切っておかれているのしか見たことないので、どういう風に生えているのか想像つかないです",
            "timestamp": "2022-08-07T09:42:32.611000"
        },
        {
            "utterance_id": 13,
            "interlocutor_id": "AA",
            "text": "I've only seen it cut, so I can't imagine how it grows.",
            "timestamp": "2022-08-07T09:42:56.383000"
        },
        {
            "utterance_id": 14,
            "interlocutor_id": "AM",
            "text": "いたって普通なんですよ。枝分けみたいな感じで一株だけ育てている感じです。でも結構成長が早いです！",
            "timestamp": "2022-08-07T09:43:23.391000"
        },
        {
            "utterance_id": 15,
            "interlocutor_id": "AA",
            "text": "It's quite normal. It grows like a single stalk with branches. But it grows pretty quickly!",
            "timestamp": "2022-08-07T09:43:49.542000"
        },
        {
            "utterance_id": 16,
            "interlocutor_id": "AM",
            "text": "生長が早いと、育てるの楽しいですよね",
            "timestamp": "2022-08-07T09:44:23.488000"
        },
        {
            "utterance_id": 17,
            "interlocutor_id": "AA",
            "text": "When it grows fast, it’s fun to cultivate!",
            "timestamp": "2022-08-07T09:44:48.393000"
        },
        {
            "utterance_id": 18,
            "interlocutor_id": "AM",
            "text": "そうなんですよ、正直育てるのは初心者なので育ってくれるとこのままでいいんだって安心します",
            "timestamp": "2022-08-07T09:45:15.468000"
        },
        {
            "utterance_id": 19,
            "interlocutor_id": "AA",
            "text": "That’s true, I’m honestly a beginner at this, so it’s reassuring when it grows well!",
            "timestamp": "2022-08-07T09:46:02.977000"
        },
        {
            "utterance_id": 20,
            "interlocutor_id": "AM",
            "text": "それは良いですね！私は手入れが行き届かず枯らすこともあるので、育てやすい品種は安心しますね",
            "timestamp": "2022-08-07T09:46:29.562000"
        },
        {
            "utterance_id": 21,
            "interlocutor_id": "AA",
            "text": "That’s nice! I sometimes neglect care and let them die, so easy-to-grow varieties are reassuring to me too.",
            "timestamp": "2022-08-07T09:47:23.593000"
        },
        {
            "utterance_id": 22,
            "interlocutor_id": "AM",
            "text": "そうなんですよ！ちなみに何を育てていらっしゃるんですか？",
            "timestamp": "2022-08-07T09:47:44.076000"
        },
        {
            "utterance_id": 23,
            "interlocutor_id": "AA",
            "text": "That's right! By the way, what are you growing?",
            "timestamp": "2022-08-07T09:47:55.752000"
        },
        {
            "utterance_id": 24,
            "interlocutor_id": "AM",
            "text": "一番大きいものはオーガスタです。一番たくさん増やしているのがワイヤープランツです。ほかにも、いろいろ",
            "timestamp": "2022-08-07T09:48:14.161000"
        },
        {
            "utterance_id": 25,
            "interlocutor_id": "AA",
            "text": "The largest one I have is an Augusta. The one I have multiplied the most is the wire plant. I also have various others.",
            "timestamp": "2022-08-07T09:48:31.858000"
        },
        {
            "utterance_id": 26,
            "interlocutor_id": "AM",
            "text": "ワイヤープランツ！オーガスタは聞いたことないんですけど、ワイヤープランツは実家で育ててます！",
            "timestamp": "2022-08-07T09:49:01.071000"
        },
        {
            "utterance_id": 27,
            "interlocutor_id": "AA",
            "text": "Wire plant! I haven't heard of Augusta, but I have wire plants at my parents' house!",
            "timestamp": "2022-08-07T09:49:15.827000"
        },
        {
            "utterance_id": 28,
            "interlocutor_id": "AM",
            "text": "ワイヤープランツは本当に育てやすくて、すくすく伸びてくれてかわいいです！",
            "timestamp": "2022-08-07T09:49:40.813000"
        },
        {
            "utterance_id": 29,
            "interlocutor_id": "AA",
            "text": "Wire plants are really easy to grow, and they grow thick and cute!",
            "timestamp": "2022-08-07T09:49:58.094000"
        }
    ],
    "evaluations": [
        {
            "interlocutor_id": "AM",
            "informativeness": 5,
            "comprehension": 4,
            "familiarity": 5,
            "interest": 5,
            "proactiveness": 5,
            "satisfaction": 5
        },
        {
            "interlocutor_id": "AA",
            "informativeness": 5,
            "comprehension": 5,
            "familiarity": 5,
            "interest": 5,
            "proactiveness": 5,
            "satisfaction": 5
        }
    ]
}