{
    "dialogue_id": 137,
    "interlocutors": [
        "AM",
        "AA"
    ],
    "utterances": [
        {
            "utterance_id": 0,
            "interlocutor_id": "AM",
            "text": "Thank you in advance.",
            "timestamp": "2022-08-07T09:10:58.316000"
        },
        {
            "utterance_id": 1,
            "interlocutor_id": "AA",
            "text": "Hello! Nice to meet you.",
            "timestamp": "2022-08-07T09:11:02.302000"
        },
        {
            "utterance_id": 2,
            "interlocutor_id": "AM",
            "text": "Speaking of seasons, what is your favorite season, <AA>?",
            "timestamp": "2022-08-07T09:11:37.461000"
        },
        {
            "utterance_id": 3,
            "interlocutor_id": "AA",
            "text": "I like spring.",
            "timestamp": "2022-08-07T09:11:38.718000"
        },
        {
            "utterance_id": 4,
            "interlocutor_id": "AM",
            "text": "It feels so comforting when winter ends and it gets warmer.",
            "timestamp": "2022-08-07T09:12:03.586000"
        },
        {
            "utterance_id": 5,
            "interlocutor_id": "AA",
            "text": "That's right. I love seeing the grass and living things breathing.",
            "timestamp": "2022-08-07T09:12:13.734000"
        },
        {
            "utterance_id": 6,
            "interlocutor_id": "AM",
            "text": "I understand! Watching plants grow gives me energy.",
            "timestamp": "2022-08-07T09:12:41.128000"
        },
        {
            "utterance_id": 7,
            "interlocutor_id": "AA",
            "text": "Exactly! It motivates me to do my best!",
            "timestamp": "2022-08-07T09:12:54.512000"
        },
        {
            "utterance_id": 8,
            "interlocutor_id": "AM",
            "text": "Do you have a favorite spring flower?",
            "timestamp": "2022-08-07T09:13:10.932000"
        },
        {
            "utterance_id": 9,
            "interlocutor_id": "AA",
            "text": "For spring, I think cherry blossoms. And tulips as well.",
            "timestamp": "2022-08-07T09:13:37.336000"
        },
        {
            "utterance_id": 10,
            "interlocutor_id": "AM",
            "text": "Cherry blossoms are a must. Tulips are cute too.",
            "timestamp": "2022-08-07T09:13:57.993000"
        },
        {
            "utterance_id": 11,
            "interlocutor_id": "AA",
            "text": "Do you have any favorite flowers, <AM>?",
            "timestamp": "2022-08-07T09:14:15.321000"
        },
        {
            "utterance_id": 12,
            "interlocutor_id": "AM",
            "text": "I like peonies.",
            "timestamp": "2022-08-07T09:14:22.366000"
        },
        {
            "utterance_id": 13,
            "interlocutor_id": "AA",
            "text": "Peonies! That's nice, a name associated with beauty.",
            "timestamp": "2022-08-07T09:14:31.479000"
        },
        {
            "utterance_id": 14,
            "interlocutor_id": "AM",
            "text": "There are many magnificent peonies at Kencho-ji in Kamakura.",
            "timestamp": "2022-08-07T09:14:54.923000"
        },
        {
            "utterance_id": 15,
            "interlocutor_id": "AA",
            "text": "Oh, really? That's great! Do you go there often?",
            "timestamp": "2022-08-07T09:15:08.358000"
        },
        {
            "utterance_id": 16,
            "interlocutor_id": "AM",
            "text": "I go there occasionally when the season comes; they are beautiful with various colors.",
            "timestamp": "2022-08-07T09:15:36.233000"
        },
        {
            "utterance_id": 17,
            "interlocutor_id": "AA",
            "text": "Sounds good! Do you prefer spring peonies or winter peonies?",
            "timestamp": "2022-08-07T09:15:52.884000"
        },
        {
            "utterance_id": 18,
            "interlocutor_id": "AM",
            "text": "I like spring peonies; they are vibrant and beautiful.",
            "timestamp": "2022-08-07T09:16:15.108000"
        },
        {
            "utterance_id": 19,
            "interlocutor_id": "AA",
            "text": "Ah, that's nice; it lifts the spirits, doesn't it?",
            "timestamp": "2022-08-07T09:16:27.607000"
        },
        {
            "utterance_id": 20,
            "interlocutor_id": "AM",
            "text": "They have many petals, and the flowers themselves are large, so they are impressive to see.",
            "timestamp": "2022-08-07T09:16:51.471000"
        },
        {
            "utterance_id": 21,
            "interlocutor_id": "AA",
            "text": "Indeed! Cherry blossoms have many small flowers that are beautiful, but peonies are definitely star-level on their own.",
            "timestamp": "2022-08-07T09:17:17.675000"
        },
        {
            "utterance_id": 22,
            "interlocutor_id": "AM",
            "text": "Exactly! They bloom abundantly; if you have a chance to go to Kencho-ji, you should definitely check it out.",
            "timestamp": "2022-08-07T09:17:53.316000"
        },
        {
            "utterance_id": 23,
            "interlocutor_id": "AA",
            "text": "May is the best time to see them, right? I will go next year! I often go to Kyoto, so I’m looking forward to it!",
            "timestamp": "2022-08-07T09:18:20.526000"
        },
        {
            "utterance_id": 24,
            "interlocutor_id": "AM",
            "text": "May sounds nice! I also want to go there after a long time.",
            "timestamp": "2022-08-07T09:19:03.356000"
        },
        {
            "utterance_id": 25,
            "interlocutor_id": "AA",
            "text": "That sounds good; in May, it shouldn't be too hot yet.",
            "timestamp": "2022-08-07T09:19:12.414000"
        },
        {
            "utterance_id": 26,
            "interlocutor_id": "AM",
            "text": "Oh! Not Kyoto, but Kamakura, Kanagawa!",
            "timestamp": "2022-08-07T09:19:30.250000"
        },
        {
            "utterance_id": 27,
            "interlocutor_id": "AA",
            "text": "Ah, I made a mistake! If it's Kanagawa, that's close!",
            "timestamp": "2022-08-07T09:19:44.701000"
        },
        {
            "utterance_id": 28,
            "interlocutor_id": "AM",
            "text": "Then it's easy to go!",
            "timestamp": "2022-08-07T09:19:57.250000"
        },
        {
            "utterance_id": 29,
            "interlocutor_id": "AA",
            "text": "Yes, thank you!",
            "timestamp": "2022-08-07T09:20:04.055000"
        }
    ],
    "evaluations": [
        {
            "interlocutor_id": "AM",
            "informativeness": 5,
            "comprehension": 3,
            "familiarity": 5,
            "interest": 5,
            "proactiveness": 5,
            "satisfaction": 5
        },
        {
            "interlocutor_id": "AA",
            "informativeness": 5,
            "comprehension": 5,
            "familiarity": 5,
            "interest": 5,
            "proactiveness": 5,
            "satisfaction": 5
        }
    ]
}