{
    "dialogue_id": 143,
    "interlocutors": [
        "AA",
        "AM"
    ],
    "utterances": [
        {
            "utterance_id": 0,
            "interlocutor_id": "AA",
            "text": "Hello!",
            "timestamp": "2022-08-07T10:29:09.621000"
        },
        {
            "utterance_id": 1,
            "interlocutor_id": "AM",
            "text": "Hello, what are we having for lunch today?",
            "timestamp": "2022-08-07T10:29:32.469000"
        },
        {
            "utterance_id": 2,
            "interlocutor_id": "AA",
            "text": "I wonder what we're having for lunch today. I need to lose weight before my health check-up next week.",
            "timestamp": "2022-08-07T10:30:00.024000"
        },
        {
            "utterance_id": 3,
            "interlocutor_id": "AM",
            "text": "You have to be careful before the check-up! I heard that udon is less likely to make you gain weight than somen.",
            "timestamp": "2022-08-07T10:30:34.543000"
        },
        {
            "utterance_id": 4,
            "interlocutor_id": "AA",
            "text": "Is that so?! I've never heard that before!",
            "timestamp": "2022-08-07T10:30:48.482000"
        },
        {
            "utterance_id": 5,
            "interlocutor_id": "AM",
            "text": "It's said that somen doesn't require much chewing, so you tend to eat too much of it.",
            "timestamp": "2022-08-07T10:31:23.690000"
        },
        {
            "utterance_id": 6,
            "interlocutor_id": "AA",
            "text": "I see! That's true; it's easy to slurp down.",
            "timestamp": "2022-08-07T10:31:36.951000"
        },
        {
            "utterance_id": 7,
            "interlocutor_id": "AM",
            "text": "You do end up slurping, don't you? The ingredients probably don't change, though.",
            "timestamp": "2022-08-07T10:32:00.125000"
        },
        {
            "utterance_id": 8,
            "interlocutor_id": "AA",
            "text": "I see, so if I chew somen about 20 times, it's not much different from udon?",
            "timestamp": "2022-08-07T10:32:21.962000"
        },
        {
            "utterance_id": 9,
            "interlocutor_id": "AM",
            "text": "I think that's probably the case.",
            "timestamp": "2022-08-07T10:32:34.871000"
        },
        {
            "utterance_id": 10,
            "interlocutor_id": "AA",
            "text": "But I really feel like I read in a book that we should cut down on carbohydrates.",
            "timestamp": "2022-08-07T10:32:56.125000"
        },
        {
            "utterance_id": 11,
            "interlocutor_id": "AM",
            "text": "I'm on a diet that reduces carbohydrates. As expected, I've lost weight!",
            "timestamp": "2022-08-07T10:33:28.390000"
        },
        {
            "utterance_id": 12,
            "interlocutor_id": "AA",
            "text": "Is that so? I think I might try that seriously! I didn't eat much last night, so I feel like I can do it.",
            "timestamp": "2022-08-07T10:33:59.758000"
        },
        {
            "utterance_id": 13,
            "interlocutor_id": "AM",
            "text": "Eating less at night is effective too. That helped me get through my weight loss plateau.",
            "timestamp": "2022-08-07T10:34:31.971000"
        },
        {
            "utterance_id": 14,
            "interlocutor_id": "AA",
            "text": "Oh wow! You're a senior in dieting, aren't you?",
            "timestamp": "2022-08-07T10:34:50.628000"
        },
        {
            "utterance_id": 15,
            "interlocutor_id": "AM",
            "text": "Yes, I am! I have 30% left to reach my target weight, so I'll do my best!",
            "timestamp": "2022-08-07T10:35:17.686000"
        },
        {
            "utterance_id": 16,
            "interlocutor_id": "AA",
            "text": "Amazing! You're making progress, senior! By the way, how long have you been doing this since you started?",
            "timestamp": "2022-08-07T10:35:51.166000"
        },
        {
            "utterance_id": 17,
            "interlocutor_id": "AM",
            "text": "It's been about 10 months since last October.",
            "timestamp": "2022-08-07T10:36:03.271000"
        },
        {
            "utterance_id": 18,
            "interlocutor_id": "AA",
            "text": "Incredible! Dieting really is about daily effort, isn't it?!",
            "timestamp": "2022-08-07T10:36:22.254000"
        },
        {
            "utterance_id": 19,
            "interlocutor_id": "AM",
            "text": "I think losing weight and maintaining it is really difficult, so I want to strengthen my mentality as well.",
            "timestamp": "2022-08-07T10:36:53.382000"
        },
        {
            "utterance_id": 20,
            "interlocutor_id": "AA",
            "text": "That's true; it seems like strengthening your mentality could help... It could be quite stressful if you gain weight or maintain it.",
            "timestamp": "2022-08-07T10:37:19.130000"
        },
        {
            "utterance_id": 21,
            "interlocutor_id": "AM",
            "text": "I want to really make exercise and healthy eating a habit.",
            "timestamp": "2022-08-07T10:37:56.450000"
        },
        {
            "utterance_id": 22,
            "interlocutor_id": "AA",
            "text": "I have the habit of eating sweets, but I just can't seem to create a habit of doing strength training—it's a mystery!",
            "timestamp": "2022-08-07T10:38:33.700000"
        },
        {
            "utterance_id": 23,
            "interlocutor_id": "AM",
            "text": "Human instinct is very strong, isn't it?",
            "timestamp": "2022-08-07T10:38:52.056000"
        },
        {
            "utterance_id": 24,
            "interlocutor_id": "AA",
            "text": "It really is! I want to resist my instincts.",
            "timestamp": "2022-08-07T10:39:20.392000"
        },
        {
            "utterance_id": 25,
            "interlocutor_id": "AM",
            "text": "Exactly, human culture is a gift of reason!",
            "timestamp": "2022-08-07T10:39:40.024000"
        },
        {
            "utterance_id": 26,
            "interlocutor_id": "AA",
            "text": "That's cool! You're so cool, senior!! Wow, amazing!",
            "timestamp": "2022-08-07T10:40:00.190000"
        },
        {
            "utterance_id": 27,
            "interlocutor_id": "AM",
            "text": "I'm so embarrassed.",
            "timestamp": "2022-08-07T10:40:10.133000"
        },
        {
            "utterance_id": 28,
            "interlocutor_id": "AA",
            "text": "I'll follow you for life, senior!",
            "timestamp": "2022-08-07T10:40:30.209000"
        },
        {
            "utterance_id": 29,
            "interlocutor_id": "AM",
            "text": "Alright, follow me!",
            "timestamp": "2022-08-07T10:40:38.039000"
        }
    ],
    "evaluations": [
        {
            "interlocutor_id": "AA",
            "informativeness": 5,
            "comprehension": 5,
            "familiarity": 5,
            "interest": 5,
            "proactiveness": 5,
            "satisfaction": 5
        },
        {
            "interlocutor_id": "AM",
            "informativeness": 4,
            "comprehension": 4,
            "familiarity": 3,
            "interest": 4,
            "proactiveness": 4,
            "satisfaction": 4
        }
    ]
}