{
    "dialogue_id": 144,
    "interlocutors": [
        "AM",
        "AA"
    ],
    "utterances": [
        {
            "utterance_id": 0,
            "interlocutor_id": "AM",
            "text": "Hello! Have you been reading any books recently?",
            "timestamp": "2022-08-07T10:41:26.391000"
        },
        {
            "utterance_id": 1,
            "interlocutor_id": "AA",
            "text": "Hello! I'm reading my favorite novel.",
            "timestamp": "2022-08-07T10:41:30.268000"
        },
        {
            "utterance_id": 2,
            "interlocutor_id": "AM",
            "text": "I have a few books that I've bought and haven’t read yet.",
            "timestamp": "2022-08-07T10:41:46.230000"
        },
        {
            "utterance_id": 3,
            "interlocutor_id": "AA",
            "text": "That's called \"tsundoku\"! I understand.",
            "timestamp": "2022-08-07T10:42:10.525000"
        },
        {
            "utterance_id": 4,
            "interlocutor_id": "AM",
            "text": "Who's your favorite character? I'm curious!",
            "timestamp": "2022-08-07T10:42:42.437000"
        },
        {
            "utterance_id": 5,
            "interlocutor_id": "AA",
            "text": "I'm not sure if you know, but it's a girl named Anzu from a game called Ensemble Stars...",
            "timestamp": "2022-08-07T10:43:15.217000"
        },
        {
            "utterance_id": 6,
            "interlocutor_id": "AM",
            "text": "I know Ansta!",
            "timestamp": "2022-08-07T10:43:35.575000"
        },
        {
            "utterance_id": 7,
            "interlocutor_id": "AA",
            "text": "I'm glad you know about it; I like the girl who doesn’t have her face shown, not the boy who shows his face.",
            "timestamp": "2022-08-07T10:44:04.227000"
        },
        {
            "utterance_id": 8,
            "interlocutor_id": "AM",
            "text": "I see, that sounds niche.",
            "timestamp": "2022-08-07T10:44:22.944000"
        },
        {
            "utterance_id": 9,
            "interlocutor_id": "AA",
            "text": "Yes, it's definitely niche. I live my daily life with limited sources of supply.",
            "timestamp": "2022-08-07T10:44:45.577000"
        },
        {
            "utterance_id": 10,
            "interlocutor_id": "AM",
            "text": "Isn't it the case that having less supply makes you even more passionate?",
            "timestamp": "2022-08-07T10:45:03.764000"
        },
        {
            "utterance_id": 11,
            "interlocutor_id": "AA",
            "text": "Wow, senpai, that's amazing. Are you also that way?",
            "timestamp": "2022-08-07T10:45:26.640000"
        },
        {
            "utterance_id": 12,
            "interlocutor_id": "AM",
            "text": "It's unfortunate that I don't have a particular favorite right now, but I’ve had that experience!",
            "timestamp": "2022-08-07T10:45:50.619000"
        },
        {
            "utterance_id": 13,
            "interlocutor_id": "AA",
            "text": "Wow, we’re kindred spirits, senpai! By the way, wouldn't your favorite be that character from earlier?",
            "timestamp": "2022-08-07T10:46:18.643000"
        },
        {
            "utterance_id": 14,
            "interlocutor_id": "AM",
            "text": "Ah, that's true! It's been a long time, and it has transcended the concept of having a favorite.",
            "timestamp": "2022-08-07T10:46:47.551000"
        },
        {
            "utterance_id": 15,
            "interlocutor_id": "AA",
            "text": "A deity, huh... when it gets to that level.",
            "timestamp": "2022-08-07T10:47:04.780000"
        },
        {
            "utterance_id": 16,
            "interlocutor_id": "AM",
            "text": "There are very few characters that I can like for a long time, so for me, they’re on a godly level.",
            "timestamp": "2022-08-07T10:47:41.711000"
        },
        {
            "utterance_id": 17,
            "interlocutor_id": "AA",
            "text": "It's true that at that point, it already transcends the idea of having a favorite.",
            "timestamp": "2022-08-07T10:48:07.945000"
        },
        {
            "utterance_id": 18,
            "interlocutor_id": "AM",
            "text": "That's how it feels. Sometimes, I suddenly fall into other genres as well.",
            "timestamp": "2022-08-07T10:48:39.848000"
        },
        {
            "utterance_id": 19,
            "interlocutor_id": "AA",
            "text": "By the way, what kind of genres have you fallen into before?",
            "timestamp": "2022-08-07T10:49:03.232000"
        },
        {
            "utterance_id": 20,
            "interlocutor_id": "AM",
            "text": "There’ve been various ones, like Jump manga and live-action movies!",
            "timestamp": "2022-08-07T10:49:26.557000"
        },
        {
            "utterance_id": 21,
            "interlocutor_id": "AA",
            "text": "Your range is quite broad! You have a wide perspective!! That's wonderful.",
            "timestamp": "2022-08-07T10:49:50.820000"
        },
        {
            "utterance_id": 22,
            "interlocutor_id": "AM",
            "text": "You don’t consciously fall into genres; you don’t know where you might stumble.",
            "timestamp": "2022-08-07T10:50:15.035000"
        },
        {
            "utterance_id": 23,
            "interlocutor_id": "AA",
            "text": "That’s so true. It’s like a landmine quietly waiting there. It often happens that you walk unknowingly and suddenly boom...",
            "timestamp": "2022-08-07T10:50:54.264000"
        },
        {
            "utterance_id": 24,
            "interlocutor_id": "AM",
            "text": "Scary, but fun, and deep.",
            "timestamp": "2022-08-07T10:51:13.271000"
        },
        {
            "utterance_id": 25,
            "interlocutor_id": "AA",
            "text": "Indeed. It’s like when you gaze into the abyss, the abyss gazes back at you.",
            "timestamp": "2022-08-07T10:51:40.451000"
        },
        {
            "utterance_id": 26,
            "interlocutor_id": "AM",
            "text": "Nietzsche said it well.",
            "timestamp": "2022-08-07T10:51:59.724000"
        },
        {
            "utterance_id": 27,
            "interlocutor_id": "AA",
            "text": "He really did, and it’s becoming common knowledge among otaku.",
            "timestamp": "2022-08-07T10:52:23.697000"
        },
        {
            "utterance_id": 28,
            "interlocutor_id": "AM",
            "text": "Indeed. Everyone understands it.",
            "timestamp": "2022-08-07T10:52:39.059000"
        },
        {
            "utterance_id": 29,
            "interlocutor_id": "AA",
            "text": "It’s just so much fun!",
            "timestamp": "2022-08-07T10:52:58.921000"
        }
    ],
    "evaluations": [
        {
            "interlocutor_id": "AM",
            "informativeness": 4,
            "comprehension": 4,
            "familiarity": 4,
            "interest": 4,
            "proactiveness": 4,
            "satisfaction": 4
        },
        {
            "interlocutor_id": "AA",
            "informativeness": 5,
            "comprehension": 5,
            "familiarity": 5,
            "interest": 5,
            "proactiveness": 5,
            "satisfaction": 5
        }
    ]
}