{
    "dialogue_id": 147,
    "interlocutors": [
        "AO",
        "AN"
    ],
    "utterances": [
        {
            "utterance_id": 0,
            "interlocutor_id": "AO",
            "text": "Good evening! Nice to meet you.",
            "timestamp": "2022-08-10T21:02:32.548000"
        },
        {
            "utterance_id": 1,
            "interlocutor_id": "AN",
            "text": "Good evening. Nice to meet you too!",
            "timestamp": "2022-08-10T21:02:45.997000"
        },
        {
            "utterance_id": 2,
            "interlocutor_id": "AO",
            "text": "Have you already had dinner?",
            "timestamp": "2022-08-10T21:02:55.227000"
        },
        {
            "utterance_id": 3,
            "interlocutor_id": "AN",
            "text": "Yes, I have. How about you?",
            "timestamp": "2022-08-10T21:03:04.814000"
        },
        {
            "utterance_id": 4,
            "interlocutor_id": "AO",
            "text": "I also had it a little while ago. Today's dinner was pork.",
            "timestamp": "2022-08-10T21:03:19.708000"
        },
        {
            "utterance_id": 5,
            "interlocutor_id": "AN",
            "text": "That sounds nice. I had chop suey and shumai today.",
            "timestamp": "2022-08-10T21:03:35.404000"
        },
        {
            "utterance_id": 6,
            "interlocutor_id": "AO",
            "text": "That's healthy! I like the small corn-like things in chop suey.",
            "timestamp": "2022-08-10T21:03:56.941000"
        },
        {
            "utterance_id": 7,
            "interlocutor_id": "AN",
            "text": "It's young corn. It's slightly sweet and crunchy and delicious, right?",
            "timestamp": "2022-08-10T21:04:17.233000"
        },
        {
            "utterance_id": 8,
            "interlocutor_id": "AO",
            "text": "Ah, its name is corn too!",
            "timestamp": "2022-08-10T21:04:28.873000"
        },
        {
            "utterance_id": 9,
            "interlocutor_id": "AN",
            "text": "Yes, it's corn. Fresh young corn is in season in early summer!",
            "timestamp": "2022-08-10T21:04:50.271000"
        },
        {
            "utterance_id": 10,
            "interlocutor_id": "AO",
            "text": "Oh really! I've never seen it in the vegetable section. Has it been around for a long time?",
            "timestamp": "2022-08-10T21:05:09.481000"
        },
        {
            "utterance_id": 11,
            "interlocutor_id": "AN",
            "text": "Not really in the past. It's recently started to appear where I live.",
            "timestamp": "2022-08-10T21:05:35.875000"
        },
        {
            "utterance_id": 12,
            "interlocutor_id": "AO",
            "text": "There are a lot of those kinds of vegetables, right? Vegetables that feel a bit foreign.",
            "timestamp": "2022-08-10T21:05:54.165000"
        },
        {
            "utterance_id": 13,
            "interlocutor_id": "AN",
            "text": "There are definitely more vegetables that are hard to understand now.",
            "timestamp": "2022-08-10T21:06:15.673000"
        },
        {
            "utterance_id": 14,
            "interlocutor_id": "AO",
            "text": "Right? Even the vegetables we know often come in crazy colors, don’t they?",
            "timestamp": "2022-08-10T21:06:29.802000"
        },
        {
            "utterance_id": 15,
            "interlocutor_id": "AN",
            "text": "Yes, there are vegetables that are purple and such now.",
            "timestamp": "2022-08-10T21:06:49.635000"
        },
        {
            "utterance_id": 16,
            "interlocutor_id": "AO",
            "text": "Exactly, the purple ones! I’ve seen purple carrots too.",
            "timestamp": "2022-08-10T21:07:02.673000"
        },
        {
            "utterance_id": 17,
            "interlocutor_id": "AN",
            "text": "Oh, really? I wonder if they taste like regular carrots.",
            "timestamp": "2022-08-10T21:07:23.323000"
        },
        {
            "utterance_id": 18,
            "interlocutor_id": "AO",
            "text": "Probably. But they were quite slender.",
            "timestamp": "2022-08-10T21:07:33.907000"
        },
        {
            "utterance_id": 19,
            "interlocutor_id": "AN",
            "text": "I've seen very small carrots called \"princess carrots,\" but I've never seen purple ones.",
            "timestamp": "2022-08-10T21:07:59.020000"
        },
        {
            "utterance_id": 20,
            "interlocutor_id": "AO",
            "text": "There were purple, green, and red ones.",
            "timestamp": "2022-08-10T21:08:20.326000"
        },
        {
            "utterance_id": 21,
            "interlocutor_id": "AN",
            "text": "Green! I didn’t know that green carrots existed in this world.",
            "timestamp": "2022-08-10T21:08:44.790000"
        },
        {
            "utterance_id": 22,
            "interlocutor_id": "AO",
            "text": "Yes, I was surprised too. But if the inside is all orange after peeling, it wouldn't mean anything!",
            "timestamp": "2022-08-10T21:09:00.863000"
        },
        {
            "utterance_id": 23,
            "interlocutor_id": "AN",
            "text": "Oh, that’s disappointing. It would have been nice if the inside was green too.",
            "timestamp": "2022-08-10T21:09:25.794000"
        },
        {
            "utterance_id": 24,
            "interlocutor_id": "AO",
            "text": "Ah, no, it might be green. I was actually interested, but I didn’t buy it.",
            "timestamp": "2022-08-10T21:09:59.676000"
        },
        {
            "utterance_id": 25,
            "interlocutor_id": "AN",
            "text": "Ah, I see! I wonder if those oddly colored vegetables have different nutritional values from regular ones?",
            "timestamp": "2022-08-10T21:10:32.998000"
        },
        {
            "utterance_id": 26,
            "interlocutor_id": "AO",
            "text": "I wonder about that. Purple seems to have polyphenols, right?",
            "timestamp": "2022-08-10T21:10:58.332000"
        },
        {
            "utterance_id": 27,
            "interlocutor_id": "AN",
            "text": "That’s true! It would be great if we could get vitamins and polyphenols from it.",
            "timestamp": "2022-08-10T21:11:30.422000"
        },
        {
            "utterance_id": 28,
            "interlocutor_id": "AO",
            "text": "Definitely! It would prevent dementia! And then you might get a tongue like a ghost!",
            "timestamp": "2022-08-10T21:11:50.961000"
        },
        {
            "utterance_id": 29,
            "interlocutor_id": "AN",
            "text": "There used to be gum like that, right? Well, I should take my leave now. Thank you very much.",
            "timestamp": "2022-08-10T21:12:15.020000"
        },
        {
            "utterance_id": 30,
            "interlocutor_id": "AO",
            "text": "Thank you too!",
            "timestamp": "2022-08-10T21:12:23.019000"
        }
    ],
    "evaluations": [
        {
            "interlocutor_id": "AO",
            "informativeness": 5,
            "comprehension": 5,
            "familiarity": 5,
            "interest": 5,
            "proactiveness": 5,
            "satisfaction": 5
        },
        {
            "interlocutor_id": "AN",
            "informativeness": 5,
            "comprehension": 5,
            "familiarity": 5,
            "interest": 5,
            "proactiveness": 5,
            "satisfaction": 5
        }
    ]
}