{
    "dialogue_id": 141,
    "interlocutors": [
        "AA",
        "AM"
    ],
    "utterances": [
        {
            "utterance_id": 0,
            "interlocutor_id": "AA",
            "text": "Thank you for your cooperation.",
            "timestamp": "2022-08-07T10:04:20.178000"
        },
        {
            "utterance_id": 1,
            "interlocutor_id": "AM",
            "text": "Nice to meet you!",
            "timestamp": "2022-08-07T10:05:03.669000"
        },
        {
            "utterance_id": 2,
            "interlocutor_id": "AA",
            "text": "Did you have breakfast?",
            "timestamp": "2022-08-07T10:05:16.592000"
        },
        {
            "utterance_id": 3,
            "interlocutor_id": "AM",
            "text": "I ate! I'm on a diet and have oatmeal for breakfast every day.",
            "timestamp": "2022-08-07T10:05:57.789000"
        },
        {
            "utterance_id": 4,
            "interlocutor_id": "AA",
            "text": "On a diet! Does it fill you up?",
            "timestamp": "2022-08-07T10:06:14.099000"
        },
        {
            "utterance_id": 5,
            "interlocutor_id": "AM",
            "text": "It keeps me full until lunch!",
            "timestamp": "2022-08-07T10:06:30.566000"
        },
        {
            "utterance_id": 6,
            "interlocutor_id": "AA",
            "text": "I see! What about lunch?",
            "timestamp": "2022-08-07T10:06:40.610000"
        },
        {
            "utterance_id": 7,
            "interlocutor_id": "AM",
            "text": "I try to eat rice for lunch. I keep it light for dinner.",
            "timestamp": "2022-08-07T10:07:15.420000"
        },
        {
            "utterance_id": 8,
            "interlocutor_id": "AA",
            "text": "Rice, huh? That sounds good!",
            "timestamp": "2022-08-07T10:07:31.432000"
        },
        {
            "utterance_id": 9,
            "interlocutor_id": "AM",
            "text": "I bought a rice cooker that can cut carbs by 45%.",
            "timestamp": "2022-08-07T10:08:10.251000"
        },
        {
            "utterance_id": 10,
            "interlocutor_id": "AA",
            "text": "Really? Is that possible? Amazing!",
            "timestamp": "2022-08-07T10:08:23.276000"
        },
        {
            "utterance_id": 11,
            "interlocutor_id": "AM",
            "text": "It cooks by steaming, and the starch falls to the bottom.",
            "timestamp": "2022-08-07T10:08:38.952000"
        },
        {
            "utterance_id": 12,
            "interlocutor_id": "AA",
            "text": "Oh, by the way, how does it taste?",
            "timestamp": "2022-08-07T10:08:57.878000"
        },
        {
            "utterance_id": 13,
            "interlocutor_id": "AM",
            "text": "It's not bad! The texture is a bit different between the top and the bottom, so I mix it well before eating.",
            "timestamp": "2022-08-07T10:09:24.980000"
        },
        {
            "utterance_id": 14,
            "interlocutor_id": "AA",
            "text": "It's nice that the taste isn't bad! And lower carbs are great for the diet.",
            "timestamp": "2022-08-07T10:09:54.824000"
        },
        {
            "utterance_id": 15,
            "interlocutor_id": "AM",
            "text": "I'm grateful for that! It seems to be good for people with diabetes too.",
            "timestamp": "2022-08-07T10:10:15.594000"
        },
        {
            "utterance_id": 16,
            "interlocutor_id": "AA",
            "text": "I see! By the way, is it because of a health check that you're dieting?",
            "timestamp": "2022-08-07T10:10:32.861000"
        },
        {
            "utterance_id": 17,
            "interlocutor_id": "AM",
            "text": "No, I want to lose the weight I gained during Covid.",
            "timestamp": "2022-08-07T10:10:48.817000"
        },
        {
            "utterance_id": 18,
            "interlocutor_id": "AA",
            "text": "Ah, that's a scary term, Covid weight.",
            "timestamp": "2022-08-07T10:11:06.807000"
        },
        {
            "utterance_id": 19,
            "interlocutor_id": "AM",
            "text": "I've gained so much weight that I want to take my time to lose it properly.",
            "timestamp": "2022-08-07T10:11:33.572000"
        },
        {
            "utterance_id": 20,
            "interlocutor_id": "AA",
            "text": "I'm also scared of the scale and am anxious about it. I want to get back to a normal weight.",
            "timestamp": "2022-08-07T10:12:03.236000"
        },
        {
            "utterance_id": 21,
            "interlocutor_id": "AM",
            "text": "I'm doing strength training too!",
            "timestamp": "2022-08-07T10:12:16.416000"
        },
        {
            "utterance_id": 22,
            "interlocutor_id": "AA",
            "text": "Strength training! Is there anyone you’re referencing?",
            "timestamp": "2022-08-07T10:12:41.721000"
        },
        {
            "utterance_id": 23,
            "interlocutor_id": "AM",
            "text": "I watch a lot of YouTube; I watch videos from a trainer named Ogawasa.",
            "timestamp": "2022-08-07T10:13:04.459000"
        },
        {
            "utterance_id": 24,
            "interlocutor_id": "AA",
            "text": "Hmm, I'll check it out! I'm watching other people's videos, but I'm gaining weight instead...",
            "timestamp": "2022-08-07T10:13:34.682000"
        },
        {
            "utterance_id": 25,
            "interlocutor_id": "AM",
            "text": "Also, I recommend a fat-burning channel run by a girl named Hina Kato.",
            "timestamp": "2022-08-07T10:14:07.071000"
        },
        {
            "utterance_id": 26,
            "interlocutor_id": "AA",
            "text": "Really!! I will check it out! I want to lose weight somehow.",
            "timestamp": "2022-08-07T10:14:24.849000"
        },
        {
            "utterance_id": 27,
            "interlocutor_id": "AM",
            "text": "There's a lot of bodyweight exercises you can do without equipment, so it's easy to start!",
            "timestamp": "2022-08-07T10:14:48.168000"
        },
        {
            "utterance_id": 28,
            "interlocutor_id": "AA",
            "text": "That sounds good; today is cool, so it seems doable.",
            "timestamp": "2022-08-07T10:15:07.710000"
        },
        {
            "utterance_id": 29,
            "interlocutor_id": "AM",
            "text": "Let's do it together!",
            "timestamp": "2022-08-07T10:15:22.452000"
        }
    ],
    "evaluations": [
        {
            "interlocutor_id": "AA",
            "informativeness": 5,
            "comprehension": 5,
            "familiarity": 5,
            "interest": 5,
            "proactiveness": 5,
            "satisfaction": 5
        },
        {
            "interlocutor_id": "AM",
            "informativeness": 4,
            "comprehension": 4,
            "familiarity": 4,
            "interest": 4,
            "proactiveness": 2,
            "satisfaction": 4
        }
    ]
}