{
    "dialogue_id": 155,
    "interlocutors": [
        "AO",
        "AN"
    ],
    "utterances": [
        {
            "utterance_id": 0,
            "interlocutor_id": "AO",
            "text": "Good evening!",
            "timestamp": "2022-08-10T22:20:46.475000"
        },
        {
            "utterance_id": 1,
            "interlocutor_id": "AN",
            "text": "Thank you, good evening.",
            "timestamp": "2022-08-10T22:20:51.571000"
        },
        {
            "utterance_id": 2,
            "interlocutor_id": "AO",
            "text": "Shall we talk about some stories from our student days?",
            "timestamp": "2022-08-10T22:21:06.834000"
        },
        {
            "utterance_id": 3,
            "interlocutor_id": "AN",
            "text": "Oh! That sounds good.",
            "timestamp": "2022-08-10T22:21:19.646000"
        },
        {
            "utterance_id": 4,
            "interlocutor_id": "AO",
            "text": "Shall we discuss our school trip?",
            "timestamp": "2022-08-10T22:21:47.376000"
        },
        {
            "utterance_id": 5,
            "interlocutor_id": "AN",
            "text": "My high school trip was supposed to be overseas, but due to an incident or something, it ended up being Hokkaido.",
            "timestamp": "2022-08-10T22:22:20.657000"
        },
        {
            "utterance_id": 6,
            "interlocutor_id": "AO",
            "text": "Is that so? Wow, to think there was a time when school trips went overseas!",
            "timestamp": "2022-08-10T22:22:40.795000"
        },
        {
            "utterance_id": 7,
            "interlocutor_id": "AN",
            "text": "I wanted to go overseas!",
            "timestamp": "2022-08-10T22:22:55.147000"
        },
        {
            "utterance_id": 8,
            "interlocutor_id": "AO",
            "text": "That’s right, going during high school means it would be everybody's first time overseas!",
            "timestamp": "2022-08-10T22:23:29.457000"
        },
        {
            "utterance_id": 9,
            "interlocutor_id": "AN",
            "text": "Except for the celebrities, it probably would have been everyone’s first overseas trip. Of course, Hokkaido was fun too.",
            "timestamp": "2022-08-10T22:23:57.829000"
        },
        {
            "utterance_id": 10,
            "interlocutor_id": "AO",
            "text": "Looking back now, I think that going on a school trip overseas is something very meaningful for the future.",
            "timestamp": "2022-08-10T22:24:25.136000"
        },
        {
            "utterance_id": 11,
            "interlocutor_id": "AN",
            "text": "It's easier to travel abroad while you’re still a student, right?",
            "timestamp": "2022-08-10T22:24:54.806000"
        },
        {
            "utterance_id": 12,
            "interlocutor_id": "AO",
            "text": "Yes! If you don't go while you're still adventurous, you'll lose the chance to go overseas.",
            "timestamp": "2022-08-10T22:25:20.466000"
        },
        {
            "utterance_id": 13,
            "interlocutor_id": "AN",
            "text": "Once you become an adult, it can be hard to take extended vacations.",
            "timestamp": "2022-08-10T22:25:39.972000"
        },
        {
            "utterance_id": 14,
            "interlocutor_id": "AO",
            "text": "Yes! That’s exactly me right now! If I don’t have about a week off, I can't go.",
            "timestamp": "2022-08-10T22:26:07.673000"
        },
        {
            "utterance_id": 15,
            "interlocutor_id": "AN",
            "text": "That's true, especially when it comes to places like Europe and the United States.",
            "timestamp": "2022-08-10T22:26:28.325000"
        },
        {
            "utterance_id": 16,
            "interlocutor_id": "AO",
            "text": "They say Europe is over a 10-hour flight, right?",
            "timestamp": "2022-08-10T22:26:43.719000"
        },
        {
            "utterance_id": 17,
            "interlocutor_id": "AN",
            "text": "They do. It seems like it would be quite a long flight.",
            "timestamp": "2022-08-10T22:27:01.417000"
        },
        {
            "utterance_id": 18,
            "interlocutor_id": "AO",
            "text": "Yikes! I’ve never been, but it feels like it might be impossible now.",
            "timestamp": "2022-08-10T22:27:13.850000"
        },
        {
            "utterance_id": 19,
            "interlocutor_id": "AN",
            "text": "I want to visit Europe and the US before I die.",
            "timestamp": "2022-08-10T22:27:39.859000"
        },
        {
            "utterance_id": 20,
            "interlocutor_id": "AO",
            "text": "Is there a specific country you want to go to?",
            "timestamp": "2022-08-10T22:27:58.613000"
        },
        {
            "utterance_id": 21,
            "interlocutor_id": "AN",
            "text": "I want to go to France and Germany.",
            "timestamp": "2022-08-10T22:28:07.712000"
        },
        {
            "utterance_id": 22,
            "interlocutor_id": "AO",
            "text": "That sounds great! Countries where the wine and beer are delicious.",
            "timestamp": "2022-08-10T22:28:19.682000"
        },
        {
            "utterance_id": 23,
            "interlocutor_id": "AN",
            "text": "Yes! And also, the bread is delicious there!",
            "timestamp": "2022-08-10T22:28:33.449000"
        },
        {
            "utterance_id": 24,
            "interlocutor_id": "AO",
            "text": "Apparently, the bread is different from Japan's. Isn’t Germany known for rye bread?",
            "timestamp": "2022-08-10T22:28:52.605000"
        },
        {
            "utterance_id": 25,
            "interlocutor_id": "AN",
            "text": "Yes, rye bread and black bread are also famous.",
            "timestamp": "2022-08-10T22:29:10.658000"
        },
        {
            "utterance_id": 26,
            "interlocutor_id": "AO",
            "text": "After all, the pleasure of food is a big part of traveling!",
            "timestamp": "2022-08-10T22:29:31.270000"
        },
        {
            "utterance_id": 27,
            "interlocutor_id": "AN",
            "text": "Yes, it is! I want to go to a country with delicious food and drinks!",
            "timestamp": "2022-08-10T22:29:51.345000"
        },
        {
            "utterance_id": 28,
            "interlocutor_id": "AO",
            "text": "That sounds good! I'm also wanting to go before I die somehow.",
            "timestamp": "2022-08-10T22:30:12.053000"
        },
        {
            "utterance_id": 29,
            "interlocutor_id": "AN",
            "text": "Let’s go for it! In life, the ones who enjoy it win! Thank you for the fun conversation today!",
            "timestamp": "2022-08-10T22:30:45.739000"
        },
        {
            "utterance_id": 30,
            "interlocutor_id": "AO",
            "text": "It was fun for me too! See you again!",
            "timestamp": "2022-08-10T22:30:54.752000"
        }
    ],
    "evaluations": [
        {
            "interlocutor_id": "AO",
            "informativeness": 5,
            "comprehension": 5,
            "familiarity": 5,
            "interest": 5,
            "proactiveness": 3,
            "satisfaction": 5
        },
        {
            "interlocutor_id": "AN",
            "informativeness": 5,
            "comprehension": 5,
            "familiarity": 5,
            "interest": 5,
            "proactiveness": 5,
            "satisfaction": 5
        }
    ]
}