{
    "dialogue_id": 156,
    "interlocutors": [
        "AF",
        "AP"
    ],
    "utterances": [
        {
            "utterance_id": 0,
            "interlocutor_id": "AF",
            "text": "Good evening! Nice to meet you.",
            "timestamp": "2022-08-07T20:43:50.145000"
        },
        {
            "utterance_id": 1,
            "interlocutor_id": "AP",
            "text": "Nice to meet you too!",
            "timestamp": "2022-08-07T20:44:00.847000"
        },
        {
            "utterance_id": 2,
            "interlocutor_id": "AF",
            "text": "What have you been doing today?",
            "timestamp": "2022-08-07T20:44:22.446000"
        },
        {
            "utterance_id": 3,
            "interlocutor_id": "AP",
            "text": "I was relaxing at home, but I went to see some home appliances.",
            "timestamp": "2022-08-07T20:44:51.571000"
        },
        {
            "utterance_id": 4,
            "interlocutor_id": "AF",
            "text": "Were you looking for something?",
            "timestamp": "2022-08-07T20:45:13.500000"
        },
        {
            "utterance_id": 5,
            "interlocutor_id": "AP",
            "text": "A cleaning robot!",
            "timestamp": "2022-08-07T20:45:24.926000"
        },
        {
            "utterance_id": 6,
            "interlocutor_id": "AF",
            "text": "Oh! Did you find a good one?",
            "timestamp": "2022-08-07T20:45:43.533000"
        },
        {
            "utterance_id": 7,
            "interlocutor_id": "AP",
            "text": "Yes, thanks to the salesperson, I found a good one and purchased it!",
            "timestamp": "2022-08-07T20:46:07.922000"
        },
        {
            "utterance_id": 8,
            "interlocutor_id": "AF",
            "text": "There are so many cleaning robots from various manufacturers lately.",
            "timestamp": "2022-08-07T20:46:38.771000"
        },
        {
            "utterance_id": 9,
            "interlocutor_id": "AP",
            "text": "I was surprised at how many there were.",
            "timestamp": "2022-08-07T20:46:57.031000"
        },
        {
            "utterance_id": 10,
            "interlocutor_id": "AF",
            "text": "In the past, there was only the Roomba when it came to cleaning robots.",
            "timestamp": "2022-08-07T20:47:14.571000"
        },
        {
            "utterance_id": 11,
            "interlocutor_id": "AP",
            "text": "That's true, I only knew about the Roomba too. There were a lot of products from Chinese companies.",
            "timestamp": "2022-08-07T20:47:57.343000"
        },
        {
            "utterance_id": 12,
            "interlocutor_id": "AF",
            "text": "There's a lot of Chinese products too. I want a washing machine.",
            "timestamp": "2022-08-07T20:48:23.231000"
        },
        {
            "utterance_id": 13,
            "interlocutor_id": "AP",
            "text": "What kind of washing machine do you want?",
            "timestamp": "2022-08-07T20:49:06.351000"
        },
        {
            "utterance_id": 14,
            "interlocutor_id": "AF",
            "text": "I want one that can wash with warm water.",
            "timestamp": "2022-08-07T20:49:29.790000"
        },
        {
            "utterance_id": 15,
            "interlocutor_id": "AP",
            "text": "I see, such ones exist! I didn't know that!",
            "timestamp": "2022-08-07T20:49:51.377000"
        },
        {
            "utterance_id": 16,
            "interlocutor_id": "AF",
            "text": "I've been concerned about my children's laundry smelling bad.",
            "timestamp": "2022-08-07T20:50:10.210000"
        },
        {
            "utterance_id": 17,
            "interlocutor_id": "AP",
            "text": "Are they doing any sports or something?",
            "timestamp": "2022-08-07T20:50:44.511000"
        },
        {
            "utterance_id": 18,
            "interlocutor_id": "AF",
            "text": "Since they are in elementary and middle school, they aren’t into sports, but they do get pretty sweaty.",
            "timestamp": "2022-08-07T20:51:09.147000"
        },
        {
            "utterance_id": 19,
            "interlocutor_id": "AP",
            "text": "I see, that must be tough, especially during this season.",
            "timestamp": "2022-08-07T20:51:50.246000"
        },
        {
            "utterance_id": 20,
            "interlocutor_id": "AF",
            "text": "I’ve tried various detergents, and recently I switched to Lenore Sports. What kind of detergent do you use?",
            "timestamp": "2022-08-07T20:52:19.005000"
        },
        {
            "utterance_id": 21,
            "interlocutor_id": "AP",
            "text": "I like the gel balls, something that suppresses the wet laundry smell of Ariel!",
            "timestamp": "2022-08-07T20:52:59.529000"
        },
        {
            "utterance_id": 22,
            "interlocutor_id": "AF",
            "text": "How effective is it?",
            "timestamp": "2022-08-07T20:53:20.884000"
        },
        {
            "utterance_id": 23,
            "interlocutor_id": "AP",
            "text": "I feel like the smell of the towels has become less, but I think the softener is more important.",
            "timestamp": "2022-08-07T20:53:56.510000"
        },
        {
            "utterance_id": 24,
            "interlocutor_id": "AF",
            "text": "I see, towels tend to get smelly easily since they get wet often.",
            "timestamp": "2022-08-07T20:54:23.256000"
        },
        {
            "utterance_id": 25,
            "interlocutor_id": "AP",
            "text": "It’s especially tough from the rainy season to summer. Also, the Aroma Jewel worked well on my brother's clothes since he plays basketball.",
            "timestamp": "2022-08-07T20:55:29.230000"
        },
        {
            "utterance_id": 26,
            "interlocutor_id": "AF",
            "text": "Aroma Jewel, right? I’ve noted that down. It has a good scent, right?",
            "timestamp": "2022-08-07T20:56:01.336000"
        },
        {
            "utterance_id": 27,
            "interlocutor_id": "AP",
            "text": "Yes, even when I was in middle school, my clothes smelled so good that they confused it with perfume. Haha.",
            "timestamp": "2022-08-07T20:56:30.195000"
        },
        {
            "utterance_id": 28,
            "interlocutor_id": "AF",
            "text": "That’s understandable. Thank you for the chat today!",
            "timestamp": "2022-08-07T20:56:49.870000"
        },
        {
            "utterance_id": 29,
            "interlocutor_id": "AP",
            "text": "Thank you too!",
            "timestamp": "2022-08-07T20:57:10.850000"
        }
    ],
    "evaluations": [
        {
            "interlocutor_id": "AF",
            "informativeness": 4,
            "comprehension": 3,
            "familiarity": 4,
            "interest": 3,
            "proactiveness": 3,
            "satisfaction": 3
        },
        {
            "interlocutor_id": "AP",
            "informativeness": 5,
            "comprehension": 5,
            "familiarity": 5,
            "interest": 5,
            "proactiveness": 5,
            "satisfaction": 5
        }
    ]
}