{
    "dialogue_id": 159,
    "interlocutors": [
        "AP",
        "AF"
    ],
    "utterances": [
        {
            "utterance_id": 0,
            "interlocutor_id": "AP",
            "text": "Good evening!",
            "timestamp": "2022-08-07T21:23:26.613000"
        },
        {
            "utterance_id": 1,
            "interlocutor_id": "AF",
            "text": "Good evening!",
            "timestamp": "2022-08-07T21:24:10.299000"
        },
        {
            "utterance_id": 2,
            "interlocutor_id": "AP",
            "text": "Isn't summer too hot that it's a hassle to go outside, leading to a lack of exercise?",
            "timestamp": "2022-08-07T21:24:39.592000"
        },
        {
            "utterance_id": 3,
            "interlocutor_id": "AF",
            "text": "That's true, so I sometimes exercise indoors.",
            "timestamp": "2022-08-07T21:25:07.636000"
        },
        {
            "utterance_id": 4,
            "interlocutor_id": "AP",
            "text": "What kind of exercises do you do indoors?",
            "timestamp": "2022-08-07T21:25:28.393000"
        },
        {
            "utterance_id": 5,
            "interlocutor_id": "AF",
            "text": "I do squats and run on a treadmill.",
            "timestamp": "2022-08-07T21:25:51.683000"
        },
        {
            "utterance_id": 6,
            "interlocutor_id": "AP",
            "text": "You have a treadmill! It's great because it's not as hot as going outside and you won't get sunburned.",
            "timestamp": "2022-08-07T21:26:27.513000"
        },
        {
            "utterance_id": 7,
            "interlocutor_id": "AF",
            "text": "Yes, I sometimes run for just 15 minutes while watching morning dramas.",
            "timestamp": "2022-08-07T21:26:50.533000"
        },
        {
            "utterance_id": 8,
            "interlocutor_id": "AP",
            "text": "It's nice that you can do it while watching TV.",
            "timestamp": "2022-08-07T21:27:52.740000"
        },
        {
            "utterance_id": 9,
            "interlocutor_id": "AF",
            "text": "That's right, but when I think I can run anytime, I tend to slack off.",
            "timestamp": "2022-08-07T21:28:12.622000"
        },
        {
            "utterance_id": 10,
            "interlocutor_id": "AP",
            "text": "Would it help to set a specific time?",
            "timestamp": "2022-08-07T21:28:42.093000"
        },
        {
            "utterance_id": 11,
            "interlocutor_id": "AF",
            "text": "Yes, that's true. Do you do any exercise?",
            "timestamp": "2022-08-07T21:29:15.735000"
        },
        {
            "utterance_id": 12,
            "interlocutor_id": "AP",
            "text": "Recently, I've been lacking exercise so badly that I registered at a gym.",
            "timestamp": "2022-08-07T21:29:41.965000"
        },
        {
            "utterance_id": 13,
            "interlocutor_id": "AF",
            "text": "I see, how many times a week do you go to the gym?",
            "timestamp": "2022-08-07T21:30:08.828000"
        },
        {
            "utterance_id": 14,
            "interlocutor_id": "AP",
            "text": "I try to go about 5 or 6 times a week!",
            "timestamp": "2022-08-07T21:30:25.523000"
        },
        {
            "utterance_id": 15,
            "interlocutor_id": "AF",
            "text": "That's fantastic! Do you go after work or something?",
            "timestamp": "2022-08-07T21:30:43.635000"
        },
        {
            "utterance_id": 16,
            "interlocutor_id": "AP",
            "text": "I'm a university student and it's summer break now, so I have a lot of free time.",
            "timestamp": "2022-08-07T21:31:04.997000"
        },
        {
            "utterance_id": 17,
            "interlocutor_id": "AF",
            "text": "University students do have quite a bit of time. Have you seen any results yet?",
            "timestamp": "2022-08-07T21:31:29.499000"
        },
        {
            "utterance_id": 18,
            "interlocutor_id": "AP",
            "text": "I just started going this week, so not yet!!",
            "timestamp": "2022-08-07T21:31:42.501000"
        },
        {
            "utterance_id": 19,
            "interlocutor_id": "AF",
            "text": "What kind of training are you doing at the gym?",
            "timestamp": "2022-08-07T21:31:55.898000"
        },
        {
            "utterance_id": 20,
            "interlocutor_id": "AP",
            "text": "I focus on strength training for my abs and legs and do some cardio exercises.",
            "timestamp": "2022-08-07T21:32:38.381000"
        },
        {
            "utterance_id": 21,
            "interlocutor_id": "AF",
            "text": "I also want to tighten my abs, but what's the best exercise?",
            "timestamp": "2022-08-07T21:33:01.356000"
        },
        {
            "utterance_id": 22,
            "interlocutor_id": "AP",
            "text": "My abs have weakened too much, so just improving my posture while running helps. Plank exercises are effective too.",
            "timestamp": "2022-08-07T21:33:41.750000"
        },
        {
            "utterance_id": 23,
            "interlocutor_id": "AF",
            "text": "Planks are simple but effective! Without muscle, posture really does get worse.",
            "timestamp": "2022-08-07T21:34:16.160000"
        },
        {
            "utterance_id": 24,
            "interlocutor_id": "AP",
            "text": "That's true, poor posture can lead to a protruding stomach.",
            "timestamp": "2022-08-07T21:34:50.221000"
        },
        {
            "utterance_id": 25,
            "interlocutor_id": "AF",
            "text": "Ah, that's true. I use a stretch pole to prevent my back from hunching.",
            "timestamp": "2022-08-07T21:35:14.956000"
        },
        {
            "utterance_id": 26,
            "interlocutor_id": "AP",
            "text": "I also value stretching. Does the pole work?",
            "timestamp": "2022-08-07T21:35:53.774000"
        },
        {
            "utterance_id": 27,
            "interlocutor_id": "AF",
            "text": "I place it under my body and roll back and forth, and it seems effective for fascia release, which feels refreshing.",
            "timestamp": "2022-08-07T21:36:37.232000"
        },
        {
            "utterance_id": 28,
            "interlocutor_id": "AP",
            "text": "Really! I'd like to try it.",
            "timestamp": "2022-08-07T21:37:04.613000"
        },
        {
            "utterance_id": 29,
            "interlocutor_id": "AF",
            "text": "Definitely! Well then, excuse me.",
            "timestamp": "2022-08-07T21:37:15.857000"
        }
    ],
    "evaluations": [
        {
            "interlocutor_id": "AP",
            "informativeness": 5,
            "comprehension": 5,
            "familiarity": 5,
            "interest": 5,
            "proactiveness": 5,
            "satisfaction": 5
        },
        {
            "interlocutor_id": "AF",
            "informativeness": 4,
            "comprehension": 3,
            "familiarity": 4,
            "interest": 3,
            "proactiveness": 4,
            "satisfaction": 4
        }
    ]
}