{
    "dialogue_id": 154,
    "interlocutors": [
        "AN",
        "AO"
    ],
    "utterances": [
        {
            "utterance_id": 0,
            "interlocutor_id": "AN",
            "text": "Good evening.",
            "timestamp": "2022-08-10T22:11:24.675000"
        },
        {
            "utterance_id": 1,
            "interlocutor_id": "AO",
            "text": "Yes, good evening!",
            "timestamp": "2022-08-10T22:11:31.142000"
        },
        {
            "utterance_id": 2,
            "interlocutor_id": "AN",
            "text": "Have you done any summery things this summer?",
            "timestamp": "2022-08-10T22:11:49.828000"
        },
        {
            "utterance_id": 3,
            "interlocutor_id": "AO",
            "text": "I haven't done anything yet! I want to do fireworks, you know.",
            "timestamp": "2022-08-10T22:12:02.021000"
        },
        {
            "utterance_id": 4,
            "interlocutor_id": "AN",
            "text": "That sounds nice. I plan to do fireworks during the Obon holiday.",
            "timestamp": "2022-08-10T22:12:21.124000"
        },
        {
            "utterance_id": 5,
            "interlocutor_id": "AO",
            "text": "Oh! I'm jealous! Have you already bought them?",
            "timestamp": "2022-08-10T22:12:35.434000"
        },
        {
            "utterance_id": 6,
            "interlocutor_id": "AN",
            "text": "Yes! I splurged a little and bought some good ones!",
            "timestamp": "2022-08-10T22:12:48.447000"
        },
        {
            "utterance_id": 7,
            "interlocutor_id": "AO",
            "text": "Really! What kind of good ones did you get?",
            "timestamp": "2022-08-10T22:13:07.419000"
        },
        {
            "utterance_id": 8,
            "interlocutor_id": "AN",
            "text": "It's a pack that has a lot of different types of fireworks in it.",
            "timestamp": "2022-08-10T22:13:34.318000"
        },
        {
            "utterance_id": 9,
            "interlocutor_id": "AO",
            "text": "That's awesome! If possible, I'd like to light about three at once.",
            "timestamp": "2022-08-10T22:13:54.799000"
        },
        {
            "utterance_id": 10,
            "interlocutor_id": "AN",
            "text": "I used to do that a lot when I was a kid!",
            "timestamp": "2022-08-10T22:14:08.780000"
        },
        {
            "utterance_id": 11,
            "interlocutor_id": "AO",
            "text": "Same here! And I would spin them around in both hands!",
            "timestamp": "2022-08-10T22:14:24.673000"
        },
        {
            "utterance_id": 12,
            "interlocutor_id": "AN",
            "text": "Those make interesting photos when you film them with a camera, right?",
            "timestamp": "2022-08-10T22:14:47.887000"
        },
        {
            "utterance_id": 13,
            "interlocutor_id": "AO",
            "text": "Ah! I've never tried that! Have you done it?",
            "timestamp": "2022-08-10T22:15:01.892000"
        },
        {
            "utterance_id": 14,
            "interlocutor_id": "AN",
            "text": "Yes, I have. You can take beautiful pictures by adjusting the aperture.",
            "timestamp": "2022-08-10T22:15:25.344000"
        },
        {
            "utterance_id": 15,
            "interlocutor_id": "AO",
            "text": "I want to try it! Can you adjust the aperture even without a professional camera?",
            "timestamp": "2022-08-10T22:15:54.897000"
        },
        {
            "utterance_id": 16,
            "interlocutor_id": "AN",
            "text": "I wonder? Recently, smartphones also have amazing features, so it seems possible.",
            "timestamp": "2022-08-10T22:16:27.783000"
        },
        {
            "utterance_id": 17,
            "interlocutor_id": "AO",
            "text": "I'll look it up and want to try it!",
            "timestamp": "2022-08-10T22:16:39.882000"
        },
        {
            "utterance_id": 18,
            "interlocutor_id": "AN",
            "text": "Definitely, you can take beautiful pictures!",
            "timestamp": "2022-08-10T22:16:52.694000"
        },
        {
            "utterance_id": 19,
            "interlocutor_id": "AO",
            "text": "Besides the handheld type, did you buy any sparklers like the nezu-hanabi (mouse fireworks)?",
            "timestamp": "2022-08-10T22:17:18.762000"
        },
        {
            "utterance_id": 20,
            "interlocutor_id": "AN",
            "text": "I didn't buy nezu-hanabi because my child is still small. I want to do it again after a long time.",
            "timestamp": "2022-08-10T22:17:40.333000"
        },
        {
            "utterance_id": 21,
            "interlocutor_id": "AO",
            "text": "It sounds dangerous with small kids around. They might want to chase after them and grab them.",
            "timestamp": "2022-08-10T22:18:05.483000"
        },
        {
            "utterance_id": 22,
            "interlocutor_id": "AN",
            "text": "That seems likely. They make unexpected movements.",
            "timestamp": "2022-08-10T22:18:27.429000"
        },
        {
            "utterance_id": 23,
            "interlocutor_id": "AO",
            "text": "Because they are children! Well, I'm talking about my childhood right now!",
            "timestamp": "2022-08-10T22:18:46.452000"
        },
        {
            "utterance_id": 24,
            "interlocutor_id": "AN",
            "text": "Once they get a bit bigger, I want to try launching fireworks too.",
            "timestamp": "2022-08-10T22:19:05.303000"
        },
        {
            "utterance_id": 25,
            "interlocutor_id": "AO",
            "text": "That sounds great! It's exciting, right?",
            "timestamp": "2022-08-10T22:19:21.179000"
        },
        {
            "utterance_id": 26,
            "interlocutor_id": "AN",
            "text": "Yes. Didn’t you have ones with parachutes in them?",
            "timestamp": "2022-08-10T22:19:38.468000"
        },
        {
            "utterance_id": 27,
            "interlocutor_id": "AO",
            "text": "Yes, I did! I just remembered when you mentioned it!",
            "timestamp": "2022-08-10T22:19:51.821000"
        },
        {
            "utterance_id": 28,
            "interlocutor_id": "AN",
            "text": "It's nostalgic, isn't it? Well then, let's enjoy summer together!",
            "timestamp": "2022-08-10T22:20:08.342000"
        },
        {
            "utterance_id": 29,
            "interlocutor_id": "AO",
            "text": "Yes! It seems like we can make good summer memories!",
            "timestamp": "2022-08-10T22:20:26.556000"
        }
    ],
    "evaluations": [
        {
            "interlocutor_id": "AN",
            "informativeness": 5,
            "comprehension": 5,
            "familiarity": 5,
            "interest": 5,
            "proactiveness": 4,
            "satisfaction": 5
        },
        {
            "interlocutor_id": "AO",
            "informativeness": 5,
            "comprehension": 5,
            "familiarity": 5,
            "interest": 4,
            "proactiveness": 4,
            "satisfaction": 4
        }
    ]
}