{
    "dialogue_id": 152,
    "interlocutors": [
        "AN",
        "AO"
    ],
    "utterances": [
        {
            "utterance_id": 0,
            "interlocutor_id": "AN",
            "text": "Good evening, it's already night.",
            "timestamp": "2022-08-10T21:53:05.419000"
        },
        {
            "utterance_id": 1,
            "interlocutor_id": "AO",
            "text": "Yes, it is. Recently, it gets dark in no time.",
            "timestamp": "2022-08-10T21:53:16.938000"
        },
        {
            "utterance_id": 2,
            "interlocutor_id": "AN",
            "text": "That's right. Do you move your body every day?",
            "timestamp": "2022-08-10T21:53:37.549000"
        },
        {
            "utterance_id": 3,
            "interlocutor_id": "AO",
            "text": "No, not at all, not at all!",
            "timestamp": "2022-08-10T21:53:52.416000"
        },
        {
            "utterance_id": 4,
            "interlocutor_id": "AN",
            "text": "Same here. My body has been feeling really stiff lately.",
            "timestamp": "2022-08-10T21:54:13.232000"
        },
        {
            "utterance_id": 5,
            "interlocutor_id": "AO",
            "text": "Ah, I understand! My back and neck are very stiff.",
            "timestamp": "2022-08-10T21:54:36.655000"
        },
        {
            "utterance_id": 6,
            "interlocutor_id": "AN",
            "text": "When you're facing the PC, your back and neck get stiff, right?",
            "timestamp": "2022-08-10T21:54:57.230000"
        },
        {
            "utterance_id": 7,
            "interlocutor_id": "AO",
            "text": "Yes! I feel like I'm going to have straight neck syndrome.",
            "timestamp": "2022-08-10T21:55:13.850000"
        },
        {
            "utterance_id": 8,
            "interlocutor_id": "AN",
            "text": "I thought, \"This isn't good!\" so I did some weight training and stretching, and I ended up with muscle soreness.",
            "timestamp": "2022-08-10T21:55:44.922000"
        },
        {
            "utterance_id": 9,
            "interlocutor_id": "AO",
            "text": "You might have overdone it, right?",
            "timestamp": "2022-08-10T21:55:53.903000"
        },
        {
            "utterance_id": 10,
            "interlocutor_id": "AN",
            "text": "Yes, I did too much.",
            "timestamp": "2022-08-10T21:56:05.428000"
        },
        {
            "utterance_id": 11,
            "interlocutor_id": "AO",
            "text": "Did the muscle soreness come on the next day?",
            "timestamp": "2022-08-10T21:56:17.906000"
        },
        {
            "utterance_id": 12,
            "interlocutor_id": "AN",
            "text": "Actually, it came the same day!",
            "timestamp": "2022-08-10T21:56:34.758000"
        },
        {
            "utterance_id": 13,
            "interlocutor_id": "AO",
            "text": "That's fast! It proves you're really young!",
            "timestamp": "NaT"
        },
        {
            "utterance_id": 14,
            "interlocutor_id": "AN",
            "text": "Is that so? Or maybe it's just a reaction to not moving my body much.",
            "timestamp": "2022-08-10T21:57:14.003000"
        },
        {
            "utterance_id": 15,
            "interlocutor_id": "AO",
            "text": "That's also true. I can't really say anything about others.",
            "timestamp": "2022-08-10T21:57:27.432000"
        },
        {
            "utterance_id": 16,
            "interlocutor_id": "AN",
            "text": "I was surprised at how much my range of motion has decreased.",
            "timestamp": "2022-08-10T21:57:48.603000"
        },
        {
            "utterance_id": 17,
            "interlocutor_id": "AO",
            "text": "Range of motion? Like not being able to turn your neck?",
            "timestamp": "2022-08-10T21:58:04.109000"
        },
        {
            "utterance_id": 18,
            "interlocutor_id": "AN",
            "text": "Like not being able to spread my legs, for example.",
            "timestamp": "2022-08-10T21:58:15.384000"
        },
        {
            "utterance_id": 19,
            "interlocutor_id": "AO",
            "text": "Ah! Just imagining it makes my muscles ache.",
            "timestamp": "2022-08-10T21:58:34.081000"
        },
        {
            "utterance_id": 20,
            "interlocutor_id": "AN",
            "text": "I really thought if I keep aging like this, I'm definitely going to get injured.",
            "timestamp": "2022-08-10T21:58:55.582000"
        },
        {
            "utterance_id": 21,
            "interlocutor_id": "AO",
            "text": "That's true. If I fall and instinctively try to catch myself, it seems possible I'd break a bone.",
            "timestamp": "2022-08-10T21:59:11.394000"
        },
        {
            "utterance_id": 22,
            "interlocutor_id": "AN",
            "text": "Elderly people tend to have a lot of those injuries, right?",
            "timestamp": "2022-08-10T21:59:31.519000"
        },
        {
            "utterance_id": 23,
            "interlocutor_id": "AO",
            "text": "Yikes! That's scary! That's me a few years from now!",
            "timestamp": "2022-08-10T22:00:03.705000"
        },
        {
            "utterance_id": 24,
            "interlocutor_id": "AN",
            "text": "I decided today to work hard every day, even if just a little, for my future self.",
            "timestamp": "2022-08-10T22:00:26.141000"
        },
        {
            "utterance_id": 25,
            "interlocutor_id": "AO",
            "text": "That's a wonderful thing!",
            "timestamp": "2022-08-10T22:00:36.451000"
        },
        {
            "utterance_id": 26,
            "interlocutor_id": "AN",
            "text": "I'll do my best not to become a three-day monk!",
            "timestamp": "2022-08-10T22:00:51.132000"
        },
        {
            "utterance_id": 27,
            "interlocutor_id": "AO",
            "text": "Yes! I'm cheering for you!",
            "timestamp": "2022-08-10T22:01:01.704000"
        },
        {
            "utterance_id": 28,
            "interlocutor_id": "AN",
            "text": "I'll report back if I've continued with it.",
            "timestamp": "2022-08-10T22:01:11.218000"
        },
        {
            "utterance_id": 29,
            "interlocutor_id": "AO",
            "text": "I'm looking forward to it! I'll also try to start something and be able to report too!",
            "timestamp": "2022-08-10T22:01:34.672000"
        },
        {
            "utterance_id": 30,
            "interlocutor_id": "AN",
            "text": "Let's both do our best! See you later.",
            "timestamp": "2022-08-10T22:01:50.698000"
        }
    ],
    "evaluations": [
        {
            "interlocutor_id": "AN",
            "informativeness": 5,
            "comprehension": 5,
            "familiarity": 5,
            "interest": 5,
            "proactiveness": 3,
            "satisfaction": 5
        },
        {
            "interlocutor_id": "AO",
            "informativeness": 5,
            "comprehension": 5,
            "familiarity": 5,
            "interest": 5,
            "proactiveness": 5,
            "satisfaction": 5
        }
    ]
}