{
    "dialogue_id": 166,
    "interlocutors": [
        "AN",
        "AF"
    ],
    "utterances": [
        {
            "utterance_id": 0,
            "interlocutor_id": "AN",
            "text": "Good evening!",
            "timestamp": "2022-08-08T20:56:11.830000"
        },
        {
            "utterance_id": 1,
            "interlocutor_id": "AF",
            "text": "Good evening!",
            "timestamp": "2022-08-08T20:56:17.787000"
        },
        {
            "utterance_id": 2,
            "interlocutor_id": "AN",
            "text": "Today, the weather was nice here as well.",
            "timestamp": "2022-08-08T20:56:28.034000"
        },
        {
            "utterance_id": 3,
            "interlocutor_id": "AF",
            "text": "It was sunny here for the first time in a while today.",
            "timestamp": "2022-08-08T20:56:40.342000"
        },
        {
            "utterance_id": 4,
            "interlocutor_id": "AN",
            "text": "Is that so? Was it rainy until yesterday?",
            "timestamp": "2022-08-08T20:56:53.240000"
        },
        {
            "utterance_id": 5,
            "interlocutor_id": "AF",
            "text": "Yesterday, the weather was not very good, it was sunny and cloudy at times.",
            "timestamp": "2022-08-08T20:57:12.875000"
        },
        {
            "utterance_id": 6,
            "interlocutor_id": "AN",
            "text": "I see! Recently, the atmospheric conditions have been unstable, and the weather keeps changing, doesn't it?",
            "timestamp": "2022-08-08T20:57:35.061000"
        },
        {
            "utterance_id": 7,
            "interlocutor_id": "AF",
            "text": "I often go out by bike, so it's a problem when the weather is unstable.",
            "timestamp": "2022-08-08T20:57:55.243000"
        },
        {
            "utterance_id": 8,
            "interlocutor_id": "AN",
            "text": "I also go out by bike often, so I have been keeping a raincoat on my bike recently.",
            "timestamp": "2022-08-08T20:58:31.069000"
        },
        {
            "utterance_id": 9,
            "interlocutor_id": "AF",
            "text": "A raincoat, huh! I don’t have one, but they are stylish and cute these days, aren’t they?",
            "timestamp": "2022-08-08T20:58:54.267000"
        },
        {
            "utterance_id": 10,
            "interlocutor_id": "AN",
            "text": "That’s true. There are cute raincoats being sold, right? Mine is function-focused, so it’s not very cute.",
            "timestamp": "2022-08-08T20:59:28.308000"
        },
        {
            "utterance_id": 11,
            "interlocutor_id": "AF",
            "text": "I see, I’ve been caught in a sudden rain once, so I might buy one too.",
            "timestamp": "2022-08-08T20:59:57.157000"
        },
        {
            "utterance_id": 12,
            "interlocutor_id": "AN",
            "text": "Raincoats are convenient. You won’t be blown by the wind like with an umbrella.",
            "timestamp": "2022-08-08T21:00:38.926000"
        },
        {
            "utterance_id": 13,
            "interlocutor_id": "AF",
            "text": "Speaking of function-focused, what features does it have?",
            "timestamp": "2022-08-08T21:00:59.735000"
        },
        {
            "utterance_id": 14,
            "interlocutor_id": "AN",
            "text": "It has a waterproof function, so it really keeps moisture away.",
            "timestamp": "2022-08-08T21:01:43.526000"
        },
        {
            "utterance_id": 15,
            "interlocutor_id": "AF",
            "text": "I see, so it’s probably made of fairly sturdy fabric.",
            "timestamp": "2022-08-08T21:02:10.625000"
        },
        {
            "utterance_id": 16,
            "interlocutor_id": "AN",
            "text": "Also, it is separated into upper and lower parts, so it's easy to move!",
            "timestamp": "2022-08-08T21:02:30.408000"
        },
        {
            "utterance_id": 17,
            "interlocutor_id": "AF",
            "text": "Does that mean the lower part is pants?",
            "timestamp": "2022-08-08T21:02:45.848000"
        },
        {
            "utterance_id": 18,
            "interlocutor_id": "AN",
            "text": "Yes, it is. The lower part is pants.",
            "timestamp": "2022-08-08T21:03:00.289000"
        },
        {
            "utterance_id": 19,
            "interlocutor_id": "AF",
            "text": "Pants seem less likely to get wet. I’m also interested in rain boots since they are stylish now.",
            "timestamp": "2022-08-08T21:03:27.771000"
        },
        {
            "utterance_id": 20,
            "interlocutor_id": "AN",
            "text": "There are various types of rain boots, right? What kind are you interested in?",
            "timestamp": "2022-08-08T21:03:59.989000"
        },
        {
            "utterance_id": 21,
            "interlocutor_id": "AF",
            "text": "I found a sneaker-style design and thought it looked nice.",
            "timestamp": "2022-08-08T21:04:22.546000"
        },
        {
            "utterance_id": 22,
            "interlocutor_id": "AN",
            "text": "A sneaker-style design exists!",
            "timestamp": "2022-08-08T21:04:38.296000"
        },
        {
            "utterance_id": 23,
            "interlocutor_id": "AF",
            "text": "Yes, but it was around 8,000 yen, so I hesitated.",
            "timestamp": "2022-08-08T21:05:05.330000"
        },
        {
            "utterance_id": 24,
            "interlocutor_id": "AN",
            "text": "That’s quite a price. But it seems like it would be useful to have a pair.",
            "timestamp": "2022-08-08T21:05:27.130000"
        },
        {
            "utterance_id": 25,
            "interlocutor_id": "AF",
            "text": "That's right. Maybe I should just buy it thinking it’s like a regular pair of sneakers?",
            "timestamp": "2022-08-08T21:05:49.499000"
        },
        {
            "utterance_id": 26,
            "interlocutor_id": "AN",
            "text": "I think that's a good idea! Short rain shoes seem easy to walk in!",
            "timestamp": "2022-08-08T21:06:13.708000"
        },
        {
            "utterance_id": 27,
            "interlocutor_id": "AF",
            "text": "Long ones tend to be heavy for adults, making them hard to walk in.",
            "timestamp": "2022-08-08T21:06:32.425000"
        },
        {
            "utterance_id": 28,
            "interlocutor_id": "AN",
            "text": "I wear long ones, but they are quite difficult to walk in. If you buy them, please let me know how they feel!",
            "timestamp": "2022-08-08T21:07:01.264000"
        },
        {
            "utterance_id": 29,
            "interlocutor_id": "AF",
            "text": "Yes! Well then, see you again.",
            "timestamp": "2022-08-08T21:07:14.992000"
        },
        {
            "utterance_id": 30,
            "interlocutor_id": "AN",
            "text": "Yes, see you again.",
            "timestamp": "2022-08-08T21:08:05.279000"
        }
    ],
    "evaluations": [
        {
            "interlocutor_id": "AN",
            "informativeness": 5,
            "comprehension": 5,
            "familiarity": 5,
            "interest": 5,
            "proactiveness": 4,
            "satisfaction": 5
        },
        {
            "interlocutor_id": "AF",
            "informativeness": 4,
            "comprehension": 4,
            "familiarity": 4,
            "interest": 4,
            "proactiveness": 4,
            "satisfaction": 4
        }
    ]
}