{
    "dialogue_id": 165,
    "interlocutors": [
        "AP",
        "AF"
    ],
    "utterances": [
        {
            "utterance_id": 0,
            "interlocutor_id": "AP",
            "text": "Good evening.",
            "timestamp": "2022-08-07T22:48:18.146000"
        },
        {
            "utterance_id": 1,
            "interlocutor_id": "AF",
            "text": "Good evening.",
            "timestamp": "2022-08-07T22:48:33.313000"
        },
        {
            "utterance_id": 2,
            "interlocutor_id": "AP",
            "text": "Recently, it has been cool in the Kanto region, hasn't it?",
            "timestamp": "2022-08-07T22:49:02.549000"
        },
        {
            "utterance_id": 3,
            "interlocutor_id": "AF",
            "text": "It has also become cooler where I live these past few days.",
            "timestamp": "2022-08-07T22:49:25.006000"
        },
        {
            "utterance_id": 4,
            "interlocutor_id": "AP",
            "text": "Do you have any favorite weather or seasons?",
            "timestamp": "2022-08-07T22:50:04.693000"
        },
        {
            "utterance_id": 5,
            "interlocutor_id": "AF",
            "text": "Perhaps spring and autumn, because I like flowers.",
            "timestamp": "2022-08-07T22:50:37.802000"
        },
        {
            "utterance_id": 6,
            "interlocutor_id": "AP",
            "text": "I see. I also like flowers, but spring is tough for me because of hay fever.",
            "timestamp": "2022-08-07T22:51:00.043000"
        },
        {
            "utterance_id": 7,
            "interlocutor_id": "AF",
            "text": "That can happen, but I still go flower viewing everywhere in spring.",
            "timestamp": "2022-08-07T22:51:31.608000"
        },
        {
            "utterance_id": 8,
            "interlocutor_id": "AP",
            "text": "Flower viewing is difficult to time correctly. It’s hard to aim for full bloom.",
            "timestamp": "2022-08-07T22:52:17.032000"
        },
        {
            "utterance_id": 9,
            "interlocutor_id": "AF",
            "text": "For the places I usually go, I have a general idea since they are the same every year.",
            "timestamp": "2022-08-07T22:53:01.120000"
        },
        {
            "utterance_id": 10,
            "interlocutor_id": "AP",
            "text": "I see, that’s smart.",
            "timestamp": "2022-08-07T22:53:28.542000"
        },
        {
            "utterance_id": 11,
            "interlocutor_id": "AF",
            "text": "After viewing the cherry blossoms, there are various flowers like tulips, hydrangeas, and wisteria to enjoy, so spring is fun.",
            "timestamp": "2022-08-07T22:54:06.944000"
        },
        {
            "utterance_id": 12,
            "interlocutor_id": "AP",
            "text": "Do you do any gardening?",
            "timestamp": "2022-08-07T22:54:44.018000"
        },
        {
            "utterance_id": 13,
            "interlocutor_id": "AF",
            "text": "Yes, I grow a little bit.",
            "timestamp": "2022-08-07T22:54:59.107000"
        },
        {
            "utterance_id": 14,
            "interlocutor_id": "AP",
            "text": "I also love growing plants. This year, I grew dianthus from seeds.",
            "timestamp": "2022-08-07T22:55:25.097000"
        },
        {
            "utterance_id": 15,
            "interlocutor_id": "AF",
            "text": "That’s great! Growing from seeds means you must be quite skilled at it.",
            "timestamp": "2022-08-07T22:55:44.481000"
        },
        {
            "utterance_id": 16,
            "interlocutor_id": "AP",
            "text": "Dianthus is a type that is relatively easy to germinate! I enjoy growing from seeds.",
            "timestamp": "2022-08-07T22:56:14.048000"
        },
        {
            "utterance_id": 17,
            "interlocutor_id": "AF",
            "text": "I see, I’d like to try it! I grew sunflowers from seeds this year.",
            "timestamp": "2022-08-07T22:56:41.965000"
        },
        {
            "utterance_id": 18,
            "interlocutor_id": "AP",
            "text": "Have the flowers bloomed? Is it coming soon?",
            "timestamp": "2022-08-07T22:57:08.036000"
        },
        {
            "utterance_id": 19,
            "interlocutor_id": "AF",
            "text": "They have grown quite tall, but they are still a little way off!",
            "timestamp": "2022-08-07T22:57:29.485000"
        },
        {
            "utterance_id": 20,
            "interlocutor_id": "AP",
            "text": "They are the tall variety, then! I'm looking forward to the flowers blooming.",
            "timestamp": "2022-08-07T22:57:52.489000"
        },
        {
            "utterance_id": 21,
            "interlocutor_id": "AF",
            "text": "When you grow from seeds, it’s very rewarding when it works out well.",
            "timestamp": "2022-08-07T22:58:20.372000"
        },
        {
            "utterance_id": 22,
            "interlocutor_id": "AP",
            "text": "Yes, it's really fun to see the growth little by little. If I can collect seeds, I can grow them again next year.",
            "timestamp": "2022-08-07T22:59:17.119000"
        },
        {
            "utterance_id": 23,
            "interlocutor_id": "AF",
            "text": "That’s right! Do you have any recommendations for other flowers to grow from seeds?",
            "timestamp": "2022-08-07T23:00:13.829000"
        },
        {
            "utterance_id": 24,
            "interlocutor_id": "AP",
            "text": "They’re not seeds, but I recommend growing tulips and hyacinths from bulbs.",
            "timestamp": "2022-08-07T23:01:06.133000"
        },
        {
            "utterance_id": 25,
            "interlocutor_id": "AF",
            "text": "I’ve never grown bulbs before! I’ll challenge myself next year.",
            "timestamp": "2022-08-07T23:01:36.059000"
        },
        {
            "utterance_id": 26,
            "interlocutor_id": "AP",
            "text": "I think tulips sprout relatively easily and grow well! Definitely in spring!",
            "timestamp": "2022-08-07T23:02:31.991000"
        },
        {
            "utterance_id": 27,
            "interlocutor_id": "AF",
            "text": "Yes, I'm looking forward to next spring.",
            "timestamp": "2022-08-07T23:02:48.492000"
        },
        {
            "utterance_id": 28,
            "interlocutor_id": "AP",
            "text": "I’m also thinking of trying to grow tulips after a long time. Well then.",
            "timestamp": "2022-08-07T23:03:06.012000"
        },
        {
            "utterance_id": 29,
            "interlocutor_id": "AF",
            "text": "Yes, thank you for today!",
            "timestamp": "2022-08-07T23:03:21.709000"
        }
    ],
    "evaluations": [
        {
            "interlocutor_id": "AP",
            "informativeness": 5,
            "comprehension": 5,
            "familiarity": 5,
            "interest": 5,
            "proactiveness": 5,
            "satisfaction": 5
        },
        {
            "interlocutor_id": "AF",
            "informativeness": 4,
            "comprehension": 4,
            "familiarity": 4,
            "interest": 4,
            "proactiveness": 4,
            "satisfaction": 4
        }
    ]
}