{
    "dialogue_id": 169,
    "interlocutors": [
        "AF",
        "AN"
    ],
    "utterances": [
        {
            "utterance_id": 0,
            "interlocutor_id": "AF",
            "text": "Good evening!",
            "timestamp": "2022-08-08T21:29:42.050000"
        },
        {
            "utterance_id": 1,
            "interlocutor_id": "AN",
            "text": "Good evening!",
            "timestamp": "2022-08-08T21:29:48.161000"
        },
        {
            "utterance_id": 2,
            "interlocutor_id": "AF",
            "text": "Do you drink alcohol?",
            "timestamp": "2022-08-08T21:30:00.478000"
        },
        {
            "utterance_id": 3,
            "interlocutor_id": "AN",
            "text": "Yes. I drink every day.",
            "timestamp": "2022-08-08T21:30:08.775000"
        },
        {
            "utterance_id": 4,
            "interlocutor_id": "AF",
            "text": "Really? What do you drink?",
            "timestamp": "2022-08-08T21:30:25.349000"
        },
        {
            "utterance_id": 5,
            "interlocutor_id": "AN",
            "text": "I definitely drink beer. Do you drink alcohol?",
            "timestamp": "2022-08-08T21:30:48.712000"
        },
        {
            "utterance_id": 6,
            "interlocutor_id": "AF",
            "text": "Yes, I usually drink shochu or wine.",
            "timestamp": "2022-08-08T21:31:11.093000"
        },
        {
            "utterance_id": 7,
            "interlocutor_id": "AN",
            "text": "Wine is delicious too. I haven’t had shochu much.",
            "timestamp": "2022-08-08T21:31:34.328000"
        },
        {
            "utterance_id": 8,
            "interlocutor_id": "AF",
            "text": "I bought a shochu called lemon sour and mix it with soda to drink.",
            "timestamp": "2022-08-08T21:32:03.415000"
        },
        {
            "utterance_id": 9,
            "interlocutor_id": "AN",
            "text": "I see, I think I could drink that too!",
            "timestamp": "2022-08-08T21:32:17.743000"
        },
        {
            "utterance_id": 10,
            "interlocutor_id": "AF",
            "text": "It’s nice because you can make it stronger or weaker depending on your mood!",
            "timestamp": "2022-08-08T21:32:35.502000"
        },
        {
            "utterance_id": 11,
            "interlocutor_id": "AN",
            "text": "That sounds good! I borrowed a book on lemon sour from the library the other day.",
            "timestamp": "2022-08-08T21:32:57.799000"
        },
        {
            "utterance_id": 12,
            "interlocutor_id": "AF",
            "text": "There’s a book like that?",
            "timestamp": "2022-08-08T21:33:08.345000"
        },
        {
            "utterance_id": 13,
            "interlocutor_id": "AN",
            "text": "Yes. It had various recipes for lemon sour.",
            "timestamp": "2022-08-08T21:33:26.445000"
        },
        {
            "utterance_id": 14,
            "interlocutor_id": "AF",
            "text": "I want to read it! I often add extra lemon or fruit vinegar.",
            "timestamp": "2022-08-08T21:33:49.580000"
        },
        {
            "utterance_id": 15,
            "interlocutor_id": "AN",
            "text": "That sounds nice. Fruit vinegar goes well with it!",
            "timestamp": "2022-08-08T21:34:18.299000"
        },
        {
            "utterance_id": 16,
            "interlocutor_id": "AF",
            "text": "Yes, it’s fun. I recently made sangria with wine.",
            "timestamp": "2022-08-08T21:34:38.040000"
        },
        {
            "utterance_id": 17,
            "interlocutor_id": "AN",
            "text": "Homemade sangria? What fruits did you put in it?",
            "timestamp": "2022-08-08T21:34:56.655000"
        },
        {
            "utterance_id": 18,
            "interlocutor_id": "AF",
            "text": "Peach, pineapple, and kiwi. I was surprised how a not-so-good wine turned delicious!",
            "timestamp": "2022-08-08T21:35:26.464000"
        },
        {
            "utterance_id": 19,
            "interlocutor_id": "AN",
            "text": "That sounds really delicious! I want to drink it!",
            "timestamp": "2022-08-08T21:35:37.821000"
        },
        {
            "utterance_id": 20,
            "interlocutor_id": "AF",
            "text": "I added some soda to dilute it a bit, and it's easy to drink.",
            "timestamp": "2022-08-08T21:36:13.604000"
        },
        {
            "utterance_id": 21,
            "interlocutor_id": "AN",
            "text": "I also have some not-so-good red wine at home, so I’ll try making it!",
            "timestamp": "2022-08-08T21:36:32.946000"
        },
        {
            "utterance_id": 22,
            "interlocutor_id": "AF",
            "text": "Definitely, it was refreshing to finish off a bottle of not-so-good wine.",
            "timestamp": "2022-08-08T21:37:00.239000"
        },
        {
            "utterance_id": 23,
            "interlocutor_id": "AN",
            "text": "Speaking of not-so-good wine, I made hot wine with a not-so-good wine in winter.",
            "timestamp": "2022-08-08T21:37:26.435000"
        },
        {
            "utterance_id": 24,
            "interlocutor_id": "AF",
            "text": "What do you put in hot wine?",
            "timestamp": "2022-08-08T21:37:41.343000"
        },
        {
            "utterance_id": 25,
            "interlocutor_id": "AN",
            "text": "I added cinnamon, honey, and sliced orange and heated it up!",
            "timestamp": "2022-08-08T21:38:01.894000"
        },
        {
            "utterance_id": 26,
            "interlocutor_id": "AF",
            "text": "That sounds warming! Is there a chance of getting drunk easily with it being hot?",
            "timestamp": "2022-08-08T21:38:25.085000"
        },
        {
            "utterance_id": 27,
            "interlocutor_id": "AN",
            "text": "It warmed me up, but I got really drunk!",
            "timestamp": "2022-08-08T21:38:40.742000"
        },
        {
            "utterance_id": 28,
            "interlocutor_id": "AF",
            "text": "I see, that’s the case. But I want to try it in winter.",
            "timestamp": "2022-08-08T21:38:53.954000"
        },
        {
            "utterance_id": 29,
            "interlocutor_id": "AN",
            "text": "Please do try it. Just sip it slowly. See you!",
            "timestamp": "2022-08-08T21:39:26.105000"
        },
        {
            "utterance_id": 30,
            "interlocutor_id": "AF",
            "text": "Yes, thank you!",
            "timestamp": "2022-08-08T21:39:44.249000"
        }
    ],
    "evaluations": [
        {
            "interlocutor_id": "AF",
            "informativeness": 4,
            "comprehension": 4,
            "familiarity": 4,
            "interest": 4,
            "proactiveness": 4,
            "satisfaction": 4
        },
        {
            "interlocutor_id": "AN",
            "informativeness": 5,
            "comprehension": 5,
            "familiarity": 5,
            "interest": 5,
            "proactiveness": 5,
            "satisfaction": 5
        }
    ]
}