{
    "dialogue_id": 167,
    "interlocutors": [
        "AF",
        "AN"
    ],
    "utterances": [
        {
            "utterance_id": 0,
            "interlocutor_id": "AF",
            "text": "Hello! Please.",
            "timestamp": "2022-08-08T21:07:37.333000"
        },
        {
            "utterance_id": 1,
            "interlocutor_id": "AN",
            "text": "Hello! Thank you as well.",
            "timestamp": "2022-08-08T21:07:53.601000"
        },
        {
            "utterance_id": 2,
            "interlocutor_id": "AF",
            "text": "I went out today for the first time in a while.",
            "timestamp": "2022-08-08T21:08:30.948000"
        },
        {
            "utterance_id": 3,
            "interlocutor_id": "AN",
            "text": "How was the outing after a long time?",
            "timestamp": "2022-08-08T21:08:41.849000"
        },
        {
            "utterance_id": 4,
            "interlocutor_id": "AF",
            "text": "I took off my mask, so it felt a bit liberating.",
            "timestamp": "2022-08-08T21:08:58.605000"
        },
        {
            "utterance_id": 5,
            "interlocutor_id": "AN",
            "text": "That’s nice. I feel like evenings have been a bit cooler lately.",
            "timestamp": "2022-08-08T21:09:16.724000"
        },
        {
            "utterance_id": 6,
            "interlocutor_id": "AF",
            "text": "I thought so too today! It seems like autumn is approaching.",
            "timestamp": "2022-08-08T21:09:35.634000"
        },
        {
            "utterance_id": 7,
            "interlocutor_id": "AN",
            "text": "Time flies with the seasons, doesn't it? Where did you go out today?",
            "timestamp": "2022-08-08T21:09:54.080000"
        },
        {
            "utterance_id": 8,
            "interlocutor_id": "AF",
            "text": "I casually went to a nearby bookstore today.",
            "timestamp": "2022-08-08T21:10:18.867000"
        },
        {
            "utterance_id": 9,
            "interlocutor_id": "AN",
            "text": "That’s nice! Did you encounter any wonderful books?",
            "timestamp": "2022-08-08T21:10:35.014000"
        },
        {
            "utterance_id": 10,
            "interlocutor_id": "AF",
            "text": "It’s a picture book store, and I had fun flipping through various ones.",
            "timestamp": "2022-08-08T21:11:11.478000"
        },
        {
            "utterance_id": 11,
            "interlocutor_id": "AN",
            "text": "Is it a specialty store for picture books? That sounds very enjoyable.",
            "timestamp": "2022-08-08T21:11:30.887000"
        },
        {
            "utterance_id": 12,
            "interlocutor_id": "AF",
            "text": "Yes, it’s mostly picture books and children's books, and it’s within walking distance from my home.",
            "timestamp": "2022-08-08T21:12:05.174000"
        },
        {
            "utterance_id": 13,
            "interlocutor_id": "AN",
            "text": "You have a nice store close to your house!",
            "timestamp": "2022-08-08T21:12:17.691000"
        },
        {
            "utterance_id": 14,
            "interlocutor_id": "AF",
            "text": "It's a rural area, but there are quite a few shops within walking distance.",
            "timestamp": "2022-08-08T21:12:54.700000"
        },
        {
            "utterance_id": 15,
            "interlocutor_id": "AN",
            "text": "That’s enviable. Where I live is a residential area, so there aren’t many shops around.",
            "timestamp": "2022-08-08T21:13:29.576000"
        },
        {
            "utterance_id": 16,
            "interlocutor_id": "AF",
            "text": "I also live in a residential area, but there are supermarkets and hospitals close to the main street.",
            "timestamp": "2022-08-08T21:14:14.559000"
        },
        {
            "utterance_id": 17,
            "interlocutor_id": "AN",
            "text": "I see! That’s a good location!",
            "timestamp": "2022-08-08T21:14:50.852000"
        },
        {
            "utterance_id": 18,
            "interlocutor_id": "AF",
            "text": "Yes, it’s a place I happened to move to, but I think it turned out well.",
            "timestamp": "2022-08-08T21:15:14.610000"
        },
        {
            "utterance_id": 19,
            "interlocutor_id": "AN",
            "text": "Have you been living in your current house for a long time?",
            "timestamp": "2022-08-08T21:15:36.842000"
        },
        {
            "utterance_id": 20,
            "interlocutor_id": "AF",
            "text": "Yes, it's been about 17 years now.",
            "timestamp": "2022-08-08T21:15:46.795000"
        },
        {
            "utterance_id": 21,
            "interlocutor_id": "AN",
            "text": "Is that so! I have only lived in my current house for about 3 years.",
            "timestamp": "2022-08-08T21:16:14.098000"
        },
        {
            "utterance_id": 22,
            "interlocutor_id": "AF",
            "text": "So your house is still relatively new!",
            "timestamp": "2022-08-08T21:16:23.386000"
        },
        {
            "utterance_id": 23,
            "interlocutor_id": "AN",
            "text": "Yes, I moved during the COVID pandemic, so I haven’t explored the area much yet.",
            "timestamp": "2022-08-08T21:16:47.299000"
        },
        {
            "utterance_id": 24,
            "interlocutor_id": "AF",
            "text": "After I moved, I walked around the neighborhood a lot.",
            "timestamp": "2022-08-08T21:17:10.600000"
        },
        {
            "utterance_id": 25,
            "interlocutor_id": "AN",
            "text": "It’s fun to discover surprising things while exploring the town, isn’t it?",
            "timestamp": "2022-08-08T21:17:29.777000"
        },
        {
            "utterance_id": 26,
            "interlocutor_id": "AF",
            "text": "Yes, when I walk, I often find interesting stores.",
            "timestamp": "2022-08-08T21:17:48.669000"
        },
        {
            "utterance_id": 27,
            "interlocutor_id": "AN",
            "text": "Recently, I found a cozy little bakery.",
            "timestamp": "2022-08-08T21:18:13.508000"
        },
        {
            "utterance_id": 28,
            "interlocutor_id": "AF",
            "text": "Such discoveries are great! Please talk to me again.",
            "timestamp": "2022-08-08T21:18:30.592000"
        },
        {
            "utterance_id": 29,
            "interlocutor_id": "AN",
            "text": "Yes, please ask me again.",
            "timestamp": "2022-08-08T21:18:37.140000"
        }
    ],
    "evaluations": [
        {
            "interlocutor_id": "AF",
            "informativeness": 4,
            "comprehension": 3,
            "familiarity": 4,
            "interest": 4,
            "proactiveness": 4,
            "satisfaction": 4
        },
        {
            "interlocutor_id": "AN",
            "informativeness": 5,
            "comprehension": 5,
            "familiarity": 5,
            "interest": 5,
            "proactiveness": 3,
            "satisfaction": 5
        }
    ]
}