{
    "dialogue_id": 168,
    "interlocutors": [
        "AN",
        "AF"
    ],
    "utterances": [
        {
            "utterance_id": 0,
            "interlocutor_id": "AN",
            "text": "Good evening!",
            "timestamp": "2022-08-08T21:18:52.696000"
        },
        {
            "utterance_id": 1,
            "interlocutor_id": "AF",
            "text": "Good evening!",
            "timestamp": "2022-08-08T21:19:03.738000"
        },
        {
            "utterance_id": 2,
            "interlocutor_id": "AN",
            "text": "It's already completely night, isn't it?",
            "timestamp": "2022-08-08T21:19:15.926000"
        },
        {
            "utterance_id": 3,
            "interlocutor_id": "AF",
            "text": "Yes, it seems that time goes faster each year.",
            "timestamp": "2022-08-08T21:19:32.452000"
        },
        {
            "utterance_id": 4,
            "interlocutor_id": "AN",
            "text": "I understand. I feel like time flowed much slower when I was a child.",
            "timestamp": "2022-08-08T21:19:50.185000"
        },
        {
            "utterance_id": 5,
            "interlocutor_id": "AF",
            "text": "Truly. My 30s felt like they lasted just a moment!",
            "timestamp": "2022-08-08T21:20:17.872000"
        },
        {
            "utterance_id": 6,
            "interlocutor_id": "AN",
            "text": "Recently, the year passes so quickly that sometimes I forget how old I am.",
            "timestamp": "2022-08-08T21:20:48.345000"
        },
        {
            "utterance_id": 7,
            "interlocutor_id": "AF",
            "text": "Sometimes when I write on forms, I accidentally write one year older.",
            "timestamp": "2022-08-08T21:21:10.942000"
        },
        {
            "utterance_id": 8,
            "interlocutor_id": "AN",
            "text": "That happens. I tend to add a year.",
            "timestamp": "2022-08-08T21:21:30.341000"
        },
        {
            "utterance_id": 9,
            "interlocutor_id": "AF",
            "text": "I felt a bit cheated when I accidentally wrote I was 40 at 39 years old.",
            "timestamp": "2022-08-08T21:22:00.418000"
        },
        {
            "utterance_id": 10,
            "interlocutor_id": "AN",
            "text": "You mistakenly added a year, wow.",
            "timestamp": "2022-08-08T21:22:18.487000"
        },
        {
            "utterance_id": 11,
            "interlocutor_id": "AF",
            "text": "When I forget, I ask my child to confirm.",
            "timestamp": "2022-08-08T21:22:42.163000"
        },
        {
            "utterance_id": 12,
            "interlocutor_id": "AN",
            "text": "That happens too. Then they shout out my age loudly.",
            "timestamp": "2022-08-08T21:23:16.296000"
        },
        {
            "utterance_id": 13,
            "interlocutor_id": "AF",
            "text": "Oh, that does happen. But I’m surprised that this year is already more than half over.",
            "timestamp": "2022-08-08T21:23:34.318000"
        },
        {
            "utterance_id": 14,
            "interlocutor_id": "AN",
            "text": "It feels like this year will end in the blink of an eye.",
            "timestamp": "2022-08-08T21:24:08.656000"
        },
        {
            "utterance_id": 15,
            "interlocutor_id": "AF",
            "text": "After summer passes, isn't the time until the end of the year incredibly fast?",
            "timestamp": "2022-08-08T21:24:42.340000"
        },
        {
            "utterance_id": 16,
            "interlocutor_id": "AN",
            "text": "It is fast. Before I realize it, it’s December after summer ends.",
            "timestamp": "2022-08-08T21:25:09.413000"
        },
        {
            "utterance_id": 17,
            "interlocutor_id": "AF",
            "text": "I think about resolutions every year, but it seems like another year will end without me achieving much.",
            "timestamp": "2022-08-08T21:25:29.505000"
        },
        {
            "utterance_id": 18,
            "interlocutor_id": "AN",
            "text": "What kind of resolutions did you set this year?",
            "timestamp": "2022-08-08T21:25:49.189000"
        },
        {
            "utterance_id": 19,
            "interlocutor_id": "AF",
            "text": "This year, I aim to exercise and reduce body fat, and also improve my handwriting.",
            "timestamp": "2022-08-08T21:26:06.161000"
        },
        {
            "utterance_id": 20,
            "interlocutor_id": "AN",
            "text": "I see! Speaking of which, I was surprised the other day when I wrote by hand after a long time – my handwriting was really bad.",
            "timestamp": "2022-08-08T21:26:41.012000"
        },
        {
            "utterance_id": 21,
            "interlocutor_id": "AF",
            "text": "With smartphones and PCs, we hardly write by hand anymore.",
            "timestamp": "2022-08-08T21:26:56.736000"
        },
        {
            "utterance_id": 22,
            "interlocutor_id": "AN",
            "text": "That’s right. We need to write by hand regularly.",
            "timestamp": "2022-08-08T21:27:14.853000"
        },
        {
            "utterance_id": 23,
            "interlocutor_id": "AF",
            "text": "So, I’m practicing with a brush pen and ballpoint pen.",
            "timestamp": "2022-08-08T21:27:40.583000"
        },
        {
            "utterance_id": 24,
            "interlocutor_id": "AN",
            "text": "That sounds nice. I might start practicing my handwriting in preparation for New Year’s cards.",
            "timestamp": "2022-08-08T21:27:57.703000"
        },
        {
            "utterance_id": 25,
            "interlocutor_id": "AF",
            "text": "I've been continuing for about a year and a half, and my family recently said I've gotten better.",
            "timestamp": "2022-08-08T21:28:17.535000"
        },
        {
            "utterance_id": 26,
            "interlocutor_id": "AN",
            "text": "That's wonderful! Consistency is key.",
            "timestamp": "2022-08-08T21:28:35.792000"
        },
        {
            "utterance_id": 27,
            "interlocutor_id": "AF",
            "text": "I think so too. I definitely recommend it to you as well.",
            "timestamp": "2022-08-08T21:28:47.048000"
        },
        {
            "utterance_id": 28,
            "interlocutor_id": "AN",
            "text": "Yes, I will also follow your lead and start practicing. Thank you for today!",
            "timestamp": "2022-08-08T21:29:10.549000"
        },
        {
            "utterance_id": 29,
            "interlocutor_id": "AF",
            "text": "Thank you as well!",
            "timestamp": "2022-08-08T21:29:22.863000"
        }
    ],
    "evaluations": [
        {
            "interlocutor_id": "AN",
            "informativeness": 5,
            "comprehension": 5,
            "familiarity": 5,
            "interest": 5,
            "proactiveness": 3,
            "satisfaction": 5
        },
        {
            "interlocutor_id": "AF",
            "informativeness": 4,
            "comprehension": 3,
            "familiarity": 4,
            "interest": 4,
            "proactiveness": 4,
            "satisfaction": 4
        }
    ]
}