{
    "dialogue_id": 161,
    "interlocutors": [
        "AP",
        "AF"
    ],
    "utterances": [
        {
            "utterance_id": 0,
            "interlocutor_id": "AP",
            "text": "Good evening.",
            "timestamp": "2022-08-07T21:52:17.634000"
        },
        {
            "utterance_id": 1,
            "interlocutor_id": "AF",
            "text": "Good evening!",
            "timestamp": "2022-08-07T21:52:28.830000"
        },
        {
            "utterance_id": 2,
            "interlocutor_id": "AP",
            "text": "Do you have anything you are looking forward to this summer?",
            "timestamp": "2022-08-07T21:53:01.213000"
        },
        {
            "utterance_id": 3,
            "interlocutor_id": "AF",
            "text": "I don't have any plans for the summer, but I'm thinking of going on a trip in the fall.",
            "timestamp": "2022-08-07T21:53:29.162000"
        },
        {
            "utterance_id": 4,
            "interlocutor_id": "AP",
            "text": "That sounds nice; it seems like it would be more enjoyable after it cools down.",
            "timestamp": "2022-08-07T21:53:49.445000"
        },
        {
            "utterance_id": 5,
            "interlocutor_id": "AF",
            "text": "I'd like to go to the beach, but in the heat of summer, it seems too hot to have fun.",
            "timestamp": "2022-08-07T21:54:18.421000"
        },
        {
            "utterance_id": 6,
            "interlocutor_id": "AP",
            "text": "You would get sunburned, and it would be exhausting, right?",
            "timestamp": "2022-08-07T21:54:36.860000"
        },
        {
            "utterance_id": 7,
            "interlocutor_id": "AF",
            "text": "That's right, I really don't want to get burned. Also, I feel like I might just collapse if it's too hot.",
            "timestamp": "2022-08-07T21:55:01.834000"
        },
        {
            "utterance_id": 8,
            "interlocutor_id": "AP",
            "text": "If your health deteriorates, that would be pointless, right?",
            "timestamp": "2022-08-07T21:55:22.131000"
        },
        {
            "utterance_id": 9,
            "interlocutor_id": "AF",
            "text": "Do you have any plans for the summer?",
            "timestamp": "2022-08-07T21:55:32.975000"
        },
        {
            "utterance_id": 10,
            "interlocutor_id": "AP",
            "text": "I have plans to go on a trip with friends.",
            "timestamp": "2022-08-07T21:55:52.407000"
        },
        {
            "utterance_id": 11,
            "interlocutor_id": "AF",
            "text": "That sounds good! Where are you going?",
            "timestamp": "2022-08-07T21:56:20.828000"
        },
        {
            "utterance_id": 12,
            "interlocutor_id": "AP",
            "text": "I'm planning to go to Okinawa. I haven't finalized it yet!",
            "timestamp": "2022-08-07T21:56:31.506000"
        },
        {
            "utterance_id": 13,
            "interlocutor_id": "AF",
            "text": "Wow! That sounds exciting. Please be careful of the strong UV rays!",
            "timestamp": "2022-08-07T21:56:53.528000"
        },
        {
            "utterance_id": 14,
            "interlocutor_id": "AP",
            "text": "I'll be fully prepared!",
            "timestamp": "2022-08-07T21:57:05.448000"
        },
        {
            "utterance_id": 15,
            "interlocutor_id": "AF",
            "text": "I went to Amami Oshima in spring before, and the UV rays were quite strong.",
            "timestamp": "2022-08-07T21:57:35.063000"
        },
        {
            "utterance_id": 16,
            "interlocutor_id": "AP",
            "text": "Did you do any activities in Amami Oshima?",
            "timestamp": "2022-08-07T21:57:56.106000"
        },
        {
            "utterance_id": 17,
            "interlocutor_id": "AF",
            "text": "Yes, I went snorkeling and kayaking.",
            "timestamp": "2022-08-07T21:58:26.797000"
        },
        {
            "utterance_id": 18,
            "interlocutor_id": "AP",
            "text": "Snorkeling sounds great; did you see any fish?",
            "timestamp": "2022-08-07T21:58:45.776000"
        },
        {
            "utterance_id": 19,
            "interlocutor_id": "AF",
            "text": "I saw a lot! I even bought a waterproof camera for that purpose.",
            "timestamp": "2022-08-07T21:59:23.818000"
        },
        {
            "utterance_id": 20,
            "interlocutor_id": "AP",
            "text": "I'm jealous! I think I will also plan for snorkeling.",
            "timestamp": "2022-08-07T22:00:05.144000"
        },
        {
            "utterance_id": 21,
            "interlocutor_id": "AF",
            "text": "Absolutely! Next time, I want to try diving too.",
            "timestamp": "2022-08-07T22:00:32.810000"
        },
        {
            "utterance_id": 22,
            "interlocutor_id": "AP",
            "text": "For diving, do you need a license or something?",
            "timestamp": "2022-08-07T22:00:55.825000"
        },
        {
            "utterance_id": 23,
            "interlocutor_id": "AF",
            "text": "I think you can dive if there’s an instructor. Also, depending on the depth, I believe you need a license.",
            "timestamp": "2022-08-07T22:01:27.681000"
        },
        {
            "utterance_id": 24,
            "interlocutor_id": "AP",
            "text": "Is that so? I'll look it up.",
            "timestamp": "2022-08-07T22:02:26.176000"
        },
        {
            "utterance_id": 25,
            "interlocutor_id": "AF",
            "text": "I want to get a license if I get the opportunity.",
            "timestamp": "2022-08-07T22:02:45.509000"
        },
        {
            "utterance_id": 26,
            "interlocutor_id": "AP",
            "text": "Do you need to take a class to get the license?",
            "timestamp": "2022-08-07T22:03:32.729000"
        },
        {
            "utterance_id": 27,
            "interlocutor_id": "AF",
            "text": "You need to apply somewhere, but I think you can get it in a relatively short time.",
            "timestamp": "2022-08-07T22:04:12.010000"
        },
        {
            "utterance_id": 28,
            "interlocutor_id": "AP",
            "text": "I love swimming, so I want to try it someday!",
            "timestamp": "2022-08-07T22:04:33.777000"
        },
        {
            "utterance_id": 29,
            "interlocutor_id": "AF",
            "text": "Is that so? I want to challenge myself too. Well then, let's wrap it up here.",
            "timestamp": "2022-08-07T22:05:00.656000"
        }
    ],
    "evaluations": [
        {
            "interlocutor_id": "AP",
            "informativeness": 5,
            "comprehension": 5,
            "familiarity": 5,
            "interest": 5,
            "proactiveness": 5,
            "satisfaction": 5
        },
        {
            "interlocutor_id": "AF",
            "informativeness": 4,
            "comprehension": 3,
            "familiarity": 4,
            "interest": 4,
            "proactiveness": 4,
            "satisfaction": 4
        }
    ]
}