{
    "dialogue_id": 163,
    "interlocutors": [
        "AP",
        "AF"
    ],
    "utterances": [
        {
            "utterance_id": 0,
            "interlocutor_id": "AP",
            "text": "Good evening, nice to meet you.",
            "timestamp": "2022-08-07T22:19:09.668000"
        },
        {
            "utterance_id": 1,
            "interlocutor_id": "AF",
            "text": "Good evening! Please take care of me.",
            "timestamp": "2022-08-07T22:19:20.740000"
        },
        {
            "utterance_id": 2,
            "interlocutor_id": "AP",
            "text": "Suddenly, do you like traveling abroad?",
            "timestamp": "2022-08-07T22:19:58.241000"
        },
        {
            "utterance_id": 3,
            "interlocutor_id": "AF",
            "text": "I haven't been abroad yet. Where have you been?",
            "timestamp": "2022-08-07T22:20:16.140000"
        },
        {
            "utterance_id": 4,
            "interlocutor_id": "AP",
            "text": "I have been to America! Are you interested?",
            "timestamp": "2022-08-07T22:20:49.201000"
        },
        {
            "utterance_id": 5,
            "interlocutor_id": "AF",
            "text": "The place I want to go the most is Santorini. Where in America did you go?",
            "timestamp": "2022-08-07T22:21:29.588000"
        },
        {
            "utterance_id": 6,
            "interlocutor_id": "AP",
            "text": "I went to Boston, New York, Los Angeles, and Hawaii.",
            "timestamp": "2022-08-07T22:22:05.449000"
        },
        {
            "utterance_id": 7,
            "interlocutor_id": "AF",
            "text": "You've been to many places! How many days were your trips?",
            "timestamp": "2022-08-07T22:22:26.428000"
        },
        {
            "utterance_id": 8,
            "interlocutor_id": "AP",
            "text": "I spent just under a week in Hawaii, and the others I stayed a bit longer.",
            "timestamp": "2022-08-07T22:23:34.275000"
        },
        {
            "utterance_id": 9,
            "interlocutor_id": "AF",
            "text": "That sounds nice! What did you like about America?",
            "timestamp": "2022-08-07T22:24:11.076000"
        },
        {
            "utterance_id": 10,
            "interlocutor_id": "AP",
            "text": "Christmas in New York was really beautiful and fun.",
            "timestamp": "2022-08-07T22:24:40.704000"
        },
        {
            "utterance_id": 11,
            "interlocutor_id": "AF",
            "text": "I think going abroad is nice too, but have you traveled around Japan?",
            "timestamp": "2022-08-07T22:25:17.284000"
        },
        {
            "utterance_id": 12,
            "interlocutor_id": "AP",
            "text": "I haven't traveled much around Japan. Just the Kanto region and Okinawa.",
            "timestamp": "2022-08-07T22:25:45.219000"
        },
        {
            "utterance_id": 13,
            "interlocutor_id": "AF",
            "text": "I see! I think I've traveled various places in Japan, from Hokkaido to Kyushu.",
            "timestamp": "2022-08-07T22:26:17.262000"
        },
        {
            "utterance_id": 14,
            "interlocutor_id": "AP",
            "text": "Have you conquered all 47 prefectures??",
            "timestamp": "2022-08-07T22:26:42.111000"
        },
        {
            "utterance_id": 15,
            "interlocutor_id": "AF",
            "text": "No, not that much. But I might have been to about half.",
            "timestamp": "2022-08-07T22:26:59.583000"
        },
        {
            "utterance_id": 16,
            "interlocutor_id": "AP",
            "text": "What's your best memory?",
            "timestamp": "2022-08-07T22:27:56.927000"
        },
        {
            "utterance_id": 17,
            "interlocutor_id": "AF",
            "text": "It's Hokkaido, where I went for my honeymoon.",
            "timestamp": "2022-08-07T22:28:10.529000"
        },
        {
            "utterance_id": 18,
            "interlocutor_id": "AP",
            "text": "Hokkaido is wonderful! Which areas did you visit?",
            "timestamp": "2022-08-07T22:28:39.605000"
        },
        {
            "utterance_id": 19,
            "interlocutor_id": "AF",
            "text": "I was torn between going abroad and Hokkaido, but Hokkaido itself has a bit of an exotic feel.",
            "timestamp": "2022-08-07T22:29:01.875000"
        },
        {
            "utterance_id": 20,
            "interlocutor_id": "AP",
            "text": "It has an exotic feel, huh?! If you have any recommended spots, could you let me know?",
            "timestamp": "2022-08-07T22:29:33.474000"
        },
        {
            "utterance_id": 21,
            "interlocutor_id": "AF",
            "text": "I mostly traveled on the western side of Hokkaido, but Biei and Furano were wonderful.",
            "timestamp": "2022-08-07T22:30:02.714000"
        },
        {
            "utterance_id": 22,
            "interlocutor_id": "AP",
            "text": "That's nice, what season did you go?",
            "timestamp": "2022-08-07T22:30:17.904000"
        },
        {
            "utterance_id": 23,
            "interlocutor_id": "AF",
            "text": "I went in autumn, and it was already snowing lightly.",
            "timestamp": "2022-08-07T22:30:44.007000"
        },
        {
            "utterance_id": 24,
            "interlocutor_id": "AP",
            "text": "That sounds cold! Did you get to eat seafood?",
            "timestamp": "2022-08-07T22:31:07.551000"
        },
        {
            "utterance_id": 25,
            "interlocutor_id": "AF",
            "text": "Yes, the seafood was delicious, but I was surprised that the vegetables were even better.",
            "timestamp": "2022-08-07T22:31:37.460000"
        },
        {
            "utterance_id": 26,
            "interlocutor_id": "AP",
            "text": "Vegetables, huh! Was it in hot pot dishes or something?",
            "timestamp": "2022-08-07T22:32:19.625000"
        },
        {
            "utterance_id": 27,
            "interlocutor_id": "AF",
            "text": "Steamed vegetables and grilled vegetables on a hot plate. The taste was completely different.",
            "timestamp": "2022-08-07T22:33:06.518000"
        },
        {
            "utterance_id": 28,
            "interlocutor_id": "AP",
            "text": "Is that so? I'll definitely try it if I go.",
            "timestamp": "2022-08-07T22:33:29.489000"
        },
        {
            "utterance_id": 29,
            "interlocutor_id": "AF",
            "text": "Yes, I recommend it. Thank you for today!",
            "timestamp": "2022-08-07T22:33:47.459000"
        }
    ],
    "evaluations": [
        {
            "interlocutor_id": "AP",
            "informativeness": 5,
            "comprehension": 5,
            "familiarity": 5,
            "interest": 5,
            "proactiveness": 5,
            "satisfaction": 5
        },
        {
            "interlocutor_id": "AF",
            "informativeness": 4,
            "comprehension": 3,
            "familiarity": 4,
            "interest": 4,
            "proactiveness": 4,
            "satisfaction": 4
        }
    ]
}