{
    "dialogue_id": 171,
    "interlocutors": [
        "AF",
        "AN"
    ],
    "utterances": [
        {
            "utterance_id": 0,
            "interlocutor_id": "AF",
            "text": "Good evening!",
            "timestamp": "2022-08-08T21:51:44.469000"
        },
        {
            "utterance_id": 1,
            "interlocutor_id": "AN",
            "text": "Good evening.",
            "timestamp": "2022-08-08T21:51:50.171000"
        },
        {
            "utterance_id": 2,
            "interlocutor_id": "AF",
            "text": "Sometimes I feel like going to a café.",
            "timestamp": "2022-08-08T21:52:32.844000"
        },
        {
            "utterance_id": 3,
            "interlocutor_id": "AN",
            "text": "Haven't you been to a café recently?",
            "timestamp": "2022-08-08T21:53:05.535000"
        },
        {
            "utterance_id": 4,
            "interlocutor_id": "AF",
            "text": "I just went last month. Do you go to cafés?",
            "timestamp": "2022-08-08T21:53:23.252000"
        },
        {
            "utterance_id": 5,
            "interlocutor_id": "AN",
            "text": "I haven't been going much lately. I want to drink a mixed juice from a café.",
            "timestamp": "2022-08-08T21:53:49.497000"
        },
        {
            "utterance_id": 6,
            "interlocutor_id": "AF",
            "text": "The mixed juice from the café looks delicious!",
            "timestamp": "2022-08-08T21:54:08.720000"
        },
        {
            "utterance_id": 7,
            "interlocutor_id": "AN",
            "text": "It's tasty. I try to recreate it at home, but I can't get it right.",
            "timestamp": "2022-08-08T21:54:37.989000"
        },
        {
            "utterance_id": 8,
            "interlocutor_id": "AF",
            "text": "When it's a flavor you can only have there, it makes you want to go regularly.",
            "timestamp": "2022-08-08T21:55:17.459000"
        },
        {
            "utterance_id": 9,
            "interlocutor_id": "AN",
            "text": "Yes. Do you have a menu you often order at cafés?",
            "timestamp": "2022-08-08T21:55:38.806000"
        },
        {
            "utterance_id": 10,
            "interlocutor_id": "AF",
            "text": "I usually order coffee and a sandwich.",
            "timestamp": "2022-08-08T21:56:04.084000"
        },
        {
            "utterance_id": 11,
            "interlocutor_id": "AN",
            "text": "A sandwich, huh? Café sandwiches are so delicious.",
            "timestamp": "2022-08-08T21:56:51.645000"
        },
        {
            "utterance_id": 12,
            "interlocutor_id": "AF",
            "text": "That shop has great bread, so there are times I just crave it.",
            "timestamp": "2022-08-08T21:57:35.863000"
        },
        {
            "utterance_id": 13,
            "interlocutor_id": "AN",
            "text": "A delicious sandwich made from great bread is the best.",
            "timestamp": "2022-08-08T21:58:07.419000"
        },
        {
            "utterance_id": 14,
            "interlocutor_id": "AF",
            "text": "Whenever I go there, I always end up buying some sliced bread.",
            "timestamp": "2022-08-08T21:58:35.451000"
        },
        {
            "utterance_id": 15,
            "interlocutor_id": "AN",
            "text": "Oh, they even sell sliced bread!",
            "timestamp": "2022-08-08T21:58:52.733000"
        },
        {
            "utterance_id": 16,
            "interlocutor_id": "AF",
            "text": "Yes, I like to buy that and cut it thick to make toast.",
            "timestamp": "2022-08-08T21:59:15.554000"
        },
        {
            "utterance_id": 17,
            "interlocutor_id": "AN",
            "text": "Wow, that sounds really delicious. Thick toast is great, isn't it?",
            "timestamp": "2022-08-08T21:59:33.689000"
        },
        {
            "utterance_id": 18,
            "interlocutor_id": "AF",
            "text": "I also bought a bit of a nicer toaster to enjoy the bread even more!",
            "timestamp": "2022-08-08T21:59:59.272000"
        },
        {
            "utterance_id": 19,
            "interlocutor_id": "AN",
            "text": "It seems like modern toasters can make really tasty toast.",
            "timestamp": "2022-08-08T22:00:22.491000"
        },
        {
            "utterance_id": 20,
            "interlocutor_id": "AF",
            "text": "They can be crispy on the outside and fluffy on the inside.",
            "timestamp": "2022-08-08T22:00:54.646000"
        },
        {
            "utterance_id": 21,
            "interlocutor_id": "AN",
            "text": "That's the ideal toast. My toaster just died the other day, so I'm thinking about getting a new one.",
            "timestamp": "2022-08-08T22:01:23.962000"
        },
        {
            "utterance_id": 22,
            "interlocutor_id": "AF",
            "text": "That sounds like a good idea! There are so many brands of toasters, so it can be confusing.",
            "timestamp": "2022-08-08T22:02:08.724000"
        },
        {
            "utterance_id": 23,
            "interlocutor_id": "AN",
            "text": "That's true. But I'm torn between two brands that specialize in toasting.",
            "timestamp": "2022-08-08T22:02:47.088000"
        },
        {
            "utterance_id": 24,
            "interlocutor_id": "AF",
            "text": "What are those brands?",
            "timestamp": "2022-08-08T22:03:05.248000"
        },
        {
            "utterance_id": 25,
            "interlocutor_id": "AN",
            "text": "Aladdin and Balmuda.",
            "timestamp": "2022-08-08T22:03:27.866000"
        },
        {
            "utterance_id": 26,
            "interlocutor_id": "AF",
            "text": "I also debated between those two and chose Aladdin.",
            "timestamp": "2022-08-08T22:03:46.851000"
        },
        {
            "utterance_id": 27,
            "interlocutor_id": "AN",
            "text": "Aladdin sounds good!",
            "timestamp": "2022-08-08T22:04:15.277000"
        },
        {
            "utterance_id": 28,
            "interlocutor_id": "AF",
            "text": "I thought its structure is simpler than Balmuda's, so it's less likely to break. I would recommend it.",
            "timestamp": "2022-08-08T22:04:41.054000"
        },
        {
            "utterance_id": 29,
            "interlocutor_id": "AN",
            "text": "Is that so?! I'm also thinking of going with Aladdin now. Thank you for helping me decide.",
            "timestamp": "2022-08-08T22:05:11.152000"
        },
        {
            "utterance_id": 30,
            "interlocutor_id": "AF",
            "text": "It was my pleasure, I enjoyed it!",
            "timestamp": "2022-08-08T22:05:19.522000"
        }
    ],
    "evaluations": [
        {
            "interlocutor_id": "AF",
            "informativeness": 4,
            "comprehension": 4,
            "familiarity": 4,
            "interest": 4,
            "proactiveness": 4,
            "satisfaction": 4
        },
        {
            "interlocutor_id": "AN",
            "informativeness": 5,
            "comprehension": 5,
            "familiarity": 5,
            "interest": 5,
            "proactiveness": 4,
            "satisfaction": 5
        }
    ]
}