{
    "dialogue_id": 170,
    "interlocutors": [
        "AN",
        "AF"
    ],
    "utterances": [
        {
            "utterance_id": 0,
            "interlocutor_id": "AN",
            "text": "Good evening!",
            "timestamp": "2022-08-08T21:39:40.683000"
        },
        {
            "utterance_id": 1,
            "interlocutor_id": "AF",
            "text": "Good evening!",
            "timestamp": "2022-08-08T21:39:54.386000"
        },
        {
            "utterance_id": 2,
            "interlocutor_id": "AN",
            "text": "Today, I was made to collect cicada shells with my daughter.",
            "timestamp": "2022-08-08T21:40:13.099000"
        },
        {
            "utterance_id": 3,
            "interlocutor_id": "AF",
            "text": "Oh! I feel like I was made to do the same thing when I was young.",
            "timestamp": "2022-08-08T21:40:31.369000"
        },
        {
            "utterance_id": 4,
            "interlocutor_id": "AN",
            "text": "I'm not good with bugs, so it was hell for me.",
            "timestamp": "2022-08-08T21:40:47.511000"
        },
        {
            "utterance_id": 5,
            "interlocutor_id": "AF",
            "text": "Hahaha, I understand! So, you're not using them for anything specific, right?",
            "timestamp": "2022-08-08T21:41:02.105000"
        },
        {
            "utterance_id": 6,
            "interlocutor_id": "AN",
            "text": "No, we just gathered a lot and lined them up on the tree at home.",
            "timestamp": "2022-08-08T21:41:22.781000"
        },
        {
            "utterance_id": 7,
            "interlocutor_id": "AF",
            "text": "Kids do the most mysterious things, don't they?",
            "timestamp": "2022-08-08T21:41:41.069000"
        },
        {
            "utterance_id": 8,
            "interlocutor_id": "AN",
            "text": "Yes. It seems they are okay with cicada shells, but they are not good with the actual cicadas.",
            "timestamp": "2022-08-08T21:42:07.305000"
        },
        {
            "utterance_id": 9,
            "interlocutor_id": "AF",
            "text": "Cicadas can suddenly start making noise and really scare you, can't they?",
            "timestamp": "2022-08-08T21:42:27.205000"
        },
        {
            "utterance_id": 10,
            "interlocutor_id": "AN",
            "text": "Exactly, they suddenly started chirping, and I got startled and screamed. I couldn't help but laugh.",
            "timestamp": "2022-08-08T21:43:55.394000"
        },
        {
            "utterance_id": 11,
            "interlocutor_id": "AF",
            "text": "That happens, doesn’t it? Speaking of which, my child once gathered pill bugs in a box.",
            "timestamp": "2022-08-08T21:43:28.097000"
        },
        {
            "utterance_id": 12,
            "interlocutor_id": "AN",
            "text": "Yikes! That must have been a shock.",
            "timestamp": "2022-08-08T21:43:57.362000"
        },
        {
            "utterance_id": 13,
            "interlocutor_id": "AF",
            "text": "I remember opening the box and screaming \"Eek!\"",
            "timestamp": "2022-08-08T21:44:17.542000"
        },
        {
            "utterance_id": 14,
            "interlocutor_id": "AN",
            "text": "You can't help but scream in that situation.",
            "timestamp": "2022-08-08T21:44:28.532000"
        },
        {
            "utterance_id": 15,
            "interlocutor_id": "AF",
            "text": "As they grow up, they stop collecting bugs, though.",
            "timestamp": "2022-08-08T21:44:47.919000"
        },
        {
            "utterance_id": 16,
            "interlocutor_id": "AN",
            "text": "Is that so? My kids are 2 and 5 years old now, so it seems like bug collecting will continue for a little while.",
            "timestamp": "2022-08-08T21:45:12.501000"
        },
        {
            "utterance_id": 17,
            "interlocutor_id": "AF",
            "text": "I see, yes, I think they may stop around middle school.",
            "timestamp": "2022-08-08T21:45:38.696000"
        },
        {
            "utterance_id": 18,
            "interlocutor_id": "AN",
            "text": "That's a long way to go. I used to not be able to touch bugs, but lately, I’ve been able to touch them because I play along with my kids.",
            "timestamp": "2022-08-08T21:46:13.966000"
        },
        {
            "utterance_id": 19,
            "interlocutor_id": "AF",
            "text": "You gradually get used to it. As I grew older, I started liking stag beetles and rhinoceros beetles, but I still can't touch them.",
            "timestamp": "2022-08-08T21:46:54.635000"
        },
        {
            "utterance_id": 20,
            "interlocutor_id": "AN",
            "text": "I prefer just to observe insects. Also, caterpillars.",
            "timestamp": "2022-08-08T21:47:17.183000"
        },
        {
            "utterance_id": 21,
            "interlocutor_id": "AF",
            "text": "I absolutely can't handle caterpillars! But kids tend to stare at them and observe.",
            "timestamp": "2022-08-08T21:47:41.753000"
        },
        {
            "utterance_id": 22,
            "interlocutor_id": "AN",
            "text": "They are watching. They say, \"It'll turn into a butterfly!\" and observe it every day.",
            "timestamp": "2022-08-08T21:48:08.929000"
        },
        {
            "utterance_id": 23,
            "interlocutor_id": "AF",
            "text": "My child loves bugs and knows enough to identify the adult version just by looking at caterpillars.",
            "timestamp": "2022-08-08T21:48:41.126000"
        },
        {
            "utterance_id": 24,
            "interlocutor_id": "AN",
            "text": "Amazing! A little bug expert!",
            "timestamp": "2022-08-08T21:48:56.605000"
        },
        {
            "utterance_id": 25,
            "interlocutor_id": "AF",
            "text": "I personally am not good with those adult butterflies either.",
            "timestamp": "2022-08-08T21:49:12.510000"
        },
        {
            "utterance_id": 26,
            "interlocutor_id": "AN",
            "text": "I understand. Honestly, I don’t want to go bug collecting.",
            "timestamp": "2022-08-08T21:49:59.221000"
        },
        {
            "utterance_id": 27,
            "interlocutor_id": "AF",
            "text": "It seems my husband is a bug expert, and they happily take care of insects together.",
            "timestamp": "2022-08-08T21:50:43.323000"
        },
        {
            "utterance_id": 28,
            "interlocutor_id": "AN",
            "text": "I see. I hope my husband will learn from that. Well, I guess that's it for now!",
            "timestamp": "2022-08-08T21:51:13.248000"
        },
        {
            "utterance_id": 29,
            "interlocutor_id": "AF",
            "text": "Yes, thank you for today!",
            "timestamp": "2022-08-08T21:51:27.479000"
        }
    ],
    "evaluations": [
        {
            "interlocutor_id": "AN",
            "informativeness": 5,
            "comprehension": 5,
            "familiarity": 5,
            "interest": 5,
            "proactiveness": 2,
            "satisfaction": 5
        },
        {
            "interlocutor_id": "AF",
            "informativeness": 4,
            "comprehension": 4,
            "familiarity": 4,
            "interest": 4,
            "proactiveness": 3,
            "satisfaction": 4
        }
    ]
}