{
    "dialogue_id": 179,
    "interlocutors": [
        "AF",
        "AN"
    ],
    "utterances": [
        {
            "utterance_id": 0,
            "interlocutor_id": "AF",
            "text": "Hello!",
            "timestamp": "2022-08-09T21:17:19.776000"
        },
        {
            "utterance_id": 1,
            "interlocutor_id": "AN",
            "text": "Hello!",
            "timestamp": "2022-08-09T21:17:24.245000"
        },
        {
            "utterance_id": 2,
            "interlocutor_id": "AF",
            "text": "Do you grow plants or vegetables at your home?",
            "timestamp": "2022-08-09T21:17:42.422000"
        },
        {
            "utterance_id": 3,
            "interlocutor_id": "AN",
            "text": "Yes! I grow herbs, flowers, and houseplants! How about you?",
            "timestamp": "2022-08-09T21:18:08.658000"
        },
        {
            "utterance_id": 4,
            "interlocutor_id": "AF",
            "text": "I grow flowers, and my mother-in-law grows vegetables for us.",
            "timestamp": "2022-08-09T21:18:33.497000"
        },
        {
            "utterance_id": 5,
            "interlocutor_id": "AN",
            "text": "That's nice! I seem to have a poor sense for growing plants and often end up killing them.",
            "timestamp": "2022-08-09T21:19:06.905000"
        },
        {
            "utterance_id": 6,
            "interlocutor_id": "AF",
            "text": "I'm the same way. What herbs are you currently growing?",
            "timestamp": "2022-08-09T21:19:24.081000"
        },
        {
            "utterance_id": 7,
            "interlocutor_id": "AN",
            "text": "Right now, I'm growing Italian parsley, sage, and rosemary.",
            "timestamp": "2022-08-09T21:19:45.232000"
        },
        {
            "utterance_id": 8,
            "interlocutor_id": "AF",
            "text": "Don't herbs often become very lush and vigorous?",
            "timestamp": "2022-08-09T21:20:04.895000"
        },
        {
            "utterance_id": 9,
            "interlocutor_id": "AN",
            "text": "Yes! The herbs I'm growing have somehow taken root, so they are thriving.",
            "timestamp": "2022-08-09T21:20:31.423000"
        },
        {
            "utterance_id": 10,
            "interlocutor_id": "AF",
            "text": "The rosemary at my house became so big that it turned into a tree, and I had to remove it because it was in the way.",
            "timestamp": "2022-08-09T21:20:58.677000"
        },
        {
            "utterance_id": 11,
            "interlocutor_id": "AN",
            "text": "Really? I've heard that when planted in the ground, they can grow quite large.",
            "timestamp": "2022-08-09T21:21:21.951000"
        },
        {
            "utterance_id": 12,
            "interlocutor_id": "AF",
            "text": "I see, I had planted it in the ground. Now I have the herbs in pots.",
            "timestamp": "2022-08-09T21:21:45.582000"
        },
        {
            "utterance_id": 13,
            "interlocutor_id": "AN",
            "text": "I also switched to pot cultivation after hearing that.",
            "timestamp": "2022-08-09T21:22:12.040000"
        },
        {
            "utterance_id": 14,
            "interlocutor_id": "AF",
            "text": "By the way, do you use your herbs in cooking?",
            "timestamp": "2022-08-09T21:22:28.804000"
        },
        {
            "utterance_id": 15,
            "interlocutor_id": "AN",
            "text": "Yes, I use them for cooking quite often.",
            "timestamp": "2022-08-09T21:22:42.280000"
        },
        {
            "utterance_id": 16,
            "interlocutor_id": "AF",
            "text": "That sounds great! What kinds of dishes do you use them in?",
            "timestamp": "2022-08-09T21:23:03.095000"
        },
        {
            "utterance_id": 17,
            "interlocutor_id": "AN",
            "text": "I add a sprig of rosemary when I grill or stew meat or fish.",
            "timestamp": "2022-08-09T21:23:28.264000"
        },
        {
            "utterance_id": 18,
            "interlocutor_id": "AF",
            "text": "Is it to remove any unpleasant odors?",
            "timestamp": "2022-08-09T21:23:47.269000"
        },
        {
            "utterance_id": 19,
            "interlocutor_id": "AN",
            "text": "Yes, it helps eliminate the odor. I used sage when making sausage.",
            "timestamp": "2022-08-09T21:24:07.196000"
        },
        {
            "utterance_id": 20,
            "interlocutor_id": "AF",
            "text": "I see! I will try to use my herbs more.",
            "timestamp": "2022-08-09T21:24:26.317000"
        },
        {
            "utterance_id": 21,
            "interlocutor_id": "AN",
            "text": "Also, if you infuse herbs in olive oil, you can create a really fragrant flavored oil!",
            "timestamp": "2022-08-09T21:25:01.622000"
        },
        {
            "utterance_id": 22,
            "interlocutor_id": "AF",
            "text": "That sounds great! By the way, can sausages be made at home?",
            "timestamp": "2022-08-09T21:25:21.992000"
        },
        {
            "utterance_id": 23,
            "interlocutor_id": "AN",
            "text": "You can make them just by buying a heavy-duty piping bag and hog casings!",
            "timestamp": "2022-08-09T21:25:57.184000"
        },
        {
            "utterance_id": 24,
            "interlocutor_id": "AF",
            "text": "I've participated in a sausage-making experience, but hog casings seem hard to obtain.",
            "timestamp": "2022-08-09T21:26:41.536000"
        },
        {
            "utterance_id": 25,
            "interlocutor_id": "AN",
            "text": "I was able to get them online and at a pastry shop.",
            "timestamp": "2022-08-09T21:27:51.198000"
        },
        {
            "utterance_id": 26,
            "interlocutor_id": "AF",
            "text": "I see, online is an option. I'm surprised that a piping bag will do!",
            "timestamp": "2022-08-09T21:27:42.504000"
        },
        {
            "utterance_id": 27,
            "interlocutor_id": "AN",
            "text": "There are special heavy-duty piping bags for sausage making!",
            "timestamp": "2022-08-09T21:28:16.719000"
        },
        {
            "utterance_id": 28,
            "interlocutor_id": "AF",
            "text": "I definitely want to look it up and try making some! Thank you for all the information.",
            "timestamp": "2022-08-09T21:28:42.539000"
        },
        {
            "utterance_id": 29,
            "interlocutor_id": "AN",
            "text": "No problem, feel free to try it out whenever you feel like it.",
            "timestamp": "2022-08-09T21:28:58.211000"
        }
    ],
    "evaluations": [
        {
            "interlocutor_id": "AF",
            "informativeness": 4,
            "comprehension": 4,
            "familiarity": 4,
            "interest": 4,
            "proactiveness": 4,
            "satisfaction": 4
        },
        {
            "interlocutor_id": "AN",
            "informativeness": 5,
            "comprehension": 5,
            "familiarity": 5,
            "interest": 5,
            "proactiveness": 5,
            "satisfaction": 5
        }
    ]
}