{
    "dialogue_id": 172,
    "interlocutors": [
        "AN",
        "AF"
    ],
    "utterances": [
        {
            "utterance_id": 0,
            "interlocutor_id": "AN",
            "text": "Good evening.",
            "timestamp": "2022-08-08T22:05:40.169000"
        },
        {
            "utterance_id": 1,
            "interlocutor_id": "AF",
            "text": "Good evening!",
            "timestamp": "2022-08-08T22:05:48.191000"
        },
        {
            "utterance_id": 2,
            "interlocutor_id": "AN",
            "text": "It seems that the weather will be nice tomorrow as well.",
            "timestamp": "2022-08-08T22:06:00.559000"
        },
        {
            "utterance_id": 3,
            "interlocutor_id": "AF",
            "text": "That's nice. Do you have any plans for tomorrow?",
            "timestamp": "2022-08-08T22:06:17.322000"
        },
        {
            "utterance_id": 4,
            "interlocutor_id": "AN",
            "text": "I only plan to go to the supermarket in the morning.",
            "timestamp": "2022-08-08T22:06:36.379000"
        },
        {
            "utterance_id": 5,
            "interlocutor_id": "AF",
            "text": "It's quite difficult to go out when it's this hot, isn't it?",
            "timestamp": "2022-08-08T22:06:53.864000"
        },
        {
            "utterance_id": 6,
            "interlocutor_id": "AN",
            "text": "That's true. I think I'll try to take a walk by the river in the evening when the heat subsides.",
            "timestamp": "2022-08-08T22:07:24.528000"
        },
        {
            "utterance_id": 7,
            "interlocutor_id": "AF",
            "text": "There's a river nearby, huh?",
            "timestamp": "2022-08-08T22:07:45.561000"
        },
        {
            "utterance_id": 8,
            "interlocutor_id": "AN",
            "text": "Yes, it's not a very big river, but it's perfect for a walk.",
            "timestamp": "2022-08-08T22:08:11.439000"
        },
        {
            "utterance_id": 9,
            "interlocutor_id": "AF",
            "text": "Is it a river where you can play in the water a little?",
            "timestamp": "2022-08-08T22:08:36.931000"
        },
        {
            "utterance_id": 10,
            "interlocutor_id": "AN",
            "text": "There are people playing in the water, but it's not very clean.",
            "timestamp": "2022-08-08T22:08:54.075000"
        },
        {
            "utterance_id": 11,
            "interlocutor_id": "AF",
            "text": "That's too bad. I live near the sea, but it's not that clean either.",
            "timestamp": "2022-08-08T22:09:24.529000"
        },
        {
            "utterance_id": 12,
            "interlocutor_id": "AN",
            "text": "Is that so? It's a bit disappointing for both of us. The other day, while I was walking by the river, I found something unexpected.",
            "timestamp": "2022-08-08T22:10:00.341000"
        },
        {
            "utterance_id": 13,
            "interlocutor_id": "AF",
            "text": "But being by the water is somewhat healing, isn't it?",
            "timestamp": "2022-08-08T22:10:06.841000"
        },
        {
            "utterance_id": 14,
            "interlocutor_id": "AN",
            "text": "The water is soothing, isn't it?",
            "timestamp": "2022-08-08T22:10:39.940000"
        },
        {
            "utterance_id": 15,
            "interlocutor_id": "AF",
            "text": "I often feel like going to the sea, especially in the evening.",
            "timestamp": "2022-08-08T22:11:03.175000"
        },
        {
            "utterance_id": 16,
            "interlocutor_id": "AN",
            "text": "I know what you mean. For some reason, I want to take a walk by the water in the morning and evening.",
            "timestamp": "2022-08-08T22:11:33.652000"
        },
        {
            "utterance_id": 17,
            "interlocutor_id": "AF",
            "text": "Rivers are nice and cold, whereas the sea can be quite warm at this time of year.",
            "timestamp": "2022-08-08T22:12:00.020000"
        },
        {
            "utterance_id": 18,
            "interlocutor_id": "AN",
            "text": "Indeed, rivers are definitely cooler. I'm thinking of going upstream to play in the water next time.",
            "timestamp": "2022-08-08T22:12:34.065000"
        },
        {
            "utterance_id": 19,
            "interlocutor_id": "AF",
            "text": "It sounds fun to go upstream! Are there any campgrounds nearby?",
            "timestamp": "2022-08-08T22:12:56.052000"
        },
        {
            "utterance_id": 20,
            "interlocutor_id": "AN",
            "text": "Yes, there seems to be a campground as well.",
            "timestamp": "2022-08-08T22:13:07.556000"
        },
        {
            "utterance_id": 21,
            "interlocutor_id": "AF",
            "text": "I'd like to try camping this year.",
            "timestamp": "2022-08-08T22:13:21.093000"
        },
        {
            "utterance_id": 22,
            "interlocutor_id": "AN",
            "text": "That sounds nice. Do you already have camping gear?",
            "timestamp": "2022-08-08T22:13:41.777000"
        },
        {
            "utterance_id": 23,
            "interlocutor_id": "AF",
            "text": "Not at all. So I'm considering campgrounds where I can go without bringing anything.",
            "timestamp": "2022-08-08T22:14:08.653000"
        },
        {
            "utterance_id": 24,
            "interlocutor_id": "AN",
            "text": "I see. Some campgrounds lend out a variety of items.",
            "timestamp": "2022-08-08T22:14:36.657000"
        },
        {
            "utterance_id": 25,
            "interlocutor_id": "AF",
            "text": "However, those places tend to be quite popular, so it can be hard to make a reservation.",
            "timestamp": "2022-08-08T22:14:55.912000"
        },
        {
            "utterance_id": 26,
            "interlocutor_id": "AN",
            "text": "Really!? I hope you can make a reservation.",
            "timestamp": "2022-08-08T22:15:14.870000"
        },
        {
            "utterance_id": 27,
            "interlocutor_id": "AF",
            "text": "Yes. If I can get a reservation, I'd like to go around autumn.",
            "timestamp": "2022-08-08T22:15:45.772000"
        },
        {
            "utterance_id": 28,
            "interlocutor_id": "AN",
            "text": "Please tell me about it afterward.",
            "timestamp": "2022-08-08T22:16:05.443000"
        },
        {
            "utterance_id": 29,
            "interlocutor_id": "AF",
            "text": "Yes, see you again!",
            "timestamp": "2022-08-08T22:16:21.412000"
        }
    ],
    "evaluations": [
        {
            "interlocutor_id": "AN",
            "informativeness": 5,
            "comprehension": 5,
            "familiarity": 5,
            "interest": 5,
            "proactiveness": 3,
            "satisfaction": 5
        },
        {
            "interlocutor_id": "AF",
            "informativeness": 4,
            "comprehension": 3,
            "familiarity": 4,
            "interest": 4,
            "proactiveness": 4,
            "satisfaction": 4
        }
    ]
}