{
    "dialogue_id": 177,
    "interlocutors": [
        "AF",
        "AN"
    ],
    "utterances": [
        {
            "utterance_id": 0,
            "interlocutor_id": "AF",
            "text": "Good evening!",
            "timestamp": "2022-08-09T20:50:44.600000"
        },
        {
            "utterance_id": 1,
            "interlocutor_id": "AN",
            "text": "Good evening!",
            "timestamp": "2022-08-09T20:50:49.881000"
        },
        {
            "utterance_id": 2,
            "interlocutor_id": "AF",
            "text": "For dinner today, I made hand-rolled sushi. What about you?",
            "timestamp": "2022-08-09T20:51:10.471000"
        },
        {
            "utterance_id": 3,
            "interlocutor_id": "AN",
            "text": "I made shrimp mayonnaise and stir-fried green pepper with beef today. Hand-rolled sushi sounds delicious.",
            "timestamp": "2022-08-09T20:51:30.245000"
        },
        {
            "utterance_id": 4,
            "interlocutor_id": "AF",
            "text": "I also made shrimp mayonnaise! Your house seems to be serving Chinese cuisine.",
            "timestamp": "2022-08-09T20:51:58.554000"
        },
        {
            "utterance_id": 5,
            "interlocutor_id": "AN",
            "text": "Shrimp mayonnaise is the same! I was in the mood for Chinese food today.",
            "timestamp": "2022-08-09T20:52:18.861000"
        },
        {
            "utterance_id": 6,
            "interlocutor_id": "AF",
            "text": "That kind of thing happens, right? I felt like having an easy meal today, so I opted for hand-rolled sushi.",
            "timestamp": "2022-08-09T20:52:46.916000"
        },
        {
            "utterance_id": 7,
            "interlocutor_id": "AN",
            "text": "The hand-rolled sushi must have made your child very happy, right?",
            "timestamp": "2022-08-09T20:53:15.748000"
        },
        {
            "utterance_id": 8,
            "interlocutor_id": "AF",
            "text": "Yes, it also served as a little celebration for my child's recovery.",
            "timestamp": "2022-08-09T20:54:00.813000"
        },
        {
            "utterance_id": 9,
            "interlocutor_id": "AN",
            "text": "Oh, did your child have health issues?",
            "timestamp": "2022-08-09T20:54:20.795000"
        },
        {
            "utterance_id": 10,
            "interlocutor_id": "AF",
            "text": "They were hospitalized for about a week due to an injury.",
            "timestamp": "2022-08-09T20:54:51.909000"
        },
        {
            "utterance_id": 11,
            "interlocutor_id": "AN",
            "text": "That must have been tough. I'm glad they were discharged safely.",
            "timestamp": "2022-08-09T20:55:09.169000"
        },
        {
            "utterance_id": 12,
            "interlocutor_id": "AF",
            "text": "Thank you, it was difficult not being able to visit due to the current situation.",
            "timestamp": "2022-08-09T20:55:30.094000"
        },
        {
            "utterance_id": 13,
            "interlocutor_id": "AN",
            "text": "I see, visiting isn't allowed right now. You and your child must have been anxious.",
            "timestamp": "2022-08-09T20:56:04.609000"
        },
        {
            "utterance_id": 14,
            "interlocutor_id": "AF",
            "text": "I think so. I quickly prepared my smartphone and was able to send some care packages, so I was able to communicate through email.",
            "timestamp": "2022-08-09T20:56:33.317000"
        },
        {
            "utterance_id": 15,
            "interlocutor_id": "AN",
            "text": "I see. Will they still need to go for outpatient care and rehabilitation for a while?",
            "timestamp": "2022-08-09T20:56:56.732000"
        },
        {
            "utterance_id": 16,
            "interlocutor_id": "AF",
            "text": "They said that the prognosis is good, so it seems like outpatient care won't be necessary anymore.",
            "timestamp": "2022-08-09T20:57:21.552000"
        },
        {
            "utterance_id": 17,
            "interlocutor_id": "AN",
            "text": "Is that so? That's great to hear!",
            "timestamp": "2022-08-09T20:57:38.716000"
        },
        {
            "utterance_id": 18,
            "interlocutor_id": "AF",
            "text": "Really, when it comes to children, mothers are so worried they feel like they might fall apart.",
            "timestamp": "2022-08-09T20:58:12.500000"
        },
        {
            "utterance_id": 19,
            "interlocutor_id": "AN",
            "text": "That's true. In our house, at the end of July, my younger child had a fever of 40°C, and I was really worried at that time.",
            "timestamp": "2022-08-09T20:58:54.944000"
        },
        {
            "utterance_id": 20,
            "interlocutor_id": "AF",
            "text": "A fever that high would definitely be concerning! Are they alright now?",
            "timestamp": "2022-08-09T20:59:22.941000"
        },
        {
            "utterance_id": 21,
            "interlocutor_id": "AN",
            "text": "They recovered safely!",
            "timestamp": "2022-08-09T20:59:42.822000"
        },
        {
            "utterance_id": 22,
            "interlocutor_id": "AF",
            "text": "That's great! Kids being lively is the most important thing.",
            "timestamp": "2022-08-09T21:00:11.204000"
        },
        {
            "utterance_id": 23,
            "interlocutor_id": "AN",
            "text": "Yes, no matter how old children get, parents continue to worry about them endlessly.",
            "timestamp": "2022-08-09T21:00:31.868000"
        },
        {
            "utterance_id": 24,
            "interlocutor_id": "AF",
            "text": "That seems to be true. My mother-in-law sometimes worries about her grown son as if he were still a child.",
            "timestamp": "2022-08-09T21:01:01.623000"
        },
        {
            "utterance_id": 25,
            "interlocutor_id": "AN",
            "text": "Is that so? For your mother-in-law, no matter how old they get, they are still her cute children.",
            "timestamp": "2022-08-09T21:01:43.750000"
        },
        {
            "utterance_id": 26,
            "interlocutor_id": "AF",
            "text": "I think, \"He's already close to 50!\"",
            "timestamp": "2022-08-09T21:02:03.207000"
        },
        {
            "utterance_id": 27,
            "interlocutor_id": "AN",
            "text": "Indeed, at that age, you feel like they should be able to manage on their own.",
            "timestamp": "2022-08-09T21:02:32.798000"
        },
        {
            "utterance_id": 28,
            "interlocutor_id": "AF",
            "text": "My mother-in-law probably thinks I'm a cold daughter-in-law instead. Well, let's talk again soon!",
            "timestamp": "2022-08-09T21:03:23.393000"
        },
        {
            "utterance_id": 29,
            "interlocutor_id": "AN",
            "text": "Oh, that's not true at all! Yes, let's talk again.",
            "timestamp": "2022-08-09T21:03:45.625000"
        }
    ],
    "evaluations": [
        {
            "interlocutor_id": "AF",
            "informativeness": 4,
            "comprehension": 3,
            "familiarity": 3,
            "interest": 3,
            "proactiveness": 4,
            "satisfaction": 3
        },
        {
            "interlocutor_id": "AN",
            "informativeness": 5,
            "comprehension": 5,
            "familiarity": 5,
            "interest": 5,
            "proactiveness": 3,
            "satisfaction": 5
        }
    ]
}