{
    "dialogue_id": 188,
    "interlocutors": [
        "AN",
        "AQ"
    ],
    "utterances": [
        {
            "utterance_id": 0,
            "interlocutor_id": "AN",
            "text": "Hello!",
            "timestamp": "2022-08-07T09:32:48.409000"
        },
        {
            "utterance_id": 1,
            "interlocutor_id": "AQ",
            "text": "Hello.",
            "timestamp": "2022-08-07T09:32:58.532000"
        },
        {
            "utterance_id": 2,
            "interlocutor_id": "AN",
            "text": "What time did you wake up today?",
            "timestamp": "2022-08-07T09:33:12.868000"
        },
        {
            "utterance_id": 3,
            "interlocutor_id": "AQ",
            "text": "I woke up at 6 AM today.",
            "timestamp": "2022-08-07T09:33:22.854000"
        },
        {
            "utterance_id": 4,
            "interlocutor_id": "AN",
            "text": "That's early! I just can't seem to wake up on my days off.",
            "timestamp": "2022-08-07T09:33:38.817000"
        },
        {
            "utterance_id": 5,
            "interlocutor_id": "AQ",
            "text": "I know, right?",
            "timestamp": "2022-08-07T09:33:48.241000"
        },
        {
            "utterance_id": 6,
            "interlocutor_id": "AN",
            "text": "That's true. I ended up sleeping soundly until after 8 AM today.",
            "timestamp": "2022-08-07T09:34:09.522000"
        },
        {
            "utterance_id": 7,
            "interlocutor_id": "AQ",
            "text": "It's okay to sleep in on weekends! In our case, I can't sleep because my son has morning practice.",
            "timestamp": "2022-08-07T09:34:32.723000"
        },
        {
            "utterance_id": 8,
            "interlocutor_id": "AN",
            "text": "Is that so? Thank you for preparing for your son's morning practice!",
            "timestamp": "2022-08-07T09:34:50.347000"
        },
        {
            "utterance_id": 9,
            "interlocutor_id": "AQ",
            "text": "Thank you! He practices swimming from the morning.",
            "timestamp": "2022-08-07T09:35:04.308000"
        },
        {
            "utterance_id": 10,
            "interlocutor_id": "AN",
            "text": "Swimming in the morning, huh? My eldest daughter also just started taking swimming lessons.",
            "timestamp": "2022-08-07T09:35:38.135000"
        },
        {
            "utterance_id": 11,
            "interlocutor_id": "AQ",
            "text": "Oh, that's great!",
            "timestamp": "2022-08-07T09:35:45.088000"
        },
        {
            "utterance_id": 12,
            "interlocutor_id": "AN",
            "text": "How long has your son been practicing?",
            "timestamp": "2022-08-07T09:35:59.931000"
        },
        {
            "utterance_id": 13,
            "interlocutor_id": "AQ",
            "text": "He has been practicing since he was 4 years old, up to 11 years old now.",
            "timestamp": "2022-08-07T09:36:17.456000"
        },
        {
            "utterance_id": 14,
            "interlocutor_id": "AN",
            "text": "That's amazing! He can swim quite well, right?",
            "timestamp": "2022-08-07T09:36:35.680000"
        },
        {
            "utterance_id": 15,
            "interlocutor_id": "AQ",
            "text": "Actually, he has won a championship in the prefecture.",
            "timestamp": "2022-08-07T09:36:44.353000"
        },
        {
            "utterance_id": 16,
            "interlocutor_id": "AN",
            "text": "That's incredibly impressive!",
            "timestamp": "2022-08-07T09:36:56.977000"
        },
        {
            "utterance_id": 17,
            "interlocutor_id": "AQ",
            "text": "Yes, he is a butterfly swimmer.",
            "timestamp": "2022-08-07T09:37:04.032000"
        },
        {
            "utterance_id": 18,
            "interlocutor_id": "AN",
            "text": "And he swims butterfly! I have never swum butterfly in my life.",
            "timestamp": "2022-08-07T09:37:24.223000"
        },
        {
            "utterance_id": 19,
            "interlocutor_id": "AQ",
            "text": "I can't swim either! It's impressive, isn't it?",
            "timestamp": "2022-08-07T09:37:35.351000"
        },
        {
            "utterance_id": 20,
            "interlocutor_id": "AN",
            "text": "It's really cool. Swimming seems like it would make you strong.",
            "timestamp": "2022-08-07T09:37:50.964000"
        },
        {
            "utterance_id": 21,
            "interlocutor_id": "AQ",
            "text": "It does. I'm sure your daughter will grow up to have a strong body too.",
            "timestamp": "2022-08-07T09:38:08.941000"
        },
        {
            "utterance_id": 22,
            "interlocutor_id": "AN",
            "text": "Swimming is a full-body workout. I hope so!",
            "timestamp": "2022-08-07T09:38:44.850000"
        },
        {
            "utterance_id": 23,
            "interlocutor_id": "AQ",
            "text": "It has also made it harder to catch colds.",
            "timestamp": "2022-08-07T09:39:04.404000"
        },
        {
            "utterance_id": 24,
            "interlocutor_id": "AN",
            "text": "That's something to be happy about as a parent.",
            "timestamp": "2022-08-07T09:39:18.193000"
        },
        {
            "utterance_id": 25,
            "interlocutor_id": "AQ",
            "text": "Yes, that's true. Also, even though he’s a grade schooler, he has a V-shaped body.",
            "timestamp": "2022-08-07T09:39:36.513000"
        },
        {
            "utterance_id": 26,
            "interlocutor_id": "AN",
            "text": "He’s really muscular! His body is already well developed!",
            "timestamp": "2022-08-07T09:39:52.191000"
        },
        {
            "utterance_id": 27,
            "interlocutor_id": "AQ",
            "text": "It’s enviable. I just tend to gain fat.",
            "timestamp": "2022-08-07T09:40:07.804000"
        },
        {
            "utterance_id": 28,
            "interlocutor_id": "AN",
            "text": "Me too! Let's both work hard for our kids' sake.",
            "timestamp": "2022-08-07T09:40:25.666000"
        },
        {
            "utterance_id": 29,
            "interlocutor_id": "AQ",
            "text": "That's right. Thank you very much.",
            "timestamp": "2022-08-07T09:40:32.230000"
        },
        {
            "utterance_id": 30,
            "interlocutor_id": "AN",
            "text": "Thank you as well!",
            "timestamp": "2022-08-07T09:40:40.496000"
        }
    ],
    "evaluations": [
        {
            "interlocutor_id": "AN",
            "informativeness": 5,
            "comprehension": 4,
            "familiarity": 5,
            "interest": 5,
            "proactiveness": 3,
            "satisfaction": 5
        },
        {
            "interlocutor_id": "AQ",
            "informativeness": 5,
            "comprehension": 5,
            "familiarity": 5,
            "interest": 5,
            "proactiveness": 5,
            "satisfaction": 5
        }
    ]
}