{
    "dialogue_id": 182,
    "interlocutors": [
        "AN",
        "AF"
    ],
    "utterances": [
        {
            "utterance_id": 0,
            "interlocutor_id": "AN",
            "text": "Good evening!",
            "timestamp": "2022-08-09T21:52:54.189000"
        },
        {
            "utterance_id": 1,
            "interlocutor_id": "AF",
            "text": "Good evening!",
            "timestamp": "2022-08-09T21:53:07.454000"
        },
        {
            "utterance_id": 2,
            "interlocutor_id": "AN",
            "text": "Do you have any plans for tomorrow?",
            "timestamp": "2022-08-09T21:53:26.623000"
        },
        {
            "utterance_id": 3,
            "interlocutor_id": "AF",
            "text": "I have work tomorrow.",
            "timestamp": "2022-08-09T21:53:44.332000"
        },
        {
            "utterance_id": 4,
            "interlocutor_id": "AN",
            "text": "I see, thank you for your hard work.",
            "timestamp": "2022-08-09T21:53:54.819000"
        },
        {
            "utterance_id": 5,
            "interlocutor_id": "AF",
            "text": "During summer vacation, I only work a little in the morning. After that, I relax.",
            "timestamp": "2022-08-09T21:54:16.098000"
        },
        {
            "utterance_id": 6,
            "interlocutor_id": "AN",
            "text": "Relaxing time sounds nice. I plan to accompany my child in play tomorrow as well.",
            "timestamp": "2022-08-09T21:54:44.705000"
        },
        {
            "utterance_id": 7,
            "interlocutor_id": "AF",
            "text": "I'm being asked to set up the pool from noon.",
            "timestamp": "2022-08-09T21:55:05.344000"
        },
        {
            "utterance_id": 8,
            "interlocutor_id": "AN",
            "text": "The pool sounds nice. Just be careful about sunburn.",
            "timestamp": "2022-08-09T21:55:21.810000"
        },
        {
            "utterance_id": 9,
            "interlocutor_id": "AF",
            "text": "That's right. Once I finish preparing, I’ll stay in my room.",
            "timestamp": "2022-08-09T21:55:45.448000"
        },
        {
            "utterance_id": 10,
            "interlocutor_id": "AN",
            "text": "That sounds nice. I have to accompany my child in playing with dolls tomorrow.",
            "timestamp": "2022-08-09T21:56:05.993000"
        },
        {
            "utterance_id": 11,
            "interlocutor_id": "AF",
            "text": "What kind of dolls are they?",
            "timestamp": "2022-08-09T21:56:19.096000"
        },
        {
            "utterance_id": 12,
            "interlocutor_id": "AN",
            "text": "They are Licca-chan dolls.",
            "timestamp": "2022-08-09T21:56:26.486000"
        },
        {
            "utterance_id": 13,
            "interlocutor_id": "AF",
            "text": "Licca-chan, my child plays with them from time to time.",
            "timestamp": "2022-08-09T21:56:53.289000"
        },
        {
            "utterance_id": 14,
            "interlocutor_id": "AN",
            "text": "I also played with Licca-chan dolls when I was a child. They're popular in any era.",
            "timestamp": "2022-08-09T21:57:16.042000"
        },
        {
            "utterance_id": 15,
            "interlocutor_id": "AF",
            "text": "The current Licca-chan has a cute face, doesn't she?",
            "timestamp": "2022-08-09T21:57:29.243000"
        },
        {
            "utterance_id": 16,
            "interlocutor_id": "AN",
            "text": "Indeed, I feel like the face is different from the old Licca-chan!",
            "timestamp": "2022-08-09T21:57:45.740000"
        },
        {
            "utterance_id": 17,
            "interlocutor_id": "AF",
            "text": "Both her mother and grandmother are incredibly young and beautiful.",
            "timestamp": "2022-08-09T21:58:31.396000"
        },
        {
            "utterance_id": 18,
            "interlocutor_id": "AN",
            "text": "Her father is also extremely young, right?",
            "timestamp": "2022-08-09T21:58:50.178000"
        },
        {
            "utterance_id": 19,
            "interlocutor_id": "AF",
            "text": "We have a father too, but Licca-chan is half, right?",
            "timestamp": "2022-08-09T21:59:24.876000"
        },
        {
            "utterance_id": 20,
            "interlocutor_id": "AN",
            "text": "Is that so? Is her mom a foreigner?",
            "timestamp": "2022-08-09T21:59:45.405000"
        },
        {
            "utterance_id": 21,
            "interlocutor_id": "AF",
            "text": "Maybe her dad is a foreigner? And I was surprised by how many siblings Licca-chan has.",
            "timestamp": "2022-08-09T22:00:20.530000"
        },
        {
            "utterance_id": 22,
            "interlocutor_id": "AN",
            "text": "So it's the dad’s side! There are twins and then triplets, right?",
            "timestamp": "2022-08-09T22:00:39.121000"
        },
        {
            "utterance_id": 23,
            "interlocutor_id": "AF",
            "text": "Even though she’s young and beautiful, I thought it was amazing that she has so many children when I became an adult.",
            "timestamp": "2022-08-09T22:01:02.844000"
        },
        {
            "utterance_id": 24,
            "interlocutor_id": "AN",
            "text": "When you grow up, you get surprised. And Licca-chan has plenty of friends too, right?",
            "timestamp": "2022-08-09T22:01:36.377000"
        },
        {
            "utterance_id": 25,
            "interlocutor_id": "AF",
            "text": "I only know one of Licca-chan's friends. Are there really that many?",
            "timestamp": "2022-08-09T22:02:03.094000"
        },
        {
            "utterance_id": 26,
            "interlocutor_id": "AN",
            "text": "Yes, it seems there are a few. My grandmother keeps buying them, so we have a lot of Licca-chan doll goods.",
            "timestamp": "2022-08-09T22:02:34.023000"
        },
        {
            "utterance_id": 27,
            "interlocutor_id": "AF",
            "text": "Haha, children are happy but parents are a little troubled by it.",
            "timestamp": "2022-08-09T22:02:52.941000"
        },
        {
            "utterance_id": 28,
            "interlocutor_id": "AN",
            "text": "That's true. It’s about time, so I’ll take my leave here!",
            "timestamp": "2022-08-09T22:03:22.997000"
        },
        {
            "utterance_id": 29,
            "interlocutor_id": "AF",
            "text": "Yes, thank you very much!",
            "timestamp": "2022-08-09T22:03:38.610000"
        },
        {
            "utterance_id": 30,
            "interlocutor_id": "AN",
            "text": "Thank you too!",
            "timestamp": "2022-08-09T22:04:02.038000"
        }
    ],
    "evaluations": [
        {
            "interlocutor_id": "AN",
            "informativeness": 5,
            "comprehension": 5,
            "familiarity": 5,
            "interest": 5,
            "proactiveness": 3,
            "satisfaction": 5
        },
        {
            "interlocutor_id": "AF",
            "informativeness": 4,
            "comprehension": 4,
            "familiarity": 4,
            "interest": 4,
            "proactiveness": 4,
            "satisfaction": 4
        }
    ]
}