{
    "dialogue_id": 189,
    "interlocutors": [
        "AQ",
        "AN"
    ],
    "utterances": [
        {
            "utterance_id": 0,
            "interlocutor_id": "AQ",
            "text": "Hello.",
            "timestamp": "2022-08-07T09:41:10.239000"
        },
        {
            "utterance_id": 1,
            "interlocutor_id": "AN",
            "text": "Hello.",
            "timestamp": "2022-08-07T09:41:13.918000"
        },
        {
            "utterance_id": 2,
            "interlocutor_id": "AQ",
            "text": "It's summer vacation, isn't it?",
            "timestamp": "2022-08-07T09:41:18.733000"
        },
        {
            "utterance_id": 3,
            "interlocutor_id": "AN",
            "text": "Yes, it is. The summer vacation is long.",
            "timestamp": "2022-08-07T09:41:49.084000"
        },
        {
            "utterance_id": 4,
            "interlocutor_id": "AQ",
            "text": "It's really long and tough.",
            "timestamp": "2022-08-07T09:41:40.856000"
        },
        {
            "utterance_id": 5,
            "interlocutor_id": "AN",
            "text": "It's hard to think of meals every day.",
            "timestamp": "2022-08-07T09:41:59.573000"
        },
        {
            "utterance_id": 6,
            "interlocutor_id": "AQ",
            "text": "Exactly.",
            "timestamp": "2022-08-07T09:42:05.609000"
        },
        {
            "utterance_id": 7,
            "interlocutor_id": "AN",
            "text": "What are you feeding them every day? Here, it's mostly noodles and rice bowls.",
            "timestamp": "2022-08-07T09:42:22.779000"
        },
        {
            "utterance_id": 8,
            "interlocutor_id": "AQ",
            "text": "I understand! Like curry rice.",
            "timestamp": "2022-08-07T09:42:32.046000"
        },
        {
            "utterance_id": 9,
            "interlocutor_id": "AN",
            "text": "That's true! It's a rotation.",
            "timestamp": "2022-08-07T09:42:50.305000"
        },
        {
            "utterance_id": 10,
            "interlocutor_id": "AQ",
            "text": "That's right. I guess it's McDonald's too.",
            "timestamp": "2022-08-07T09:43:00.976000"
        },
        {
            "utterance_id": 11,
            "interlocutor_id": "AN",
            "text": "Oh, that's a good idea!",
            "timestamp": "2022-08-07T09:43:12.512000"
        },
        {
            "utterance_id": 12,
            "interlocutor_id": "AQ",
            "text": "When it's bothersome, we go for takeout.",
            "timestamp": "2022-08-07T09:43:23.211000"
        },
        {
            "utterance_id": 13,
            "interlocutor_id": "AN",
            "text": "That's definitely something kids love.",
            "timestamp": "2022-08-07T09:43:36.464000"
        },
        {
            "utterance_id": 14,
            "interlocutor_id": "AQ",
            "text": "That's right!",
            "timestamp": "2022-08-07T09:43:46.552000"
        },
        {
            "utterance_id": 15,
            "interlocutor_id": "AN",
            "text": "My child was saying they want a Happy Meal, so let's have McDonald's for lunch tomorrow!",
            "timestamp": "2022-08-07T09:44:08.246000"
        },
        {
            "utterance_id": 16,
            "interlocutor_id": "AQ",
            "text": "Is it Doraemon now?",
            "timestamp": "2022-08-07T09:44:17.284000"
        },
        {
            "utterance_id": 17,
            "interlocutor_id": "AN",
            "text": "I think so.",
            "timestamp": "2022-08-07T09:44:24.427000"
        },
        {
            "utterance_id": 18,
            "interlocutor_id": "AQ",
            "text": "Oh, a character that appeals to everyone.",
            "timestamp": "2022-08-07T09:44:36.709000"
        },
        {
            "utterance_id": 19,
            "interlocutor_id": "AN",
            "text": "I've never seen the Doraemon anime, but I really like the character.",
            "timestamp": "2022-08-07T09:44:56.948000"
        },
        {
            "utterance_id": 20,
            "interlocutor_id": "AQ",
            "text": "I understand. Everyone likes it, right?",
            "timestamp": "2022-08-07T09:45:09.113000"
        },
        {
            "utterance_id": 21,
            "interlocutor_id": "AN",
            "text": "It's a national character.",
            "timestamp": "2022-08-07T09:45:34.299000"
        },
        {
            "utterance_id": 22,
            "interlocutor_id": "AQ",
            "text": "Yes. Next is Hello Kitty for the Happy Meal.",
            "timestamp": "2022-08-07T09:45:51.116000"
        },
        {
            "utterance_id": 23,
            "interlocutor_id": "AN",
            "text": "Is that so! My child also seems to really like Precure.",
            "timestamp": "2022-08-07T09:46:15.729000"
        },
        {
            "utterance_id": 24,
            "interlocutor_id": "AQ",
            "text": "That's a path everyone goes through. Nostalgic.",
            "timestamp": "2022-08-07T09:46:27.834000"
        },
        {
            "utterance_id": 25,
            "interlocutor_id": "AN",
            "text": "That's right. When I was a child, Ojamajo Doremi was popular.",
            "timestamp": "2022-08-07T09:47:20.877000"
        },
        {
            "utterance_id": 26,
            "interlocutor_id": "AQ",
            "text": "That's nostalgic too! Isn't there a lottery for it?",
            "timestamp": "2022-08-07T09:47:30.876000"
        },
        {
            "utterance_id": 27,
            "interlocutor_id": "AN",
            "text": "Yes, there is. Once you become an adult, you can go on a buying spree with your financial power.",
            "timestamp": "2022-08-07T09:47:48.778000"
        },
        {
            "utterance_id": 28,
            "interlocutor_id": "AQ",
            "text": "You'll want it, right? Thank you.",
            "timestamp": "2022-08-07T09:48:01.228000"
        },
        {
            "utterance_id": 29,
            "interlocutor_id": "AN",
            "text": "Yes, thank you for the conversation.",
            "timestamp": "2022-08-07T09:48:13.790000"
        }
    ],
    "evaluations": [
        {
            "interlocutor_id": "AQ",
            "informativeness": 5,
            "comprehension": 5,
            "familiarity": 5,
            "interest": 5,
            "proactiveness": 5,
            "satisfaction": 5
        },
        {
            "interlocutor_id": "AN",
            "informativeness": 5,
            "comprehension": 4,
            "familiarity": 5,
            "interest": 5,
            "proactiveness": 4,
            "satisfaction": 5
        }
    ]
}