{
    "dialogue_id": 180,
    "interlocutors": [
        "AN",
        "AF"
    ],
    "utterances": [
        {
            "utterance_id": 0,
            "interlocutor_id": "AN",
            "text": "Good evening!",
            "timestamp": "2022-08-09T21:29:08.069000"
        },
        {
            "utterance_id": 1,
            "interlocutor_id": "AF",
            "text": "Good evening!",
            "timestamp": "2022-08-09T21:29:23.092000"
        },
        {
            "utterance_id": 2,
            "interlocutor_id": "AN",
            "text": "Do you have a snow cone machine at home?",
            "timestamp": "2022-08-09T21:29:40.017000"
        },
        {
            "utterance_id": 3,
            "interlocutor_id": "AF",
            "text": "Yes, I have one, though it's a small one.",
            "timestamp": "2022-08-09T21:29:55.985000"
        },
        {
            "utterance_id": 4,
            "interlocutor_id": "AN",
            "text": "I see. Actually, I don't own a snow cone machine.",
            "timestamp": "2022-08-09T21:30:09.671000"
        },
        {
            "utterance_id": 5,
            "interlocutor_id": "AF",
            "text": "Is that so? I chose and bought one that kids can use to make it by themselves.",
            "timestamp": "2022-08-09T21:30:34.851000"
        },
        {
            "utterance_id": 6,
            "interlocutor_id": "AN",
            "text": "That sounds nice! If the kids can make it themselves, it relieves some of the burden on us.",
            "timestamp": "2022-08-09T21:30:58.914000"
        },
        {
            "utterance_id": 7,
            "interlocutor_id": "AF",
            "text": "That's what I thought, so I got an electric snow cone machine.",
            "timestamp": "2022-08-09T21:31:25.566000"
        },
        {
            "utterance_id": 8,
            "interlocutor_id": "AN",
            "text": "Manual ones seem fun at first for the first few times, but eventually, it might just become a hassle.",
            "timestamp": "2022-08-09T21:32:07.842000"
        },
        {
            "utterance_id": 9,
            "interlocutor_id": "AF",
            "text": "Manual ones require quite a bit of strength, which makes it unappealing.",
            "timestamp": "2022-08-09T21:32:27.446000"
        },
        {
            "utterance_id": 10,
            "interlocutor_id": "AN",
            "text": "Hmm, that's informative. I'm currently looking for a snow cone machine.",
            "timestamp": "2022-08-09T21:32:55.521000"
        },
        {
            "utterance_id": 11,
            "interlocutor_id": "AF",
            "text": "Recent ones often make fluffy ice, right?",
            "timestamp": "2022-08-09T21:33:12.852000"
        },
        {
            "utterance_id": 12,
            "interlocutor_id": "AN",
            "text": "There was a snow cone machine that advertised it could make Taiwanese-style shaved ice.",
            "timestamp": "2022-08-09T21:33:31.252000"
        },
        {
            "utterance_id": 13,
            "interlocutor_id": "AF",
            "text": "I want one like that too.",
            "timestamp": "2022-08-09T21:33:47.955000"
        },
        {
            "utterance_id": 14,
            "interlocutor_id": "AN",
            "text": "There are various types, and it can be confusing.",
            "timestamp": "2022-08-09T21:34:01.099000"
        },
        {
            "utterance_id": 15,
            "interlocutor_id": "AF",
            "text": "I understand. I can't help but wonder if it really makes fluffy ice.",
            "timestamp": "2022-08-09T21:34:20.552000"
        },
        {
            "utterance_id": 16,
            "interlocutor_id": "AN",
            "text": "I do wonder. The prices vary greatly too.",
            "timestamp": "2022-08-09T21:34:38.912000"
        },
        {
            "utterance_id": 17,
            "interlocutor_id": "AF",
            "text": "Weren't the expensive ones around 10,000 yen? It makes me hesitate a bit.",
            "timestamp": "2022-08-09T21:34:59.804000"
        },
        {
            "utterance_id": 18,
            "interlocutor_id": "AN",
            "text": "They were around that price. They're quite pricey, right?",
            "timestamp": "2022-08-09T21:35:11.431000"
        },
        {
            "utterance_id": 19,
            "interlocutor_id": "AF",
            "text": "If it's 10,000 yen, will it pay off if I make it more than 20 times?",
            "timestamp": "2022-08-09T21:35:29.403000"
        },
        {
            "utterance_id": 20,
            "interlocutor_id": "AN",
            "text": "Considering the cost of going out to eat snow cones, I think it might pay off.",
            "timestamp": "2022-08-09T21:36:04.173000"
        },
        {
            "utterance_id": 21,
            "interlocutor_id": "AF",
            "text": "When buying something expensive, I often calculate whether it’s worth it.",
            "timestamp": "2022-08-09T21:36:25.894000"
        },
        {
            "utterance_id": 22,
            "interlocutor_id": "AN",
            "text": "That's a practical way of thinking. I tend to buy what I want without much thought to the future.",
            "timestamp": "2022-08-09T21:36:53.995000"
        },
        {
            "utterance_id": 23,
            "interlocutor_id": "AF",
            "text": "I'm also the impulsive buying type, which is why I consider how many times it would pay off.",
            "timestamp": "2022-08-09T21:37:19.845000"
        },
        {
            "utterance_id": 24,
            "interlocutor_id": "AN",
            "text": "I see! Speaking of which, recently, snow cone shops charge around 1,500 yen per cup.",
            "timestamp": "2022-08-09T21:37:44.928000"
        },
        {
            "utterance_id": 25,
            "interlocutor_id": "AF",
            "text": "Wow, that much! That’s about the price of lunch at a trendy restaurant.",
            "timestamp": "2022-08-09T21:38:04.525000"
        },
        {
            "utterance_id": 26,
            "interlocutor_id": "AN",
            "text": "Exactly. I was really surprised at how expensive it is.",
            "timestamp": "2022-08-09T21:38:22.394000"
        },
        {
            "utterance_id": 27,
            "interlocutor_id": "AF",
            "text": "But I’d like to try it at least once.",
            "timestamp": "2022-08-09T21:38:36.413000"
        },
        {
            "utterance_id": 28,
            "interlocutor_id": "AN",
            "text": "It must be a deliciousness that you can't experience at home. Well then, let's wrap it up here for today. Thank you very much.",
            "timestamp": "2022-08-09T21:38:57.311000"
        },
        {
            "utterance_id": 29,
            "interlocutor_id": "AF",
            "text": "Thank you as well!",
            "timestamp": "2022-08-09T21:39:07.404000"
        }
    ],
    "evaluations": [
        {
            "interlocutor_id": "AN",
            "informativeness": 5,
            "comprehension": 5,
            "familiarity": 5,
            "interest": 5,
            "proactiveness": 4,
            "satisfaction": 5
        },
        {
            "interlocutor_id": "AF",
            "informativeness": 4,
            "comprehension": 4,
            "familiarity": 4,
            "interest": 4,
            "proactiveness": 4,
            "satisfaction": 4
        }
    ]
}