{
    "dialogue_id": 183,
    "interlocutors": [
        "AF",
        "AN"
    ],
    "utterances": [
        {
            "utterance_id": 0,
            "interlocutor_id": "AF",
            "text": "Good evening!",
            "timestamp": "2022-08-09T22:04:14.603000"
        },
        {
            "utterance_id": 1,
            "interlocutor_id": "AN",
            "text": "Good evening!",
            "timestamp": "2022-08-09T22:04:22.833000"
        },
        {
            "utterance_id": 2,
            "interlocutor_id": "AF",
            "text": "I'm thinking about going to see a movie during Obon.",
            "timestamp": "2022-08-09T22:04:46.694000"
        },
        {
            "utterance_id": 3,
            "interlocutor_id": "AN",
            "text": "That sounds nice! Have you decided which movie to watch?",
            "timestamp": "2022-08-09T22:05:02.854000"
        },
        {
            "utterance_id": 4,
            "interlocutor_id": "AF",
            "text": "I hope to see \"Kingdom,\" but I also want to watch \"Jurassic World.\"",
            "timestamp": "2022-08-09T22:05:26.986000"
        },
        {
            "utterance_id": 5,
            "interlocutor_id": "AN",
            "text": "Both sound interesting! I just realized I haven't been to the cinema in the last few years.",
            "timestamp": "2022-08-09T22:05:56.679000"
        },
        {
            "utterance_id": 6,
            "interlocutor_id": "AF",
            "text": "Really? I go about two or three times a year.",
            "timestamp": "2022-08-09T22:06:29.623000"
        },
        {
            "utterance_id": 7,
            "interlocutor_id": "AN",
            "text": "It's definitely nice to watch on a big screen.",
            "timestamp": "2022-08-09T22:06:55.548000"
        },
        {
            "utterance_id": 8,
            "interlocutor_id": "AF",
            "text": "Yeah, when my children were small, I would leave them with my husband and go watch movies.",
            "timestamp": "2022-08-09T22:07:26.405000"
        },
        {
            "utterance_id": 9,
            "interlocutor_id": "AN",
            "text": "You like movies, don't you?",
            "timestamp": "2022-08-09T22:07:38.962000"
        },
        {
            "utterance_id": 10,
            "interlocutor_id": "AF",
            "text": "I like them, so I go to watch movies to contribute to the film industry!",
            "timestamp": "2022-08-09T22:07:59.791000"
        },
        {
            "utterance_id": 11,
            "interlocutor_id": "AN",
            "text": "That's important. I'm also thinking about going to see a movie during Obon.",
            "timestamp": "2022-08-09T22:08:26.513000"
        },
        {
            "utterance_id": 12,
            "interlocutor_id": "AF",
            "text": "Definitely, if it's been a while, it will surely be fun.",
            "timestamp": "2022-08-09T22:08:51.787000"
        },
        {
            "utterance_id": 13,
            "interlocutor_id": "AN",
            "text": "In September, I'm planning to watch a Precure movie with my child.",
            "timestamp": "2022-08-09T22:09:14.727000"
        },
        {
            "utterance_id": 14,
            "interlocutor_id": "AF",
            "text": "Precure, huh? The movie version seems like it would be touching.",
            "timestamp": "2022-08-09T22:09:46.827000"
        },
        {
            "utterance_id": 15,
            "interlocutor_id": "AN",
            "text": "Actually, I haven't properly watched the Precure that's currently on TV.",
            "timestamp": "2022-08-09T22:10:21.395000"
        },
        {
            "utterance_id": 16,
            "interlocutor_id": "AF",
            "text": "I'm the same. If it's for kids, the \"Sumikko Gurashi\" movie was good.",
            "timestamp": "2022-08-09T22:11:11.520000"
        },
        {
            "utterance_id": 17,
            "interlocutor_id": "AN",
            "text": "I've heard that the \"Sumikko Gurashi\" movie has a solid story.",
            "timestamp": "2022-08-09T22:11:42.443000"
        },
        {
            "utterance_id": 18,
            "interlocutor_id": "AF",
            "text": "Even adults can feel emotional at the end.",
            "timestamp": "2022-08-09T22:11:58.560000"
        },
        {
            "utterance_id": 19,
            "interlocutor_id": "AN",
            "text": "Is that so? I'm a bit curious to see it now.",
            "timestamp": "2022-08-09T22:12:15.893000"
        },
        {
            "utterance_id": 20,
            "interlocutor_id": "AF",
            "text": "If you have the opportunity, you should definitely watch it. Is there a movie you want to see?",
            "timestamp": "2022-08-09T22:12:37.452000"
        },
        {
            "utterance_id": 21,
            "interlocutor_id": "AN",
            "text": "Recently, I haven't checked any movie information, so I don't know what's currently playing.",
            "timestamp": "2022-08-09T22:13:07.107000"
        },
        {
            "utterance_id": 22,
            "interlocutor_id": "AF",
            "text": "That's true, for a long time, how about something with a big impact like \"Jurassic World\"?",
            "timestamp": "2022-08-09T22:13:33.778000"
        },
        {
            "utterance_id": 23,
            "interlocutor_id": "AN",
            "text": "Yes, I'm very interested. I believe I watched the previous one in the cinema!",
            "timestamp": "2022-08-09T22:13:58.257000"
        },
        {
            "utterance_id": 24,
            "interlocutor_id": "AF",
            "text": "Wasn't the previous one quite some time ago?",
            "timestamp": "2022-08-09T22:14:21.310000"
        },
        {
            "utterance_id": 25,
            "interlocutor_id": "AN",
            "text": "I feel like it was quite a while back. Was that perhaps the one before the last?",
            "timestamp": "2022-08-09T22:14:53.738000"
        },
        {
            "utterance_id": 26,
            "interlocutor_id": "AF",
            "text": "Since there are several \"Jurassic\" films, it's hard to keep track of which one it was.",
            "timestamp": "2022-08-09T22:15:17.075000"
        },
        {
            "utterance_id": 27,
            "interlocutor_id": "AN",
            "text": "Yes. I might as well rent the DVD to refresh my memory.",
            "timestamp": "2022-08-09T22:15:42.399000"
        },
        {
            "utterance_id": 28,
            "interlocutor_id": "AF",
            "text": "So it’s decided, a movie during Obon! See you again!",
            "timestamp": "2022-08-09T22:16:21.154000"
        },
        {
            "utterance_id": 29,
            "interlocutor_id": "AN",
            "text": "Yes, see you then!",
            "timestamp": "2022-08-09T22:16:27.437000"
        }
    ],
    "evaluations": [
        {
            "interlocutor_id": "AF",
            "informativeness": 4,
            "comprehension": 4,
            "familiarity": 4,
            "interest": 4,
            "proactiveness": 4,
            "satisfaction": 4
        },
        {
            "interlocutor_id": "AN",
            "informativeness": 5,
            "comprehension": 5,
            "familiarity": 5,
            "interest": 4,
            "proactiveness": 3,
            "satisfaction": 5
        }
    ]
}