{
    "dialogue_id": 186,
    "interlocutors": [
        "AN",
        "AQ"
    ],
    "utterances": [
        {
            "utterance_id": 0,
            "interlocutor_id": "AN",
            "text": "Good morning!",
            "timestamp": "2022-08-07T09:18:09.944000"
        },
        {
            "utterance_id": 1,
            "interlocutor_id": "AQ",
            "text": "Good morning.",
            "timestamp": "2022-08-07T09:18:14.554000"
        },
        {
            "utterance_id": 2,
            "interlocutor_id": "AN",
            "text": "Today, the weather here is very nice.",
            "timestamp": "2022-08-07T09:18:26.226000"
        },
        {
            "utterance_id": 3,
            "interlocutor_id": "AQ",
            "text": "It's clear here too!",
            "timestamp": "2022-08-07T09:18:37.559000"
        },
        {
            "utterance_id": 4,
            "interlocutor_id": "AN",
            "text": "It rained a little yesterday, so I'm glad it's sunny.",
            "timestamp": "2022-08-07T09:18:57.023000"
        },
        {
            "utterance_id": 5,
            "interlocutor_id": "AQ",
            "text": "It seems it rained nationwide yesterday.",
            "timestamp": "2022-08-07T09:19:09.791000"
        },
        {
            "utterance_id": 6,
            "interlocutor_id": "AN",
            "text": "I see. Do you have any plans for today?",
            "timestamp": "2022-08-07T09:19:25.705000"
        },
        {
            "utterance_id": 7,
            "interlocutor_id": "AQ",
            "text": "Unfortunately, I have nothing planned. Do you have any plans?",
            "timestamp": "2022-08-07T09:19:38.066000"
        },
        {
            "utterance_id": 8,
            "interlocutor_id": "AN",
            "text": "I'm thinking about going to the pool from noon.",
            "timestamp": "2022-08-07T09:19:58.224000"
        },
        {
            "utterance_id": 9,
            "interlocutor_id": "AQ",
            "text": "With your children?",
            "timestamp": "2022-08-07T09:20:03.930000"
        },
        {
            "utterance_id": 10,
            "interlocutor_id": "AN",
            "text": "Yes, I'll be going with them.",
            "timestamp": "2022-08-07T09:20:17.240000"
        },
        {
            "utterance_id": 11,
            "interlocutor_id": "AQ",
            "text": "That sounds nice! Are they still little?",
            "timestamp": "2022-08-07T09:20:27.757000"
        },
        {
            "utterance_id": 12,
            "interlocutor_id": "AN",
            "text": "I have a 5-year-old and a 2-year-old, so they are still quite small.",
            "timestamp": "2022-08-07T09:20:41.708000"
        },
        {
            "utterance_id": 13,
            "interlocutor_id": "AQ",
            "text": "Oh, that's cute! It must be tough to go in with them.",
            "timestamp": "2022-08-07T09:20:55.464000"
        },
        {
            "utterance_id": 14,
            "interlocutor_id": "AN",
            "text": "Yes, I can't take my eyes off them. I want to let them do something summery once in a while.",
            "timestamp": "2022-08-07T09:21:17.878000"
        },
        {
            "utterance_id": 15,
            "interlocutor_id": "AQ",
            "text": "That's right. The pool is the best in summer.",
            "timestamp": "2022-08-07T09:21:29.605000"
        },
        {
            "utterance_id": 16,
            "interlocutor_id": "AN",
            "text": "There's a public pool just near my house.",
            "timestamp": "2022-08-07T09:21:43.938000"
        },
        {
            "utterance_id": 17,
            "interlocutor_id": "AQ",
            "text": "That's enviable!",
            "timestamp": "2022-08-07T09:21:51.160000"
        },
        {
            "utterance_id": 18,
            "interlocutor_id": "AN",
            "text": "It's an ordinary pool, but it's cheap, so we often go.",
            "timestamp": "2022-08-07T09:22:13.124000"
        },
        {
            "utterance_id": 19,
            "interlocutor_id": "AQ",
            "text": "Since it's a public pool, it must be affordable. How much is it?",
            "timestamp": "2022-08-07T09:22:28.163000"
        },
        {
            "utterance_id": 20,
            "interlocutor_id": "AN",
            "text": "Adults are 200 yen, and children are 100 yen.",
            "timestamp": "2022-08-07T09:22:47.645000"
        },
        {
            "utterance_id": 21,
            "interlocutor_id": "AQ",
            "text": "That's cheap! At that rate, I might go every day.",
            "timestamp": "2022-08-07T09:22:57.854000"
        },
        {
            "utterance_id": 22,
            "interlocutor_id": "AN",
            "text": "I know, right! It's more fun than preparing for water play at home, so we go often.",
            "timestamp": "2022-08-07T09:23:25.866000"
        },
        {
            "utterance_id": 23,
            "interlocutor_id": "AQ",
            "text": "That's nice. Near my house, it's 1200 yen for adults.",
            "timestamp": "2022-08-07T09:23:41.057000"
        },
        {
            "utterance_id": 24,
            "interlocutor_id": "AN",
            "text": "That’s quite expensive. Do they have a slide or something?",
            "timestamp": "2022-08-07T09:23:56.517000"
        },
        {
            "utterance_id": 25,
            "interlocutor_id": "AQ",
            "text": "Yes, they do. There's no time limit either.",
            "timestamp": "2022-08-07T09:24:06.521000"
        },
        {
            "utterance_id": 26,
            "interlocutor_id": "AN",
            "text": "I see, it's a bit pricey but sounds fun.",
            "timestamp": "2022-08-07T09:24:23.141000"
        },
        {
            "utterance_id": 27,
            "interlocutor_id": "AQ",
            "text": "Enjoy your time at the pool later.",
            "timestamp": "2022-08-07T09:24:31.810000"
        },
        {
            "utterance_id": 28,
            "interlocutor_id": "AN",
            "text": "Yes, thank you for talking with me today.",
            "timestamp": "2022-08-07T09:24:42.328000"
        },
        {
            "utterance_id": 29,
            "interlocutor_id": "AQ",
            "text": "Thank you!",
            "timestamp": "2022-08-07T09:24:47.104000"
        }
    ],
    "evaluations": [
        {
            "interlocutor_id": "AN",
            "informativeness": 5,
            "comprehension": 4,
            "familiarity": 5,
            "interest": 5,
            "proactiveness": 3,
            "satisfaction": 5
        },
        {
            "interlocutor_id": "AQ",
            "informativeness": 5,
            "comprehension": 5,
            "familiarity": 5,
            "interest": 5,
            "proactiveness": 5,
            "satisfaction": 5
        }
    ]
}