{
    "dialogue_id": 181,
    "interlocutors": [
        "AF",
        "AN"
    ],
    "utterances": [
        {
            "utterance_id": 0,
            "interlocutor_id": "AF",
            "text": "Good evening!",
            "timestamp": "2022-08-09T21:39:46.618000"
        },
        {
            "utterance_id": 1,
            "interlocutor_id": "AN",
            "text": "Good evening!",
            "timestamp": "2022-08-09T21:39:48.969000"
        },
        {
            "utterance_id": 2,
            "interlocutor_id": "AF",
            "text": "Recently, I've been helping my child with crafts.",
            "timestamp": "2022-08-09T21:40:07.516000"
        },
        {
            "utterance_id": 3,
            "interlocutor_id": "AN",
            "text": "Oh, what kind of crafts are you doing?",
            "timestamp": "2022-08-09T21:40:20.607000"
        },
        {
            "utterance_id": 4,
            "interlocutor_id": "AF",
            "text": "We are making 3D fruits out of felt. Today we made tangerines.",
            "timestamp": "2022-08-09T21:40:55.048000"
        },
        {
            "utterance_id": 5,
            "interlocutor_id": "AN",
            "text": "That sounds really fun!",
            "timestamp": "2022-08-09T21:41:10.170000"
        },
        {
            "utterance_id": 6,
            "interlocutor_id": "AF",
            "text": "I searched for handmade photos on my tablet and created them while experimenting.",
            "timestamp": "2022-08-09T21:41:29.040000"
        },
        {
            "utterance_id": 7,
            "interlocutor_id": "AN",
            "text": "Thank you for your hard work. Are you good at crafts or handmade work?",
            "timestamp": "2022-08-09T21:41:55.364000"
        },
        {
            "utterance_id": 8,
            "interlocutor_id": "AF",
            "text": "Yes, I originally liked making things. How about you?",
            "timestamp": "2022-08-09T21:42:19.765000"
        },
        {
            "utterance_id": 9,
            "interlocutor_id": "AN",
            "text": "I like it too. However, I’m not very good at knitting.",
            "timestamp": "2022-08-09T21:42:40.265000"
        },
        {
            "utterance_id": 10,
            "interlocutor_id": "AF",
            "text": "Knitting seems like it wouldn’t be that difficult since it's just a repetition, but I wonder how it really is.",
            "timestamp": "2022-08-09T21:43:12"
        },
        {
            "utterance_id": 11,
            "interlocutor_id": "AN",
            "text": "I wonder why that is. I always seem to mess up halfway through.",
            "timestamp": "2022-08-09T21:43:52.109000"
        },
        {
            "utterance_id": 12,
            "interlocutor_id": "AF",
            "text": "I see, what crafts are you good at?",
            "timestamp": "2022-08-09T21:44:17.782000"
        },
        {
            "utterance_id": 13,
            "interlocutor_id": "AN",
            "text": "I’m good at sewing or rather, I like it. How about you?",
            "timestamp": "2022-08-09T21:44:47.354000"
        },
        {
            "utterance_id": 14,
            "interlocutor_id": "AF",
            "text": "I like using a sewing machine. I cut fabric randomly and just sew away.",
            "timestamp": "2022-08-09T21:45:15.905000"
        },
        {
            "utterance_id": 15,
            "interlocutor_id": "AN",
            "text": "That sounds nice. Next year, my younger child will be entering kindergarten, so I’m thinking about what to make soon.",
            "timestamp": "2022-08-09T21:45:48.952000"
        },
        {
            "utterance_id": 16,
            "interlocutor_id": "AF",
            "text": "That sounds fun! Choosing fabrics for children’s items is enjoyable.",
            "timestamp": "2022-08-09T21:46:13.087000"
        },
        {
            "utterance_id": 17,
            "interlocutor_id": "AN",
            "text": "It really is. I’m thinking of letting my child choose the fabric, but it will probably end up being an Anpanman pattern.",
            "timestamp": "2022-08-09T21:46:50.869000"
        },
        {
            "utterance_id": 18,
            "interlocutor_id": "AF",
            "text": "If they’re still a preschooler, that will probably happen. In our house, it was Hello Kitty.",
            "timestamp": "2022-08-09T21:47:24.557000"
        },
        {
            "utterance_id": 19,
            "interlocutor_id": "AN",
            "text": "Hello Kitty, huh? There are so many variations of Hello Kitty, so choosing fabric must be fun.",
            "timestamp": "2022-08-09T21:47:53.303000"
        },
        {
            "utterance_id": 20,
            "interlocutor_id": "AF",
            "text": "I liked Hello Kitty myself, and I’m surprised at how many colors there are now.",
            "timestamp": "2022-08-09T21:48:24.939000"
        },
        {
            "utterance_id": 21,
            "interlocutor_id": "AN",
            "text": "That’s true. By the way, haven't Sanrio characters been increasing year by year?",
            "timestamp": "2022-08-09T21:48:59.238000"
        },
        {
            "utterance_id": 22,
            "interlocutor_id": "AF",
            "text": "Is that so? Some things that were popular in the past are trending again now.",
            "timestamp": "2022-08-09T21:49:49.927000"
        },
        {
            "utterance_id": 23,
            "interlocutor_id": "AN",
            "text": "I was surprised to hear that Badtz-Maru is popular again.",
            "timestamp": "2022-08-09T21:50:13.113000"
        },
        {
            "utterance_id": 24,
            "interlocutor_id": "AF",
            "text": "For girls around that age, there are also Kiki & Lala or My Melody.",
            "timestamp": "2022-08-09T21:50:40.912000"
        },
        {
            "utterance_id": 25,
            "interlocutor_id": "AN",
            "text": "Is that so? I wonder if my child will eventually become a Sanrio fan too?",
            "timestamp": "2022-08-09T21:51:09.276000"
        },
        {
            "utterance_id": 26,
            "interlocutor_id": "AF",
            "text": "I guess for girls, Sanrio is a path they all go through at some point?",
            "timestamp": "2022-08-09T21:51:35.576000"
        },
        {
            "utterance_id": 27,
            "interlocutor_id": "AN",
            "text": "I also went through the Sanrio phase. There are many cute things, so I hope they go through it as well.",
            "timestamp": "2022-08-09T21:51:58.021000"
        },
        {
            "utterance_id": 28,
            "interlocutor_id": "AF",
            "text": "I still like Sanrio. Well then, let’s talk again.",
            "timestamp": "2022-08-09T21:52:28.299000"
        },
        {
            "utterance_id": 29,
            "interlocutor_id": "AN",
            "text": "Yes, let’s talk again!",
            "timestamp": "2022-08-09T21:52:44.623000"
        }
    ],
    "evaluations": [
        {
            "interlocutor_id": "AF",
            "informativeness": 4,
            "comprehension": 4,
            "familiarity": 4,
            "interest": 4,
            "proactiveness": 4,
            "satisfaction": 4
        },
        {
            "interlocutor_id": "AN",
            "informativeness": 5,
            "comprehension": 5,
            "familiarity": 5,
            "interest": 5,
            "proactiveness": 3,
            "satisfaction": 5
        }
    ]
}