{
    "dialogue_id": 185,
    "interlocutors": [
        "AF",
        "AN"
    ],
    "utterances": [
        {
            "utterance_id": 0,
            "interlocutor_id": "AF",
            "text": "Good evening!",
            "timestamp": "2022-08-09T22:30:37.744000"
        },
        {
            "utterance_id": 1,
            "interlocutor_id": "AN",
            "text": "Good evening. Nice to meet you!",
            "timestamp": "2022-08-09T22:30:50.572000"
        },
        {
            "utterance_id": 2,
            "interlocutor_id": "AF",
            "text": "Do you enjoy any hobbies?",
            "timestamp": "2022-08-09T22:31:08.299000"
        },
        {
            "utterance_id": 3,
            "interlocutor_id": "AN",
            "text": "Recently, I've been really into making sweets.",
            "timestamp": "2022-08-09T22:31:27.635000"
        },
        {
            "utterance_id": 4,
            "interlocutor_id": "AF",
            "text": "That sounds great! What kind of sweets have you made lately?",
            "timestamp": "2022-08-09T22:31:46.927000"
        },
        {
            "utterance_id": 5,
            "interlocutor_id": "AN",
            "text": "I made a peach rare cheesecake to use up a lot of peaches!",
            "timestamp": "2022-08-09T22:32:09.626000"
        },
        {
            "utterance_id": 6,
            "interlocutor_id": "AF",
            "text": "I'm envious of those peaches. The rare cheesecake looks delicious!",
            "timestamp": "2022-08-09T22:32:36.851000"
        },
        {
            "utterance_id": 7,
            "interlocutor_id": "AN",
            "text": "It was well-received by my family. On the other hand, the banana basque cheesecake was very unpopular.",
            "timestamp": "2022-08-09T22:33:04.575000"
        },
        {
            "utterance_id": 8,
            "interlocutor_id": "AF",
            "text": "I feel like bananas are usually a safe choice for baking.",
            "timestamp": "2022-08-09T22:33:25.886000"
        },
        {
            "utterance_id": 9,
            "interlocutor_id": "AN",
            "text": "That's true. Banana pound cake is quite popular, so I thought it would be similar when I made it, but it didn’t work out.",
            "timestamp": "2022-08-09T22:34:06.504000"
        },
        {
            "utterance_id": 10,
            "interlocutor_id": "AF",
            "text": "Basque cheesecake is tasty even on its own, right?",
            "timestamp": "2022-08-09T22:34:26.174000"
        },
        {
            "utterance_id": 11,
            "interlocutor_id": "AN",
            "text": "Exactly. It seems that the alcohol I added for flavoring was the issue.",
            "timestamp": "2022-08-09T22:34:48.314000"
        },
        {
            "utterance_id": 12,
            "interlocutor_id": "AF",
            "text": "So that's what happened! I was really into making cupcakes for a while.",
            "timestamp": "2022-08-09T22:35:10.677000"
        },
        {
            "utterance_id": 13,
            "interlocutor_id": "AN",
            "text": "Cupcakes? That sounds delicious!",
            "timestamp": "2022-08-09T22:35:23.629000"
        },
        {
            "utterance_id": 14,
            "interlocutor_id": "AF",
            "text": "I made them in various patterns, adding jams and fruits.",
            "timestamp": "2022-08-09T22:36:03.123000"
        },
        {
            "utterance_id": 15,
            "interlocutor_id": "AN",
            "text": "Cupcakes allow for so much creativity, and they're fun to make and eat.",
            "timestamp": "2022-08-09T22:36:26.017000"
        },
        {
            "utterance_id": 16,
            "interlocutor_id": "AF",
            "text": "It's easy since you just mix, put them in cups, and bake.",
            "timestamp": "2022-08-09T22:36:46.497000"
        },
        {
            "utterance_id": 17,
            "interlocutor_id": "AN",
            "text": "I recently made cupcakes with my eldest daughter, and she was very happy.",
            "timestamp": "2022-08-09T22:37:10.104000"
        },
        {
            "utterance_id": 18,
            "interlocutor_id": "AF",
            "text": "It's fun to make them together, right? I made them with my child recently too.",
            "timestamp": "2022-08-09T22:37:39.379000"
        },
        {
            "utterance_id": 19,
            "interlocutor_id": "AN",
            "text": "That sounds nice. Do you have any hobbies you’ve been enjoying lately?",
            "timestamp": "2022-08-09T22:38:08.621000"
        },
        {
            "utterance_id": 20,
            "interlocutor_id": "AF",
            "text": "I do porcelain art. I design plates.",
            "timestamp": "2022-08-09T22:38:38.187000"
        },
        {
            "utterance_id": 21,
            "interlocutor_id": "AN",
            "text": "I've heard of that! Are you attending a class somewhere?",
            "timestamp": "2022-08-09T22:39:02.106000"
        },
        {
            "utterance_id": 22,
            "interlocutor_id": "AF",
            "text": "Yes, about once a month. It can be tiring because I focus while making, but it’s a great stress reliever.",
            "timestamp": "2022-08-09T22:39:34.511000"
        },
        {
            "utterance_id": 23,
            "interlocutor_id": "AN",
            "text": "That sounds fun. Having your own designed plates is really nice.",
            "timestamp": "2022-08-09T22:39:55.864000"
        },
        {
            "utterance_id": 24,
            "interlocutor_id": "AF",
            "text": "I get advice from the teacher when designing, but the sense of accomplishment is incredible.",
            "timestamp": "2022-08-09T22:40:22.915000"
        },
        {
            "utterance_id": 25,
            "interlocutor_id": "AN",
            "text": "That sounds great. I wonder if there are any classes near my house.",
            "timestamp": "2022-08-09T22:40:43.375000"
        },
        {
            "utterance_id": 26,
            "interlocutor_id": "AF",
            "text": "You might find one nearby if you look! I highly recommend adult classes.",
            "timestamp": "2022-08-09T22:41:06.596000"
        },
        {
            "utterance_id": 27,
            "interlocutor_id": "AN",
            "text": "Next year, I’ll have some time for myself, so I wanted to take up some classes.",
            "timestamp": "2022-08-09T22:41:35.156000"
        },
        {
            "utterance_id": 28,
            "interlocutor_id": "AF",
            "text": "It’s a good opportunity to start learning something new! I hope you find something good.",
            "timestamp": "2022-08-09T22:42:05.765000"
        },
        {
            "utterance_id": 29,
            "interlocutor_id": "AN",
            "text": "Yes, thank you for the great information!",
            "timestamp": "2022-08-09T22:42:23.531000"
        }
    ],
    "evaluations": [
        {
            "interlocutor_id": "AF",
            "informativeness": 4,
            "comprehension": 3,
            "familiarity": 4,
            "interest": 4,
            "proactiveness": 4,
            "satisfaction": 4
        },
        {
            "interlocutor_id": "AN",
            "informativeness": 5,
            "comprehension": 5,
            "familiarity": 5,
            "interest": 5,
            "proactiveness": 3,
            "satisfaction": 5
        }
    ]
}