{
    "dialogue_id": 196,
    "interlocutors": [
        "AR",
        "AA"
    ],
    "utterances": [
        {
            "utterance_id": 0,
            "interlocutor_id": "AR",
            "text": "Hello. Nice to meet you.",
            "timestamp": "2022-08-07T11:17:01.353000"
        },
        {
            "utterance_id": 1,
            "interlocutor_id": "AA",
            "text": "Hello, nice to meet you too.",
            "timestamp": "2022-08-07T11:17:45.344000"
        },
        {
            "utterance_id": 2,
            "interlocutor_id": "AR",
            "text": "It's hot again today. I feel like I'm going to melt.",
            "timestamp": "2022-08-07T11:18:58.221000"
        },
        {
            "utterance_id": 3,
            "interlocutor_id": "AA",
            "text": "Yes, it feels like melting.",
            "timestamp": "2022-08-07T11:19:52.016000"
        },
        {
            "utterance_id": 4,
            "interlocutor_id": "AR",
            "text": "When I was a child, it was rare for temperatures to exceed 30°C...",
            "timestamp": "2022-08-07T11:21:44.170000"
        },
        {
            "utterance_id": 5,
            "interlocutor_id": "AA",
            "text": "It's quite hot, isn't it? Where do you live?",
            "timestamp": "2022-08-07T11:23:55.393000"
        },
        {
            "utterance_id": 6,
            "interlocutor_id": "AR",
            "text": "I'm from Ibaraki, which is famous for being an unremarkable prefecture. Haha. How about you?",
            "timestamp": "2022-08-07T11:24:51.118000"
        },
        {
            "utterance_id": 7,
            "interlocutor_id": "AA",
            "text": "I'm fine, it's still better than Saitama!!!",
            "timestamp": "2022-08-07T11:24:57.704000"
        },
        {
            "utterance_id": 8,
            "interlocutor_id": "AR",
            "text": "Saitama is hot too. I'd like to visit Chichibu. Do you like hot springs?",
            "timestamp": "2022-08-07T11:25:38.481000"
        },
        {
            "utterance_id": 9,
            "interlocutor_id": "AA",
            "text": "I love hot springs!",
            "timestamp": "2022-08-07T11:25:47.679000"
        },
        {
            "utterance_id": 10,
            "interlocutor_id": "AR",
            "text": "My hobby is traveling to hot springs. By the way, last year I went camping in Tokigawa Village?",
            "timestamp": "2022-08-07T11:27:10.134000"
        },
        {
            "utterance_id": 11,
            "interlocutor_id": "AA",
            "text": "That sounds nice! I often go hot spring hopping with my family too! Camping! That's amazing.",
            "timestamp": "2022-08-07T11:27:54.356000"
        },
        {
            "utterance_id": 12,
            "interlocutor_id": "AR",
            "text": "Do you have any recommended hot spring locations?",
            "timestamp": "2022-08-07T11:29:11.833000"
        },
        {
            "utterance_id": 13,
            "interlocutor_id": "AA",
            "text": "My mother's family home is in Beppu, so I would recommend Beppu Onsen. But for Ibaraki, Kusatsu is also close and nice, isn't it?",
            "timestamp": "2022-08-07T11:29:54.567000"
        },
        {
            "utterance_id": 14,
            "interlocutor_id": "AR",
            "text": "I'd love to go to Beppu!!! It's far... *sigh* Yes, I've been to Kusatsu several times. It's fun just to walk around the hot spring town.",
            "timestamp": "2022-08-07T11:30:58.482000"
        },
        {
            "utterance_id": 15,
            "interlocutor_id": "AA",
            "text": "Definitely, you should go! There are many places throughout the town, so go where you like!",
            "timestamp": "2022-08-07T11:31:27.086000"
        },
        {
            "utterance_id": 16,
            "interlocutor_id": "AR",
            "text": "It’s been three years since we started saying \"once COVID calms down\"... what a hassle...",
            "timestamp": "2022-08-07T11:32:09.199000"
        },
        {
            "utterance_id": 17,
            "interlocutor_id": "AA",
            "text": "I wonder if anything will change next year. I want to go to Ibaraki too.",
            "timestamp": "2022-08-07T11:32:38.968000"
        },
        {
            "utterance_id": 18,
            "interlocutor_id": "AR",
            "text": "I live near the sea, so I definitely want to recommend seafood.",
            "timestamp": "2022-08-07T11:34:39.407000"
        },
        {
            "utterance_id": 19,
            "interlocutor_id": "AA",
            "text": "You live near the sea! Is it around Oarai Town?",
            "timestamp": "2022-08-07T11:35:10.722000"
        },
        {
            "utterance_id": 20,
            "interlocutor_id": "AR",
            "text": "Oh! That's right.",
            "timestamp": "2022-08-07T11:35:42.254000"
        },
        {
            "utterance_id": 21,
            "interlocutor_id": "AA",
            "text": "No way! I went there for New Year's shrine visit this year!",
            "timestamp": "2022-08-07T11:35:59.229000"
        },
        {
            "utterance_id": 22,
            "interlocutor_id": "AR",
            "text": "Are you referring to Isonoha Shrine?",
            "timestamp": "2022-08-07T11:36:20.163000"
        },
        {
            "utterance_id": 23,
            "interlocutor_id": "AA",
            "text": "Yes, that's right! It was super crowded.",
            "timestamp": "2022-08-07T11:36:41.201000"
        },
        {
            "utterance_id": 24,
            "interlocutor_id": "AR",
            "text": "I don't really know, but there are quite a few fans of an anime called Girls und Panzer who come to Oarai. Also, I think the first sunrise of the year is beautiful.",
            "timestamp": "2022-08-07T11:37:56.297000"
        },
        {
            "utterance_id": 25,
            "interlocutor_id": "AA",
            "text": "Is that so? I'm not familiar with the anime, but I was moved by the first sunrise emerging from the sea. Although this year it was somewhat cloudy...",
            "timestamp": "2022-08-07T11:38:51.575000"
        },
        {
            "utterance_id": 26,
            "interlocutor_id": "AR",
            "text": "Please try again, aiming for good weather!! The day-use hot springs are open all night during New Year's.",
            "timestamp": "2022-08-07T11:40:51.859000"
        },
        {
            "utterance_id": 27,
            "interlocutor_id": "AA",
            "text": "Are there day-use hot springs nearby? I didn't know that! Oh no, how disappointing!",
            "timestamp": "2022-08-07T11:42:28.628000"
        },
        {
            "utterance_id": 28,
            "interlocutor_id": "AR",
            "text": "I think \"Shiosai no Yu\" and \"Nozomi\" are pretty nice. Please come again!",
            "timestamp": "2022-08-07T11:45:15.261000"
        },
        {
            "utterance_id": 29,
            "interlocutor_id": "AA",
            "text": "Those names sound lovely! I'll look them up!",
            "timestamp": "2022-08-07T11:45:17.625000"
        }
    ],
    "evaluations": [
        {
            "interlocutor_id": "AR",
            "informativeness": 4,
            "comprehension": 4,
            "familiarity": 4,
            "interest": 4,
            "proactiveness": 4,
            "satisfaction": 4
        },
        {
            "interlocutor_id": "AA",
            "informativeness": 5,
            "comprehension": 5,
            "familiarity": 5,
            "interest": 5,
            "proactiveness": 5,
            "satisfaction": 5
        }
    ]
}