{
    "dialogue_id": 194,
    "interlocutors": [
        "AF",
        "AB"
    ],
    "utterances": [
        {
            "utterance_id": 0,
            "interlocutor_id": "AF",
            "text": "Good morning!",
            "timestamp": "2022-08-09T08:59:34.548000"
        },
        {
            "utterance_id": 1,
            "interlocutor_id": "AB",
            "text": "Good morning!",
            "timestamp": "2022-08-09T08:59:41.099000"
        },
        {
            "utterance_id": 2,
            "interlocutor_id": "AF",
            "text": "The weather has been bad for a few days.",
            "timestamp": "2022-08-09T09:00:04.704000"
        },
        {
            "utterance_id": 3,
            "interlocutor_id": "AB",
            "text": "Is that so? Is it rainy weather?",
            "timestamp": "2022-08-09T09:00:22.822000"
        },
        {
            "utterance_id": 4,
            "interlocutor_id": "AF",
            "text": "Yes, today it's nice and clear for the first time in a while.",
            "timestamp": "2022-08-09T09:00:41.592000"
        },
        {
            "utterance_id": 5,
            "interlocutor_id": "AB",
            "text": "Recently, when it rains, it's been pouring, hasn't it?",
            "timestamp": "2022-08-09T09:00:59.312000"
        },
        {
            "utterance_id": 6,
            "interlocutor_id": "AF",
            "text": "It is quite extreme, which is a bit of a hassle.",
            "timestamp": "2022-08-09T09:01:24.545000"
        },
        {
            "utterance_id": 7,
            "interlocutor_id": "AB",
            "text": "The laundry is the most troublesome.",
            "timestamp": "2022-08-09T09:01:36.508000"
        },
        {
            "utterance_id": 8,
            "interlocutor_id": "AF",
            "text": "That's right. I wish I had something like an inner terrace.",
            "timestamp": "2022-08-09T09:01:53.981000"
        },
        {
            "utterance_id": 9,
            "interlocutor_id": "AB",
            "text": "Indeed! Or should we switch to a drum washing machine?",
            "timestamp": "2022-08-09T09:02:21.273000"
        },
        {
            "utterance_id": 10,
            "interlocutor_id": "AF",
            "text": "I do have a drum washer, but actually, I don't use the drying function very much.",
            "timestamp": "2022-08-09T09:02:41.114000"
        },
        {
            "utterance_id": 11,
            "interlocutor_id": "AB",
            "text": "Is that so? Well, if the weather is good, I'd prefer to hang it outside, right? Only on rainy days, I suppose?",
            "timestamp": "2022-08-09T09:03:11.424000"
        },
        {
            "utterance_id": 12,
            "interlocutor_id": "AF",
            "text": "That's right. I mainly use the dryer function to finish up when it doesn't dry on rainy days.",
            "timestamp": "2022-08-09T09:03:37.179000"
        },
        {
            "utterance_id": 13,
            "interlocutor_id": "AB",
            "text": "But still, it's convenient. I want a drum one, but I feel reluctant to bend down.",
            "timestamp": "2022-08-09T09:04:13.224000"
        },
        {
            "utterance_id": 14,
            "interlocutor_id": "AF",
            "text": "I see— I often use the kids' step stool as a makeshift chair.",
            "timestamp": "2022-08-09T09:04:33.663000"
        },
        {
            "utterance_id": 15,
            "interlocutor_id": "AB",
            "text": "That's clever. If we wait a little longer, maybe a vertical drum type will come out.",
            "timestamp": "2022-08-09T09:04:59.328000"
        },
        {
            "utterance_id": 16,
            "interlocutor_id": "AF",
            "text": "I'm aiming for a vertical washing machine next!",
            "timestamp": "2022-08-09T09:05:17.411000"
        },
        {
            "utterance_id": 17,
            "interlocutor_id": "AB",
            "text": "Even with a vertical one, there are models with automatic detergent input and drying functions available.",
            "timestamp": "2022-08-09T09:05:56.133000"
        },
        {
            "utterance_id": 18,
            "interlocutor_id": "AF",
            "text": "That sounds convenient! What I'm interested in is a type that can wash with warm water.",
            "timestamp": "2022-08-09T09:06:21.753000"
        },
        {
            "utterance_id": 19,
            "interlocutor_id": "AB",
            "text": "They exist! The other day, when I went to an electronics store, they recommended it to me.",
            "timestamp": "2022-08-09T09:06:40.969000"
        },
        {
            "utterance_id": 20,
            "interlocutor_id": "AF",
            "text": "Which manufacturer was it from?",
            "timestamp": "2022-08-09T09:07:03.780000"
        },
        {
            "utterance_id": 21,
            "interlocutor_id": "AB",
            "text": "I'm sorry, I forgot!",
            "timestamp": "2022-08-09T09:07:21.495000"
        },
        {
            "utterance_id": 22,
            "interlocutor_id": "AF",
            "text": "The one I was interested in was Panasonic.",
            "timestamp": "2022-08-09T09:07:41.995000"
        },
        {
            "utterance_id": 23,
            "interlocutor_id": "AB",
            "text": "Panasonic is excellent. Even the older models are still good enough.",
            "timestamp": "2022-08-09T09:09:28.443000"
        },
        {
            "utterance_id": 24,
            "interlocutor_id": "AF",
            "text": "They're expensive, but they do hold up well in the long run.",
            "timestamp": "2022-08-09T09:08:29.978000"
        },
        {
            "utterance_id": 25,
            "interlocutor_id": "AB",
            "text": "That's true. In fact, I've been using mine for over 10 years.",
            "timestamp": "2022-08-09T09:08:43.469000"
        },
        {
            "utterance_id": 26,
            "interlocutor_id": "AF",
            "text": "My Panasonic washing machine is now in its 17th year.",
            "timestamp": "2022-08-09T09:09:09.874000"
        },
        {
            "utterance_id": 27,
            "interlocutor_id": "AB",
            "text": "Wow, that's impressive! Let's have it last a bit longer!",
            "timestamp": "2022-08-09T09:09:25.819000"
        },
        {
            "utterance_id": 28,
            "interlocutor_id": "AF",
            "text": "In the meantime, I’ll consider getting a new washing machine! See you later!",
            "timestamp": "2022-08-09T09:09:42.945000"
        },
        {
            "utterance_id": 29,
            "interlocutor_id": "AB",
            "text": "Yes, see you again!",
            "timestamp": "2022-08-09T09:09:47.339000"
        }
    ],
    "evaluations": [
        {
            "interlocutor_id": "AF",
            "informativeness": 4,
            "comprehension": 4,
            "familiarity": 4,
            "interest": 4,
            "proactiveness": 4,
            "satisfaction": 4
        },
        {
            "interlocutor_id": "AB",
            "informativeness": 5,
            "comprehension": 5,
            "familiarity": 5,
            "interest": 5,
            "proactiveness": 5,
            "satisfaction": 5
        }
    ]
}