{
    "dialogue_id": 199,
    "interlocutors": [
        "AA",
        "AR"
    ],
    "utterances": [
        {
            "utterance_id": 0,
            "interlocutor_id": "AA",
            "text": "Hello.",
            "timestamp": "2022-08-07T12:46:08.797000"
        },
        {
            "utterance_id": 1,
            "interlocutor_id": "AR",
            "text": "Hello, nice to meet you.",
            "timestamp": "2022-08-07T12:46:15.728000"
        },
        {
            "utterance_id": 2,
            "interlocutor_id": "AA",
            "text": "Have you bought anything recently that you were happy with?",
            "timestamp": "2022-08-07T12:46:37.300000"
        },
        {
            "utterance_id": 3,
            "interlocutor_id": "AR",
            "text": "I have something that I bought that was a bit disappointing.",
            "timestamp": "2022-08-07T12:47:48.419000"
        },
        {
            "utterance_id": 4,
            "interlocutor_id": "AA",
            "text": "What is it, by the way?",
            "timestamp": "2022-08-07T12:48:26.791000"
        },
        {
            "utterance_id": 5,
            "interlocutor_id": "AR",
            "text": "It's a deodorizing sensor and spray. It smells nice, but it's sweet, which has increased the number of fruit flies.",
            "timestamp": "2022-08-07T12:50:06.722000"
        },
        {
            "utterance_id": 6,
            "interlocutor_id": "AA",
            "text": "Oh no! Isn't that counterproductive?",
            "timestamp": "2022-08-07T12:50:21.709000"
        },
        {
            "utterance_id": 7,
            "interlocutor_id": "AR",
            "text": "Mosquitoes and flies are really annoying, aren't they?",
            "timestamp": "2022-08-07T12:51:15.707000"
        },
        {
            "utterance_id": 8,
            "interlocutor_id": "AA",
            "text": "I understand. Especially mosquitoes, they come when you're trying to sleep at night.",
            "timestamp": "2022-08-07T12:51:35.803000"
        },
        {
            "utterance_id": 9,
            "interlocutor_id": "AR",
            "text": "Right. That tiny \"buzzing\" sound is so depressing.",
            "timestamp": "2022-08-07T12:52:20.506000"
        },
        {
            "utterance_id": 10,
            "interlocutor_id": "AA",
            "text": "Exactly! And then you get itchy.",
            "timestamp": "2022-08-07T12:52:32.256000"
        },
        {
            "utterance_id": 11,
            "interlocutor_id": "AR",
            "text": "When you get bitten, it drives you crazy with itchiness, right?",
            "timestamp": "2022-08-07T12:53:06.840000"
        },
        {
            "utterance_id": 12,
            "interlocutor_id": "AA",
            "text": "That's true. They say pouring hot water can neutralize the venom, but it doesn't change anything.",
            "timestamp": "NaT"
        },
        {
            "utterance_id": 13,
            "interlocutor_id": "AR",
            "text": "It seems like getting warm just makes it itch more. This year, I got bitten by a biting midge for the first time in a while, and that was also itchy.",
            "timestamp": "2022-08-07T12:55:03.602000"
        },
        {
            "utterance_id": 14,
            "interlocutor_id": "AA",
            "text": "Indeed! And biting midges! They're tough, aren't they?",
            "timestamp": "2022-08-07T12:55:23.706000"
        },
        {
            "utterance_id": 15,
            "interlocutor_id": "AR",
            "text": "I even had a fever. And the scars won't go away. Is it because of my age?",
            "timestamp": "2022-08-07T12:56:27.579000"
        },
        {
            "utterance_id": 16,
            "interlocutor_id": "AA",
            "text": "I'm sure with time, the scars will heal! Just waiting it out!",
            "timestamp": "2022-08-07T12:56:54.613000"
        },
        {
            "utterance_id": 17,
            "interlocutor_id": "AR",
            "text": "That’s true. I'll wait patiently. Oh! Speaking of which, I found a cicada larva. I often find the shells, but isn't it rare to see the larva?",
            "timestamp": "2022-08-07T12:58:49.233000"
        },
        {
            "utterance_id": 18,
            "interlocutor_id": "AA",
            "text": "Definitely! You hardly see the larva, right?",
            "timestamp": "2022-08-07T12:59:12.871000"
        },
        {
            "utterance_id": 19,
            "interlocutor_id": "AR",
            "text": "I'm raising it carefully in an insect cage. I haven’t slept well these past few days because I don't know when it will emerge.",
            "timestamp": "2022-08-07T13:00:27.815000"
        },
        {
            "utterance_id": 20,
            "interlocutor_id": "AA",
            "text": "You're raising it! I'm looking forward to seeing it as an adult.",
            "timestamp": "2022-08-07T13:00:55.681000"
        },
        {
            "utterance_id": 21,
            "interlocutor_id": "AR",
            "text": "Yes, I think it's a once-in-a-lifetime encounter.",
            "timestamp": "2022-08-07T13:02:39.487000"
        },
        {
            "utterance_id": 22,
            "interlocutor_id": "AA",
            "text": "I hope something good happens!",
            "timestamp": "2022-08-07T13:03:02.533000"
        },
        {
            "utterance_id": 23,
            "interlocutor_id": "AR",
            "text": "Speaking of good things, I hope to win the lottery!! Did you buy a summer jumbo ticket?",
            "timestamp": "2022-08-07T13:04:22.373000"
        },
        {
            "utterance_id": 24,
            "interlocutor_id": "AA",
            "text": "No, I haven't bought one! Do you have confidence in winning?",
            "timestamp": "2022-08-07T13:05:03.888000"
        },
        {
            "utterance_id": 25,
            "interlocutor_id": "AR",
            "text": "Not at all. I'm just doing my best to make wishes.",
            "timestamp": "2022-08-07T13:06:15.482000"
        },
        {
            "utterance_id": 26,
            "interlocutor_id": "AA",
            "text": "It looks like it will be a good summer!",
            "timestamp": "2022-08-07T13:06:37.795000"
        },
        {
            "utterance_id": 27,
            "interlocutor_id": "AR",
            "text": "May both of us have a great summer!",
            "timestamp": "2022-08-07T13:07:32.953000"
        },
        {
            "utterance_id": 28,
            "interlocutor_id": "AA",
            "text": "I hope we don’t get summer fatigue!",
            "timestamp": "2022-08-07T13:08:46.147000"
        },
        {
            "utterance_id": 29,
            "interlocutor_id": "AR",
            "text": "That's important. Hydration, salt!",
            "timestamp": "2022-08-07T13:09:33.700000"
        }
    ],
    "evaluations": [
        {
            "interlocutor_id": "AA",
            "informativeness": 5,
            "comprehension": 5,
            "familiarity": 5,
            "interest": 2,
            "proactiveness": 5,
            "satisfaction": 5
        },
        {
            "interlocutor_id": "AR",
            "informativeness": 3,
            "comprehension": 3,
            "familiarity": 3,
            "interest": 3,
            "proactiveness": 3,
            "satisfaction": 3
        }
    ]
}