{
    "dialogue_id": 195,
    "interlocutors": [
        "AB",
        "AF"
    ],
    "utterances": [
        {
            "utterance_id": 0,
            "interlocutor_id": "AB",
            "text": "Good morning",
            "timestamp": "2022-08-09T09:10:31.425000"
        },
        {
            "utterance_id": 1,
            "interlocutor_id": "AF",
            "text": "Good morning.",
            "timestamp": "2022-08-09T09:10:41.048000"
        },
        {
            "utterance_id": 2,
            "interlocutor_id": "AB",
            "text": "Do you have any plans for today?",
            "timestamp": "2022-08-09T09:10:50.321000"
        },
        {
            "utterance_id": 3,
            "interlocutor_id": "AF",
            "text": "Today, my child wants to do some crafts, so I'll join them.",
            "timestamp": "2022-08-09T09:11:07.102000"
        },
        {
            "utterance_id": 4,
            "interlocutor_id": "AB",
            "text": "That sounds nice. What do you plan to make?",
            "timestamp": "2022-08-09T09:11:25.402000"
        },
        {
            "utterance_id": 5,
            "interlocutor_id": "AF",
            "text": "It seems they want to make a mascot out of felt.",
            "timestamp": "2022-08-09T09:11:38.978000"
        },
        {
            "utterance_id": 6,
            "interlocutor_id": "AB",
            "text": "I see. Do you do crafts yourself?",
            "timestamp": "2022-08-09T09:11:54.861000"
        },
        {
            "utterance_id": 7,
            "interlocutor_id": "AF",
            "text": "Yes, I have liked making things since I was small. What about you?",
            "timestamp": "2022-08-09T09:12:15.159000"
        },
        {
            "utterance_id": 8,
            "interlocutor_id": "AB",
            "text": "I do patchwork, cross-stitch, and wool felt.",
            "timestamp": "2022-08-09T09:12:30.455000"
        },
        {
            "utterance_id": 9,
            "interlocutor_id": "AF",
            "text": "That sounds good! I'm interested in wool felt right now. Is it difficult?",
            "timestamp": "2022-08-09T09:12:54.270000"
        },
        {
            "utterance_id": 10,
            "interlocutor_id": "AB",
            "text": "I think it's something that's easy to get into. It's cute too!",
            "timestamp": "2022-08-09T09:13:15.235000"
        },
        {
            "utterance_id": 11,
            "interlocutor_id": "AF",
            "text": "That's true. It’s perfect for making small mascots.",
            "timestamp": "2022-08-09T09:13:31.343000"
        },
        {
            "utterance_id": 12,
            "interlocutor_id": "AB",
            "text": "I like things that can be done without thinking too much.",
            "timestamp": "2022-08-09T09:13:49.390000"
        },
        {
            "utterance_id": 13,
            "interlocutor_id": "AF",
            "text": "I understand! I also like making things with a sewing machine.",
            "timestamp": "2022-08-09T09:14:05.136000"
        },
        {
            "utterance_id": 14,
            "interlocutor_id": "AB",
            "text": "Is that so? Then, are you good at making things for your child?",
            "timestamp": "2022-08-09T09:14:38.375000"
        },
        {
            "utterance_id": 15,
            "interlocutor_id": "AF",
            "text": "I started making things after my child was born. I was really bad at it at first.",
            "timestamp": "2022-08-09T09:14:57.264000"
        },
        {
            "utterance_id": 16,
            "interlocutor_id": "AB",
            "text": "You improve as you make more, right? I haven't touched my sewing machine lately.",
            "timestamp": "2022-08-09T09:15:17.553000"
        },
        {
            "utterance_id": 17,
            "interlocutor_id": "AF",
            "text": "Once you start using a sewing machine, you just want to make more, don’t you?",
            "timestamp": "2022-08-09T09:15:35.856000"
        },
        {
            "utterance_id": 18,
            "interlocutor_id": "AB",
            "text": "I understand. I can't stop.",
            "timestamp": "2022-08-09T09:15:47.934000"
        },
        {
            "utterance_id": 19,
            "interlocutor_id": "AF",
            "text": "I just cut the fabric without marking it and sew it all at once.",
            "timestamp": "2022-08-09T09:16:36.444000"
        },
        {
            "utterance_id": 20,
            "interlocutor_id": "AB",
            "text": "That sounds nice. I have made some tissue cases in the past.",
            "timestamp": "2022-08-09T09:17:11.289000"
        },
        {
            "utterance_id": 21,
            "interlocutor_id": "AF",
            "text": "Tissue cases, how nostalgic! Recently, I produced a lot of book covers.",
            "timestamp": "2022-08-09T09:17:34.665000"
        },
        {
            "utterance_id": 22,
            "interlocutor_id": "AB",
            "text": "I see! Do you give them to anyone?",
            "timestamp": "2022-08-09T09:17:57.486000"
        },
        {
            "utterance_id": 23,
            "interlocutor_id": "AF",
            "text": "My child loves books, so I gave some to them.",
            "timestamp": "2022-08-09T09:18:27.599000"
        },
        {
            "utterance_id": 24,
            "interlocutor_id": "AB",
            "text": "That’s nice! Also, when I find cute fabric, I can't help but buy it.",
            "timestamp": "2022-08-09T09:18:49.122000"
        },
        {
            "utterance_id": 25,
            "interlocutor_id": "AF",
            "text": "Even at 100 yen stores, there are small but cute fabrics.",
            "timestamp": "2022-08-09T09:19:09.797000"
        },
        {
            "utterance_id": 26,
            "interlocutor_id": "AB",
            "text": "That's true. Lately, I seem to have accumulated more lunch mats.",
            "timestamp": "2022-08-09T09:19:27.078000"
        },
        {
            "utterance_id": 27,
            "interlocutor_id": "AF",
            "text": "That's nice too! They're easy to make, so I end up making a lot.",
            "timestamp": "2022-08-09T09:19:44.735000"
        },
        {
            "utterance_id": 28,
            "interlocutor_id": "AB",
            "text": "Yes. Let's make something else! Thank you for the conversation.",
            "timestamp": "2022-08-09T09:19:58.084000"
        },
        {
            "utterance_id": 29,
            "interlocutor_id": "AF",
            "text": "Thank you as well.",
            "timestamp": "2022-08-09T09:20:19.272000"
        }
    ],
    "evaluations": [
        {
            "interlocutor_id": "AB",
            "informativeness": 5,
            "comprehension": 5,
            "familiarity": 5,
            "interest": 5,
            "proactiveness": 5,
            "satisfaction": 5
        },
        {
            "interlocutor_id": "AF",
            "informativeness": 4,
            "comprehension": 4,
            "familiarity": 4,
            "interest": 4,
            "proactiveness": 4,
            "satisfaction": 4
        }
    ]
}