{
    "dialogue_id": 191,
    "interlocutors": [
        "AF",
        "AB"
    ],
    "utterances": [
        {
            "utterance_id": 0,
            "interlocutor_id": "AF",
            "text": "Hello!",
            "timestamp": "2022-08-07T10:54:56.144000"
        },
        {
            "utterance_id": 1,
            "interlocutor_id": "AB",
            "text": "Hello!",
            "timestamp": "2022-08-07T10:55:00.179000"
        },
        {
            "utterance_id": 2,
            "interlocutor_id": "AF",
            "text": "Right now, I'm thinking about wanting to go see a movie.",
            "timestamp": "2022-08-07T10:55:24.715000"
        },
        {
            "utterance_id": 3,
            "interlocutor_id": "AB",
            "text": "What movie are you planning to watch?",
            "timestamp": "2022-08-07T10:55:42.692000"
        },
        {
            "utterance_id": 4,
            "interlocutor_id": "AF",
            "text": "I'm considering watching Kingdom.",
            "timestamp": "2022-08-07T10:55:57.134000"
        },
        {
            "utterance_id": 5,
            "interlocutor_id": "AB",
            "text": "I'm interested too.",
            "timestamp": "2022-08-07T10:56:15.860000"
        },
        {
            "utterance_id": 6,
            "interlocutor_id": "AF",
            "text": "Recently, I watched the first one with my daughter, so we're planning to go see the second one together.",
            "timestamp": "2022-08-07T10:56:37.636000"
        },
        {
            "utterance_id": 7,
            "interlocutor_id": "AB",
            "text": "It was broadcasted on TV! I watched the first one too. Ryo Yoshizawa is super handsome, isn’t he?",
            "timestamp": "2022-08-07T10:57:21.478000"
        },
        {
            "utterance_id": 8,
            "interlocutor_id": "AF",
            "text": "He has a really good-looking face. I think Kento Yamazaki is also good-looking.",
            "timestamp": "2022-08-07T10:57:48.523000"
        },
        {
            "utterance_id": 9,
            "interlocutor_id": "AB",
            "text": "Kento Yamazaki is cool too! Masami Nagasawa was also cool.",
            "timestamp": "2022-08-07T10:58:16.222000"
        },
        {
            "utterance_id": 10,
            "interlocutor_id": "AF",
            "text": "I thought Masami-chan was both cute and cool, a real feast for the eyes.",
            "timestamp": "2022-08-07T10:58:40.440000"
        },
        {
            "utterance_id": 11,
            "interlocutor_id": "AB",
            "text": "Her legs are long, and you can't help but admire her. By the way, the theme song by One Ok Rock was also awesome.",
            "timestamp": "2022-08-07T10:59:07.272000"
        },
        {
            "utterance_id": 12,
            "interlocutor_id": "AF",
            "text": "That's right. Speaking of Ryo Yoshizawa, Tokyo Revengers was being aired recently on TV too.",
            "timestamp": "2022-08-07T10:59:29.133000"
        },
        {
            "utterance_id": 13,
            "interlocutor_id": "AB",
            "text": "It was! Everyone looked just like the anime characters, which was great.",
            "timestamp": "2022-08-07T10:59:48.135000"
        },
        {
            "utterance_id": 14,
            "interlocutor_id": "AF",
            "text": "Mikey was good, but the image of Draken was perfect, he was cool.",
            "timestamp": "2022-08-07T11:00:23.684000"
        },
        {
            "utterance_id": 15,
            "interlocutor_id": "AB",
            "text": "That's true! Yuki Yamada was great!",
            "timestamp": "2022-08-07T11:00:37.382000"
        },
        {
            "utterance_id": 16,
            "interlocutor_id": "AF",
            "text": "I feel like he often takes on unique roles, but he's one of my favorite actors.",
            "timestamp": "2022-08-07T11:01:10.461000"
        },
        {
            "utterance_id": 17,
            "interlocutor_id": "AB",
            "text": "Yes. There are many live-action adaptations of anime these days, aren’t there?",
            "timestamp": "2022-08-07T11:01:22.453000"
        },
        {
            "utterance_id": 18,
            "interlocutor_id": "AF",
            "text": "I watched the original anime for Kingdom too.",
            "timestamp": "2022-08-07T11:02:38.086000"
        },
        {
            "utterance_id": 19,
            "interlocutor_id": "AB",
            "text": "Oh really? Which do you think is better, the original or the movie?",
            "timestamp": "2022-08-07T11:02:50.174000"
        },
        {
            "utterance_id": 20,
            "interlocutor_id": "AF",
            "text": "I think both have their own merits. The movie made me feel it was really impressive.",
            "timestamp": "2022-08-07T11:03:26.049000"
        },
        {
            "utterance_id": 21,
            "interlocutor_id": "AB",
            "text": "Then that’s good! Do you often watch anime?",
            "timestamp": "2022-08-07T11:03:41.326000"
        },
        {
            "utterance_id": 22,
            "interlocutor_id": "AF",
            "text": "Anime episodes are short, so I often watch them during my free time.",
            "timestamp": "2022-08-07T11:04:01.544000"
        },
        {
            "utterance_id": 23,
            "interlocutor_id": "AB",
            "text": "I got really into Jujutsu Kaisen.",
            "timestamp": "2022-08-07T11:04:13.766000"
        },
        {
            "utterance_id": 24,
            "interlocutor_id": "AF",
            "text": "If you like Jujutsu, then even though they are older, Bleach and Naruto are also interesting!",
            "timestamp": "2022-08-07T11:05:02.929000"
        },
        {
            "utterance_id": 25,
            "interlocutor_id": "AB",
            "text": "Oh really! I’ll check them out. I haven’t seen them yet.",
            "timestamp": "2022-08-07T11:05:28.809000"
        },
        {
            "utterance_id": 26,
            "interlocutor_id": "AF",
            "text": "In Naruto, the main character gradually grows up, so I end up watching it from a mother's perspective.",
            "timestamp": "2022-08-07T11:06:13.349000"
        },
        {
            "utterance_id": 27,
            "interlocutor_id": "AB",
            "text": "I see. Also, if you come across any other interesting anime, please let me know!",
            "timestamp": "2022-08-07T11:06:35.704000"
        },
        {
            "utterance_id": 28,
            "interlocutor_id": "AF",
            "text": "Sure, same to you. Thank you very much.",
            "timestamp": "2022-08-07T11:06:45.354000"
        },
        {
            "utterance_id": 29,
            "interlocutor_id": "AB",
            "text": "Well then, see you again!",
            "timestamp": "2022-08-07T11:06:52.560000"
        }
    ],
    "evaluations": [
        {
            "interlocutor_id": "AF",
            "informativeness": 4,
            "comprehension": 4,
            "familiarity": 4,
            "interest": 4,
            "proactiveness": 4,
            "satisfaction": 4
        },
        {
            "interlocutor_id": "AB",
            "informativeness": 5,
            "comprehension": 5,
            "familiarity": 5,
            "interest": 5,
            "proactiveness": 5,
            "satisfaction": 5
        }
    ]
}