{
    "dialogue_id": 193,
    "interlocutors": [
        "AF",
        "AB"
    ],
    "utterances": [
        {
            "utterance_id": 0,
            "interlocutor_id": "AF",
            "text": "Hello!",
            "timestamp": "2022-08-07T11:18:34.873000"
        },
        {
            "utterance_id": 1,
            "interlocutor_id": "AB",
            "text": "Hello!",
            "timestamp": "2022-08-07T11:18:44.650000"
        },
        {
            "utterance_id": 2,
            "interlocutor_id": "AF",
            "text": "In the summer, I start wanting to drink alcohol.",
            "timestamp": "2022-08-07T11:19:04.392000"
        },
        {
            "utterance_id": 3,
            "interlocutor_id": "AB",
            "text": "I wonder why! What do you drink?",
            "timestamp": "2022-08-07T11:19:17.349000"
        },
        {
            "utterance_id": 4,
            "interlocutor_id": "AF",
            "text": "I mostly drink chuhai or wine. What about you?",
            "timestamp": "2022-08-07T11:19:36.035000"
        },
        {
            "utterance_id": 5,
            "interlocutor_id": "AB",
            "text": "I also drink wine or highball!",
            "timestamp": "2022-08-07T11:19:48.611000"
        },
        {
            "utterance_id": 6,
            "interlocutor_id": "AF",
            "text": "If it's wine, do you prefer red or white?",
            "timestamp": "2022-08-07T11:20:01.433000"
        },
        {
            "utterance_id": 7,
            "interlocutor_id": "AB",
            "text": "Ah, that's tough! I like both, but I probably drink red more often.",
            "timestamp": "2022-08-07T11:20:19.571000"
        },
        {
            "utterance_id": 8,
            "interlocutor_id": "AF",
            "text": "That's a shame! I drink both too, but I prefer white.",
            "timestamp": "2022-08-07T11:20:36.623000"
        },
        {
            "utterance_id": 9,
            "interlocutor_id": "AB",
            "text": "Do you make sangria?",
            "timestamp": "2022-08-07T11:20:47.950000"
        },
        {
            "utterance_id": 10,
            "interlocutor_id": "AF",
            "text": "When you say sangria, is it kind of like a cocktail?",
            "timestamp": "2022-08-07T11:21:13.560000"
        },
        {
            "utterance_id": 11,
            "interlocutor_id": "AB",
            "text": "Yes. It's the one you drink with fruits and stuff.",
            "timestamp": "2022-08-07T11:21:24.425000"
        },
        {
            "utterance_id": 12,
            "interlocutor_id": "AF",
            "text": "I see! It sounds absolutely delicious.",
            "timestamp": "2022-08-07T11:21:41.022000"
        },
        {
            "utterance_id": 13,
            "interlocutor_id": "AB",
            "text": "Yes! If it's peach, I use white; if it's orange or apple, I use red! In summer, I tend to drink more white wine.",
            "timestamp": "2022-08-07T11:22:16.371000"
        },
        {
            "utterance_id": 14,
            "interlocutor_id": "AF",
            "text": "That sounds great, I want to make it! I sometimes drink white wine mixed with ginger ale.",
            "timestamp": "2022-08-07T11:22:38.307000"
        },
        {
            "utterance_id": 15,
            "interlocutor_id": "AB",
            "text": "That sounds delicious! I'll have to try it next time.",
            "timestamp": "2022-08-07T11:22:49.905000"
        },
        {
            "utterance_id": 16,
            "interlocutor_id": "AF",
            "text": "Wine is convenient because you can just drink a little when you want a small amount.",
            "timestamp": "2022-08-07T11:23:14.319000"
        },
        {
            "utterance_id": 17,
            "interlocutor_id": "AB",
            "text": "Right! I don't really like beer, do you drink it?",
            "timestamp": "2022-08-07T11:23:38.602000"
        },
        {
            "utterance_id": 18,
            "interlocutor_id": "AF",
            "text": "I actually do like beer, but I limit it because it makes my fingers hurt.",
            "timestamp": "2022-08-07T11:23:51.918000"
        },
        {
            "utterance_id": 19,
            "interlocutor_id": "AB",
            "text": "Hurt your fingers?",
            "timestamp": "2022-08-07T11:24:00.113000"
        },
        {
            "utterance_id": 20,
            "interlocutor_id": "AF",
            "text": "I’m not sure if it's a sign of gout or something.",
            "timestamp": "2022-08-07T11:24:25.894000"
        },
        {
            "utterance_id": 21,
            "interlocutor_id": "AB",
            "text": "I see. But recently, there are a lot of zero purine options available.",
            "timestamp": "2022-08-07T11:24:45.469000"
        },
        {
            "utterance_id": 22,
            "interlocutor_id": "AF",
            "text": "That's true, but still, draft beer is delicious.",
            "timestamp": "2022-08-07T11:25:12.378000"
        },
        {
            "utterance_id": 23,
            "interlocutor_id": "AB",
            "text": "I just can't seem to like the bitterness of beer. I want to enjoy it deliciously.",
            "timestamp": "2022-08-07T11:25:38.059000"
        },
        {
            "utterance_id": 24,
            "interlocutor_id": "AF",
            "text": "I think craft beer tends to be fruity and enjoyable for women.",
            "timestamp": "2022-08-07T11:26:07.596000"
        },
        {
            "utterance_id": 25,
            "interlocutor_id": "AB",
            "text": "I see. Craft beer has a lot of appealing options, right? The packaging is cute too.",
            "timestamp": "2022-08-07T11:26:46.648000"
        },
        {
            "utterance_id": 26,
            "interlocutor_id": "AF",
            "text": "There are many delicious alcoholic drinks other than beer!",
            "timestamp": "2022-08-07T11:27:07.292000"
        },
        {
            "utterance_id": 27,
            "interlocutor_id": "AB",
            "text": "Yes! Alcohol makes food taste better!",
            "timestamp": "2022-08-07T11:27:31.973000"
        },
        {
            "utterance_id": 28,
            "interlocutor_id": "AF",
            "text": "In summer, you have to be careful not to drink too much! Thank you for the enjoyable conversation today.",
            "timestamp": "2022-08-07T11:27:55.133000"
        },
        {
            "utterance_id": 29,
            "interlocutor_id": "AB",
            "text": "Thank you too!",
            "timestamp": "2022-08-07T11:28:04.893000"
        }
    ],
    "evaluations": [
        {
            "interlocutor_id": "AF",
            "informativeness": 4,
            "comprehension": 4,
            "familiarity": 4,
            "interest": 4,
            "proactiveness": 4,
            "satisfaction": 4
        },
        {
            "interlocutor_id": "AB",
            "informativeness": 5,
            "comprehension": 5,
            "familiarity": 5,
            "interest": 5,
            "proactiveness": 5,
            "satisfaction": 5
        }
    ]
}