{
    "dialogue_id": 201,
    "interlocutors": [
        "AA",
        "AS"
    ],
    "utterances": [
        {
            "utterance_id": 0,
            "interlocutor_id": "AA",
            "text": "Nice to meet you.",
            "timestamp": "2022-08-07T15:59:57.539000"
        },
        {
            "utterance_id": 1,
            "interlocutor_id": "AS",
            "text": "Nice to meet you.",
            "timestamp": "2022-08-07T16:00:22.650000"
        },
        {
            "utterance_id": 2,
            "interlocutor_id": "AA",
            "text": "It's warmer today than yesterday, isn't it?",
            "timestamp": "2022-08-07T16:00:31.561000"
        },
        {
            "utterance_id": 3,
            "interlocutor_id": "AS",
            "text": "It is very hot here because it rained yesterday.",
            "timestamp": "2022-08-07T16:00:57.538000"
        },
        {
            "utterance_id": 4,
            "interlocutor_id": "AA",
            "text": "Does that mean you live in Kansai?",
            "timestamp": "2022-08-07T16:01:04.343000"
        },
        {
            "utterance_id": 5,
            "interlocutor_id": "AS",
            "text": "I live in Hyogo Prefecture.",
            "timestamp": "2022-08-07T16:01:18.557000"
        },
        {
            "utterance_id": 6,
            "interlocutor_id": "AA",
            "text": "Hyogo Prefecture! That's nice!",
            "timestamp": "2022-08-07T16:01:24.291000"
        },
        {
            "utterance_id": 7,
            "interlocutor_id": "AS",
            "text": "I live in Mita City, which is known as Siberia of Kansai.",
            "timestamp": "2022-08-07T16:01:48.044000"
        },
        {
            "utterance_id": 8,
            "interlocutor_id": "AA",
            "text": "Siberia of Kansai! That's the first time I've heard that, so it's cold, right?",
            "timestamp": "2022-08-07T16:02:03.318000"
        },
        {
            "utterance_id": 9,
            "interlocutor_id": "AS",
            "text": "The winter cold is very harsh. In contrast, summer is very hot.",
            "timestamp": "2022-08-07T16:02:32.339000"
        },
        {
            "utterance_id": 10,
            "interlocutor_id": "AA",
            "text": "Wow, I just looked it up, it seems tough, is it like Kyoto City?",
            "timestamp": "2022-08-07T16:02:55.322000"
        },
        {
            "utterance_id": 11,
            "interlocutor_id": "AS",
            "text": "It doesn't snow heavily enough to accumulate, but anyway, the temperature is too low. Even in March this year, it was below freezing at night.",
            "timestamp": "2022-08-07T16:03:32.944000"
        },
        {
            "utterance_id": 12,
            "interlocutor_id": "AA",
            "text": "Below freezing? Wow, so you are aiming for the Finland of Kansai, aren't you?",
            "timestamp": "2022-08-07T16:04:02.697000"
        },
        {
            "utterance_id": 13,
            "interlocutor_id": "AS",
            "text": "It seems that geographical factors contribute to this environment. Several decades ago, the river froze, they say.",
            "timestamp": "2022-08-07T16:04:36.134000"
        },
        {
            "utterance_id": 14,
            "interlocutor_id": "AA",
            "text": "I see, that’s the first time I’ve learned that. Then, the autumn leaves must be very beautiful, right?",
            "timestamp": "2022-08-07T16:04:54.680000"
        },
        {
            "utterance_id": 15,
            "interlocutor_id": "AS",
            "text": "It seems there aren't many maple trees in the area, so I didn't see them last year; I will look for them this year.",
            "timestamp": "2022-08-07T16:05:45.885000"
        },
        {
            "utterance_id": 16,
            "interlocutor_id": "AA",
            "text": "I see, that’s one of the things to look forward to this year.",
            "timestamp": "2022-08-07T16:06:02.945000"
        },
        {
            "utterance_id": 17,
            "interlocutor_id": "AS",
            "text": "Yes, that's right! I didn't have any plans for autumn, so I'm grateful for that! I like nature observation, so I will try it.",
            "timestamp": "2022-08-07T16:06:32.552000"
        },
        {
            "utterance_id": 18,
            "interlocutor_id": "AA",
            "text": "I also love nature observation; it’s soothing, isn’t it?",
            "timestamp": "2022-08-07T16:06:55.677000"
        },
        {
            "utterance_id": 19,
            "interlocutor_id": "AS",
            "text": "Which do you prefer, going to the mountains or to the river?",
            "timestamp": "2022-08-07T16:07:18.351000"
        },
        {
            "utterance_id": 20,
            "interlocutor_id": "AA",
            "text": "Oh, that's difficult! Maybe the mountains?",
            "timestamp": "2022-08-07T16:07:32.721000"
        },
        {
            "utterance_id": 21,
            "interlocutor_id": "AS",
            "text": "I prefer the mountains too! There are so many plants, insects, animals, and fungi there!",
            "timestamp": "2022-08-07T16:07:57.194000"
        },
        {
            "utterance_id": 22,
            "interlocutor_id": "AA",
            "text": "That's right! I love it because it is full of nature! I haven't been hiking recently because it’s been hot, though.",
            "timestamp": "2022-08-07T16:08:19.816000"
        },
        {
            "utterance_id": 23,
            "interlocutor_id": "AS",
            "text": "Yes, I haven't been able to go either. It would be nice to have company, but if I get heatstroke, I could definitely die.",
            "timestamp": "2022-08-07T16:08:51.689000"
        },
        {
            "utterance_id": 24,
            "interlocutor_id": "AA",
            "text": "That is certainly true! Hiking alone carries quite a risk.",
            "timestamp": "2022-08-07T16:09:06.969000"
        },
        {
            "utterance_id": 25,
            "interlocutor_id": "AS",
            "text": "The river is safer in that regard, but there aren't many around here.",
            "timestamp": "2022-08-07T16:09:46.202000"
        },
        {
            "utterance_id": 26,
            "interlocutor_id": "AA",
            "text": "Indeed, rivers are safer than mountains. Recently, haven't the rivers been drying up?",
            "timestamp": "2022-08-07T16:10:12.676000"
        },
        {
            "utterance_id": 27,
            "interlocutor_id": "AS",
            "text": "That's true; it hasn't rained at all. There have been sudden heavy rains, but they're just temporary and flow away quickly.",
            "timestamp": "2022-08-07T16:10:51.418000"
        },
        {
            "utterance_id": 28,
            "interlocutor_id": "AA",
            "text": "That's right, still, Northeastern Japan is having a significant issue right now, isn't it?",
            "timestamp": "2022-08-07T16:11:05.963000"
        },
        {
            "utterance_id": 29,
            "interlocutor_id": "AS",
            "text": "It seems like there are special warnings, and it's a tough situation. I hope everyone stays safe. Thank you for your time!",
            "timestamp": "2022-08-07T16:11:31.710000"
        }
    ],
    "evaluations": [
        {
            "interlocutor_id": "AA",
            "informativeness": 5,
            "comprehension": 5,
            "familiarity": 5,
            "interest": 5,
            "proactiveness": 5,
            "satisfaction": 5
        },
        {
            "interlocutor_id": "AS",
            "informativeness": 5,
            "comprehension": 3,
            "familiarity": 5,
            "interest": 5,
            "proactiveness": 5,
            "satisfaction": 5
        }
    ]
}