{
    "dialogue_id": 202,
    "interlocutors": [
        "AS",
        "AA"
    ],
    "utterances": [
        {
            "utterance_id": 0,
            "interlocutor_id": "AS",
            "text": "Nice to meet you",
            "timestamp": "2022-08-07T16:12:09.328000"
        },
        {
            "utterance_id": 1,
            "interlocutor_id": "AA",
            "text": "Hello, nice to meet you",
            "timestamp": "2022-08-07T16:12:07.529000"
        },
        {
            "utterance_id": 2,
            "interlocutor_id": "AS",
            "text": "Do you like fish? Both as food and as living creatures?",
            "timestamp": "2022-08-07T16:12:45.343000"
        },
        {
            "utterance_id": 3,
            "interlocutor_id": "AA",
            "text": "I do! I have goldfish at my parents' house",
            "timestamp": "2022-08-07T16:13:02.532000"
        },
        {
            "utterance_id": 4,
            "interlocutor_id": "AS",
            "text": "I see! Did you catch them at a summer festival?",
            "timestamp": "2022-08-07T16:13:34.311000"
        },
        {
            "utterance_id": 5,
            "interlocutor_id": "AA",
            "text": "At first, yes, but I gradually got into it and now I have some I bought from a store swimming at home.",
            "timestamp": "2022-08-07T16:14:02.126000"
        },
        {
            "utterance_id": 6,
            "interlocutor_id": "AS",
            "text": "I see. Are they the distinctive kind like a Ranchu?",
            "timestamp": "2022-08-07T16:14:34.688000"
        },
        {
            "utterance_id": 7,
            "interlocutor_id": "AA",
            "text": "No, what do you call them! There are red and white goldfish, and also orange ones",
            "timestamp": "2022-08-07T16:14:56.481000"
        },
        {
            "utterance_id": 8,
            "interlocutor_id": "AS",
            "text": "Ah, is it kind of like Koi? The orange ones look like the type you see at stalls, right?",
            "timestamp": "2022-08-07T16:15:33.944000"
        },
        {
            "utterance_id": 9,
            "interlocutor_id": "AA",
            "text": "That's right! I don't know their names, but they are definitely the kind you catch at goldfish scooping.",
            "timestamp": "2022-08-07T16:17:19.031000"
        },
        {
            "utterance_id": 10,
            "interlocutor_id": "AS",
            "text": "I don't know their names either, but they're very beautiful!",
            "timestamp": "2022-08-07T16:17:27.483000"
        },
        {
            "utterance_id": 11,
            "interlocutor_id": "AA",
            "text": "The fins are beautiful. Do you like fish?",
            "timestamp": "2022-08-07T16:17:29.980000"
        },
        {
            "utterance_id": 12,
            "interlocutor_id": "AS",
            "text": "I like them both to look at and to eat! I used to raise Medaka.",
            "timestamp": "2022-08-07T16:17:55.849000"
        },
        {
            "utterance_id": 13,
            "interlocutor_id": "AA",
            "text": "Medaka! That's nice, their quick movements are great, right?",
            "timestamp": "2022-08-07T16:18:13.261000"
        },
        {
            "utterance_id": 14,
            "interlocutor_id": "AS",
            "text": "I can’t distinguish them from Kadayashi, but I like both.",
            "timestamp": "2022-08-07T16:18:47.883000"
        },
        {
            "utterance_id": 15,
            "interlocutor_id": "AA",
            "text": "I definitely can't tell them apart either. I’d probably think they're just black medaka.",
            "timestamp": "2022-08-07T16:19:12.213000"
        },
        {
            "utterance_id": 16,
            "interlocutor_id": "AS",
            "text": "I admire people who can properly distinguish them.",
            "timestamp": "2022-08-07T16:19:42.861000"
        },
        {
            "utterance_id": 17,
            "interlocutor_id": "AA",
            "text": "That's true. I think Sakanakun is amazing.",
            "timestamp": "2022-08-07T16:19:51.069000"
        },
        {
            "utterance_id": 18,
            "interlocutor_id": "AS",
            "text": "Speaking of which, he was called as a witness to the Diet, right?",
            "timestamp": "2022-08-07T16:20:15.865000"
        },
        {
            "utterance_id": 19,
            "interlocutor_id": "AA",
            "text": "Oh, really? What was he a witness for?",
            "timestamp": "2022-08-07T16:20:35.355000"
        },
        {
            "utterance_id": 20,
            "interlocutor_id": "AS",
            "text": "It seems he was called as an expert during a marine conservation strategy meeting. He was even allowed to wear his hat.",
            "timestamp": "2022-08-07T16:21:16.076000"
        },
        {
            "utterance_id": 21,
            "interlocutor_id": "AA",
            "text": "I just found out; it was two years ago!",
            "timestamp": "2022-08-07T16:21:33.966000"
        },
        {
            "utterance_id": 22,
            "interlocutor_id": "AS",
            "text": "Has it been that long ago?",
            "timestamp": "2022-08-07T16:21:57.210000"
        },
        {
            "utterance_id": 23,
            "interlocutor_id": "AA",
            "text": "It seems so! A year goes by quickly.",
            "timestamp": "2022-08-07T16:22:52.423000"
        },
        {
            "utterance_id": 24,
            "interlocutor_id": "AS",
            "text": "Speaking of two years ago, that was exactly when COVID was wreaking havoc.",
            "timestamp": "2022-08-07T16:22:59.228000"
        },
        {
            "utterance_id": 25,
            "interlocutor_id": "AA",
            "text": "That's right, thinking about it is scary.",
            "timestamp": "2022-08-07T16:23:00.751000"
        },
        {
            "utterance_id": 26,
            "interlocutor_id": "AS",
            "text": "It’s still not over, is it?",
            "timestamp": "2022-08-07T16:23:15.817000"
        },
        {
            "utterance_id": 27,
            "interlocutor_id": "AA",
            "text": "I wonder when things will settle down?",
            "timestamp": "2022-08-07T16:23:23.969000"
        },
        {
            "utterance_id": 28,
            "interlocutor_id": "AS",
            "text": "I believe that once an effective treatment comes out, things will completely calm down.",
            "timestamp": "2022-08-07T16:23:45.268000"
        },
        {
            "utterance_id": 29,
            "interlocutor_id": "AA",
            "text": "Certainly. It would be nice if it eventually becomes like the flu without us noticing.",
            "timestamp": "2022-08-07T16:23:59.245000"
        }
    ],
    "evaluations": [
        {
            "interlocutor_id": "AS",
            "informativeness": 5,
            "comprehension": 4,
            "familiarity": 5,
            "interest": 5,
            "proactiveness": 5,
            "satisfaction": 5
        },
        {
            "interlocutor_id": "AA",
            "informativeness": 5,
            "comprehension": 5,
            "familiarity": 5,
            "interest": 5,
            "proactiveness": 5,
            "satisfaction": 5
        }
    ]
}