{
    "dialogue_id": 200,
    "interlocutors": [
        "AR",
        "AA"
    ],
    "utterances": [
        {
            "utterance_id": 0,
            "interlocutor_id": "AR",
            "text": "Hello!",
            "timestamp": "2022-08-07T13:10:25.445000"
        },
        {
            "utterance_id": 1,
            "interlocutor_id": "AA",
            "text": "Nice to meet you.",
            "timestamp": "2022-08-07T13:10:48.051000"
        },
        {
            "utterance_id": 2,
            "interlocutor_id": "AR",
            "text": "Do you have a favorite celebrity?",
            "timestamp": "2022-08-07T13:10:50.285000"
        },
        {
            "utterance_id": 3,
            "interlocutor_id": "AA",
            "text": "Not really. Do you?",
            "timestamp": "2022-08-07T13:11:14.734000"
        },
        {
            "utterance_id": 4,
            "interlocutor_id": "AR",
            "text": "I haven't been keeping up with entertainment news lately. Which generation are you from?",
            "timestamp": "2022-08-07T13:11:43.478000"
        },
        {
            "utterance_id": 5,
            "interlocutor_id": "AA",
            "text": "Which generation? Maybe Arashi?",
            "timestamp": "2022-08-07T13:12:20.977000"
        },
        {
            "utterance_id": 6,
            "interlocutor_id": "AR",
            "text": "Huh!? Then we might actually be close in age.",
            "timestamp": "2022-08-07T13:13:02.976000"
        },
        {
            "utterance_id": 7,
            "interlocutor_id": "AA",
            "text": "What do you mean? I was born in '98.",
            "timestamp": "2022-08-07T13:13:36.453000"
        },
        {
            "utterance_id": 8,
            "interlocutor_id": "AR",
            "text": "Sorry, that's a ten-year difference!",
            "timestamp": "2022-08-07T13:13:53.611000"
        },
        {
            "utterance_id": 9,
            "interlocutor_id": "AA",
            "text": "Oh, but Arashi is known by everyone, right?",
            "timestamp": "2022-08-07T13:14:29.471000"
        },
        {
            "utterance_id": 10,
            "interlocutor_id": "AR",
            "text": "That's because they're a national idol. Arashi feels reassuring because they don't change.",
            "timestamp": "2022-08-07T13:15:14.738000"
        },
        {
            "utterance_id": 11,
            "interlocutor_id": "AA",
            "text": "They really don't change, right! Everyone knows them, and they were great idols.",
            "timestamp": "2022-08-07T13:15:53.749000"
        },
        {
            "utterance_id": 12,
            "interlocutor_id": "AR",
            "text": "I used to be a huge fan of Johnny's and followed them around. I don't have that stamina anymore!!",
            "timestamp": "2022-08-07T13:17:17.453000"
        },
        {
            "utterance_id": 13,
            "interlocutor_id": "AA",
            "text": "Is that so? Where did you follow them?",
            "timestamp": "2022-08-07T13:17:49.824000"
        },
        {
            "utterance_id": 14,
            "interlocutor_id": "AR",
            "text": "Mostly Shibuya and Harajuku. I want to eat crepes in Harajuku after a long time.",
            "timestamp": "2022-08-07T13:20:31.877000"
        },
        {
            "utterance_id": 15,
            "interlocutor_id": "AA",
            "text": "Oh, that sounds nice! Crepes look delicious!",
            "timestamp": "2022-08-07T13:21:25.492000"
        },
        {
            "utterance_id": 16,
            "interlocutor_id": "AR",
            "text": "The smell of crepes is tempting, isn't it? I simply love sugar butter.",
            "timestamp": "2022-08-07T13:22:21.588000"
        },
        {
            "utterance_id": 17,
            "interlocutor_id": "AA",
            "text": "Simple is good! You can clearly taste the deliciousness of the skin.",
            "timestamp": "2022-08-07T13:23:37.484000"
        },
        {
            "utterance_id": 18,
            "interlocutor_id": "AR",
            "text": "Exactly. Recently, the crepes I see in cafes are not rolled, and I always fumble trying to figure out how to eat them.",
            "timestamp": "2022-08-07T13:25:13.104000"
        },
        {
            "utterance_id": 19,
            "interlocutor_id": "AA",
            "text": "Really? I’m not keeping up with trends! What a hassle!",
            "timestamp": "2022-08-07T13:25:44.783000"
        },
        {
            "utterance_id": 20,
            "interlocutor_id": "AR",
            "text": "A flat crepe with a knife and fork. How on earth do you eat that? It seems that there are many men in recent cafes.",
            "timestamp": "2022-08-07T13:27:46.038000"
        },
        {
            "utterance_id": 21,
            "interlocutor_id": "AA",
            "text": "Is it like the French galette? It’s good that men can enjoy it too!",
            "timestamp": "2022-08-07T13:28:52.805000"
        },
        {
            "utterance_id": 22,
            "interlocutor_id": "AR",
            "text": "That’s the vibe. I've never actually eaten a galette properly, though. Surprisingly, men tend to like sweet things, right?",
            "timestamp": "2022-08-07T13:29:48.726000"
        },
        {
            "utterance_id": 23,
            "interlocutor_id": "AA",
            "text": "It’s nice that there are so many things to enjoy! Crepes are not just for sweet things, and they're not just rolled, which is great!",
            "timestamp": "2022-08-07T13:31:05.630000"
        },
        {
            "utterance_id": 24,
            "interlocutor_id": "AR",
            "text": "It’s become a stylish world. Talking about food makes me want to travel.",
            "timestamp": "2022-08-07T13:32:52.675000"
        },
        {
            "utterance_id": 25,
            "interlocutor_id": "AA",
            "text": "Travel sounds good! I’m also thinking of going somewhere during Obon.",
            "timestamp": "2022-08-07T13:33:38.038000"
        },
        {
            "utterance_id": 26,
            "interlocutor_id": "AR",
            "text": "Is Obon a long holiday?",
            "timestamp": "2022-08-07T13:34:26.864000"
        },
        {
            "utterance_id": 27,
            "interlocutor_id": "AA",
            "text": "Yes, it is! Fortunately, I've got a long holiday!",
            "timestamp": "2022-08-07T13:35:04.545000"
        },
        {
            "utterance_id": 28,
            "interlocutor_id": "AR",
            "text": "I hope you have a fun holiday.",
            "timestamp": "2022-08-07T13:35:15.313000"
        },
        {
            "utterance_id": 29,
            "interlocutor_id": "AA",
            "text": "Thank you!",
            "timestamp": "2022-08-07T13:35:38.281000"
        }
    ],
    "evaluations": [
        {
            "interlocutor_id": "AR",
            "informativeness": 4,
            "comprehension": 4,
            "familiarity": 4,
            "interest": 4,
            "proactiveness": 4,
            "satisfaction": 4
        },
        {
            "interlocutor_id": "AA",
            "informativeness": 3,
            "comprehension": 4,
            "familiarity": 4,
            "interest": 1,
            "proactiveness": 4,
            "satisfaction": 4
        }
    ]
}