{
    "dialogue_id": 206,
    "interlocutors": [
        "AS",
        "AA"
    ],
    "utterances": [
        {
            "utterance_id": 0,
            "interlocutor_id": "AS",
            "text": "Thank you very much!",
            "timestamp": "2022-08-07T17:01:36.469000"
        },
        {
            "utterance_id": 1,
            "interlocutor_id": "AA",
            "text": "Thank you very much.",
            "timestamp": "2022-08-07T17:01:38.257000"
        },
        {
            "utterance_id": 2,
            "interlocutor_id": "AS",
            "text": "Have you eaten lunch?",
            "timestamp": "2022-08-07T17:01:53.102000"
        },
        {
            "utterance_id": 3,
            "interlocutor_id": "AA",
            "text": "It was chilled Chinese noodles!",
            "timestamp": "2022-08-07T17:02:01.562000"
        },
        {
            "utterance_id": 4,
            "interlocutor_id": "AS",
            "text": "Isn't it perfect for summer? Was it delicious?",
            "timestamp": "2022-08-07T17:02:22.658000"
        },
        {
            "utterance_id": 5,
            "interlocutor_id": "AA",
            "text": "It was delicious! The sesame was tasty.",
            "timestamp": "2022-08-07T17:03:06.579000"
        },
        {
            "utterance_id": 6,
            "interlocutor_id": "AS",
            "text": "So you sprinkle sesame on it! I didn't do that.",
            "timestamp": "2022-08-07T17:03:14.397000"
        },
        {
            "utterance_id": 7,
            "interlocutor_id": "AA",
            "text": "That's right. It makes it nicely delicious.",
            "timestamp": "2022-08-07T17:03:14.211000"
        },
        {
            "utterance_id": 8,
            "interlocutor_id": "AS",
            "text": "I'll try it if I have a chance next time! I bought it to sprinkle on cucumbers.",
            "timestamp": "2022-08-07T17:03:51.792000"
        },
        {
            "utterance_id": 9,
            "interlocutor_id": "AA",
            "text": "Wow, that's amazing! Do you cook while living away from home?",
            "timestamp": "2022-08-07T17:04:13.928000"
        },
        {
            "utterance_id": 10,
            "interlocutor_id": "AS",
            "text": "If I don't cook for myself, my food expenses will be a big problem. Also, I thought it was a good opportunity, so I’ve been doing it continuously.",
            "timestamp": "2022-08-07T17:04:44.267000"
        },
        {
            "utterance_id": 11,
            "interlocutor_id": "AA",
            "text": "That's impressive. What’s your signature dish?",
            "timestamp": "2022-08-07T17:04:52.995000"
        },
        {
            "utterance_id": 12,
            "interlocutor_id": "AS",
            "text": "It's curry, hamburgers, teriyaki chicken, and so on.",
            "timestamp": "2022-08-07T17:05:14.125000"
        },
        {
            "utterance_id": 13,
            "interlocutor_id": "AA",
            "text": "Those are all delicious dishes!",
            "timestamp": "2022-08-07T17:05:29.819000"
        },
        {
            "utterance_id": 14,
            "interlocutor_id": "AS",
            "text": "They are all ones that go well with rice!",
            "timestamp": "2022-08-07T17:05:42.861000"
        },
        {
            "utterance_id": 15,
            "interlocutor_id": "AA",
            "text": "That's true! So, what about dinner tonight?",
            "timestamp": "2022-08-07T17:05:54.425000"
        },
        {
            "utterance_id": 16,
            "interlocutor_id": "AS",
            "text": "I haven't decided yet, but it's likely to be stir-fried Chinese with He-Man.",
            "timestamp": "2022-08-07T17:06:27.309000"
        },
        {
            "utterance_id": 17,
            "interlocutor_id": "AA",
            "text": "No way. That's super healthy. Sounds delicious!",
            "timestamp": "2022-08-07T17:06:36.559000"
        },
        {
            "utterance_id": 18,
            "interlocutor_id": "AS",
            "text": "It's just a simple one seasoned with chicken broth powder and stir-fried with eggplant and so on.",
            "timestamp": "2022-08-07T17:07:04.564000"
        },
        {
            "utterance_id": 19,
            "interlocutor_id": "AA",
            "text": "That's amazing! I didn't cook that properly when I was a student.",
            "timestamp": "2022-08-07T17:07:43.888000"
        },
        {
            "utterance_id": 20,
            "interlocutor_id": "AS",
            "text": "My mother taught me to do everything while I can, so I plan to keep doing it as long as I live.",
            "timestamp": "2022-08-07T17:08:04.979000"
        },
        {
            "utterance_id": 21,
            "interlocutor_id": "AA",
            "text": "What a wonderful mother. When you become a working adult, it really helps, so it's good to get started now!",
            "timestamp": "2022-08-07T17:08:35.632000"
        },
        {
            "utterance_id": 22,
            "interlocutor_id": "AS",
            "text": "That's right! Recently, I've been struggling with pensions and such systems.",
            "timestamp": "2022-08-07T17:09:08.742000"
        },
        {
            "utterance_id": 23,
            "interlocutor_id": "AA",
            "text": "Ah, indeed. Students are exempt, but it hits hard once you become a working adult...",
            "timestamp": "2022-08-07T17:09:23.908000"
        },
        {
            "utterance_id": 24,
            "interlocutor_id": "AS",
            "text": "That's right, I'm debating whether to increase my part-time work now or to use the exemption system.",
            "timestamp": "2022-08-07T17:09:52.747000"
        },
        {
            "utterance_id": 25,
            "interlocutor_id": "AA",
            "text": "Ah, certainly. It's tough to decide which choice to make.",
            "timestamp": "2022-08-07T17:10:16.331000"
        },
        {
            "utterance_id": 26,
            "interlocutor_id": "AS",
            "text": "Once you start working, it’s a shock to realize, “Wait, they take this much?” So it's better to have a plan in place.",
            "timestamp": "2022-08-07T17:10:55.284000"
        },
        {
            "utterance_id": 27,
            "interlocutor_id": "AA",
            "text": "You're very organized. That's true. Honestly, I wish I had saved up a little bit by working part-time.",
            "timestamp": "2022-08-07T17:11:25.261000"
        },
        {
            "utterance_id": 28,
            "interlocutor_id": "AS",
            "text": "Saving up is one way to go about it. Well, I'll make a decision and do my best!",
            "timestamp": "2022-08-07T17:11:55.634000"
        },
        {
            "utterance_id": 29,
            "interlocutor_id": "AA",
            "text": "Good luck!",
            "timestamp": "2022-08-07T17:12:01.226000"
        }
    ],
    "evaluations": [
        {
            "interlocutor_id": "AS",
            "informativeness": 5,
            "comprehension": 5,
            "familiarity": 5,
            "interest": 5,
            "proactiveness": 5,
            "satisfaction": 5
        },
        {
            "interlocutor_id": "AA",
            "informativeness": 5,
            "comprehension": 5,
            "familiarity": 5,
            "interest": 5,
            "proactiveness": 5,
            "satisfaction": 5
        }
    ]
}