{
    "dialogue_id": 207,
    "interlocutors": [
        "AA",
        "AS"
    ],
    "utterances": [
        {
            "utterance_id": 0,
            "interlocutor_id": "AA",
            "text": "こんにちは！",
            "timestamp": "2022-08-07T17:12:31.264000"
        },
        {
            "utterance_id": 1,
            "interlocutor_id": "AS",
            "text": "Hello!",
            "timestamp": "2022-08-07T17:12:39.669000"
        },
        {
            "utterance_id": 2,
            "interlocutor_id": "AA",
            "text": "お盆は何かされますか？",
            "timestamp": "2022-08-07T17:12:42.550000"
        },
        {
            "utterance_id": 3,
            "interlocutor_id": "AS",
            "text": "Do you have any plans for Obon?",
            "timestamp": "2022-08-07T17:12:55.719000"
        },
        {
            "utterance_id": 4,
            "interlocutor_id": "AA",
            "text": "お盆はバイト三昧の予定です",
            "timestamp": "2022-08-07T17:13:03.665000"
        },
        {
            "utterance_id": 5,
            "interlocutor_id": "AS",
            "text": "I plan to be busy with part-time work during Obon.",
            "timestamp": "2022-08-07T17:13:25.027000"
        },
        {
            "utterance_id": 6,
            "interlocutor_id": "AA",
            "text": "あらバイト、どんな仕事してるんですか？",
            "timestamp": "2022-08-07T17:13:39.695000"
        },
        {
            "utterance_id": 7,
            "interlocutor_id": "AS",
            "text": "Oh, part-time work? What kind of job are you doing?",
            "timestamp": "2022-08-07T17:14:08.172000"
        },
        {
            "utterance_id": 8,
            "interlocutor_id": "AA",
            "text": "イオンで、ニトリと電気屋さんが混ざったような部門で働いてます",
            "timestamp": "2022-08-07T17:14:17.828000"
        },
        {
            "utterance_id": 9,
            "interlocutor_id": "AS",
            "text": "I work at Aeon in a section that seems to mix Nitori and electronic stores.",
            "timestamp": "2022-08-07T17:14:53.466000"
        },
        {
            "utterance_id": 10,
            "interlocutor_id": "AA",
            "text": "凄い場所ですね、電気にも興味が？",
            "timestamp": "2022-08-07T17:15:08.804000"
        },
        {
            "utterance_id": 11,
            "interlocutor_id": "AS",
            "text": "That sounds like an amazing place. Are you interested in electronics?",
            "timestamp": "2022-08-07T17:15:35.977000"
        },
        {
            "utterance_id": 12,
            "interlocutor_id": "AA",
            "text": "いや、給料が良かったのと色んな知識を得られそうだなーと思って応募しました。",
            "timestamp": "2022-08-07T17:15:45.992000"
        },
        {
            "utterance_id": 13,
            "interlocutor_id": "AS",
            "text": "Not really, I applied because the pay was good and I thought I'd gain various knowledge.",
            "timestamp": "2022-08-07T17:16:17.887000"
        },
        {
            "utterance_id": 14,
            "interlocutor_id": "AA",
            "text": "たしかに。給料がいいのって大事ですよねえ",
            "timestamp": "2022-08-07T17:16:31.512000"
        },
        {
            "utterance_id": 15,
            "interlocutor_id": "AS",
            "text": "That's true. Having a good salary is important, isn't it?",
            "timestamp": "2022-08-07T17:16:58.340000"
        },
        {
            "utterance_id": 16,
            "interlocutor_id": "AA",
            "text": "平日休日時間関係なしですが、1100円もらえます",
            "timestamp": "2022-08-07T17:17:19.824000"
        },
        {
            "utterance_id": 17,
            "interlocutor_id": "AS",
            "text": "I get paid 1100 yen regardless of weekdays or weekends.",
            "timestamp": "2022-08-07T17:17:57.054000"
        },
        {
            "utterance_id": 18,
            "interlocutor_id": "AA",
            "text": "地味にいいですね！お金は大事、本当に",
            "timestamp": "2022-08-07T17:18:32.120000"
        },
        {
            "utterance_id": 19,
            "interlocutor_id": "AS",
            "text": "That's pretty good! Money is really important.",
            "timestamp": "2022-08-07T17:19:01.272000"
        },
        {
            "utterance_id": 20,
            "interlocutor_id": "AA",
            "text": "月８万弱の、制限ぎりぎりまで稼いでいます！",
            "timestamp": "2022-08-07T17:19:13.230000"
        },
        {
            "utterance_id": 21,
            "interlocutor_id": "AS",
            "text": "I'm earning just under 80,000 yen a month, close to the limit!",
            "timestamp": "2022-08-07T17:19:38.581000"
        },
        {
            "utterance_id": 22,
            "interlocutor_id": "AA",
            "text": "頑張ってください！でも体調は大事にお願いします",
            "timestamp": "2022-08-07T17:19:51.184000"
        },
        {
            "utterance_id": 23,
            "interlocutor_id": "AS",
            "text": "Good luck! But please take care of your health.",
            "timestamp": "2022-08-07T17:20:32.503000"
        },
        {
            "utterance_id": 24,
            "interlocutor_id": "AA",
            "text": "そうですね、今年は過労し過ぎで寝坊とか遅刻があったので秋からは減らす予定です",
            "timestamp": "2022-08-07T17:20:41.019000"
        },
        {
            "utterance_id": 25,
            "interlocutor_id": "AS",
            "text": "That's right, I've been overworking this year and had instances of oversleeping and being late, so I plan to cut back starting this fall.",
            "timestamp": "2022-08-07T17:21:14.859000"
        },
        {
            "utterance_id": 26,
            "interlocutor_id": "AA",
            "text": "ありゃりゃ。秋はのんびり行きましょう",
            "timestamp": "2022-08-07T17:21:25.706000"
        },
        {
            "utterance_id": 27,
            "interlocutor_id": "AS",
            "text": "Oh dear. Let's take it easy in the fall.",
            "timestamp": "2022-08-07T17:21:55.083000"
        },
        {
            "utterance_id": 28,
            "interlocutor_id": "AA",
            "text": "夜の、閉店作業を担当する人間だったので、家に帰るのが遅くなってしまうんです",
            "timestamp": "2022-08-07T17:21:57.781000"
        },
        {
            "utterance_id": 29,
            "interlocutor_id": "AS",
            "text": "I was in charge of the closing tasks at night, so I ended up going home late.",
            "timestamp": "2022-08-07T17:22:25.807000"
        }
    ],
    "evaluations": [
        {
            "interlocutor_id": "AA",
            "informativeness": 5,
            "comprehension": 5,
            "familiarity": 5,
            "interest": 5,
            "proactiveness": 5,
            "satisfaction": 5
        },
        {
            "interlocutor_id": "AS",
            "informativeness": 5,
            "comprehension": 4,
            "familiarity": 5,
            "interest": 5,
            "proactiveness": 5,
            "satisfaction": 5
        }
    ]
}