{
    "dialogue_id": 208,
    "interlocutors": [
        "AS",
        "AA"
    ],
    "utterances": [
        {
            "utterance_id": 0,
            "interlocutor_id": "AS",
            "text": "Hello!",
            "timestamp": "2022-08-07T17:22:59.691000"
        },
        {
            "utterance_id": 1,
            "interlocutor_id": "AA",
            "text": "Hello!",
            "timestamp": "2022-08-07T17:23:02.419000"
        },
        {
            "utterance_id": 2,
            "interlocutor_id": "AS",
            "text": "How's the weather over there now?",
            "timestamp": "2022-08-07T17:23:19.475000"
        },
        {
            "utterance_id": 3,
            "interlocutor_id": "AA",
            "text": "It's cloudy here! But hot.",
            "timestamp": "2022-08-07T17:23:24.021000"
        },
        {
            "utterance_id": 4,
            "interlocutor_id": "AS",
            "text": "It's sunny with a few clouds over here! The heat is the same, though.",
            "timestamp": "2022-08-07T17:23:54.574000"
        },
        {
            "utterance_id": 5,
            "interlocutor_id": "AA",
            "text": "I see, where are you living now?",
            "timestamp": "2022-08-07T17:24:06.194000"
        },
        {
            "utterance_id": 6,
            "interlocutor_id": "AS",
            "text": "In Okayama Prefecture.",
            "timestamp": "2022-08-07T17:24:24.058000"
        },
        {
            "utterance_id": 7,
            "interlocutor_id": "AA",
            "text": "Kurashiki, right? That's nice!",
            "timestamp": "2022-08-07T17:24:32.556000"
        },
        {
            "utterance_id": 8,
            "interlocutor_id": "AS",
            "text": "The Bikan Historical Area is famous, isn't it!",
            "timestamp": "2022-08-07T17:24:57.100000"
        },
        {
            "utterance_id": 9,
            "interlocutor_id": "AA",
            "text": "Yes, and also Momotaro.",
            "timestamp": "2022-08-07T17:25:02.159000"
        },
        {
            "utterance_id": 10,
            "interlocutor_id": "AS",
            "text": "That's right, fruits and Korakuen are famous too~",
            "timestamp": "2022-08-07T17:25:27.919000"
        },
        {
            "utterance_id": 11,
            "interlocutor_id": "AA",
            "text": "Indeed! Okayama is very attractive.",
            "timestamp": "2022-08-07T17:25:40.444000"
        },
        {
            "utterance_id": 12,
            "interlocutor_id": "AS",
            "text": "I think it's definitely more livable than my lodging place!",
            "timestamp": "2022-08-07T17:26:06.311000"
        },
        {
            "utterance_id": 13,
            "interlocutor_id": "AA",
            "text": "What's your lodging place like?",
            "timestamp": "2022-08-07T17:27:44.065000"
        },
        {
            "utterance_id": 14,
            "interlocutor_id": "AS",
            "text": "The weather is unstable, the temperature difference is extreme in summer and winter, and it feels like all you can see are mountains.",
            "timestamp": "2022-08-07T17:28:45.958000"
        },
        {
            "utterance_id": 15,
            "interlocutor_id": "AA",
            "text": "Sounds kind of rural.",
            "timestamp": "2022-08-07T17:28:58.542000"
        },
        {
            "utterance_id": 16,
            "interlocutor_id": "AS",
            "text": "It is rural~. If I move a little, I can reach Kobe, but I have to cross the mountains.",
            "timestamp": "2022-08-07T17:29:24.811000"
        },
        {
            "utterance_id": 17,
            "interlocutor_id": "AA",
            "text": "You have to get over the mountains, that's tough.",
            "timestamp": "2022-08-07T17:29:40.194000"
        },
        {
            "utterance_id": 18,
            "interlocutor_id": "AS",
            "text": "You need to overcome about three of them.",
            "timestamp": "2022-08-07T17:30:11.732000"
        },
        {
            "utterance_id": 19,
            "interlocutor_id": "AA",
            "text": "That's quite a few mountains! That sounds tough!",
            "timestamp": "2022-08-07T17:30:28.178000"
        },
        {
            "utterance_id": 20,
            "interlocutor_id": "AS",
            "text": "Last year, I tried to go by bicycle and almost collapsed.",
            "timestamp": "2022-08-07T17:30:53.796000"
        },
        {
            "utterance_id": 21,
            "interlocutor_id": "AA",
            "text": "You're too young. Crossing mountains by bicycle is quite something.",
            "timestamp": "2022-08-07T17:31:04.254000"
        },
        {
            "utterance_id": 22,
            "interlocutor_id": "AS",
            "text": "I managed somehow, but now that I'm weak, it's impossible.",
            "timestamp": "2022-08-07T17:31:26.508000"
        },
        {
            "utterance_id": 23,
            "interlocutor_id": "AA",
            "text": "That's right! You have to take care of your body!",
            "timestamp": "2022-08-07T17:31:41.601000"
        },
        {
            "utterance_id": 24,
            "interlocutor_id": "AS",
            "text": "For now, I'll try to relax and enjoy my break peacefully.",
            "timestamp": "2022-08-07T17:32:10.242000"
        },
        {
            "utterance_id": 25,
            "interlocutor_id": "AA",
            "text": "Please do! Can't you go back to your parents' house?",
            "timestamp": "2022-08-07T17:32:29.660000"
        },
        {
            "utterance_id": 26,
            "interlocutor_id": "AS",
            "text": "I'm thinking of going back from 8/25!",
            "timestamp": "2022-08-07T17:32:46.810000"
        },
        {
            "utterance_id": 27,
            "interlocutor_id": "AA",
            "text": "That's quite late, isn't it? When does the second semester start?",
            "timestamp": "2022-08-07T17:33:10.960000"
        },
        {
            "utterance_id": 28,
            "interlocutor_id": "AS",
            "text": "It starts from 9/21. I'm temporarily in Okayama to meet friends, but I plan to go back today.",
            "timestamp": "2022-08-07T17:33:45.426000"
        },
        {
            "utterance_id": 29,
            "interlocutor_id": "AA",
            "text": "By today? Oh no, good luck with packing!",
            "timestamp": "2022-08-07T17:33:51.968000"
        }
    ],
    "evaluations": [
        {
            "interlocutor_id": "AS",
            "informativeness": 5,
            "comprehension": 4,
            "familiarity": 5,
            "interest": 5,
            "proactiveness": 5,
            "satisfaction": 5
        },
        {
            "interlocutor_id": "AA",
            "informativeness": 5,
            "comprehension": 5,
            "familiarity": 5,
            "interest": 5,
            "proactiveness": 5,
            "satisfaction": 5
        }
    ]
}