{
    "dialogue_id": 204,
    "interlocutors": [
        "AS",
        "AA"
    ],
    "utterances": [
        {
            "utterance_id": 0,
            "interlocutor_id": "AS",
            "text": "Hello!",
            "timestamp": "2022-08-07T16:36:46.075000"
        },
        {
            "utterance_id": 1,
            "interlocutor_id": "AA",
            "text": "Nice to meet you!",
            "timestamp": "2022-08-07T16:36:46.366000"
        },
        {
            "utterance_id": 2,
            "interlocutor_id": "AS",
            "text": "Did you have breakfast?",
            "timestamp": "2022-08-07T16:37:06.282000"
        },
        {
            "utterance_id": 3,
            "interlocutor_id": "AA",
            "text": "For breakfast, I had granola!",
            "timestamp": "2022-08-07T16:37:12.367000"
        },
        {
            "utterance_id": 4,
            "interlocutor_id": "AS",
            "text": "Granola! It was in fashion a little while ago, right? Does it have dried fruits in it?",
            "timestamp": "2022-08-07T16:37:37.792000"
        },
        {
            "utterance_id": 5,
            "interlocutor_id": "AA",
            "text": "Yes! I always keep it because I can eat it when I'm a bit hungry!",
            "timestamp": "2022-08-07T16:37:57.515000"
        },
        {
            "utterance_id": 6,
            "interlocutor_id": "AS",
            "text": "I used to eat it when I was at my parents' house, but I haven't eaten it once since I started boarding.",
            "timestamp": "2022-08-07T16:38:27.898000"
        },
        {
            "utterance_id": 7,
            "interlocutor_id": "AA",
            "text": "Are you staying at a boarding house now? A student or something?",
            "timestamp": "2022-08-07T16:38:44.301000"
        },
        {
            "utterance_id": 8,
            "interlocutor_id": "AS",
            "text": "Yes! I'm a second-year university student studying biology.",
            "timestamp": "2022-08-07T16:39:05.926000"
        },
        {
            "utterance_id": 9,
            "interlocutor_id": "AA",
            "text": "So young! Biology! Do you want to be a scholar like Sakana-kun in the future?",
            "timestamp": "2022-08-07T16:39:28.248000"
        },
        {
            "utterance_id": 10,
            "interlocutor_id": "AS",
            "text": "To become a scholar, I have to go to graduate school, and I'm the eldest of three brothers, so I plan to give that up.",
            "timestamp": "2022-08-07T16:40:03.502000"
        },
        {
            "utterance_id": 11,
            "interlocutor_id": "AA",
            "text": "Ah, that sounds tough. What is your major?",
            "timestamp": "2022-08-07T16:40:24.542000"
        },
        {
            "utterance_id": 12,
            "interlocutor_id": "AS",
            "text": "I plan to decide next year, but so far, I'm thinking of focusing on plants and insects.",
            "timestamp": "2022-08-07T16:40:54.478000"
        },
        {
            "utterance_id": 13,
            "interlocutor_id": "AA",
            "text": "So it's plants, not fish.",
            "timestamp": "2022-08-07T16:41:07.556000"
        },
        {
            "utterance_id": 14,
            "interlocutor_id": "AS",
            "text": "There wasn't a marine option.",
            "timestamp": "2022-08-07T16:41:24.653000"
        },
        {
            "utterance_id": 15,
            "interlocutor_id": "AA",
            "text": "I see. Are you interested in marine studies?",
            "timestamp": "2022-08-07T16:41:54.741000"
        },
        {
            "utterance_id": 16,
            "interlocutor_id": "AS",
            "text": "I am a bit, but rather than specializing in that, I wanted to learn about the whole picture, so I chose my current school!",
            "timestamp": "2022-08-07T16:42:43.881000"
        },
        {
            "utterance_id": 17,
            "interlocutor_id": "AA",
            "text": "I see. That's a solid choice, thinking about the future. So, it's plants and insects, then.",
            "timestamp": "2022-08-07T16:43:09.941000"
        },
        {
            "utterance_id": 18,
            "interlocutor_id": "AS",
            "text": "Well, even if I say it's my major, it's just research in a professor's lab who studies that field.",
            "timestamp": "2022-08-07T16:44:14.502000"
        },
        {
            "utterance_id": 19,
            "interlocutor_id": "AA",
            "text": "Ah, so it's because of the selection of professors. Interesting. It's like a seminar.",
            "timestamp": "2022-08-07T16:44:33.127000"
        },
        {
            "utterance_id": 20,
            "interlocutor_id": "AS",
            "text": "Therefore, technically, if forced, it wouldn't be impossible. The sea and the mountains are directly related.",
            "timestamp": "2022-08-07T16:45:07.169000"
        },
        {
            "utterance_id": 21,
            "interlocutor_id": "AA",
            "text": "That's true. The water from the mountains goes to the sea, thinking of it as upstream.",
            "timestamp": "2022-08-07T16:45:23.998000"
        },
        {
            "utterance_id": 22,
            "interlocutor_id": "AS",
            "text": "Exactly! If I think about researching themes like the influence of terrestrial plants on marine biology, I could do that.",
            "timestamp": "2022-08-07T16:46:00.674000"
        },
        {
            "utterance_id": 23,
            "interlocutor_id": "AA",
            "text": "That sounds really interesting! Do you have any literature on that?",
            "timestamp": "2022-08-07T16:46:13.009000"
        },
        {
            "utterance_id": 24,
            "interlocutor_id": "AS",
            "text": "No, I just thought of it on the spot, so nothing in particular, but I've heard that nutrients from the mountains affect plankton.",
            "timestamp": "2022-08-07T16:47:03.104000"
        },
        {
            "utterance_id": 25,
            "interlocutor_id": "AA",
            "text": "Really? The planet is amazing, in terms of biology. There are things like dietary fibers under plankton too.",
            "timestamp": "2022-08-07T16:47:30.283000"
        },
        {
            "utterance_id": 26,
            "interlocutor_id": "AS",
            "text": "Water that goes through the mountains contains nutrients, flows from rivers to the sea, and plankton increases by using that.",
            "timestamp": "2022-08-07T16:48:48.586000"
        },
        {
            "utterance_id": 27,
            "interlocutor_id": "AA",
            "text": "I see. So if the nutrients from the mountain water decrease, it will ultimately affect marine life too, in terms of reduction.",
            "timestamp": "2022-08-07T16:49:10.686000"
        },
        {
            "utterance_id": 28,
            "interlocutor_id": "AS",
            "text": "That's right; if we don't manage the forests properly, it will impact that area as well.",
            "timestamp": "2022-08-07T16:49:39.922000"
        },
        {
            "utterance_id": 29,
            "interlocutor_id": "AA",
            "text": "This is very informative! Thank you.",
            "timestamp": "2022-08-07T16:49:47.444000"
        }
    ],
    "evaluations": [
        {
            "interlocutor_id": "AS",
            "informativeness": 5,
            "comprehension": 3,
            "familiarity": 5,
            "interest": 5,
            "proactiveness": 5,
            "satisfaction": 5
        },
        {
            "interlocutor_id": "AA",
            "informativeness": 5,
            "comprehension": 5,
            "familiarity": 5,
            "interest": 5,
            "proactiveness": 5,
            "satisfaction": 5
        }
    ]
}