{
    "dialogue_id": 210,
    "interlocutors": [
        "AS",
        "AA"
    ],
    "utterances": [
        {
            "utterance_id": 0,
            "interlocutor_id": "AS",
            "text": "Good evening!",
            "timestamp": "2022-08-07T17:46:00.651000"
        },
        {
            "utterance_id": 1,
            "interlocutor_id": "AA",
            "text": "Good evening!",
            "timestamp": "2022-08-07T17:46:03.846000"
        },
        {
            "utterance_id": 2,
            "interlocutor_id": "AS",
            "text": "Have you already decided on dinner?",
            "timestamp": "2022-08-07T17:46:19.023000"
        },
        {
            "utterance_id": 3,
            "interlocutor_id": "AA",
            "text": "I’m thinking of having udon for dinner today.",
            "timestamp": "2022-08-07T17:46:29.373000"
        },
        {
            "utterance_id": 4,
            "interlocutor_id": "AS",
            "text": "What kind of udon?",
            "timestamp": "2022-08-07T17:46:42.723000"
        },
        {
            "utterance_id": 5,
            "interlocutor_id": "AA",
            "text": "I’m thinking of having kimchi udon.",
            "timestamp": "2022-08-07T17:46:54.513000"
        },
        {
            "utterance_id": 6,
            "interlocutor_id": "AS",
            "text": "That sounds good! Eating something spicy during the hot summer is nice!",
            "timestamp": "2022-08-07T17:47:17.583000"
        },
        {
            "utterance_id": 7,
            "interlocutor_id": "AA",
            "text": "Yes, it really clears you up!",
            "timestamp": "2022-08-07T17:47:30.939000"
        },
        {
            "utterance_id": 8,
            "interlocutor_id": "AS",
            "text": "Sweating is detoxing, right?",
            "timestamp": "2022-08-07T17:47:47.145000"
        },
        {
            "utterance_id": 9,
            "interlocutor_id": "AA",
            "text": "Yes, exactly. I wanted to eat fermented food, so it's killing two birds with one stone.",
            "timestamp": "2022-08-07T17:48:03.185000"
        },
        {
            "utterance_id": 10,
            "interlocutor_id": "AS",
            "text": "That’s perfect! By the way, do you eat natto?",
            "timestamp": "2022-08-07T17:48:24.931000"
        },
        {
            "utterance_id": 11,
            "interlocutor_id": "AA",
            "text": "I don’t eat it that often, but I do eat it!",
            "timestamp": "2022-08-07T17:48:38.464000"
        },
        {
            "utterance_id": 12,
            "interlocutor_id": "AS",
            "text": "I eat it too! I have some people close to me who say, “What’s so good about that?”",
            "timestamp": "2022-08-07T17:49:11.011000"
        },
        {
            "utterance_id": 13,
            "interlocutor_id": "AA",
            "text": "Oh, really? Well, preferences do differ.",
            "timestamp": "2022-08-07T17:49:27.420000"
        },
        {
            "utterance_id": 14,
            "interlocutor_id": "AS",
            "text": "I often hear that foreigners dislike it.",
            "timestamp": "2022-08-07T17:49:47.591000"
        },
        {
            "utterance_id": 15,
            "interlocutor_id": "AA",
            "text": "Well, there must be people who can't handle the appearance, the stickiness, and the smell, even though they can handle soy sauce.",
            "timestamp": "2022-08-07T17:50:09.600000"
        },
        {
            "utterance_id": 16,
            "interlocutor_id": "AS",
            "text": "Even though the ingredients are the same.",
            "timestamp": "2022-08-07T17:50:29.701000"
        },
        {
            "utterance_id": 17,
            "interlocutor_id": "AA",
            "text": "Really. It’s just that the end result is different.",
            "timestamp": "2022-08-07T17:50:37.769000"
        },
        {
            "utterance_id": 18,
            "interlocutor_id": "AS",
            "text": "How do foreigners view miso?",
            "timestamp": "2022-08-07T17:50:58.223000"
        },
        {
            "utterance_id": 19,
            "interlocutor_id": "AA",
            "text": "But isn’t miso soup considered delicious?",
            "timestamp": "2022-08-07T17:51:13.319000"
        },
        {
            "utterance_id": 20,
            "interlocutor_id": "AS",
            "text": "That's true, and I’ve heard that tofu is preferred depending on how it’s prepared.",
            "timestamp": "2022-08-07T17:51:38.227000"
        },
        {
            "utterance_id": 21,
            "interlocutor_id": "AA",
            "text": "Only natto is really disliked.",
            "timestamp": "2022-08-07T17:51:47.178000"
        },
        {
            "utterance_id": 22,
            "interlocutor_id": "AS",
            "text": "Speaking of smell, surströmming is definitely stronger.",
            "timestamp": "2022-08-07T17:52:22.728000"
        },
        {
            "utterance_id": 23,
            "interlocutor_id": "AA",
            "text": "That’s a whole different level! That’s true.",
            "timestamp": "2022-08-07T17:52:42.502000"
        },
        {
            "utterance_id": 24,
            "interlocutor_id": "AS",
            "text": "That’s also true! It shouldn’t be compared in the same category. That’s practically a weapon.",
            "timestamp": "2022-08-07T17:53:07.990000"
        },
        {
            "utterance_id": 25,
            "interlocutor_id": "AA",
            "text": "It really is, that’s a weapon. It could even win a war.",
            "timestamp": "2022-08-07T17:53:25.497000"
        },
        {
            "utterance_id": 26,
            "interlocutor_id": "AS",
            "text": "Whether it’s a catapult or a fighter jet, if you dropped a lot of that in the town, it would end quickly.",
            "timestamp": "2022-08-07T17:54:00.393000"
        },
        {
            "utterance_id": 27,
            "interlocutor_id": "AA",
            "text": "That’s right, it would be nice if everyone could live in peace.",
            "timestamp": "2022-08-07T17:54:14.641000"
        },
        {
            "utterance_id": 28,
            "interlocutor_id": "AS",
            "text": "That’s quite difficult, isn’t it? I want to live peacefully.",
            "timestamp": "2022-08-07T17:54:33.083000"
        },
        {
            "utterance_id": 29,
            "interlocutor_id": "AA",
            "text": "Yes, thank you very much!",
            "timestamp": "2022-08-07T17:54:42.287000"
        }
    ],
    "evaluations": [
        {
            "interlocutor_id": "AS",
            "informativeness": 5,
            "comprehension": 4,
            "familiarity": 5,
            "interest": 5,
            "proactiveness": 5,
            "satisfaction": 5
        },
        {
            "interlocutor_id": "AA",
            "informativeness": 5,
            "comprehension": 5,
            "familiarity": 5,
            "interest": 5,
            "proactiveness": 5,
            "satisfaction": 5
        }
    ]
}