{
    "dialogue_id": 213,
    "interlocutors": [
        "AF",
        "AB"
    ],
    "utterances": [
        {
            "utterance_id": 0,
            "interlocutor_id": "AF",
            "text": "Hello!",
            "timestamp": "2022-08-09T09:42:14.374000"
        },
        {
            "utterance_id": 1,
            "interlocutor_id": "AB",
            "text": "Hello!",
            "timestamp": "2022-08-09T09:42:18.056000"
        },
        {
            "utterance_id": 2,
            "interlocutor_id": "AF",
            "text": "I’m planning to have a hand-roll party today.",
            "timestamp": "2022-08-09T09:42:39.566000"
        },
        {
            "utterance_id": 3,
            "interlocutor_id": "AB",
            "text": "That sounds nice! Is it with your family?",
            "timestamp": "2022-08-09T09:43:05.873000"
        },
        {
            "utterance_id": 4,
            "interlocutor_id": "AF",
            "text": "Yes, we’re doing it at home.",
            "timestamp": "2022-08-09T09:43:15.467000"
        },
        {
            "utterance_id": 5,
            "interlocutor_id": "AB",
            "text": "Are you preparing now?",
            "timestamp": "2022-08-09T09:43:23.756000"
        },
        {
            "utterance_id": 6,
            "interlocutor_id": "AF",
            "text": "Since it's in the evening, I’ll start preparing around the evening.",
            "timestamp": "2022-08-09T09:43:40.348000"
        },
        {
            "utterance_id": 7,
            "interlocutor_id": "AB",
            "text": "What is your favorite sushi topping?",
            "timestamp": "2022-08-09T09:43:54.629000"
        },
        {
            "utterance_id": 8,
            "interlocutor_id": "AF",
            "text": "Maybe salmon and roe. What will you eat?",
            "timestamp": "2022-08-09T09:44:10.439000"
        },
        {
            "utterance_id": 9,
            "interlocutor_id": "AB",
            "text": "I like scallops and octopus. Raw octopus.",
            "timestamp": "2022-08-09T09:44:35.392000"
        },
        {
            "utterance_id": 10,
            "interlocutor_id": "AF",
            "text": "Is raw octopus for odori-zukuri (dancing food)?",
            "timestamp": "2022-08-09T09:44:49.635000"
        },
        {
            "utterance_id": 11,
            "interlocutor_id": "AB",
            "text": "No, no, I’ve never eaten that. Maybe it’s octopus sashimi?",
            "timestamp": "2022-08-09T09:45:05.296000"
        },
        {
            "utterance_id": 12,
            "interlocutor_id": "AF",
            "text": "Odori-zukuri was delicious. It moved in my mouth and I was like “ahhh.”",
            "timestamp": "2022-08-09T09:45:32.551000"
        },
        {
            "utterance_id": 13,
            "interlocutor_id": "AB",
            "text": "Really? I’d like to try it someday.",
            "timestamp": "2022-08-09T09:45:50.034000"
        },
        {
            "utterance_id": 14,
            "interlocutor_id": "AF",
            "text": "I had it when I went to Minami Chita.",
            "timestamp": "2022-08-09T09:46:05.489000"
        },
        {
            "utterance_id": 15,
            "interlocutor_id": "AB",
            "text": "Oh, I see. By the way, I’m the type who doesn’t need tuna.",
            "timestamp": "2022-08-09T09:46:33.509000"
        },
        {
            "utterance_id": 16,
            "interlocutor_id": "AF",
            "text": "I see, I might not eat it much either.",
            "timestamp": "2022-08-09T09:47:04.552000"
        },
        {
            "utterance_id": 17,
            "interlocutor_id": "AB",
            "text": "I only have fatty tuna.",
            "timestamp": "2022-08-09T09:47:14.348000"
        },
        {
            "utterance_id": 18,
            "interlocutor_id": "AF",
            "text": "Fatty tuna has become so oily lately that I can’t eat it anymore.",
            "timestamp": "2022-08-09T09:47:33.730000"
        },
        {
            "utterance_id": 19,
            "interlocutor_id": "AB",
            "text": "Is that so? I wonder how long I can still enjoy it. It might be soon.",
            "timestamp": "2022-08-09T09:47:59.655000"
        },
        {
            "utterance_id": 20,
            "interlocutor_id": "AF",
            "text": "I used to dislike shiny fish, but I found it delicious when I had it in Hokkaido, so I can eat it now.",
            "timestamp": "2022-08-09T09:48:26.202000"
        },
        {
            "utterance_id": 21,
            "interlocutor_id": "AB",
            "text": "I also used to dislike sea urchin, but I came to like it after having it in Hokkaido. Hokkaido is truly amazing!",
            "timestamp": "2022-08-09T09:48:55.919000"
        },
        {
            "utterance_id": 22,
            "interlocutor_id": "AF",
            "text": "I understand, I can eat sea urchin from Hokkaido too.",
            "timestamp": "2022-08-09T09:49:14.917000"
        },
        {
            "utterance_id": 23,
            "interlocutor_id": "AB",
            "text": "Well, in the end, even when I go back home, I only eat sea urchin from Hokkaido.",
            "timestamp": "2022-08-09T09:49:44.691000"
        },
        {
            "utterance_id": 24,
            "interlocutor_id": "AF",
            "text": "That makes sense. Next time I go to Hokkaido, I want to go to a conveyor belt sushi place.",
            "timestamp": "2022-08-09T09:50:06.033000"
        },
        {
            "utterance_id": 25,
            "interlocutor_id": "AB",
            "text": "It must be delicious for sure. I also like conveyor belt sushi in Hokuriku.",
            "timestamp": "2022-08-09T09:50:27.998000"
        },
        {
            "utterance_id": 26,
            "interlocutor_id": "AF",
            "text": "Hokuriku sushi is also quite tasty! I want to try it too.",
            "timestamp": "2022-08-09T09:50:55.496000"
        },
        {
            "utterance_id": 27,
            "interlocutor_id": "AB",
            "text": "Regions with the sea can’t go wrong! Enjoy your hand-roll sushi party today!",
            "timestamp": "2022-08-09T09:51:28.847000"
        },
        {
            "utterance_id": 28,
            "interlocutor_id": "AF",
            "text": "Yes, thank you! Let’s talk again.",
            "timestamp": "2022-08-09T09:51:47.645000"
        },
        {
            "utterance_id": 29,
            "interlocutor_id": "AB",
            "text": "Yes, see you!",
            "timestamp": "2022-08-09T09:51:52.371000"
        }
    ],
    "evaluations": [
        {
            "interlocutor_id": "AF",
            "informativeness": 4,
            "comprehension": 4,
            "familiarity": 4,
            "interest": 4,
            "proactiveness": 4,
            "satisfaction": 4
        },
        {
            "interlocutor_id": "AB",
            "informativeness": 5,
            "comprehension": 5,
            "familiarity": 5,
            "interest": 5,
            "proactiveness": 5,
            "satisfaction": 5
        }
    ]
}