{
    "dialogue_id": 215,
    "interlocutors": [
        "AF",
        "AB"
    ],
    "utterances": [
        {
            "utterance_id": 0,
            "interlocutor_id": "AF",
            "text": "Hello!",
            "timestamp": "2022-08-09T10:04:53.954000"
        },
        {
            "utterance_id": 1,
            "interlocutor_id": "AB",
            "text": "Hello!",
            "timestamp": "2022-08-09T10:05:01.201000"
        },
        {
            "utterance_id": 2,
            "interlocutor_id": "AF",
            "text": "Yesterday, my daughter said she dropped her smartphone in a pond and came home.",
            "timestamp": "2022-08-09T10:05:18.989000"
        },
        {
            "utterance_id": 3,
            "interlocutor_id": "AB",
            "text": "Wow, was it a disaster?",
            "timestamp": "2022-08-09T10:05:30.831000"
        },
        {
            "utterance_id": 4,
            "interlocutor_id": "AF",
            "text": "Yes, it was completely broken. At least it was found.",
            "timestamp": "2022-08-09T10:06:14.524000"
        },
        {
            "utterance_id": 5,
            "interlocutor_id": "AB",
            "text": "Was it a shallow pond?",
            "timestamp": "2022-08-09T10:06:24.589000"
        },
        {
            "utterance_id": 6,
            "interlocutor_id": "AF",
            "text": "I'm not sure, but it was at an amusement park, so someone there picked it up for her.",
            "timestamp": "2022-08-09T10:06:56.481000"
        },
        {
            "utterance_id": 7,
            "interlocutor_id": "AB",
            "text": "That's better. I wonder if the data was lost too.",
            "timestamp": "2022-08-09T10:07:20.297000"
        },
        {
            "utterance_id": 8,
            "interlocutor_id": "AF",
            "text": "Apparently, she was syncing photos to Google, so maybe she can access them if she logs in from another device.",
            "timestamp": "2022-08-09T10:07:52.666000"
        },
        {
            "utterance_id": 9,
            "interlocutor_id": "AB",
            "text": "As expected from a young person. I've experienced submersion myself.",
            "timestamp": "2022-08-09T10:08:21.961000"
        },
        {
            "utterance_id": 10,
            "interlocutor_id": "AF",
            "text": "It happens, right? It just slips from your hand.",
            "timestamp": "2022-08-09T10:08:46.474000"
        },
        {
            "utterance_id": 11,
            "interlocutor_id": "AB",
            "text": "Yes. I dropped mine into a beautiful sea overseas and panicked.",
            "timestamp": "2022-08-09T10:09:05.111000"
        },
        {
            "utterance_id": 12,
            "interlocutor_id": "AF",
            "text": "Overseas, huh! If you can retrieve it quickly, there's a chance to save it before it takes on water.",
            "timestamp": "2022-08-09T10:09:31.759000"
        },
        {
            "utterance_id": 13,
            "interlocutor_id": "AB",
            "text": "I thought I picked it up quickly, but it didn't work out. Looking back, I've lost quite a bit, actually.",
            "timestamp": "2022-08-09T10:10:04.645000"
        },
        {
            "utterance_id": 14,
            "interlocutor_id": "AF",
            "text": "I've dropped mine in the bath and somehow miraculously saved it because it was so soon after.",
            "timestamp": "2022-08-09T10:10:37.107000"
        },
        {
            "utterance_id": 15,
            "interlocutor_id": "AB",
            "text": "That's good. Speed really is crucial, huh?",
            "timestamp": "2022-08-09T10:10:57.079000"
        },
        {
            "utterance_id": 16,
            "interlocutor_id": "AF",
            "text": "I turned off the power immediately and dried it with a hairdryer, and that worked!",
            "timestamp": "2022-08-09T10:11:18.983000"
        },
        {
            "utterance_id": 17,
            "interlocutor_id": "AB",
            "text": "I see. I'll do that if I submerge my phone again! Or maybe I should just buy a completely waterproof smartphone.",
            "timestamp": "2022-08-09T10:11:44.829000"
        },
        {
            "utterance_id": 18,
            "interlocutor_id": "AF",
            "text": "That sounds like the best option. My watch is water-resistant, but I still feel scared to put it in water.",
            "timestamp": "2022-08-09T10:12:19.821000"
        },
        {
            "utterance_id": 19,
            "interlocutor_id": "AB",
            "text": "It's hard to trust. I don’t want to intentionally test it either.",
            "timestamp": "2022-08-09T10:12:38.738000"
        },
        {
            "utterance_id": 20,
            "interlocutor_id": "AF",
            "text": "If smartphones had some level of water resistance, it would be nice to use them with peace of mind during leisure activities.",
            "timestamp": "2022-08-09T10:13:06.243000"
        },
        {
            "utterance_id": 21,
            "interlocutor_id": "AB",
            "text": "Yes. But recently, smartphones have been getting more expensive, and it's a hassle.",
            "timestamp": "2022-08-09T10:13:22.632000"
        },
        {
            "utterance_id": 22,
            "interlocutor_id": "AF",
            "text": "Is that so? Did you just recently replace yours?",
            "timestamp": "2022-08-09T10:13:44.192000"
        },
        {
            "utterance_id": 23,
            "interlocutor_id": "AB",
            "text": "No, I learned about the price increase from the news.",
            "timestamp": "2022-08-09T10:14:11.045000"
        },
        {
            "utterance_id": 24,
            "interlocutor_id": "AF",
            "text": "I see, Androids are cheap, but iPhones are surprisingly expensive.",
            "timestamp": "2022-08-09T10:14:24.426000"
        },
        {
            "utterance_id": 25,
            "interlocutor_id": "AB",
            "text": "That's right. I don't necessarily need an iPhone.",
            "timestamp": "2022-08-09T10:14:39.248000"
        },
        {
            "utterance_id": 26,
            "interlocutor_id": "AF",
            "text": "I also don’t quite understand the necessity of having an iPhone, so I choose Android.",
            "timestamp": "2022-08-09T10:15:02.856000"
        },
        {
            "utterance_id": 27,
            "interlocutor_id": "AB",
            "text": "I feel the same; I don't notice much of a difference.",
            "timestamp": "2022-08-09T10:15:32.295000"
        },
        {
            "utterance_id": 28,
            "interlocutor_id": "AF",
            "text": "Anyway, I’ll make sure to get a waterproof smartphone next time. Thank you for today!",
            "timestamp": "2022-08-09T10:15:57.703000"
        },
        {
            "utterance_id": 29,
            "interlocutor_id": "AB",
            "text": "Thank you!",
            "timestamp": "2022-08-09T10:16:03.336000"
        }
    ],
    "evaluations": [
        {
            "interlocutor_id": "AF",
            "informativeness": 4,
            "comprehension": 4,
            "familiarity": 4,
            "interest": 4,
            "proactiveness": 3,
            "satisfaction": 4
        },
        {
            "interlocutor_id": "AB",
            "informativeness": 5,
            "comprehension": 5,
            "familiarity": 5,
            "interest": 5,
            "proactiveness": 5,
            "satisfaction": 5
        }
    ]
}