{
    "dialogue_id": 218,
    "interlocutors": [
        "AL",
        "AN"
    ],
    "utterances": [
        {
            "utterance_id": 0,
            "interlocutor_id": "AL",
            "text": "Hello!",
            "timestamp": "2022-08-07T13:26:26.375000"
        },
        {
            "utterance_id": 1,
            "interlocutor_id": "AN",
            "text": "Hello!",
            "timestamp": "2022-08-07T13:26:29.683000"
        },
        {
            "utterance_id": 2,
            "interlocutor_id": "AL",
            "text": "It's hot, but have you been going out recently?",
            "timestamp": "2022-08-07T13:26:37.105000"
        },
        {
            "utterance_id": 3,
            "interlocutor_id": "AN",
            "text": "Not really far. How about you?",
            "timestamp": "2022-08-07T13:26:59.646000"
        },
        {
            "utterance_id": 4,
            "interlocutor_id": "AL",
            "text": "I'm going to the Aeon Mall during the free time in the morning, and in the afternoon, I'll be playing games at home.",
            "timestamp": "2022-08-07T13:27:36.575000"
        },
        {
            "utterance_id": 5,
            "interlocutor_id": "AN",
            "text": "Aeon Mall sounds nice. It's cool, and it seems like a good place to kill time.",
            "timestamp": "2022-08-07T13:27:55.477000"
        },
        {
            "utterance_id": 6,
            "interlocutor_id": "AL",
            "text": "That's right. There's a place called Ping Pong Park where you can play table tennis.",
            "timestamp": "2022-08-07T13:28:20.672000"
        },
        {
            "utterance_id": 7,
            "interlocutor_id": "AN",
            "text": "There's such a facility!",
            "timestamp": "2022-08-07T13:28:33.667000"
        },
        {
            "utterance_id": 8,
            "interlocutor_id": "AL",
            "text": "In the early morning, it's really empty.",
            "timestamp": "2022-08-07T13:28:48.897000"
        },
        {
            "utterance_id": 9,
            "interlocutor_id": "AN",
            "text": "I haven't played table tennis in a long time.",
            "timestamp": "2022-08-07T13:29:18.661000"
        },
        {
            "utterance_id": 10,
            "interlocutor_id": "AL",
            "text": "My youngest started going when he was about 3, and this year makes 3 years for me too.",
            "timestamp": "2022-08-07T13:29:53.186000"
        },
        {
            "utterance_id": 11,
            "interlocutor_id": "AN",
            "text": "I see. Does your child play table tennis?",
            "timestamp": "2022-08-07T13:30:20.181000"
        },
        {
            "utterance_id": 12,
            "interlocutor_id": "AL",
            "text": "The nice guy at the reception taught him some practice that even small kids can do.",
            "timestamp": "2022-08-07T13:30:39.628000"
        },
        {
            "utterance_id": 13,
            "interlocutor_id": "AN",
            "text": "He's a nice guy. Is he getting better?",
            "timestamp": "2022-08-07T13:30:57.555000"
        },
        {
            "utterance_id": 14,
            "interlocutor_id": "AL",
            "text": "Yes, yes. He's in the first grade now, but he’s surprisingly good.",
            "timestamp": "2022-08-07T13:31:14.654000"
        },
        {
            "utterance_id": 15,
            "interlocutor_id": "AN",
            "text": "Amazing! Does he participate in competitions?",
            "timestamp": "2022-08-07T13:31:38.826000"
        },
        {
            "utterance_id": 16,
            "interlocutor_id": "AL",
            "text": "Haha! Not to that extent!",
            "timestamp": "2022-08-07T13:31:57.912000"
        },
        {
            "utterance_id": 17,
            "interlocutor_id": "AN",
            "text": "He might grow into an amazing player in the future!",
            "timestamp": "2022-08-07T13:32:16.091000"
        },
        {
            "utterance_id": 18,
            "interlocutor_id": "AL",
            "text": "Prize money!",
            "timestamp": "2022-08-07T13:32:22.027000"
        },
        {
            "utterance_id": 19,
            "interlocutor_id": "AN",
            "text": "So, you get prize money if you win in table tennis!",
            "timestamp": "2022-08-07T13:32:46.747000"
        },
        {
            "utterance_id": 20,
            "interlocutor_id": "AL",
            "text": "Vacation home!",
            "timestamp": "2022-08-07T13:32:54.736000"
        },
        {
            "utterance_id": 21,
            "interlocutor_id": "AN",
            "text": "A vacation home sounds nice. Where would you want to have one?",
            "timestamp": "2022-08-07T13:33:21.653000"
        },
        {
            "utterance_id": 22,
            "interlocutor_id": "AL",
            "text": "Somewhere cool would be nice.",
            "timestamp": "2022-08-07T13:33:41.995000"
        },
        {
            "utterance_id": 23,
            "interlocutor_id": "AN",
            "text": "That's true. A summer resort would be great. How about Karuizawa?",
            "timestamp": "2022-08-07T13:34:06.578000"
        },
        {
            "utterance_id": 24,
            "interlocutor_id": "AL",
            "text": "Oh, that sounds good. I’ve heard on the radio that there are a lot of stylish cafes there.",
            "timestamp": "2022-08-07T13:34:33.871000"
        },
        {
            "utterance_id": 25,
            "interlocutor_id": "AN",
            "text": "Just mentioning Karuizawa makes it feel stylish, doesn't it?",
            "timestamp": "2022-08-07T13:34:53.795000"
        },
        {
            "utterance_id": 26,
            "interlocutor_id": "AL",
            "text": "Indeed. When you're raising kids, I feel like taking a break at a café becomes an essential part of life.",
            "timestamp": "2022-08-07T13:35:25.958000"
        },
        {
            "utterance_id": 27,
            "interlocutor_id": "AN",
            "text": "You like cafes, don't you?",
            "timestamp": "2022-08-07T13:35:38.473000"
        },
        {
            "utterance_id": 28,
            "interlocutor_id": "AL",
            "text": "I do like them!",
            "timestamp": "2022-08-07T13:35:54.972000"
        },
        {
            "utterance_id": 29,
            "interlocutor_id": "AN",
            "text": "I hope we can both enjoy parenting. Well then, see you later.",
            "timestamp": "2022-08-07T13:36:16.279000"
        }
    ],
    "evaluations": [
        {
            "interlocutor_id": "AL",
            "informativeness": 5,
            "comprehension": 5,
            "familiarity": 5,
            "interest": 5,
            "proactiveness": 5,
            "satisfaction": 5
        },
        {
            "interlocutor_id": "AN",
            "informativeness": 5,
            "comprehension": 3,
            "familiarity": 2,
            "interest": 4,
            "proactiveness": 3,
            "satisfaction": 5
        }
    ]
}