{
    "dialogue_id": 224,
    "interlocutors": [
        "AN",
        "AT"
    ],
    "utterances": [
        {
            "utterance_id": 0,
            "interlocutor_id": "AN",
            "text": "Good morning!",
            "timestamp": "2022-08-11T09:37:53.045000"
        },
        {
            "utterance_id": 1,
            "interlocutor_id": "AT",
            "text": "Good morning.",
            "timestamp": "2022-08-11T09:38:14.025000"
        },
        {
            "utterance_id": 2,
            "interlocutor_id": "AN",
            "text": "Do you make sure to have a hearty breakfast?",
            "timestamp": "2022-08-11T09:38:25.740000"
        },
        {
            "utterance_id": 3,
            "interlocutor_id": "AT",
            "text": "Yes, I make it a point to always eat breakfast.",
            "timestamp": "2022-08-11T09:38:47.048000"
        },
        {
            "utterance_id": 4,
            "interlocutor_id": "AN",
            "text": "That's healthy! What did you eat today?",
            "timestamp": "2022-08-11T09:39:01.779000"
        },
        {
            "utterance_id": 5,
            "interlocutor_id": "AT",
            "text": "Spinach, natto, mozuku seaweed, rice, miso soup, and kiwi fruit!",
            "timestamp": "2022-08-11T09:39:40.150000"
        },
        {
            "utterance_id": 6,
            "interlocutor_id": "AN",
            "text": "That's a perfect balance!",
            "timestamp": "2022-08-11T09:39:54.930000"
        },
        {
            "utterance_id": 7,
            "interlocutor_id": "AT",
            "text": "Do you always eat breakfast?",
            "timestamp": "2022-08-11T09:40:41.984000"
        },
        {
            "utterance_id": 8,
            "interlocutor_id": "AN",
            "text": "Yes. I usually have Japanese food, but today I decided to have Western-style breakfast for a change.",
            "timestamp": "2022-08-11T09:41:06.557000"
        },
        {
            "utterance_id": 9,
            "interlocutor_id": "AT",
            "text": "Oh, a change of pace?",
            "timestamp": "2022-08-11T09:41:50.691000"
        },
        {
            "utterance_id": 10,
            "interlocutor_id": "AN",
            "text": "I usually cook rice to make bento, but since my husband is on summer vacation starting today, I didn't need to make bento, so I went for bread for breakfast.",
            "timestamp": "2022-08-11T09:42:45.417000"
        },
        {
            "utterance_id": 11,
            "interlocutor_id": "AT",
            "text": "I see, which do you prefer?",
            "timestamp": "2022-08-11T09:43:14.394000"
        },
        {
            "utterance_id": 12,
            "interlocutor_id": "AN",
            "text": "To be honest, I really love bread, so I'm definitely a bread person.",
            "timestamp": "2022-08-11T09:43:31.556000"
        },
        {
            "utterance_id": 13,
            "interlocutor_id": "AT",
            "text": "Is that so? Do you usually eat bread for lunch?",
            "timestamp": "2022-08-11T09:44:00.246000"
        },
        {
            "utterance_id": 14,
            "interlocutor_id": "AN",
            "text": "It feels like I eat it when I make it myself.",
            "timestamp": "2022-08-11T09:44:35.426000"
        },
        {
            "utterance_id": 15,
            "interlocutor_id": "AT",
            "text": "So you don't feel the urge to buy it outside?",
            "timestamp": "2022-08-11T09:45:08.386000"
        },
        {
            "utterance_id": 16,
            "interlocutor_id": "AN",
            "text": "That might be the case. I used to go bakery hopping, but I stopped doing that due to COVID.",
            "timestamp": "2022-08-11T09:45:34.503000"
        },
        {
            "utterance_id": 17,
            "interlocutor_id": "AT",
            "text": "Unlike bread from supermarkets and convenience stores, bakery bread has a gentle flavor.",
            "timestamp": "2022-08-11T09:46:11.260000"
        },
        {
            "utterance_id": 18,
            "interlocutor_id": "AN",
            "text": "That's true. It has the taste of wheat, so to speak.",
            "timestamp": "2022-08-11T09:46:27.105000"
        },
        {
            "utterance_id": 19,
            "interlocutor_id": "AT",
            "text": "Indeed, I often have bread for lunch, but I eat both types of bread.",
            "timestamp": "2022-08-11T09:47:16.529000"
        },
        {
            "utterance_id": 20,
            "interlocutor_id": "AN",
            "text": "Is that so! Recently, due to rising wheat prices, bread has become expensive too, hasn't it?",
            "timestamp": "2022-08-11T09:47:38.736000"
        },
        {
            "utterance_id": 21,
            "interlocutor_id": "AT",
            "text": "That's right; it's annoying how prices are rising for various things.",
            "timestamp": "2022-08-11T09:47:59.321000"
        },
        {
            "utterance_id": 22,
            "interlocutor_id": "AN",
            "text": "It is annoying. When will this price increase battle come to an end, I wonder?",
            "timestamp": "2022-08-11T09:48:14.935000"
        },
        {
            "utterance_id": 23,
            "interlocutor_id": "AT",
            "text": "I'm worried since there seems to be no sign of it ending anytime soon.",
            "timestamp": "2022-08-11T09:49:02.792000"
        },
        {
            "utterance_id": 24,
            "interlocutor_id": "AN",
            "text": "Everything is so expensive, it makes me hesitant to buy things.",
            "timestamp": "2022-08-11T09:49:20.730000"
        },
        {
            "utterance_id": 25,
            "interlocutor_id": "AT",
            "text": "Recently, I've been trying not to buy things that I don’t really need.",
            "timestamp": "2022-08-11T09:49:53.021000"
        },
        {
            "utterance_id": 26,
            "interlocutor_id": "AN",
            "text": "That seems eco-friendly for both your wallet and the environment.",
            "timestamp": "2022-08-11T09:50:19.595000"
        },
        {
            "utterance_id": 27,
            "interlocutor_id": "AT",
            "text": "From now on, I will be careful about shopping for both!",
            "timestamp": "2022-08-11T09:50:50.916000"
        },
        {
            "utterance_id": 28,
            "interlocutor_id": "AN",
            "text": "I’ll try to be mindful too! Thank you for the conversation today.",
            "timestamp": "2022-08-11T09:51:13.130000"
        },
        {
            "utterance_id": 29,
            "interlocutor_id": "AT",
            "text": "Thank you!",
            "timestamp": "2022-08-11T09:51:41.058000"
        }
    ],
    "evaluations": [
        {
            "interlocutor_id": "AN",
            "informativeness": 4,
            "comprehension": 5,
            "familiarity": 5,
            "interest": 4,
            "proactiveness": 3,
            "satisfaction": 5
        },
        {
            "interlocutor_id": "AT",
            "informativeness": 4,
            "comprehension": 4,
            "familiarity": 4,
            "interest": 4,
            "proactiveness": 3,
            "satisfaction": 3
        }
    ]
}