{
    "dialogue_id": 227,
    "interlocutors": [
        "AN",
        "AT"
    ],
    "utterances": [
        {
            "utterance_id": 0,
            "interlocutor_id": "AN",
            "text": "Good morning!",
            "timestamp": "2022-08-11T10:18:50.497000"
        },
        {
            "utterance_id": 1,
            "interlocutor_id": "AT",
            "text": "Thank you for your help.",
            "timestamp": "2022-08-11T10:19:23.103000"
        },
        {
            "utterance_id": 2,
            "interlocutor_id": "AN",
            "text": "The other day, I went blueberry picking.",
            "timestamp": "2022-08-11T10:19:38.081000"
        },
        {
            "utterance_id": 3,
            "interlocutor_id": "AT",
            "text": "I haven't been yet, but how was it?",
            "timestamp": "2022-08-11T10:19:53.309000"
        },
        {
            "utterance_id": 4,
            "interlocutor_id": "AN",
            "text": "It was more fun than I imagined!",
            "timestamp": "2022-08-11T10:20:02.621000"
        },
        {
            "utterance_id": 5,
            "interlocutor_id": "AT",
            "text": "How much did you eat?",
            "timestamp": "2022-08-11T10:20:19.528000"
        },
        {
            "utterance_id": 6,
            "interlocutor_id": "AN",
            "text": "I ate a basket full!",
            "timestamp": "2022-08-11T10:20:32.372000"
        },
        {
            "utterance_id": 7,
            "interlocutor_id": "AT",
            "text": "That's a rare opportunity, so I think that's natural!",
            "timestamp": "2022-08-11T10:20:51.175000"
        },
        {
            "utterance_id": 8,
            "interlocutor_id": "AN",
            "text": "Moreover, there were more than 10 varieties of blueberries.",
            "timestamp": "2022-08-11T10:21:10.736000"
        },
        {
            "utterance_id": 9,
            "interlocutor_id": "AT",
            "text": "There were that many?! That's wonderful!",
            "timestamp": "2022-08-11T10:21:33.168000"
        },
        {
            "utterance_id": 10,
            "interlocutor_id": "AN",
            "text": "Yes. Thanks to that, I was able to enjoy comparing the tastes.",
            "timestamp": "2022-08-11T10:21:46.525000"
        },
        {
            "utterance_id": 11,
            "interlocutor_id": "AT",
            "text": "That's also a rare opportunity, right? Did they taste completely different?",
            "timestamp": "2022-08-11T10:22:27.123000"
        },
        {
            "utterance_id": 12,
            "interlocutor_id": "AN",
            "text": "They were completely different! I was surprised.",
            "timestamp": "2022-08-11T10:22:45.391000"
        },
        {
            "utterance_id": 13,
            "interlocutor_id": "AT",
            "text": "With strawberries, you dip them in milk, but did you dip the blueberries in anything?",
            "timestamp": "2022-08-11T10:23:19.948000"
        },
        {
            "utterance_id": 14,
            "interlocutor_id": "AN",
            "text": "I had the blueberries as they were. They only had cold water prepared to chill the blueberries.",
            "timestamp": "2022-08-11T10:23:48.794000"
        },
        {
            "utterance_id": 15,
            "interlocutor_id": "AT",
            "text": "With 10 varieties, you wouldn't get bored of the flavors.",
            "timestamp": "2022-08-11T10:24:18.504000"
        },
        {
            "utterance_id": 16,
            "interlocutor_id": "AN",
            "text": "Yes, but there was one drawback.",
            "timestamp": "2022-08-11T10:24:34.536000"
        },
        {
            "utterance_id": 17,
            "interlocutor_id": "AT",
            "text": "What is it?",
            "timestamp": "2022-08-11T10:24:43.211000"
        },
        {
            "utterance_id": 18,
            "interlocutor_id": "AN",
            "text": "It was extremely hot.",
            "timestamp": "2022-08-11T10:24:56.296000"
        },
        {
            "utterance_id": 19,
            "interlocutor_id": "AT",
            "text": "Ah, that can't be helped. Cold water is essential.",
            "timestamp": "2022-08-11T10:25:22.750000"
        },
        {
            "utterance_id": 20,
            "interlocutor_id": "AN",
            "text": "I thought I was going to melt.",
            "timestamp": "2022-08-11T10:25:36.610000"
        },
        {
            "utterance_id": 21,
            "interlocutor_id": "AT",
            "text": "How long can you eat blueberries during picking?",
            "timestamp": "2022-08-11T10:26:02.282000"
        },
        {
            "utterance_id": 22,
            "interlocutor_id": "AN",
            "text": "The time limit was 60 minutes, but they told me I could go over that!",
            "timestamp": "2022-08-11T10:26:31.080000"
        },
        {
            "utterance_id": 23,
            "interlocutor_id": "AT",
            "text": "I guess they thought you wouldn't be able to eat continuously for 60 minutes.",
            "timestamp": "2022-08-11T10:27:02.984000"
        },
        {
            "utterance_id": 24,
            "interlocutor_id": "AN",
            "text": "I took it as a kindness that I could take my time! But it was indeed my limit to stay for 60 minutes.",
            "timestamp": "2022-08-11T10:27:43.215000"
        },
        {
            "utterance_id": 25,
            "interlocutor_id": "AT",
            "text": "If it weren't hot, do you think you could have eaten for more than 60 minutes?",
            "timestamp": "2022-08-11T10:28:20.281000"
        },
        {
            "utterance_id": 26,
            "interlocutor_id": "AN",
            "text": "If it weren't hot, I think I could have eaten for about 2 hours.",
            "timestamp": "2022-08-11T10:28:47.338000"
        },
        {
            "utterance_id": 27,
            "interlocutor_id": "AT",
            "text": "That's amazing! Were you able to take any home?",
            "timestamp": "2022-08-11T10:29:11.753000"
        },
        {
            "utterance_id": 28,
            "interlocutor_id": "AN",
            "text": "Yes. I was able to take some home, so I made it a souvenir for my husband.",
            "timestamp": "2022-08-11T10:29:25.632000"
        },
        {
            "utterance_id": 29,
            "interlocutor_id": "AT",
            "text": "That's nice! Thank you for the useful information.",
            "timestamp": "2022-08-11T10:29:55.928000"
        },
        {
            "utterance_id": 30,
            "interlocutor_id": "AN",
            "text": "Thank you too for listening to my story!",
            "timestamp": "2022-08-11T10:30:06.500000"
        }
    ],
    "evaluations": [
        {
            "interlocutor_id": "AN",
            "informativeness": 4,
            "comprehension": 4,
            "familiarity": 5,
            "interest": 4,
            "proactiveness": 4,
            "satisfaction": 5
        },
        {
            "interlocutor_id": "AT",
            "informativeness": 2,
            "comprehension": 5,
            "familiarity": 4,
            "interest": 4,
            "proactiveness": 4,
            "satisfaction": 2
        }
    ]
}