{
    "dialogue_id": 220,
    "interlocutors": [
        "AL",
        "AN"
    ],
    "utterances": [
        {
            "utterance_id": 0,
            "interlocutor_id": "AL",
            "text": "Hello!",
            "timestamp": "2022-08-07T13:46:32.387000"
        },
        {
            "utterance_id": 1,
            "interlocutor_id": "AN",
            "text": "Hello!",
            "timestamp": "2022-08-07T13:46:36.948000"
        },
        {
            "utterance_id": 2,
            "interlocutor_id": "AL",
            "text": "Do you like to look at clothes?",
            "timestamp": "2022-08-07T13:46:57.128000"
        },
        {
            "utterance_id": 3,
            "interlocutor_id": "AN",
            "text": "Yes, I love it. How about you?",
            "timestamp": "2022-08-07T13:47:06.942000"
        },
        {
            "utterance_id": 4,
            "interlocutor_id": "AL",
            "text": "I really love it!",
            "timestamp": "2022-08-07T13:47:18.128000"
        },
        {
            "utterance_id": 5,
            "interlocutor_id": "AN",
            "text": "Recently, I've started buying clothes online too.",
            "timestamp": "2022-08-07T13:47:39.117000"
        },
        {
            "utterance_id": 6,
            "interlocutor_id": "AL",
            "text": "Can I ask the name of the store? I wonder if I would understand it.",
            "timestamp": "2022-08-07T13:48:05.746000"
        },
        {
            "utterance_id": 7,
            "interlocutor_id": "AN",
            "text": "Have you heard of GRL?",
            "timestamp": "2022-08-07T13:48:37.988000"
        },
        {
            "utterance_id": 8,
            "interlocutor_id": "AL",
            "text": "Oh! I don’t know it! Teach me!",
            "timestamp": "2022-08-07T13:48:47.462000"
        },
        {
            "utterance_id": 9,
            "interlocutor_id": "AN",
            "text": "It's a budget-friendly brand. Surprisingly, the fabric is quite good.",
            "timestamp": "2022-08-07T13:49:10.566000"
        },
        {
            "utterance_id": 10,
            "interlocutor_id": "AL",
            "text": "That's information only someone who bought it would know!",
            "timestamp": "2022-08-07T13:49:24.581000"
        },
        {
            "utterance_id": 11,
            "interlocutor_id": "AN",
            "text": "Most of the designs are for people in their early 20s, but there were some that even someone in their 30s could wear.",
            "timestamp": "2022-08-07T13:49:55.574000"
        },
        {
            "utterance_id": 12,
            "interlocutor_id": "AL",
            "text": "I looked it up a bit. Is it pronounced \"Grail\"?",
            "timestamp": "2022-08-07T13:50:15.832000"
        },
        {
            "utterance_id": 13,
            "interlocutor_id": "AN",
            "text": "Yes, that's right. At first, I didn't know how to read it either.",
            "timestamp": "2022-08-07T13:50:31.765000"
        },
        {
            "utterance_id": 14,
            "interlocutor_id": "AL",
            "text": "A dress for 899 yen really gets my heart racing.",
            "timestamp": "2022-08-07T13:50:42.991000"
        },
        {
            "utterance_id": 15,
            "interlocutor_id": "AN",
            "text": "Right? It’s so cheap that you go, “Huh?!”",
            "timestamp": "2022-08-07T13:51:03.069000"
        },
        {
            "utterance_id": 16,
            "interlocutor_id": "AL",
            "text": "And the items are good too",
            "timestamp": "2022-08-07T13:51:14.057000"
        },
        {
            "utterance_id": 17,
            "interlocutor_id": "AN",
            "text": "Yes. It's not extremely high quality, but...",
            "timestamp": "2022-08-07T13:51:29.893000"
        },
        {
            "utterance_id": 18,
            "interlocutor_id": "AL",
            "text": "No, no, it’s great if you can wear it for one season for 899 yen.",
            "timestamp": "2022-08-07T13:51:46.659000"
        },
        {
            "utterance_id": 19,
            "interlocutor_id": "AN",
            "text": "That's true, it's just about the right vibe to buy clothes that are good for one season.",
            "timestamp": "2022-08-07T13:52:05.370000"
        },
        {
            "utterance_id": 20,
            "interlocutor_id": "AL",
            "text": "Young girls show their knees with slits, while I wear jeans.",
            "timestamp": "2022-08-07T13:52:38.871000"
        },
        {
            "utterance_id": 21,
            "interlocutor_id": "AN",
            "text": "But shopping in physical stores always excites me more.",
            "timestamp": "2022-08-07T13:53:32.443000"
        },
        {
            "utterance_id": 22,
            "interlocutor_id": "AL",
            "text": "Do you have a favorite store?",
            "timestamp": "2022-08-07T13:53:58.283000"
        },
        {
            "utterance_id": 23,
            "interlocutor_id": "AN",
            "text": "Hmm, I can’t think of a specific one. Do you have a favorite store?",
            "timestamp": "2022-08-07T13:54:30.226000"
        },
        {
            "utterance_id": 24,
            "interlocutor_id": "AL",
            "text": "Hmm, there was a time when I bought a lot from PLST.",
            "timestamp": "2022-08-07T13:54:48.116000"
        },
        {
            "utterance_id": 25,
            "interlocutor_id": "AN",
            "text": "I see. Every year, I get more lost about where to buy clothes.",
            "timestamp": "2022-08-07T13:55:12.767000"
        },
        {
            "utterance_id": 26,
            "interlocutor_id": "AL",
            "text": "That’s true. When the salespeople are the same age, it's helpful and also super fun to talk.",
            "timestamp": "2022-08-07T13:55:36.310000"
        },
        {
            "utterance_id": 27,
            "interlocutor_id": "AN",
            "text": "Exactly! You can ask them, \"What clothes would go well with this?\"",
            "timestamp": "2022-08-07T13:55:59.071000"
        },
        {
            "utterance_id": 28,
            "interlocutor_id": "AL",
            "text": "They're professionals after all!",
            "timestamp": "2022-08-07T13:56:11.370000"
        },
        {
            "utterance_id": 29,
            "interlocutor_id": "AN",
            "text": "Yes, they are. Now, let's talk again sometime.",
            "timestamp": "2022-08-07T13:56:23.020000"
        }
    ],
    "evaluations": [
        {
            "interlocutor_id": "AL",
            "informativeness": 5,
            "comprehension": 5,
            "familiarity": 5,
            "interest": 5,
            "proactiveness": 5,
            "satisfaction": 5
        },
        {
            "interlocutor_id": "AN",
            "informativeness": 5,
            "comprehension": 4,
            "familiarity": 3,
            "interest": 5,
            "proactiveness": 4,
            "satisfaction": 5
        }
    ]
}