{
    "dialogue_id": 221,
    "interlocutors": [
        "AT",
        "AN"
    ],
    "utterances": [
        {
            "utterance_id": 0,
            "interlocutor_id": "AT",
            "text": "Good morning, nice to meet you.",
            "timestamp": "2022-08-11T08:59:33.196000"
        },
        {
            "utterance_id": 1,
            "interlocutor_id": "AN",
            "text": "Good morning, I look forward to today!",
            "timestamp": "2022-08-11T09:00:05.637000"
        },
        {
            "utterance_id": 2,
            "interlocutor_id": "AT",
            "text": "It's hot since morning, isn't it?",
            "timestamp": "2022-08-11T09:00:15.807000"
        },
        {
            "utterance_id": 3,
            "interlocutor_id": "AN",
            "text": "Yes! It's already over 30°C.",
            "timestamp": "2022-08-11T09:00:35.053000"
        },
        {
            "utterance_id": 4,
            "interlocutor_id": "AT",
            "text": "But it feels like summer, I like summer.",
            "timestamp": "2022-08-11T09:01:12.248000"
        },
        {
            "utterance_id": 5,
            "interlocutor_id": "AN",
            "text": "You like summer! Are you okay with the heat?",
            "timestamp": "2022-08-11T09:01:31.415000"
        },
        {
            "utterance_id": 6,
            "interlocutor_id": "AT",
            "text": "I'm not very good at it, but I'm not good with the cold of winter.",
            "timestamp": "2022-08-11T09:01:52.321000"
        },
        {
            "utterance_id": 7,
            "interlocutor_id": "AN",
            "text": "I see. I'm also sensitive to cold, so I'm not good with winter cold.",
            "timestamp": "2022-08-11T09:02:21.907000"
        },
        {
            "utterance_id": 8,
            "interlocutor_id": "AT",
            "text": "It might be more accurate to say I prefer summer over winter.",
            "timestamp": "2022-08-11T09:02:56.064000"
        },
        {
            "utterance_id": 9,
            "interlocutor_id": "AN",
            "text": "I see. Have you done anything summery this year?",
            "timestamp": "2022-08-11T09:03:23.920000"
        },
        {
            "utterance_id": 10,
            "interlocutor_id": "AT",
            "text": "I only ate hiyashi chuka, I suppose.",
            "timestamp": "2022-08-11T09:03:52.587000"
        },
        {
            "utterance_id": 11,
            "interlocutor_id": "AN",
            "text": "Hiyashi chuka! Speaking of which, I haven't eaten it this year yet.",
            "timestamp": "2022-08-11T09:04:21.949000"
        },
        {
            "utterance_id": 12,
            "interlocutor_id": "AT",
            "text": "Do you eat it at least once a year?",
            "timestamp": "2022-08-11T09:04:45.758000"
        },
        {
            "utterance_id": 13,
            "interlocutor_id": "AN",
            "text": "I eat it more than once a year!",
            "timestamp": "2022-08-11T09:05:03.632000"
        },
        {
            "utterance_id": 14,
            "interlocutor_id": "AT",
            "text": "Oh, then please be sure to eat it soon!",
            "timestamp": "2022-08-11T09:05:24.219000"
        },
        {
            "utterance_id": 15,
            "interlocutor_id": "AN",
            "text": "Yes! The other day I had somen.",
            "timestamp": "2022-08-11T09:05:41.197000"
        },
        {
            "utterance_id": 16,
            "interlocutor_id": "AT",
            "text": "Indeed, somen also feels summery, I’ve eaten it a few times.",
            "timestamp": "2022-08-11T09:06:01.643000"
        },
        {
            "utterance_id": 17,
            "interlocutor_id": "AN",
            "text": "It's good since you can eat it even when you have no appetite.",
            "timestamp": "2022-08-11T09:06:19.538000"
        },
        {
            "utterance_id": 18,
            "interlocutor_id": "AT",
            "text": "And it's simple, too.",
            "timestamp": "2022-08-11T09:06:30.366000"
        },
        {
            "utterance_id": 19,
            "interlocutor_id": "AN",
            "text": "Yes. You just boil it and prepare a little side dish, right?",
            "timestamp": "2022-08-11T09:06:47.488000"
        },
        {
            "utterance_id": 20,
            "interlocutor_id": "AT",
            "text": "Do you put green onions and ginger in your dipping sauce?",
            "timestamp": "2022-08-11T09:07:15.462000"
        },
        {
            "utterance_id": 21,
            "interlocutor_id": "AN",
            "text": "Green onions and ginger are essential for me.",
            "timestamp": "2022-08-11T09:07:33.640000"
        },
        {
            "utterance_id": 22,
            "interlocutor_id": "AT",
            "text": "Those two, as expected!",
            "timestamp": "2022-08-11T09:07:48.896000"
        },
        {
            "utterance_id": 23,
            "interlocutor_id": "AN",
            "text": "That's right! Without these two, it feels lacking.",
            "timestamp": "2022-08-11T09:08:03.485000"
        },
        {
            "utterance_id": 24,
            "interlocutor_id": "AT",
            "text": "But summer is already over halfway through, it's already mid-August.",
            "timestamp": "2022-08-11T09:09:16.508000"
        },
        {
            "utterance_id": 25,
            "interlocutor_id": "AN",
            "text": "That's true. August is already approaching mid-month. It goes by so fast.",
            "timestamp": "2022-08-11T09:09:27.672000"
        },
        {
            "utterance_id": 26,
            "interlocutor_id": "AT",
            "text": "Is there anything else summery you haven't done besides hiyashi chuka?",
            "timestamp": "2022-08-11T09:09:46.787000"
        },
        {
            "utterance_id": 27,
            "interlocutor_id": "AN",
            "text": "I haven't done fireworks yet.",
            "timestamp": "2022-08-11T09:10:05.592000"
        },
        {
            "utterance_id": 28,
            "interlocutor_id": "AT",
            "text": "I haven't done them either, but we still have time, so let's make plans.",
            "timestamp": "2022-08-11T09:10:46.484000"
        },
        {
            "utterance_id": 29,
            "interlocutor_id": "AN",
            "text": "That's right! Well then, thank you for today!",
            "timestamp": "2022-08-11T09:11:02.406000"
        }
    ],
    "evaluations": [
        {
            "interlocutor_id": "AT",
            "informativeness": 4,
            "comprehension": 4,
            "familiarity": 4,
            "interest": 4,
            "proactiveness": 4,
            "satisfaction": 3
        },
        {
            "interlocutor_id": "AN",
            "informativeness": 4,
            "comprehension": 4,
            "familiarity": 5,
            "interest": 4,
            "proactiveness": 4,
            "satisfaction": 5
        }
    ]
}