{
    "dialogue_id": 223,
    "interlocutors": [
        "AT",
        "AN"
    ],
    "utterances": [
        {
            "utterance_id": 0,
            "interlocutor_id": "AT",
            "text": "Thank you very much.",
            "timestamp": "2022-08-11T09:23:11.807000"
        },
        {
            "utterance_id": 1,
            "interlocutor_id": "AN",
            "text": "Thank you!",
            "timestamp": "2022-08-11T09:23:19.338000"
        },
        {
            "utterance_id": 2,
            "interlocutor_id": "AT",
            "text": "Do you have any travel plans this month?",
            "timestamp": "2022-08-11T09:24:28.092000"
        },
        {
            "utterance_id": 3,
            "interlocutor_id": "AN",
            "text": "I don't have any travel plans this month.",
            "timestamp": "2022-08-11T09:24:40.033000"
        },
        {
            "utterance_id": 4,
            "interlocutor_id": "AT",
            "text": "Do you have any plans for next month's Silver Week?",
            "timestamp": "2022-08-11T09:25:04.530000"
        },
        {
            "utterance_id": 5,
            "interlocutor_id": "AN",
            "text": "I'm thinking of going camping in the fall.",
            "timestamp": "2022-08-11T09:25:22.726000"
        },
        {
            "utterance_id": 6,
            "interlocutor_id": "AT",
            "text": "That sounds nice, the weather might be just right for that season.",
            "timestamp": "2022-08-11T09:25:50.054000"
        },
        {
            "utterance_id": 7,
            "interlocutor_id": "AN",
            "text": "Yes. Summer camping is too hot.",
            "timestamp": "2022-08-11T09:26:03.575000"
        },
        {
            "utterance_id": 8,
            "interlocutor_id": "AT",
            "text": "It's difficult to enjoy for a long time because it's hot by the fire and drinks get warm.",
            "timestamp": "2022-08-11T09:26:42.334000"
        },
        {
            "utterance_id": 9,
            "interlocutor_id": "AN",
            "text": "That's true. Do you have any plans for Silver Week?",
            "timestamp": "2022-08-11T09:27:02.499000"
        },
        {
            "utterance_id": 10,
            "interlocutor_id": "AT",
            "text": "Not yet, I need to think about where to take my paid leave first.",
            "timestamp": "2022-08-11T09:27:32.430000"
        },
        {
            "utterance_id": 11,
            "interlocutor_id": "AN",
            "text": "I see. Is it easy to take paid leave at your workplace?",
            "timestamp": "2022-08-11T09:27:55.436000"
        },
        {
            "utterance_id": 12,
            "interlocutor_id": "AT",
            "text": "Yes, so far it doesn't feel like taking a break is out of the question!",
            "timestamp": "2022-08-11T09:28:17.554000"
        },
        {
            "utterance_id": 13,
            "interlocutor_id": "AN",
            "text": "That's good to hear. The company I used to work for made it quite hard to take paid leave.",
            "timestamp": "2022-08-11T09:28:59.118000"
        },
        {
            "utterance_id": 14,
            "interlocutor_id": "AT",
            "text": "Here, they actually plead with us to take time off. It's a good environment.",
            "timestamp": "2022-08-11T09:29:41"
        },
        {
            "utterance_id": 15,
            "interlocutor_id": "AN",
            "text": "It's a white company!",
            "timestamp": "2022-08-11T09:29:52.266000"
        },
        {
            "utterance_id": 16,
            "interlocutor_id": "AT",
            "text": "However, I often take unnecessary days off because I don't have many reasons to take a break.",
            "timestamp": "2022-08-11T09:30:23.148000"
        },
        {
            "utterance_id": 17,
            "interlocutor_id": "AN",
            "text": "I see. It feels like a day for physical recovery.",
            "timestamp": "2022-08-11T09:30:47.563000"
        },
        {
            "utterance_id": 18,
            "interlocutor_id": "AT",
            "text": "Yes, when I have plans and want to take a day off on that day, it feels like I'm using my paid leave meaningfully.",
            "timestamp": "2022-08-11T09:31:18.293000"
        },
        {
            "utterance_id": 19,
            "interlocutor_id": "AN",
            "text": "That's right. On my days off without any particular plans, I used to make them maintenance days for my body.",
            "timestamp": "2022-08-11T09:31:58.634000"
        },
        {
            "utterance_id": 20,
            "interlocutor_id": "AT",
            "text": "When I'm tired, I'll take a day off around Thursday to refresh myself.",
            "timestamp": "2022-08-11T09:32:45.525000"
        },
        {
            "utterance_id": 21,
            "interlocutor_id": "AN",
            "text": "That sounds good. Do you have days off according to the calendar at work?",
            "timestamp": "2022-08-11T09:33:24.238000"
        },
        {
            "utterance_id": 22,
            "interlocutor_id": "AT",
            "text": "Yes, so a lot of people take paid leave before and after holidays for a long weekend.",
            "timestamp": "2022-08-11T09:34:06.597000"
        },
        {
            "utterance_id": 23,
            "interlocutor_id": "AN",
            "text": "That makes a nice long holiday!",
            "timestamp": "2022-08-11T09:34:25.051000"
        },
        {
            "utterance_id": 24,
            "interlocutor_id": "AT",
            "text": "I think it's the best when going somewhere!",
            "timestamp": "2022-08-11T09:35:04.620000"
        },
        {
            "utterance_id": 25,
            "interlocutor_id": "AN",
            "text": "When you can take a long holiday, do you often go on a trip?",
            "timestamp": "2022-08-11T09:35:32.556000"
        },
        {
            "utterance_id": 26,
            "interlocutor_id": "AT",
            "text": "Since I haven't been able to plan for a trip, it feels like I'm not setting long holidays myself.",
            "timestamp": "2022-08-11T09:36:19.747000"
        },
        {
            "utterance_id": 27,
            "interlocutor_id": "AN",
            "text": "I see. There are many people during the holiday anyway.",
            "timestamp": "2022-08-11T09:36:53.144000"
        },
        {
            "utterance_id": 28,
            "interlocutor_id": "AT",
            "text": "And it also depends on whether the people I want to go with can match their schedules!",
            "timestamp": "2022-08-11T09:37:23.907000"
        },
        {
            "utterance_id": 29,
            "interlocutor_id": "AN",
            "text": "I hope your plans match up nicely. Thank you for chatting today!",
            "timestamp": "2022-08-11T09:37:45.639000"
        }
    ],
    "evaluations": [
        {
            "interlocutor_id": "AT",
            "informativeness": 3,
            "comprehension": 4,
            "familiarity": 3,
            "interest": 3,
            "proactiveness": 2,
            "satisfaction": 3
        },
        {
            "interlocutor_id": "AN",
            "informativeness": 4,
            "comprehension": 4,
            "familiarity": 5,
            "interest": 4,
            "proactiveness": 3,
            "satisfaction": 5
        }
    ]
}