{
    "dialogue_id": 228,
    "interlocutors": [
        "AT",
        "AN"
    ],
    "utterances": [
        {
            "utterance_id": 0,
            "interlocutor_id": "AT",
            "text": "Nice to meet you.",
            "timestamp": "2022-08-11T10:30:29.678000"
        },
        {
            "utterance_id": 1,
            "interlocutor_id": "AN",
            "text": "Nice to meet you too!",
            "timestamp": "2022-08-11T10:30:34.393000"
        },
        {
            "utterance_id": 2,
            "interlocutor_id": "AT",
            "text": "Do you wear a mask outside as well?",
            "timestamp": "2022-08-11T10:31:17.170000"
        },
        {
            "utterance_id": 3,
            "interlocutor_id": "AN",
            "text": "Recently, I've been taking off my mask outside.",
            "timestamp": "2022-08-11T10:31:33.642000"
        },
        {
            "utterance_id": 4,
            "interlocutor_id": "AT",
            "text": "Ah, but since the government recommends it, I think it's fine.",
            "timestamp": "2022-08-11T10:31:47.109000"
        },
        {
            "utterance_id": 5,
            "interlocutor_id": "AN",
            "text": "I feel like if I don't take it off, I'll get heat stroke.",
            "timestamp": "2022-08-11T10:32:03.471000"
        },
        {
            "utterance_id": 6,
            "interlocutor_id": "AT",
            "text": "That's true, I have been getting pimples around my mouth.",
            "timestamp": "2022-08-11T10:32:29.744000"
        },
        {
            "utterance_id": 7,
            "interlocutor_id": "AN",
            "text": "Masks do make my skin break out, don't they?",
            "timestamp": "2022-08-11T10:32:48.061000"
        },
        {
            "utterance_id": 8,
            "interlocutor_id": "AT",
            "text": "Exactly, even though the number of COVID cases is at an all-time high, the regulations aren't as strict as before.",
            "timestamp": "2022-08-11T10:33:17.456000"
        },
        {
            "utterance_id": 9,
            "interlocutor_id": "AN",
            "text": "That's right. It seems like there is a sense of resignation, as if COVID is no longer seen as a threat?",
            "timestamp": "2022-08-11T10:33:53.920000"
        },
        {
            "utterance_id": 10,
            "interlocutor_id": "AT",
            "text": "They've been talking about healthcare pressure, so it feels like there's a strong sense of giving up.",
            "timestamp": "2022-08-11T10:34:49.131000"
        },
        {
            "utterance_id": 11,
            "interlocutor_id": "AN",
            "text": "Even if they say it won't become severe, it seems quite painful to get infected.",
            "timestamp": "2022-08-11T10:35:17.941000"
        },
        {
            "utterance_id": 12,
            "interlocutor_id": "AT",
            "text": "Fever and pneumonia seem tough, and there have been deaths as well.",
            "timestamp": "2022-08-11T10:35:50.141000"
        },
        {
            "utterance_id": 13,
            "interlocutor_id": "AN",
            "text": "Fortunately, neither I nor my family have been infected yet, but someone I know who got infected said it was tough.",
            "timestamp": "2022-08-11T10:36:30.941000"
        },
        {
            "utterance_id": 14,
            "interlocutor_id": "AT",
            "text": "That's true, but even so, I can't hold back from going out.",
            "timestamp": "2022-08-11T10:37:28.869000"
        },
        {
            "utterance_id": 15,
            "interlocutor_id": "AN",
            "text": "You're right. We've already been holding back for three years!",
            "timestamp": "2022-08-11T10:37:45.859000"
        },
        {
            "utterance_id": 16,
            "interlocutor_id": "AT",
            "text": "That's true, if we keep holding back every time a new virus comes out, we'll never be able to go outside.",
            "timestamp": "2022-08-11T10:38:15.494000"
        },
        {
            "utterance_id": 17,
            "interlocutor_id": "AN",
            "text": "Indeed. It's best to be cautiously aware.",
            "timestamp": "2022-08-11T10:38:32.707000"
        },
        {
            "utterance_id": 18,
            "interlocutor_id": "AT",
            "text": "Yes, I'll take reasonable precautions, and if that doesn't work, I'll give up.",
            "timestamp": "2022-08-11T10:38:49.579000"
        },
        {
            "utterance_id": 19,
            "interlocutor_id": "AN",
            "text": "That's right. To be honest, I really don't want to get the fourth vaccine anymore.",
            "timestamp": "2022-08-11T10:39:27.130000"
        },
        {
            "utterance_id": 20,
            "interlocutor_id": "AT",
            "text": "When are you scheduled to get it next?",
            "timestamp": "2022-08-11T10:39:59.889000"
        },
        {
            "utterance_id": 21,
            "interlocutor_id": "AN",
            "text": "I got the third dose in April, so I wonder if the vaccination coupon will come in the fall?",
            "timestamp": "2022-08-11T10:40:30.210000"
        },
        {
            "utterance_id": 22,
            "interlocutor_id": "AT",
            "text": "It seems like the effectiveness of the vaccine might change a bit from October, and it should work against the current circulating virus.",
            "timestamp": "2022-08-11T10:41:06.970000"
        },
        {
            "utterance_id": 23,
            "interlocutor_id": "AN",
            "text": "It seems so. I hope the next vaccine has fewer side effects.",
            "timestamp": "2022-08-11T10:41:27.883000"
        },
        {
            "utterance_id": 24,
            "interlocutor_id": "AT",
            "text": "Do you usually suffer from side effects?",
            "timestamp": "2022-08-11T10:41:40.659000"
        },
        {
            "utterance_id": 25,
            "interlocutor_id": "AN",
            "text": "Yes, the third dose was particularly bad; I suffered from migraines and a slight fever for a month after getting it.",
            "timestamp": "2022-08-11T10:42:06.109000"
        },
        {
            "utterance_id": 26,
            "interlocutor_id": "AT",
            "text": "Experiencing that makes you not want to get vaccinated, right?",
            "timestamp": "2022-08-11T10:42:43.264000"
        },
        {
            "utterance_id": 27,
            "interlocutor_id": "AN",
            "text": "Every time, I have a fever of 40℃ for three days. I really dislike it.",
            "timestamp": "2022-08-11T10:43:11.460000"
        },
        {
            "utterance_id": 28,
            "interlocutor_id": "AT",
            "text": "That may be even tougher than getting COVID.",
            "timestamp": "2022-08-11T10:43:35.181000"
        },
        {
            "utterance_id": 29,
            "interlocutor_id": "AN",
            "text": "Right! Thank you so much for listening to me!",
            "timestamp": "2022-08-11T10:44:00.322000"
        }
    ],
    "evaluations": [
        {
            "interlocutor_id": "AT",
            "informativeness": 5,
            "comprehension": 3,
            "familiarity": 4,
            "interest": 3,
            "proactiveness": 2,
            "satisfaction": 3
        },
        {
            "interlocutor_id": "AN",
            "informativeness": 4,
            "comprehension": 4,
            "familiarity": 5,
            "interest": 4,
            "proactiveness": 3,
            "satisfaction": 5
        }
    ]
}