{
    "dialogue_id": 237,
    "interlocutors": [
        "AT",
        "AU"
    ],
    "utterances": [
        {
            "utterance_id": 0,
            "interlocutor_id": "AT",
            "text": "Hello!",
            "timestamp": "2022-08-11T14:42:39.895000"
        },
        {
            "utterance_id": 1,
            "interlocutor_id": "AU",
            "text": "Hello!",
            "timestamp": "2022-08-11T14:42:49.893000"
        },
        {
            "utterance_id": 2,
            "interlocutor_id": "AT",
            "text": "Do you have any plans to go out somewhere this month or next month?",
            "timestamp": "2022-08-11T14:43:30.769000"
        },
        {
            "utterance_id": 3,
            "interlocutor_id": "AU",
            "text": "Well, I'm quite the homebody, so I have no plans at all. Are you planning to go somewhere?",
            "timestamp": "2022-08-11T14:44:02.138000"
        },
        {
            "utterance_id": 4,
            "interlocutor_id": "AT",
            "text": "Actually, I’m the same. Do you kill time at home by watching dramas or drawing on your tablet?",
            "timestamp": "2022-08-11T14:44:39.034000"
        },
        {
            "utterance_id": 5,
            "interlocutor_id": "AU",
            "text": "Yes, that's probably the most common thing I do. Other than that, I just do housework.",
            "timestamp": "2022-08-11T14:45:06.947000"
        },
        {
            "utterance_id": 6,
            "interlocutor_id": "AT",
            "text": "By the way, how long have you been drawing on your tablet?",
            "timestamp": "2022-08-11T14:45:30.122000"
        },
        {
            "utterance_id": 7,
            "interlocutor_id": "AU",
            "text": "I just started recently. So right now I'm setting up the app environment and learning how to use it.",
            "timestamp": "2022-08-11T14:46:23.913000"
        },
        {
            "utterance_id": 8,
            "interlocutor_id": "AT",
            "text": "It looks pretty hard to draw, but I've heard that once you get used to it, you can draw very nicely.",
            "timestamp": "2022-08-11T14:47:00.860000"
        },
        {
            "utterance_id": 9,
            "interlocutor_id": "AU",
            "text": "That's right; you don't need paint, and it's easy to redo things, which is surprising.",
            "timestamp": "2022-08-11T14:47:40.647000"
        },
        {
            "utterance_id": 10,
            "interlocutor_id": "AT",
            "text": "That's true, it seems like you can draw lines neatly as well?",
            "timestamp": "2022-08-11T14:48:14.752000"
        },
        {
            "utterance_id": 11,
            "interlocutor_id": "AU",
            "text": "Exactly, I was surprised that even wobbly lines can easily become straight!",
            "timestamp": "2022-08-11T14:48:51.860000"
        },
        {
            "utterance_id": 12,
            "interlocutor_id": "AT",
            "text": "It's great that you can easily correct mistakes; you can't do that just by drawing normally.",
            "timestamp": "2022-08-11T14:49:41.648000"
        },
        {
            "utterance_id": 13,
            "interlocutor_id": "AU",
            "text": "That's right. Do you have any hobbies?",
            "timestamp": "2022-08-11T14:50:07.242000"
        },
        {
            "utterance_id": 14,
            "interlocutor_id": "AT",
            "text": "My hobby is going to drinking parties.",
            "timestamp": "2022-08-11T14:50:28.985000"
        },
        {
            "utterance_id": 15,
            "interlocutor_id": "AU",
            "text": "Drinking parties sound great! I haven't been to one at all since the COVID pandemic started.",
            "timestamp": "2022-08-11T14:50:57.369000"
        },
        {
            "utterance_id": 16,
            "interlocutor_id": "AT",
            "text": "Indeed, they have decreased, but I still participate in drinking parties about once every two weeks.",
            "timestamp": "2022-08-11T14:51:37.526000"
        },
        {
            "utterance_id": 17,
            "interlocutor_id": "AU",
            "text": "Are you strong with alcohol?",
            "timestamp": "2022-08-11T14:51:56.576000"
        },
        {
            "utterance_id": 18,
            "interlocutor_id": "AT",
            "text": "I don't think I'm weak. I like the atmosphere of drinking parties, so I often participate.",
            "timestamp": "2022-08-11T14:52:23.033000"
        },
        {
            "utterance_id": 19,
            "interlocutor_id": "AU",
            "text": "I also like the atmosphere of drinking parties. They just become fun.",
            "timestamp": "2022-08-11T14:52:49.918000"
        },
        {
            "utterance_id": 20,
            "interlocutor_id": "AT",
            "text": "Right? The conversations can be interesting, and the drinks taste great, it's the best.",
            "timestamp": "2022-08-11T14:53:16.211000"
        },
        {
            "utterance_id": 21,
            "interlocutor_id": "AU",
            "text": "I want to be able to casually have fun again. By the way, have you ever done a Zoom drinking party?",
            "timestamp": "2022-08-11T14:54:09.017000"
        },
        {
            "utterance_id": 22,
            "interlocutor_id": "AT",
            "text": "I've done it once. Have you?",
            "timestamp": "2022-08-11T14:54:32.520000"
        },
        {
            "utterance_id": 23,
            "interlocutor_id": "AU",
            "text": "I've never done it! It seems like I would get nervous.",
            "timestamp": "2022-08-11T14:54:58.067000"
        },
        {
            "utterance_id": 24,
            "interlocutor_id": "AT",
            "text": "Offline drinking parties are more fun; it's difficult to find the right timing to talk online.",
            "timestamp": "2022-08-11T14:55:36.107000"
        },
        {
            "utterance_id": 25,
            "interlocutor_id": "AU",
            "text": "I see, it definitely seems hard to time it right.",
            "timestamp": "2022-08-11T14:56:07.339000"
        },
        {
            "utterance_id": 26,
            "interlocutor_id": "AT",
            "text": "I don't like COVID, but I’ll properly take precautions and enjoy offline drinking!",
            "timestamp": "2022-08-11T14:56:43.697000"
        },
        {
            "utterance_id": 27,
            "interlocutor_id": "AU",
            "text": "That sounds good! I've become busy in the evenings because of picking up and dropping off my kids at their tutoring, so I’ll have to hold off for a while.",
            "timestamp": "2022-08-11T14:57:27.323000"
        },
        {
            "utterance_id": 28,
            "interlocutor_id": "AT",
            "text": "Balancing everything is tough; definitely do it when the kids settle down!",
            "timestamp": "2022-08-11T14:58:20.629000"
        },
        {
            "utterance_id": 29,
            "interlocutor_id": "AU",
            "text": "Yes, I’ll look forward to it until then.",
            "timestamp": "2022-08-11T14:58:33.622000"
        }
    ],
    "evaluations": [
        {
            "interlocutor_id": "AT",
            "informativeness": 4,
            "comprehension": 5,
            "familiarity": 4,
            "interest": 4,
            "proactiveness": 4,
            "satisfaction": 3
        },
        {
            "interlocutor_id": "AU",
            "informativeness": 5,
            "comprehension": 5,
            "familiarity": 5,
            "interest": 5,
            "proactiveness": 5,
            "satisfaction": 5
        }
    ]
}