{
    "dialogue_id": 231,
    "interlocutors": [
        "AT",
        "AU"
    ],
    "utterances": [
        {
            "utterance_id": 0,
            "interlocutor_id": "AT",
            "text": "Nice to meet you, thank you for your kindness.",
            "timestamp": "2022-08-11T13:00:28.028000"
        },
        {
            "utterance_id": 1,
            "interlocutor_id": "AU",
            "text": "Nice to meet you! Thank you for your kindness.",
            "timestamp": "2022-08-11T13:00:41.863000"
        },
        {
            "utterance_id": 2,
            "interlocutor_id": "AT",
            "text": "It's hot again today!",
            "timestamp": "2022-08-11T13:01:00.437000"
        },
        {
            "utterance_id": 3,
            "interlocutor_id": "AU",
            "text": "It's really hot every day and it's annoying, isn't it? Are you feeling any heat exhaustion?",
            "timestamp": "2022-08-11T13:01:25.357000"
        },
        {
            "utterance_id": 4,
            "interlocutor_id": "AT",
            "text": "So far, I'm okay; how about you?",
            "timestamp": "2022-08-11T13:01:42.593000"
        },
        {
            "utterance_id": 5,
            "interlocutor_id": "AU",
            "text": "I'm managing to stay healthy because I work in an air-conditioned room every day.",
            "timestamp": "2022-08-11T13:02:32.129000"
        },
        {
            "utterance_id": 6,
            "interlocutor_id": "AT",
            "text": "That's reassuring; I haven't used the air conditioner at home even once this year.",
            "timestamp": "2022-08-11T13:02:58.773000"
        },
        {
            "utterance_id": 7,
            "interlocutor_id": "AU",
            "text": "Really?! That's amazing! Are you strong against the heat?",
            "timestamp": "2022-08-11T13:03:31.352000"
        },
        {
            "utterance_id": 8,
            "interlocutor_id": "AT",
            "text": "I might be, I like summer.",
            "timestamp": "2022-08-11T13:03:56.563000"
        },
        {
            "utterance_id": 9,
            "interlocutor_id": "AU",
            "text": "I couldn't stand it. So, are you using a fan?",
            "timestamp": "2022-08-11T13:04:37.391000"
        },
        {
            "utterance_id": 10,
            "interlocutor_id": "AT",
            "text": "Yes, the fan is always running. It feels just right.",
            "timestamp": "2022-08-11T13:04:58.903000"
        },
        {
            "utterance_id": 11,
            "interlocutor_id": "AU",
            "text": "That helps save electricity, doesn't it? Is it not such a hot area?",
            "timestamp": "2022-08-11T13:05:38.647000"
        },
        {
            "utterance_id": 12,
            "interlocutor_id": "AT",
            "text": "No, today is also a scorching day. It looks very hot outside.",
            "timestamp": "2022-08-11T13:06:22.664000"
        },
        {
            "utterance_id": 13,
            "interlocutor_id": "AU",
            "text": "Here, the air conditioner is on 24/7, so I'm scared of the electricity bill.",
            "timestamp": "2022-08-11T13:06:48.623000"
        },
        {
            "utterance_id": 14,
            "interlocutor_id": "AT",
            "text": "The electricity bills are high this year, aren't they?",
            "timestamp": "2022-08-11T13:07:18.727000"
        },
        {
            "utterance_id": 15,
            "interlocutor_id": "AU",
            "text": "The electricity costs have really gone up. I hear prices will rise again starting in October.",
            "timestamp": "2022-08-11T13:07:50.374000"
        },
        {
            "utterance_id": 16,
            "interlocutor_id": "AT",
            "text": "I want to see some news about prices going down for a change.",
            "timestamp": "2022-08-11T13:08:25.922000"
        },
        {
            "utterance_id": 17,
            "interlocutor_id": "AU",
            "text": "That's true. It would be nice to have good news once in a while saying prices are going down.",
            "timestamp": "2022-08-11T13:09:03.776000"
        },
        {
            "utterance_id": 18,
            "interlocutor_id": "AT",
            "text": "Exactly, but just because air conditioning and other things are expensive doesn't mean we can stop using them.",
            "timestamp": "2022-08-11T13:09:49.759000"
        },
        {
            "utterance_id": 19,
            "interlocutor_id": "AU",
            "text": "That's right. If I turned off the air conditioner, I wouldn't be able to sleep even at night; I would almost go crazy.",
            "timestamp": "2022-08-11T13:10:28.859000"
        },
        {
            "utterance_id": 20,
            "interlocutor_id": "AT",
            "text": "I think once I get used to living with air conditioning, I won't be able to go back to using just a fan.",
            "timestamp": "2022-08-11T13:11:00.243000"
        },
        {
            "utterance_id": 21,
            "interlocutor_id": "AU",
            "text": "That's true; here, using a fan just makes the warm air feel hotter and not comfortable at all.",
            "timestamp": "2022-08-11T13:11:54.057000"
        },
        {
            "utterance_id": 22,
            "interlocutor_id": "AT",
            "text": "I heard that using a fan and air conditioner together can save electricity.",
            "timestamp": "2022-08-11T13:12:27.791000"
        },
        {
            "utterance_id": 23,
            "interlocutor_id": "AU",
            "text": "That seems to be the case. So we use a circulator together at home, but I don't really feel much difference.",
            "timestamp": "2022-08-11T13:13:06.303000"
        },
        {
            "utterance_id": 24,
            "interlocutor_id": "AT",
            "text": "Do you not feel any difference even if you point the circulator upwards?",
            "timestamp": "2022-08-11T13:13:56.250000"
        },
        {
            "utterance_id": 25,
            "interlocutor_id": "AU",
            "text": "I don't really feel the effect. I've heard it's good to place a frozen bottle in front of the fan.",
            "timestamp": "2022-08-11T13:14:48.158000"
        },
        {
            "utterance_id": 26,
            "interlocutor_id": "AT",
            "text": "That does seem effective, but once it melts, the floor is going to be wet.",
            "timestamp": "2022-08-11T13:16:04.321000"
        },
        {
            "utterance_id": 27,
            "interlocutor_id": "AU",
            "text": "It might be good to put it in something like a basin. It is said that evaporation can cool you down.",
            "timestamp": "2022-08-11T13:17:16.867000"
        },
        {
            "utterance_id": 28,
            "interlocutor_id": "AT",
            "text": "That alone seems effective, thank you for the useful information.",
            "timestamp": "2022-08-11T13:17:21.932000"
        },
        {
            "utterance_id": 29,
            "interlocutor_id": "AU",
            "text": "You're welcome; let's talk again.",
            "timestamp": "2022-08-11T13:17:40.536000"
        }
    ],
    "evaluations": [
        {
            "interlocutor_id": "AT",
            "informativeness": 3,
            "comprehension": 3,
            "familiarity": 4,
            "interest": 3,
            "proactiveness": 2,
            "satisfaction": 3
        },
        {
            "interlocutor_id": "AU",
            "informativeness": 5,
            "comprehension": 5,
            "familiarity": 5,
            "interest": 5,
            "proactiveness": 5,
            "satisfaction": 5
        }
    ]
}