{
    "dialogue_id": 235,
    "interlocutors": [
        "AT",
        "AU"
    ],
    "utterances": [
        {
            "utterance_id": 0,
            "interlocutor_id": "AT",
            "text": "Hello, nice to meet you.",
            "timestamp": "2022-08-11T14:07:34.472000"
        },
        {
            "utterance_id": 1,
            "interlocutor_id": "AU",
            "text": "Hello, nice to meet you.",
            "timestamp": "2022-08-11T14:07:59.802000"
        },
        {
            "utterance_id": 2,
            "interlocutor_id": "AT",
            "text": "Do you often use the internet?",
            "timestamp": "2022-08-11T14:08:26.884000"
        },
        {
            "utterance_id": 3,
            "interlocutor_id": "AU",
            "text": "Yes, I mainly use the internet a lot. Nowadays, everything is on the internet.",
            "timestamp": "2022-08-11T14:09:01.688000"
        },
        {
            "utterance_id": 4,
            "interlocutor_id": "AT",
            "text": "Right, what did you search for on the internet recently?",
            "timestamp": "2022-08-11T14:09:27.908000"
        },
        {
            "utterance_id": 5,
            "interlocutor_id": "AU",
            "text": "Recently, I've been looking into how to use my tablet for drawing. How about you?",
            "timestamp": "2022-08-11T14:10:31.238000"
        },
        {
            "utterance_id": 6,
            "interlocutor_id": "AT",
            "text": "I have a little free time, so I'm looking for a simple part-time job.",
            "timestamp": "2022-08-11T14:10:58.805000"
        },
        {
            "utterance_id": 7,
            "interlocutor_id": "AU",
            "text": "Having free time is something to be envious of. Do you think there are good part-time jobs available?",
            "timestamp": "2022-08-11T14:11:32.296000"
        },
        {
            "utterance_id": 8,
            "interlocutor_id": "AT",
            "text": "I haven't found the part-time job I want yet, but I will look into it a bit more later.",
            "timestamp": "2022-08-11T14:12:00.146000"
        },
        {
            "utterance_id": 9,
            "interlocutor_id": "AU",
            "text": "We can search for anything on the internet now, and it's become a convenient world for researching things.",
            "timestamp": "2022-08-11T14:12:36.037000"
        },
        {
            "utterance_id": 10,
            "interlocutor_id": "AT",
            "text": "That's true, in the past, we used to find part-time jobs through magazines or flyers posted in stores.",
            "timestamp": "2022-08-11T14:13:06.836000"
        },
        {
            "utterance_id": 11,
            "interlocutor_id": "AU",
            "text": "Exactly! It felt like we were buying multiple job magazines to search for jobs.",
            "timestamp": "2022-08-11T14:13:37.831000"
        },
        {
            "utterance_id": 12,
            "interlocutor_id": "AT",
            "text": "Right, and back then, we also had to buy books to learn how to draw on tablets.",
            "timestamp": "2022-08-11T14:14:21.431000"
        },
        {
            "utterance_id": 13,
            "interlocutor_id": "AU",
            "text": "That's right. The internet has quite detailed explanations, which is really helpful.",
            "timestamp": "2022-08-11T14:15:33.483000"
        },
        {
            "utterance_id": 14,
            "interlocutor_id": "AT",
            "text": "You can pinpoint exactly the information you want to look up.",
            "timestamp": "2022-08-11T14:15:48.134000"
        },
        {
            "utterance_id": 15,
            "interlocutor_id": "AU",
            "text": "Watching how-to videos is really convenient as well.",
            "timestamp": "2022-08-11T14:16:20.413000"
        },
        {
            "utterance_id": 16,
            "interlocutor_id": "AT",
            "text": "Videos are very easy to visualize, so they are very helpful.",
            "timestamp": "2022-08-11T14:16:37.744000"
        },
        {
            "utterance_id": 17,
            "interlocutor_id": "AU",
            "text": "Indeed, there's a saying that goes \"seeing is believing.\"",
            "timestamp": "2022-08-11T14:17:03.311000"
        },
        {
            "utterance_id": 18,
            "interlocutor_id": "AT",
            "text": "Even things that are hard to understand in manuals can be easily done with videos.",
            "timestamp": "2022-08-11T14:17:48.303000"
        },
        {
            "utterance_id": 19,
            "interlocutor_id": "AU",
            "text": "Exactly, there are many things that you just can't understand with just books or explanations.",
            "timestamp": "2022-08-11T14:18:22.082000"
        },
        {
            "utterance_id": 20,
            "interlocutor_id": "AT",
            "text": "Because of that, I haven't bought any books recently.",
            "timestamp": "2022-08-11T14:19:08.653000"
        },
        {
            "utterance_id": 21,
            "interlocutor_id": "AU",
            "text": "That's why the term \"book-less\" has come up. Compared to the past, there are fewer opportunities to read books.",
            "timestamp": "2022-08-11T14:19:54.095000"
        },
        {
            "utterance_id": 22,
            "interlocutor_id": "AT",
            "text": "Right, it costs money and it also makes the house messy.",
            "timestamp": "2022-08-11T14:20:37.562000"
        },
        {
            "utterance_id": 23,
            "interlocutor_id": "AU",
            "text": "E-books take up less space and are easier to carry around.",
            "timestamp": "2022-08-11T14:21:02.134000"
        },
        {
            "utterance_id": 24,
            "interlocutor_id": "AT",
            "text": "That's true, you can quickly check the page you want to see, so it's all good.",
            "timestamp": "2022-08-11T14:21:42.482000"
        },
        {
            "utterance_id": 25,
            "interlocutor_id": "AU",
            "text": "Although the world has become convenient, I feel like there is some sort of backlash somewhere.",
            "timestamp": "2022-08-11T14:22:19.561000"
        },
        {
            "utterance_id": 26,
            "interlocutor_id": "AT",
            "text": "I think there are people who feel that way. For now, I seem to be okay.",
            "timestamp": "2022-08-11T14:23:00.654000"
        },
        {
            "utterance_id": 27,
            "interlocutor_id": "AU",
            "text": "Books have their own good qualities, so maybe I will borrow a book from the library for the first time in a while.",
            "timestamp": "2022-08-11T14:23:42.819000"
        },
        {
            "utterance_id": 28,
            "interlocutor_id": "AT",
            "text": "It might feel good with the air conditioning on, thank you for the enjoyable conversation.",
            "timestamp": "2022-08-11T14:24:10.525000"
        },
        {
            "utterance_id": 29,
            "interlocutor_id": "AU",
            "text": "Yes, let's talk again!",
            "timestamp": "2022-08-11T14:24:27.345000"
        }
    ],
    "evaluations": [
        {
            "interlocutor_id": "AT",
            "informativeness": 5,
            "comprehension": 3,
            "familiarity": 3,
            "interest": 3,
            "proactiveness": 2,
            "satisfaction": 4
        },
        {
            "interlocutor_id": "AU",
            "informativeness": 5,
            "comprehension": 5,
            "familiarity": 5,
            "interest": 5,
            "proactiveness": 5,
            "satisfaction": 5
        }
    ]
}