{
    "dialogue_id": 230,
    "interlocutors": [
        "AT",
        "AN"
    ],
    "utterances": [
        {
            "utterance_id": 0,
            "interlocutor_id": "AT",
            "text": "Thank you for your kind assistance.",
            "timestamp": "2022-08-11T10:56:56.668000"
        },
        {
            "utterance_id": 1,
            "interlocutor_id": "AN",
            "text": "Thank you!",
            "timestamp": "2022-08-11T10:57:00.511000"
        },
        {
            "utterance_id": 2,
            "interlocutor_id": "AT",
            "text": "Do you like chocolate?",
            "timestamp": "2022-08-11T10:57:05.275000"
        },
        {
            "utterance_id": 3,
            "interlocutor_id": "AN",
            "text": "I love it! Do you like it?",
            "timestamp": "2022-08-11T10:57:14.702000"
        },
        {
            "utterance_id": 4,
            "interlocutor_id": "AT",
            "text": "Yes, I don't usually snack, but I occasionally eat it after lunch or dinner.",
            "timestamp": "2022-08-11T10:57:39.610000"
        },
        {
            "utterance_id": 5,
            "interlocutor_id": "AN",
            "text": "It seems that a small amount of chocolate is good for the body.",
            "timestamp": "2022-08-11T10:57:51.652000"
        },
        {
            "utterance_id": 6,
            "interlocutor_id": "AT",
            "text": "Right? Do you have a favorite type of chocolate?",
            "timestamp": "2022-08-11T10:58:03.587000"
        },
        {
            "utterance_id": 7,
            "interlocutor_id": "AN",
            "text": "I like bonbon chocolates. Also, chocolat orange and citron!",
            "timestamp": "2022-08-11T10:58:31.417000"
        },
        {
            "utterance_id": 8,
            "interlocutor_id": "AT",
            "text": "All of them are delicious; I had a snack called \"chocolate-covered\" yesterday.",
            "timestamp": "2022-08-11T10:59:07.915000"
        },
        {
            "utterance_id": 9,
            "interlocutor_id": "AN",
            "text": "Chocolate-covered! It sounds wonderful, but what kind of snack is it?",
            "timestamp": "2022-08-11T10:59:27.906000"
        },
        {
            "utterance_id": 10,
            "interlocutor_id": "AT",
            "text": "It's like a small Country Ma'am in texture, and it feels like it's coated in chocolate.",
            "timestamp": "2022-08-11T11:00:03.622000"
        },
        {
            "utterance_id": 11,
            "interlocutor_id": "AN",
            "text": "That definitely sounds delicious. Is it sold in supermarkets and such?",
            "timestamp": "2022-08-11T11:00:25.718000"
        },
        {
            "utterance_id": 12,
            "interlocutor_id": "AT",
            "text": "Yes, it's on sale, and I saw it in a commercial not long ago!",
            "timestamp": "2022-08-11T11:00:45.458000"
        },
        {
            "utterance_id": 13,
            "interlocutor_id": "AN",
            "text": "Really? I'll try to buy it when I go to the supermarket next time!",
            "timestamp": "2022-08-11T11:01:16.714000"
        },
        {
            "utterance_id": 14,
            "interlocutor_id": "AT",
            "text": "Definitely! I also had some chocolate called LOOK.",
            "timestamp": "2022-08-11T11:01:31.821000"
        },
        {
            "utterance_id": 15,
            "interlocutor_id": "AN",
            "text": "LOOK takes me back. I used to eat the ones with about four different flavors often.",
            "timestamp": "2022-08-11T11:01:54.823000"
        },
        {
            "utterance_id": 16,
            "interlocutor_id": "AT",
            "text": "Those change flavors by season, so I sometimes buy them depending on the time.",
            "timestamp": "2022-08-11T11:02:20.318000"
        },
        {
            "utterance_id": 17,
            "interlocutor_id": "AN",
            "text": "Limited edition products are somehow enticing, right?",
            "timestamp": "2022-08-11T11:02:42.484000"
        },
        {
            "utterance_id": 18,
            "interlocutor_id": "AT",
            "text": "When I think that I can only eat it at that time, I can't help but reach for it.",
            "timestamp": "2022-08-11T11:03:00.444000"
        },
        {
            "utterance_id": 19,
            "interlocutor_id": "AN",
            "text": "I understand. I'm really falling for the companies' strategies.",
            "timestamp": "2022-08-11T11:03:17.809000"
        },
        {
            "utterance_id": 20,
            "interlocutor_id": "AT",
            "text": "Indeed, if it were displayed as a permanent item, I might not eat it.",
            "timestamp": "2022-08-11T11:03:56.157000"
        },
        {
            "utterance_id": 21,
            "interlocutor_id": "AN",
            "text": "That's true. Is it really true that eating too much chocolate can cause acne?",
            "timestamp": "2022-08-11T11:04:30.945000"
        },
        {
            "utterance_id": 22,
            "interlocutor_id": "AT",
            "text": "I've heard that; I wonder how that works.",
            "timestamp": "2022-08-11T11:05:00.180000"
        },
        {
            "utterance_id": 23,
            "interlocutor_id": "AN",
            "text": "Is it because of excess fats?",
            "timestamp": "2022-08-11T11:05:24.781000"
        },
        {
            "utterance_id": 24,
            "interlocutor_id": "AT",
            "text": "I thought that too, but it seems like you have to eat a considerable amount for it to manifest.",
            "timestamp": "2022-08-11T11:05:58.344000"
        },
        {
            "utterance_id": 25,
            "interlocutor_id": "AN",
            "text": "Right? If I gobble down about three bars of chocolate at once, I might get acne.",
            "timestamp": "2022-08-11T11:06:28.774000"
        },
        {
            "utterance_id": 26,
            "interlocutor_id": "AT",
            "text": "So it means that if you don't overeat, there's no problem!",
            "timestamp": "2022-08-11T11:06:51.887000"
        },
        {
            "utterance_id": 27,
            "interlocutor_id": "AN",
            "text": "That's the point! If it's a small amount, it's all okay!",
            "timestamp": "2022-08-11T11:07:12.091000"
        },
        {
            "utterance_id": 28,
            "interlocutor_id": "AT",
            "text": "I feel a bit relieved; thank you for today.",
            "timestamp": "2022-08-11T11:07:33.911000"
        },
        {
            "utterance_id": 29,
            "interlocutor_id": "AN",
            "text": "Thank you as well; I appreciate today.",
            "timestamp": "2022-08-11T11:07:45.851000"
        }
    ],
    "evaluations": [
        {
            "interlocutor_id": "AT",
            "informativeness": 5,
            "comprehension": 3,
            "familiarity": 4,
            "interest": 4,
            "proactiveness": 3,
            "satisfaction": 3
        },
        {
            "interlocutor_id": "AN",
            "informativeness": 4,
            "comprehension": 5,
            "familiarity": 5,
            "interest": 4,
            "proactiveness": 4,
            "satisfaction": 5
        }
    ]
}