{
    "dialogue_id": 238,
    "interlocutors": [
        "AU",
        "AT"
    ],
    "utterances": [
        {
            "utterance_id": 0,
            "interlocutor_id": "AU",
            "text": "Hello, nice to meet you.",
            "timestamp": "2022-08-11T14:59:14.570000"
        },
        {
            "utterance_id": 1,
            "interlocutor_id": "AT",
            "text": "Nice to meet you.",
            "timestamp": "2022-08-11T14:59:25.718000"
        },
        {
            "utterance_id": 2,
            "interlocutor_id": "AU",
            "text": "It's hot every day, do you go to the beach or the pool?",
            "timestamp": "2022-08-11T14:59:52.356000"
        },
        {
            "utterance_id": 3,
            "interlocutor_id": "AT",
            "text": "I haven't been, but I used to go to the beach for drinking and to the pool for exercise.",
            "timestamp": "2022-08-11T15:00:35.429000"
        },
        {
            "utterance_id": 4,
            "interlocutor_id": "AU",
            "text": "The pool isn't that hot indoors, so it's good for exercise, right?",
            "timestamp": "2022-08-11T15:01:04.807000"
        },
        {
            "utterance_id": 5,
            "interlocutor_id": "AT",
            "text": "Yes, but I also want to go to a leisure pool, not just a 25m pool.",
            "timestamp": "2022-08-11T15:01:31.123000"
        },
        {
            "utterance_id": 6,
            "interlocutor_id": "AU",
            "text": "This time of year, it's probably crowded with kids on summer vacation, right?",
            "timestamp": "2022-08-11T15:01:58.248000"
        },
        {
            "utterance_id": 7,
            "interlocutor_id": "AT",
            "text": "That's right; don't kids ask you to take them out?",
            "timestamp": "2022-08-11T15:02:27.565000"
        },
        {
            "utterance_id": 8,
            "interlocutor_id": "AU",
            "text": "They're busy with club activities and hanging out with friends, so they don't ask me to take them anymore.",
            "timestamp": "2022-08-11T15:03:09.262000"
        },
        {
            "utterance_id": 9,
            "interlocutor_id": "AT",
            "text": "That's good to hear; both the beach and the asphalt must be unbearably hot.",
            "timestamp": "2022-08-11T15:03:43.532000"
        },
        {
            "utterance_id": 10,
            "interlocutor_id": "AU",
            "text": "The heat of the beach this time of year is terrible! I also want to feel it again after a long time.",
            "timestamp": "2022-08-11T15:04:33.158000"
        },
        {
            "utterance_id": 11,
            "interlocutor_id": "AT",
            "text": "It's nice to casually go if it's nearby, but I live in a landlocked prefecture, so it's like a mini trip for me.",
            "timestamp": "2022-08-11T15:05:09.649000"
        },
        {
            "utterance_id": 12,
            "interlocutor_id": "AU",
            "text": "I don't have the ocean near my home either, so I can't go easily. If it were closer, I'd probably go every day.",
            "timestamp": "2022-08-11T15:06:22.936000"
        },
        {
            "utterance_id": 13,
            "interlocutor_id": "AT",
            "text": "It also depends on whether you have someone to go with, right?",
            "timestamp": "2022-08-11T15:06:34.835000"
        },
        {
            "utterance_id": 14,
            "interlocutor_id": "AU",
            "text": "Oh, that's true. The kids probably won't want to hang out with me anymore.",
            "timestamp": "2022-08-11T15:06:48.094000"
        },
        {
            "utterance_id": 15,
            "interlocutor_id": "AT",
            "text": "Kids want to go with their friends, right?",
            "timestamp": "2022-08-11T15:07:11.649000"
        },
        {
            "utterance_id": 16,
            "interlocutor_id": "AU",
            "text": "That's right; it's sad because they're at an age where it's embarrassing to be with their parents.",
            "timestamp": "2022-08-11T15:07:38.985000"
        },
        {
            "utterance_id": 17,
            "interlocutor_id": "AT",
            "text": "It's hot, so I'm feeling like I want to dip into the pool a bit.",
            "timestamp": "2022-08-11T15:08:45.725000"
        },
        {
            "utterance_id": 18,
            "interlocutor_id": "AU",
            "text": "I feel the same way; when it's hot every day, I think about just putting my feet in.",
            "timestamp": "2022-08-11T15:09:09.173000"
        },
        {
            "utterance_id": 19,
            "interlocutor_id": "AT",
            "text": "Do you keep your showers or baths lukewarm?",
            "timestamp": "2022-08-11T15:09:25.775000"
        },
        {
            "utterance_id": 20,
            "interlocutor_id": "AU",
            "text": "My kids prefer lukewarm water, so we usually keep it that way. I personally want to take a bath that's quite hot, though.",
            "timestamp": "2022-08-11T15:10:02.005000"
        },
        {
            "utterance_id": 21,
            "interlocutor_id": "AT",
            "text": "I've heard that warming your body a bit before sleeping helps you fall asleep better.",
            "timestamp": "2022-08-11T15:10:32.396000"
        },
        {
            "utterance_id": 22,
            "interlocutor_id": "AU",
            "text": "I've heard that too. It seems that warming the body is really good.",
            "timestamp": "2022-08-11T15:11:04.495000"
        },
        {
            "utterance_id": 23,
            "interlocutor_id": "AT",
            "text": "My house's boiler is heated, and it always produces water that feels like it could burn you.",
            "timestamp": "2022-08-11T15:12:01.798000"
        },
        {
            "utterance_id": 24,
            "interlocutor_id": "AU",
            "text": "That sounds intense. You have to be careful not to get burned.",
            "timestamp": "2022-08-11T15:12:29.996000"
        },
        {
            "utterance_id": 25,
            "interlocutor_id": "AT",
            "text": "That's right, so lately I've been going to the communal bath in my apartment.",
            "timestamp": "2022-08-11T15:13:11.583000"
        },
        {
            "utterance_id": 26,
            "interlocutor_id": "AU",
            "text": "A communal bath sounds nice! A big bath must feel great.",
            "timestamp": "2022-08-11T15:13:40.683000"
        },
        {
            "utterance_id": 27,
            "interlocutor_id": "AT",
            "text": "Yes, I don't have to clean the bath, and the shower being at a comfortable temperature is the best.",
            "timestamp": "2022-08-11T15:14:14.907000"
        },
        {
            "utterance_id": 28,
            "interlocutor_id": "AU",
            "text": "That sounds great. Cleaning the bath is such a hassle, so that's really helpful!",
            "timestamp": "2022-08-11T15:14:39.624000"
        },
        {
            "utterance_id": 29,
            "interlocutor_id": "AT",
            "text": "Absolutely! See you later!",
            "timestamp": "2022-08-11T15:14:54.588000"
        }
    ],
    "evaluations": [
        {
            "interlocutor_id": "AU",
            "informativeness": 5,
            "comprehension": 5,
            "familiarity": 5,
            "interest": 5,
            "proactiveness": 5,
            "satisfaction": 5
        },
        {
            "interlocutor_id": "AT",
            "informativeness": 3,
            "comprehension": 4,
            "familiarity": 4,
            "interest": 4,
            "proactiveness": 3,
            "satisfaction": 4
        }
    ]
}