{
    "dialogue_id": 245,
    "interlocutors": [
        "AN",
        "AS"
    ],
    "utterances": [
        {
            "utterance_id": 0,
            "interlocutor_id": "AN",
            "text": "Hello.",
            "timestamp": "2022-08-08T13:58:00.470000"
        },
        {
            "utterance_id": 1,
            "interlocutor_id": "AS",
            "text": "Hello!",
            "timestamp": "2022-08-08T13:58:52.623000"
        },
        {
            "utterance_id": 2,
            "interlocutor_id": "AN",
            "text": "How is your schedule for today?",
            "timestamp": "2022-08-08T13:59:04.950000"
        },
        {
            "utterance_id": 3,
            "interlocutor_id": "AS",
            "text": "I'm planning to stay at home all day. I don't feel like going out.",
            "timestamp": "2022-08-08T13:59:30.733000"
        },
        {
            "utterance_id": 4,
            "interlocutor_id": "AN",
            "text": "It's hot, isn't it? I'm going to help my daughter practice riding her bike after this.",
            "timestamp": "2022-08-08T13:59:47.162000"
        },
        {
            "utterance_id": 5,
            "interlocutor_id": "AS",
            "text": "That sounds nice! If it's not too much trouble, how old are you?",
            "timestamp": "2022-08-08T14:00:17.300000"
        },
        {
            "utterance_id": 6,
            "interlocutor_id": "AN",
            "text": "I just turned 31. My daughter is 5. Can I ask your age as well?",
            "timestamp": "2022-08-08T14:00:44.643000"
        },
        {
            "utterance_id": 7,
            "interlocutor_id": "AS",
            "text": "I'm 20 this year!",
            "timestamp": "2022-08-08T14:01:02.834000"
        },
        {
            "utterance_id": 8,
            "interlocutor_id": "AN",
            "text": "Wow! That's great. Are you a student?",
            "timestamp": "2022-08-08T14:01:17.655000"
        },
        {
            "utterance_id": 9,
            "interlocutor_id": "AS",
            "text": "Yes! I'm a second-year student!",
            "timestamp": "2022-08-08T14:01:56.556000"
        },
        {
            "utterance_id": 10,
            "interlocutor_id": "AN",
            "text": "I see. Thank you for your hard work studying. Is it already summer vacation for you?",
            "timestamp": "2022-08-08T14:02:11.803000"
        },
        {
            "utterance_id": 11,
            "interlocutor_id": "AS",
            "text": "Yes! Last week was a test hell.",
            "timestamp": "2022-08-08T14:02:40.923000"
        },
        {
            "utterance_id": 12,
            "interlocutor_id": "AN",
            "text": "Thank you for your hard work on the tests. Do you think you'll be able to earn your credits?",
            "timestamp": "2022-08-08T14:02:58.212000"
        },
        {
            "utterance_id": 13,
            "interlocutor_id": "AS",
            "text": "Well, I can't really say. The level has clearly increased compared to last year.",
            "timestamp": "2022-08-08T14:03:40.831000"
        },
        {
            "utterance_id": 14,
            "interlocutor_id": "AN",
            "text": "Is that so? Anyway, enjoy your summer vacation!",
            "timestamp": "2022-08-08T14:04:02.176000"
        },
        {
            "utterance_id": 15,
            "interlocutor_id": "AS",
            "text": "I will! I'm planning a trip from the week after next!",
            "timestamp": "2022-08-08T14:04:45.625000"
        },
        {
            "utterance_id": 16,
            "interlocutor_id": "AN",
            "text": "That sounds nice. Where are you going?",
            "timestamp": "2022-08-08T14:04:52.915000"
        },
        {
            "utterance_id": 17,
            "interlocutor_id": "AS",
            "text": "I'm thinking of touring the top two prefectures in Shikoku.",
            "timestamp": "2022-08-08T14:05:30.143000"
        },
        {
            "utterance_id": 18,
            "interlocutor_id": "AN",
            "text": "That sounds fun! I heard that Kagawa Prefecture has delicious udon.",
            "timestamp": "2022-08-08T14:05:53.314000"
        },
        {
            "utterance_id": 19,
            "interlocutor_id": "AS",
            "text": "That's right! I'm looking forward to enjoying authentic udon!",
            "timestamp": "2022-08-08T14:06:10.273000"
        },
        {
            "utterance_id": 20,
            "interlocutor_id": "AN",
            "text": "Please eat a lot!",
            "timestamp": "2022-08-08T14:06:37.107000"
        },
        {
            "utterance_id": 21,
            "interlocutor_id": "AS",
            "text": "I will! I'm also looking forward to the aquarium and other places!",
            "timestamp": "2022-08-08T14:07:25.936000"
        },
        {
            "utterance_id": 22,
            "interlocutor_id": "AN",
            "text": "By the way, the aquarium was built not long ago, right?",
            "timestamp": "2022-08-08T14:07:39.348000"
        },
        {
            "utterance_id": 23,
            "interlocutor_id": "AS",
            "text": "Yes, it is one of the largest in Chūgoku and Shikoku!",
            "timestamp": "2022-08-08T14:08:08.720000"
        },
        {
            "utterance_id": 24,
            "interlocutor_id": "AN",
            "text": "I saw it on the news often. It looks like a wonderful aquarium. I'd like to go too.",
            "timestamp": "2022-08-08T14:08:33.485000"
        },
        {
            "utterance_id": 25,
            "interlocutor_id": "AS",
            "text": "I'm especially looking forward to feeding the animals!",
            "timestamp": "2022-08-08T14:09:34.036000"
        },
        {
            "utterance_id": 26,
            "interlocutor_id": "AN",
            "text": "You can feed them too! Please tell me what it's like when you go.",
            "timestamp": "2022-08-08T14:10:01.074000"
        },
        {
            "utterance_id": 27,
            "interlocutor_id": "AS",
            "text": "You can feed penguins and various other animals! Let's do that!",
            "timestamp": "2022-08-08T14:10:32.182000"
        },
        {
            "utterance_id": 28,
            "interlocutor_id": "AN",
            "text": "Have a great time! Well, thank you for sharing such fun stories today.",
            "timestamp": "2022-08-08T14:13:29.794000"
        },
        {
            "utterance_id": 29,
            "interlocutor_id": "AS",
            "text": "Thank you too!",
            "timestamp": "2022-08-08T14:14:20.240000"
        }
    ],
    "evaluations": [
        {
            "interlocutor_id": "AN",
            "informativeness": 5,
            "comprehension": 5,
            "familiarity": 5,
            "interest": 4,
            "proactiveness": 4,
            "satisfaction": 5
        },
        {
            "interlocutor_id": "AS",
            "informativeness": 5,
            "comprehension": 5,
            "familiarity": 5,
            "interest": 5,
            "proactiveness": 5,
            "satisfaction": 5
        }
    ]
}