{
    "dialogue_id": 242,
    "interlocutors": [
        "AS",
        "AN"
    ],
    "utterances": [
        {
            "utterance_id": 0,
            "interlocutor_id": "AS",
            "text": "Hello!",
            "timestamp": "2022-08-08T13:13:51.162000"
        },
        {
            "utterance_id": 1,
            "interlocutor_id": "AN",
            "text": "Hello!",
            "timestamp": "2022-08-08T13:13:55.837000"
        },
        {
            "utterance_id": 2,
            "interlocutor_id": "AS",
            "text": "What are your plans for dinner?",
            "timestamp": "2022-08-08T13:14:26.526000"
        },
        {
            "utterance_id": 3,
            "interlocutor_id": "AN",
            "text": "I'm thinking about it. Have you already decided on your menu?",
            "timestamp": "2022-08-08T13:14:55.568000"
        },
        {
            "utterance_id": 4,
            "interlocutor_id": "AS",
            "text": "I'm considering making tempura!",
            "timestamp": "2022-08-08T13:15:15.922000"
        },
        {
            "utterance_id": 5,
            "interlocutor_id": "AN",
            "text": "Tempura sounds great. I have beef tendon, so I'm thinking about making a stew.",
            "timestamp": "2022-08-08T13:15:33.780000"
        },
        {
            "utterance_id": 6,
            "interlocutor_id": "AS",
            "text": "That sounds good! I only know oden as a stew with beef tendon; do you have any other ideas?",
            "timestamp": "2022-08-08T13:16:33.296000"
        },
        {
            "utterance_id": 7,
            "interlocutor_id": "AN",
            "text": "My family has been saying they want to eat curry, so I might make beef tendon curry.",
            "timestamp": "2022-08-08T13:17:09.722000"
        },
        {
            "utterance_id": 8,
            "interlocutor_id": "AS",
            "text": "I see, that's a good idea. I prefer chicken!",
            "timestamp": "2022-08-08T13:17:37.412000"
        },
        {
            "utterance_id": 9,
            "interlocutor_id": "AN",
            "text": "Chicken is delicious too.",
            "timestamp": "2022-08-08T13:17:59.965000"
        },
        {
            "utterance_id": 10,
            "interlocutor_id": "AS",
            "text": "The skin gives a great flavor! But it does tend to get tough, which is a downside.",
            "timestamp": "2022-08-08T13:18:52.920000"
        },
        {
            "utterance_id": 11,
            "interlocutor_id": "AN",
            "text": "That's true, it does get tough when simmered. Should I take the chicken out after sautéing it?",
            "timestamp": "2022-08-08T13:19:37.322000"
        },
        {
            "utterance_id": 12,
            "interlocutor_id": "AS",
            "text": "That might be the case, but since it’s not for guests, I just leave it as is every time.",
            "timestamp": "2022-08-08T13:20:17.419000"
        },
        {
            "utterance_id": 13,
            "interlocutor_id": "AN",
            "text": "That’s true, as long as we can enjoy it ourselves, that’s all that matters. It is home cooking, after all.",
            "timestamp": "2022-08-08T13:20:42.607000"
        },
        {
            "utterance_id": 14,
            "interlocutor_id": "AS",
            "text": "I do have certain standards when serving guests or friends.",
            "timestamp": "2022-08-08T13:21:31.594000"
        },
        {
            "utterance_id": 15,
            "interlocutor_id": "AN",
            "text": "Do you often serve meals to guests?",
            "timestamp": "2022-08-08T13:21:47.223000"
        },
        {
            "utterance_id": 16,
            "interlocutor_id": "AS",
            "text": "No, I have few friends, so they rarely come over.",
            "timestamp": "2022-08-08T13:22:23.804000"
        },
        {
            "utterance_id": 17,
            "interlocutor_id": "AN",
            "text": "Is that so? Do you cook almost every day?",
            "timestamp": "2022-08-08T13:22:51.455000"
        },
        {
            "utterance_id": 18,
            "interlocutor_id": "AS",
            "text": "Almost every day! I hardly eat out.",
            "timestamp": "2022-08-08T13:23:08.150000"
        },
        {
            "utterance_id": 19,
            "interlocutor_id": "AN",
            "text": "Same here. I don't eat out much either.",
            "timestamp": "2022-08-08T13:23:23.382000"
        },
        {
            "utterance_id": 20,
            "interlocutor_id": "AS",
            "text": "Since before the pandemic?",
            "timestamp": "2022-08-08T13:24:04.775000"
        },
        {
            "utterance_id": 21,
            "interlocutor_id": "AN",
            "text": "Yes, since before the pandemic. We used to eat out a lot as a couple before having kids.",
            "timestamp": "2022-08-08T13:24:22.793000"
        },
        {
            "utterance_id": 22,
            "interlocutor_id": "AS",
            "text": "Taking kids along makes it a bit difficult, and the expenses are painful as well.",
            "timestamp": "2022-08-08T13:25:25.954000"
        },
        {
            "utterance_id": 23,
            "interlocutor_id": "AN",
            "text": "Exactly, dining out with kids can be exhausting. I imagine expenses will add up as they grow older.",
            "timestamp": "2022-08-08T13:26:12.443000"
        },
        {
            "utterance_id": 24,
            "interlocutor_id": "AS",
            "text": "My parents also started to scale back after the third child was born.",
            "timestamp": "2022-08-08T13:26:38.087000"
        },
        {
            "utterance_id": 25,
            "interlocutor_id": "AN",
            "text": "Is that so! My kids are 5 and 2 years old now, and things are already chaotic every day.",
            "timestamp": "2022-08-08T13:27:19.645000"
        },
        {
            "utterance_id": 26,
            "interlocutor_id": "AS",
            "text": "With a 5-year gap and two younger ones, it seems your household wasn't too chaotic.",
            "timestamp": "2022-08-08T13:27:52.625000"
        },
        {
            "utterance_id": 27,
            "interlocutor_id": "AN",
            "text": "With a 5-year gap, it sounds like the oldest and youngest are quite far apart in age.",
            "timestamp": "2022-08-08T13:28:26.128000"
        },
        {
            "utterance_id": 28,
            "interlocutor_id": "AS",
            "text": "There’s a 10-year difference!",
            "timestamp": "2022-08-08T13:28:58.573000"
        },
        {
            "utterance_id": 29,
            "interlocutor_id": "AN",
            "text": "That’s impressive! Oh, it’s almost time. Thank you for the conversation.",
            "timestamp": "2022-08-08T13:29:15.893000"
        }
    ],
    "evaluations": [
        {
            "interlocutor_id": "AS",
            "informativeness": 5,
            "comprehension": 5,
            "familiarity": 5,
            "interest": 5,
            "proactiveness": 5,
            "satisfaction": 5
        },
        {
            "interlocutor_id": "AN",
            "informativeness": 5,
            "comprehension": 4,
            "familiarity": 5,
            "interest": 4,
            "proactiveness": 5,
            "satisfaction": 5
        }
    ]
}