{
    "dialogue_id": 244,
    "interlocutors": [
        "AS",
        "AN"
    ],
    "utterances": [
        {
            "utterance_id": 0,
            "interlocutor_id": "AS",
            "text": "Hello!",
            "timestamp": "2022-08-08T13:43:55.832000"
        },
        {
            "utterance_id": 1,
            "interlocutor_id": "AN",
            "text": "Hello. It's hot today too, isn't it?",
            "timestamp": "2022-08-08T13:44:06.568000"
        },
        {
            "utterance_id": 2,
            "interlocutor_id": "AS",
            "text": "It is hot. It hasn't rained at all.",
            "timestamp": "2022-08-08T13:44:34.968000"
        },
        {
            "utterance_id": 3,
            "interlocutor_id": "AN",
            "text": "I see. Was it sunny there yesterday as well?",
            "timestamp": "2022-08-08T13:44:47.253000"
        },
        {
            "utterance_id": 4,
            "interlocutor_id": "AS",
            "text": "It was sunny yesterday too! The day before, I was caught in a sudden downpour on my way back from work.",
            "timestamp": "2022-08-08T13:45:14.881000"
        },
        {
            "utterance_id": 5,
            "interlocutor_id": "AN",
            "text": "Sudden downpours are really intense, aren't they?",
            "timestamp": "2022-08-08T13:45:28.230000"
        },
        {
            "utterance_id": 6,
            "interlocutor_id": "AS",
            "text": "The rain comes down like a waterfall. It's more painful than just getting wet.",
            "timestamp": "2022-08-08T13:46:02.896000"
        },
        {
            "utterance_id": 7,
            "interlocutor_id": "AN",
            "text": "It is painful, isn't it? Even with an umbrella, it feels like it has no use.",
            "timestamp": "2022-08-08T13:46:32.938000"
        },
        {
            "utterance_id": 8,
            "interlocutor_id": "AS",
            "text": "That's right. I've had my umbrella broken many times. It hits you with the wind too.",
            "timestamp": "2022-08-08T13:47:02.929000"
        },
        {
            "utterance_id": 9,
            "interlocutor_id": "AN",
            "text": "If the wind is strong, it's almost like the power of a typhoon, isn't it?",
            "timestamp": "2022-08-08T13:47:27.626000"
        },
        {
            "utterance_id": 10,
            "interlocutor_id": "AS",
            "text": "It's scary. On typhoon days, you definitely can't walk outside.",
            "timestamp": "2022-08-08T13:47:53.894000"
        },
        {
            "utterance_id": 11,
            "interlocutor_id": "AN",
            "text": "This year, in the area where I live, there haven't been many typhoons making landfall.",
            "timestamp": "2022-08-08T13:48:14.391000"
        },
        {
            "utterance_id": 12,
            "interlocutor_id": "AS",
            "text": "I see! My hometown is Okayama, and it was always protected by Shikoku or San'in.",
            "timestamp": "2022-08-08T13:48:58.268000"
        },
        {
            "utterance_id": 13,
            "interlocutor_id": "AN",
            "text": "Is that so? Typhoons don’t have a strong impact in Okayama, huh?",
            "timestamp": "2022-08-08T13:49:25.805000"
        },
        {
            "utterance_id": 14,
            "interlocutor_id": "AS",
            "text": "They really don't come. So, we’re vulnerable to flooding, like a few years ago.",
            "timestamp": "2022-08-08T13:49:53.379000"
        },
        {
            "utterance_id": 15,
            "interlocutor_id": "AN",
            "text": "There was a big flood in Hiroshima and Okayama, wasn’t there? Was your family home okay?",
            "timestamp": "2022-08-08T13:50:22.883000"
        },
        {
            "utterance_id": 16,
            "interlocutor_id": "AS",
            "text": "My place was fine, but the area right next to us had a really tough time. It was flooded by several meters.",
            "timestamp": "2022-08-08T13:51:05.149000"
        },
        {
            "utterance_id": 17,
            "interlocutor_id": "AN",
            "text": "Oh no, that's terrible! Once flooding occurs, the cleanup must be really tough.",
            "timestamp": "2022-08-08T13:51:24.165000"
        },
        {
            "utterance_id": 18,
            "interlocutor_id": "AS",
            "text": "Everything turns brown, and all wooden structures need to be torn down.",
            "timestamp": "2022-08-08T13:52:26.447000"
        },
        {
            "utterance_id": 19,
            "interlocutor_id": "AN",
            "text": "Do they have to be torn down? Is it because the house will rot?",
            "timestamp": "2022-08-08T13:52:45.101000"
        },
        {
            "utterance_id": 20,
            "interlocutor_id": "AS",
            "text": "The sewage mixes in with the water, so it’s not sanitary at all.",
            "timestamp": "2022-08-08T13:53:35.311000"
        },
        {
            "utterance_id": 21,
            "interlocutor_id": "AN",
            "text": "I see; I didn’t know that. It must be hard to have to demolish your house.",
            "timestamp": "2022-08-08T13:53:58.384000"
        },
        {
            "utterance_id": 22,
            "interlocutor_id": "AS",
            "text": "I went as a volunteer, and it looked really tough. I can't forget the faces when they were moving out the piano.",
            "timestamp": "2022-08-08T13:54:44.777000"
        },
        {
            "utterance_id": 23,
            "interlocutor_id": "AN",
            "text": "There's nothing as painful as natural disasters. There's nothing humans can do about it.",
            "timestamp": "2022-08-08T13:55:26.799000"
        },
        {
            "utterance_id": 24,
            "interlocutor_id": "AS",
            "text": "That's true. But now they have completely recovered and are showing a revival.",
            "timestamp": "2022-08-08T13:55:59.354000"
        },
        {
            "utterance_id": 25,
            "interlocutor_id": "AN",
            "text": "Is that so? That's great!",
            "timestamp": "2022-08-08T13:56:10.341000"
        },
        {
            "utterance_id": 26,
            "interlocutor_id": "AS",
            "text": "There are people coming from outside the prefecture to help, and it felt warm.",
            "timestamp": "2022-08-08T13:56:55.258000"
        },
        {
            "utterance_id": 27,
            "interlocutor_id": "AN",
            "text": "People are strong, aren’t they? And I want to be someone who can be kind to others too.",
            "timestamp": "2022-08-08T13:57:32.870000"
        },
        {
            "utterance_id": 28,
            "interlocutor_id": "AS",
            "text": "As long as you have the will to act, anyone can become that way! If something happens nearby, give it your best shot!",
            "timestamp": "2022-08-08T13:58:28.938000"
        },
        {
            "utterance_id": 29,
            "interlocutor_id": "AN",
            "text": "Yes. I’ll try that! Thank you for talking today.",
            "timestamp": "2022-08-08T13:58:31.541000"
        }
    ],
    "evaluations": [
        {
            "interlocutor_id": "AS",
            "informativeness": 5,
            "comprehension": 5,
            "familiarity": 5,
            "interest": 5,
            "proactiveness": 5,
            "satisfaction": 5
        },
        {
            "interlocutor_id": "AN",
            "informativeness": 4,
            "comprehension": 4,
            "familiarity": 3,
            "interest": 3,
            "proactiveness": 3,
            "satisfaction": 4
        }
    ]
}