{
    "dialogue_id": 249,
    "interlocutors": [
        "AN",
        "AC"
    ],
    "utterances": [
        {
            "utterance_id": 0,
            "interlocutor_id": "AN",
            "text": "Hello, good evening.",
            "timestamp": "2022-08-11T21:25:27.879000"
        },
        {
            "utterance_id": 1,
            "interlocutor_id": "AC",
            "text": "Yes, hello! Nice to meet you.",
            "timestamp": "2022-08-11T21:25:36.890000"
        },
        {
            "utterance_id": 2,
            "interlocutor_id": "AN",
            "text": "Nice to meet you. My husband is making smoked food in the kitchen.",
            "timestamp": "2022-08-11T21:25:50.854000"
        },
        {
            "utterance_id": 3,
            "interlocutor_id": "AC",
            "text": "Really! Can you make it in the kitchen?",
            "timestamp": "2022-08-11T21:26:04.818000"
        },
        {
            "utterance_id": 4,
            "interlocutor_id": "AN",
            "text": "Yes. He bought a dedicated smoker and is happily preparing it.",
            "timestamp": "2022-08-11T21:26:25.179000"
        },
        {
            "utterance_id": 5,
            "interlocutor_id": "AC",
            "text": "That's quite serious! Is it a big one?",
            "timestamp": "2022-08-11T21:26:37.743000"
        },
        {
            "utterance_id": 6,
            "interlocutor_id": "AN",
            "text": "It's a size that fits on the stove, so it's not that big!",
            "timestamp": "2022-08-11T21:26:54.698000"
        },
        {
            "utterance_id": 7,
            "interlocutor_id": "AC",
            "text": "Oh, it's a reasonable size! I imagined it as having a kiln in the garden.",
            "timestamp": "2022-08-11T21:27:15.202000"
        },
        {
            "utterance_id": 8,
            "interlocutor_id": "AN",
            "text": "It seems there are many small, easy-to-use ones available these days!",
            "timestamp": "2022-08-11T21:27:44.909000"
        },
        {
            "utterance_id": 9,
            "interlocutor_id": "AC",
            "text": "Then, we can try it out easily!",
            "timestamp": "2022-08-11T21:28:02.082000"
        },
        {
            "utterance_id": 10,
            "interlocutor_id": "AN",
            "text": "Yes. However, the smell is intense.",
            "timestamp": "2022-08-11T21:28:16.954000"
        },
        {
            "utterance_id": 11,
            "interlocutor_id": "AC",
            "text": "Oh! It's not a good smell?",
            "timestamp": "2022-08-11T21:28:25.122000"
        },
        {
            "utterance_id": 12,
            "interlocutor_id": "AN",
            "text": "It smells good, but the smoky aroma is filling the living room.",
            "timestamp": "2022-08-11T21:28:50.764000"
        },
        {
            "utterance_id": 13,
            "interlocutor_id": "AC",
            "text": "Oh, that sounds a bit much. I might end up smelling like smoked food too.",
            "timestamp": "2022-08-11T21:29:12.340000"
        },
        {
            "utterance_id": 14,
            "interlocutor_id": "AN",
            "text": "Yes, yes. Tomorrow, I’ll probably smell like smoked food from the curtains and such.",
            "timestamp": "2022-08-11T21:29:38.313000"
        },
        {
            "utterance_id": 15,
            "interlocutor_id": "AC",
            "text": "Ah, like the curtains after yakiniku.",
            "timestamp": "2022-08-11T21:29:50.729000"
        },
        {
            "utterance_id": 16,
            "interlocutor_id": "AN",
            "text": "Exactly that feeling.",
            "timestamp": "2022-08-11T21:29:56.962000"
        },
        {
            "utterance_id": 17,
            "interlocutor_id": "AC",
            "text": "But, I feel like smoked food smells better than yakiniku! Is it cherry wood chips or something?",
            "timestamp": "2022-08-11T21:30:15.910000"
        },
        {
            "utterance_id": 18,
            "interlocutor_id": "AN",
            "text": "Yes. Today, he said he used hickory chips. What is hickory, anyway?",
            "timestamp": "2022-08-11T21:30:40.259000"
        },
        {
            "utterance_id": 19,
            "interlocutor_id": "AC",
            "text": "I've heard of hickory, but I wouldn’t know its Japanese name!",
            "timestamp": "2022-08-11T21:31:00.015000"
        },
        {
            "utterance_id": 20,
            "interlocutor_id": "AN",
            "text": "Right? It's a mystery. I hope it turns out delicious.",
            "timestamp": "2022-08-11T21:31:18.530000"
        },
        {
            "utterance_id": 21,
            "interlocutor_id": "AC",
            "text": "I hope so too! What is he preparing?",
            "timestamp": "2022-08-11T21:31:27.466000"
        },
        {
            "utterance_id": 22,
            "interlocutor_id": "AN",
            "text": "It seems like he’s working on the classics: eggs, cheese, and nuts.",
            "timestamp": "2022-08-11T21:31:46.107000"
        },
        {
            "utterance_id": 23,
            "interlocutor_id": "AC",
            "text": "They all sound delicious! Perfect for enjoying with some drinks!",
            "timestamp": "2022-08-11T21:32:03.824000"
        },
        {
            "utterance_id": 24,
            "interlocutor_id": "AN",
            "text": "Yes. I think I might open some whiskey after this.",
            "timestamp": "2022-08-11T21:32:20.951000"
        },
        {
            "utterance_id": 25,
            "interlocutor_id": "AC",
            "text": "That sounds wonderful! You’re like some noble person!",
            "timestamp": "2022-08-11T21:32:35.589000"
        },
        {
            "utterance_id": 26,
            "interlocutor_id": "AN",
            "text": "I just heard a shout from the kitchen saying \"It’s got a nice color!\"",
            "timestamp": "2022-08-11T21:33:08.264000"
        },
        {
            "utterance_id": 27,
            "interlocutor_id": "AC",
            "text": "Ah! Let’s hurry and go see!",
            "timestamp": "2022-08-11T21:33:14.550000"
        },
        {
            "utterance_id": 28,
            "interlocutor_id": "AN",
            "text": "Yes! I’m looking forward to drink time!",
            "timestamp": "2022-08-11T21:33:28.594000"
        },
        {
            "utterance_id": 29,
            "interlocutor_id": "AC",
            "text": "Yes, enjoy! See you later!",
            "timestamp": "2022-08-11T21:33:43.554000"
        },
        {
            "utterance_id": 30,
            "interlocutor_id": "AN",
            "text": "See you later!",
            "timestamp": "2022-08-11T21:33:52.489000"
        }
    ],
    "evaluations": [
        {
            "interlocutor_id": "AN",
            "informativeness": 5,
            "comprehension": 4,
            "familiarity": 5,
            "interest": 5,
            "proactiveness": 5,
            "satisfaction": 5
        },
        {
            "interlocutor_id": "AC",
            "informativeness": 5,
            "comprehension": 5,
            "familiarity": 5,
            "interest": 5,
            "proactiveness": 5,
            "satisfaction": 5
        }
    ]
}