{
    "dialogue_id": 240,
    "interlocutors": [
        "AU",
        "AT"
    ],
    "utterances": [
        {
            "utterance_id": 0,
            "interlocutor_id": "AU",
            "text": "Hello, nice to meet you.",
            "timestamp": "2022-08-11T15:31:43.816000"
        },
        {
            "utterance_id": 1,
            "interlocutor_id": "AT",
            "text": "Nice to meet you too.",
            "timestamp": "2022-08-11T15:31:54.967000"
        },
        {
            "utterance_id": 2,
            "interlocutor_id": "AU",
            "text": "By the way, are you someone who can get up right away in the morning?",
            "timestamp": "2022-08-11T15:32:23.257000"
        },
        {
            "utterance_id": 3,
            "interlocutor_id": "AT",
            "text": "Yes, I can get up right away. How about you?",
            "timestamp": "2022-08-11T15:32:42.927000"
        },
        {
            "utterance_id": 4,
            "interlocutor_id": "AU",
            "text": "I've become able to get up recently, but I was bad at it during my school days.",
            "timestamp": "2022-08-11T15:33:12.928000"
        },
        {
            "utterance_id": 5,
            "interlocutor_id": "AT",
            "text": "I'm the same. Especially in summer, it's easier to get up.",
            "timestamp": "2022-08-11T15:34:07.785000"
        },
        {
            "utterance_id": 6,
            "interlocutor_id": "AU",
            "text": "In winter, it's cold, so I don't want to get out of bed.",
            "timestamp": "2022-08-11T15:34:32.416000"
        },
        {
            "utterance_id": 7,
            "interlocutor_id": "AT",
            "text": "That's true, I might not be able to get up in winter.",
            "timestamp": "2022-08-11T15:34:46.697000"
        },
        {
            "utterance_id": 8,
            "interlocutor_id": "AU",
            "text": "In winter, being in bed is a happy time, isn't it? I understand!",
            "timestamp": "2022-08-11T15:35:18.794000"
        },
        {
            "utterance_id": 9,
            "interlocutor_id": "AT",
            "text": "If I can get up right away in the morning, it might be because of poor sleep quality.",
            "timestamp": "2022-08-11T15:36:14.710000"
        },
        {
            "utterance_id": 10,
            "interlocutor_id": "AU",
            "text": "They say that sleep quality is important! Are you doing anything about it?",
            "timestamp": "2022-08-11T15:36:42.923000"
        },
        {
            "utterance_id": 11,
            "interlocutor_id": "AT",
            "text": "Not particularly, I think I might either take supplements or skip daytime naps.",
            "timestamp": "2022-08-11T15:37:08.309000"
        },
        {
            "utterance_id": 12,
            "interlocutor_id": "AU",
            "text": "Daytime naps feel great! I know that, but I can't stop.",
            "timestamp": "2022-08-11T15:37:33.982000"
        },
        {
            "utterance_id": 13,
            "interlocutor_id": "AT",
            "text": "That's right, it would be nice if there were so many things to do that I couldn't take a nap.",
            "timestamp": "2022-08-11T15:38:12.761000"
        },
        {
            "utterance_id": 14,
            "interlocutor_id": "AU",
            "text": "I understand that. I really think so, but I lose to the pleasure of napping.",
            "timestamp": "2022-08-11T15:39:01.309000"
        },
        {
            "utterance_id": 15,
            "interlocutor_id": "AT",
            "text": "Because of poor sleep quality, I get sleepy during the day and fall into a negative spiral.",
            "timestamp": "2022-08-11T15:39:50.990000"
        },
        {
            "utterance_id": 16,
            "interlocutor_id": "AU",
            "text": "I hear it's good to use a pillow that suits you.",
            "timestamp": "2022-08-11T15:40:14.183000"
        },
        {
            "utterance_id": 17,
            "interlocutor_id": "AT",
            "text": "It seems that custom-made ones are the best, but I'm worried about the price.",
            "timestamp": "2022-08-11T15:40:32.449000"
        },
        {
            "utterance_id": 18,
            "interlocutor_id": "AU",
            "text": "That's right, they are a bit expensive, aren't they? It's hard to reach for them.",
            "timestamp": "2022-08-11T15:40:59.020000"
        },
        {
            "utterance_id": 19,
            "interlocutor_id": "AT",
            "text": "Since it's something we use every day, I think it's okay to spend money on it, but I can't take that last step.",
            "timestamp": "2022-08-11T15:41:25.600000"
        },
        {
            "utterance_id": 20,
            "interlocutor_id": "AU",
            "text": "That's true! Sleep is important, so it would be good to spend money on such things.",
            "timestamp": "2022-08-11T15:41:53.931000"
        },
        {
            "utterance_id": 21,
            "interlocutor_id": "AT",
            "text": "First, I'll try to work on improvements that I can do without spending money.",
            "timestamp": "2022-08-11T15:42:42.411000"
        },
        {
            "utterance_id": 22,
            "interlocutor_id": "AU",
            "text": "Me too. I end up spending money on things that don't really matter, so I need to improve that.",
            "timestamp": "2022-08-11T15:43:18.026000"
        },
        {
            "utterance_id": 23,
            "interlocutor_id": "AT",
            "text": "Since prices are rising, it might be good to review where to spend money.",
            "timestamp": "2022-08-11T15:43:38.617000"
        },
        {
            "utterance_id": 24,
            "interlocutor_id": "AU",
            "text": "Yes, starting from not wasting money might be a good place to begin.",
            "timestamp": "2022-08-11T15:44:21.409000"
        },
        {
            "utterance_id": 25,
            "interlocutor_id": "AT",
            "text": "It might be nice to buy a pillow once the saved money exceeds the cost of the pillow.",
            "timestamp": "2022-08-11T15:45:01.496000"
        },
        {
            "utterance_id": 26,
            "interlocutor_id": "AU",
            "text": "That's right, let's set that as our goal and start from today! Sleep reform!",
            "timestamp": "2022-08-11T15:45:36.843000"
        },
        {
            "utterance_id": 27,
            "interlocutor_id": "AT",
            "text": "Yes, let's do our best not to give in to various temptations for that.",
            "timestamp": "2022-08-11T15:45:57.414000"
        },
        {
            "utterance_id": 28,
            "interlocutor_id": "AU",
            "text": "Let's report back to each other. I'm looking forward to it!",
            "timestamp": "2022-08-11T15:46:18.533000"
        },
        {
            "utterance_id": 29,
            "interlocutor_id": "AT",
            "text": "Thank you for today!",
            "timestamp": "2022-08-11T15:46:36.204000"
        }
    ],
    "evaluations": [
        {
            "interlocutor_id": "AU",
            "informativeness": 5,
            "comprehension": 5,
            "familiarity": 5,
            "interest": 5,
            "proactiveness": 5,
            "satisfaction": 5
        },
        {
            "interlocutor_id": "AT",
            "informativeness": 5,
            "comprehension": 3,
            "familiarity": 3,
            "interest": 3,
            "proactiveness": 3,
            "satisfaction": 4
        }
    ]
}