{
    "dialogue_id": 247,
    "interlocutors": [
        "AN",
        "AC"
    ],
    "utterances": [
        {
            "utterance_id": 0,
            "interlocutor_id": "AN",
            "text": "Good evening!",
            "timestamp": "2022-08-11T21:06:53.871000"
        },
        {
            "utterance_id": 1,
            "interlocutor_id": "AC",
            "text": "Hello! Good evening!",
            "timestamp": "2022-08-11T21:07:08.747000"
        },
        {
            "utterance_id": 2,
            "interlocutor_id": "AN",
            "text": "The other day, I went blueberry picking!",
            "timestamp": "2022-08-11T21:07:18.911000"
        },
        {
            "utterance_id": 3,
            "interlocutor_id": "AC",
            "text": "I didn't know you could do that with blueberries.",
            "timestamp": "2022-08-11T21:07:37.831000"
        },
        {
            "utterance_id": 4,
            "interlocutor_id": "AN",
            "text": "Yes, it was my first time picking blueberries in my life.",
            "timestamp": "2022-08-11T21:07:54.345000"
        },
        {
            "utterance_id": 5,
            "interlocutor_id": "AC",
            "text": "Do you eat them with something like strawberries?",
            "timestamp": "2022-08-11T21:08:19.988000"
        },
        {
            "utterance_id": 6,
            "interlocutor_id": "AN",
            "text": "I ate them straight without anything!",
            "timestamp": "2022-08-11T21:08:37.243000"
        },
        {
            "utterance_id": 7,
            "interlocutor_id": "AC",
            "text": "Really! I feel like I'd use both hands, alternating between left and right to bring them to my mouth.",
            "timestamp": "2022-08-11T21:08:52.282000"
        },
        {
            "utterance_id": 8,
            "interlocutor_id": "AN",
            "text": "Children were eating just like that!",
            "timestamp": "2022-08-11T21:09:06.039000"
        },
        {
            "utterance_id": 9,
            "interlocutor_id": "AC",
            "text": "Right? That’s how it would be! But it wouldn't be enough to fill you up, would it?",
            "timestamp": "2022-08-11T21:09:23.797000"
        },
        {
            "utterance_id": 10,
            "interlocutor_id": "AN",
            "text": "Yes, I ate a basket full, but I felt like I could eat more.",
            "timestamp": "2022-08-11T21:09:40.641000"
        },
        {
            "utterance_id": 11,
            "interlocutor_id": "AC",
            "text": "Sounds delicious! Are blueberry bushes large?",
            "timestamp": "2022-08-11T21:10:03.431000"
        },
        {
            "utterance_id": 12,
            "interlocutor_id": "AN",
            "text": "They were about adult height, so they weren't that big.",
            "timestamp": "2022-08-11T21:10:20.427000"
        },
        {
            "utterance_id": 13,
            "interlocutor_id": "AC",
            "text": "Oh, they're not that big! You don’t usually see blueberries growing on trees, do you?",
            "timestamp": "2022-08-11T21:10:36.515000"
        },
        {
            "utterance_id": 14,
            "interlocutor_id": "AN",
            "text": "Sometimes you can find potted ones at large flower shops.",
            "timestamp": "2022-08-11T21:10:57.801000"
        },
        {
            "utterance_id": 15,
            "interlocutor_id": "AC",
            "text": "Really? Can you grow them in a home garden then?",
            "timestamp": "2022-08-11T21:11:13.543000"
        },
        {
            "utterance_id": 16,
            "interlocutor_id": "AN",
            "text": "It seems possible. The farmer said if you work on protecting them from birds and insects, you can manage!",
            "timestamp": "2022-08-11T21:11:38.284000"
        },
        {
            "utterance_id": 17,
            "interlocutor_id": "AC",
            "text": "Oh, if it's that easy, I definitely want to try!",
            "timestamp": "2022-08-11T21:11:49.685000"
        },
        {
            "utterance_id": 18,
            "interlocutor_id": "AN",
            "text": "There seem to be various types, so it looks like fun to grow them.",
            "timestamp": "2022-08-11T21:12:02.634000"
        },
        {
            "utterance_id": 19,
            "interlocutor_id": "AC",
            "text": "Wow! How many varieties are there?",
            "timestamp": "2022-08-11T21:12:15.429000"
        },
        {
            "utterance_id": 20,
            "interlocutor_id": "AN",
            "text": "The farm I went to for blueberry picking had over ten varieties available.",
            "timestamp": "2022-08-11T21:12:47.125000"
        },
        {
            "utterance_id": 21,
            "interlocutor_id": "AC",
            "text": "There are that many! I'd like one with big fruit if I was to grow them.",
            "timestamp": "2022-08-11T21:12:55.321000"
        },
        {
            "utterance_id": 22,
            "interlocutor_id": "AN",
            "text": "There are various kinds, including ones with large fruit and small ones with thin skin.",
            "timestamp": "2022-08-11T21:13:19.758000"
        },
        {
            "utterance_id": 23,
            "interlocutor_id": "AC",
            "text": "Oh, so there are ones with thin skin! I was wondering about that while eating.",
            "timestamp": "2022-08-11T21:13:39.319000"
        },
        {
            "utterance_id": 24,
            "interlocutor_id": "AN",
            "text": "Sometimes the skin sticks to your tongue, doesn't it?",
            "timestamp": "2022-08-11T21:14:00.036000"
        },
        {
            "utterance_id": 25,
            "interlocutor_id": "AC",
            "text": "It does, it does! I was thinking, \"Should I peel this?\" while eating.",
            "timestamp": "2022-08-11T21:14:15.126000"
        },
        {
            "utterance_id": 26,
            "interlocutor_id": "AN",
            "text": "If you peel it, there won't be anything left to eat!",
            "timestamp": "2022-08-11T21:14:58.085000"
        },
        {
            "utterance_id": 27,
            "interlocutor_id": "AC",
            "text": "Haha! That's true!",
            "timestamp": "2022-08-11T21:15:13.967000"
        },
        {
            "utterance_id": 28,
            "interlocutor_id": "AN",
            "text": "Thank you for listening to all this talk about blueberries.",
            "timestamp": "2022-08-11T21:15:41.050000"
        },
        {
            "utterance_id": 29,
            "interlocutor_id": "AC",
            "text": "No, thank you! I'll check if there's any picking nearby too!",
            "timestamp": "2022-08-11T21:15:56.707000"
        }
    ],
    "evaluations": [
        {
            "interlocutor_id": "AN",
            "informativeness": 5,
            "comprehension": 5,
            "familiarity": 5,
            "interest": 5,
            "proactiveness": 5,
            "satisfaction": 5
        },
        {
            "interlocutor_id": "AC",
            "informativeness": 5,
            "comprehension": 5,
            "familiarity": 5,
            "interest": 4,
            "proactiveness": 3,
            "satisfaction": 4
        }
    ]
}