{
    "dialogue_id": 254,
    "interlocutors": [
        "AC",
        "AN"
    ],
    "utterances": [
        {
            "utterance_id": 0,
            "interlocutor_id": "AC",
            "text": "Good evening!",
            "timestamp": "2022-08-11T22:10:49.347000"
        },
        {
            "utterance_id": 1,
            "interlocutor_id": "AN",
            "text": "Good evening!",
            "timestamp": "2022-08-11T22:10:54.360000"
        },
        {
            "utterance_id": 2,
            "interlocutor_id": "AC",
            "text": "Recently, is there something you bought that you found really good?",
            "timestamp": "2022-08-11T22:11:11.191000"
        },
        {
            "utterance_id": 3,
            "interlocutor_id": "AN",
            "text": "I bought a Staub pot, and it was really great!",
            "timestamp": "2022-08-11T22:11:32.247000"
        },
        {
            "utterance_id": 4,
            "interlocutor_id": "AC",
            "text": "Ah, the famous pot! It's the really heavy one, right?",
            "timestamp": "2022-08-11T22:11:49.652000"
        },
        {
            "utterance_id": 5,
            "interlocutor_id": "AN",
            "text": "Yes, it's that really heavy pot!",
            "timestamp": "2022-08-11T22:12:05.609000"
        },
        {
            "utterance_id": 6,
            "interlocutor_id": "AC",
            "text": "Yeah, I know! I often looked at it with a thrill because of its rugged look.",
            "timestamp": "2022-08-11T22:12:29.187000"
        },
        {
            "utterance_id": 7,
            "interlocutor_id": "AN",
            "text": "I splurged a bit to buy it!",
            "timestamp": "2022-08-11T22:12:49.839000"
        },
        {
            "utterance_id": 8,
            "interlocutor_id": "AC",
            "text": "Yay! What did you make first?",
            "timestamp": "2022-08-11T22:13:07.957000"
        },
        {
            "utterance_id": 9,
            "interlocutor_id": "AN",
            "text": "I made a chunky pork potage!",
            "timestamp": "2022-08-11T22:13:26.852000"
        },
        {
            "utterance_id": 10,
            "interlocutor_id": "AC",
            "text": "Potage! Sounds great, it already looks delicious from the image.",
            "timestamp": "2022-08-11T22:13:41.225000"
        },
        {
            "utterance_id": 11,
            "interlocutor_id": "AN",
            "text": "The meat was tender and the vegetables were sweet, it turned out perfectly!",
            "timestamp": "2022-08-11T22:14:03.986000"
        },
        {
            "utterance_id": 12,
            "interlocutor_id": "AC",
            "text": "Wow! It sounds like a pressure cooker.",
            "timestamp": "2022-08-11T22:14:12.891000"
        },
        {
            "utterance_id": 13,
            "interlocutor_id": "AN",
            "text": "Yes, I also own a pressure cooker, but the meat turned out more tender than in the pressure cooker!",
            "timestamp": "2022-08-11T22:14:40.131000"
        },
        {
            "utterance_id": 14,
            "interlocutor_id": "AC",
            "text": "That's amazing! Does it take quite a while to simmer?",
            "timestamp": "2022-08-11T22:14:56.547000"
        },
        {
            "utterance_id": 15,
            "interlocutor_id": "AN",
            "text": "Surprisingly, it was only about an hour simmering.",
            "timestamp": "2022-08-11T22:15:18.480000"
        },
        {
            "utterance_id": 16,
            "interlocutor_id": "AC",
            "text": "Ah, that's shorter than I thought! I imagined it would take half a day to prepare.",
            "timestamp": "2022-08-11T22:15:40.757000"
        },
        {
            "utterance_id": 17,
            "interlocutor_id": "AN",
            "text": "Not at all! If you just turn on the heat and leave it alone, it gets done!",
            "timestamp": "2022-08-11T22:16:04.691000"
        },
        {
            "utterance_id": 18,
            "interlocutor_id": "AC",
            "text": "Being able to leave it alone is the best, right? It might be good to use it on the stove in winter.",
            "timestamp": "2022-08-11T22:16:21.861000"
        },
        {
            "utterance_id": 19,
            "interlocutor_id": "AN",
            "text": "That sounds nice. Do you have a stove?",
            "timestamp": "2022-08-11T22:16:40.952000"
        },
        {
            "utterance_id": 20,
            "interlocutor_id": "AC",
            "text": "Yes! I have an Aladdin kerosene stove.",
            "timestamp": "2022-08-11T22:16:52.818000"
        },
        {
            "utterance_id": 21,
            "interlocutor_id": "AN",
            "text": "That sounds great. I'm envious!",
            "timestamp": "2022-08-11T22:17:09.510000"
        },
        {
            "utterance_id": 22,
            "interlocutor_id": "AC",
            "text": "Hehe, I'm a bit proud of it! It's really good, so I recommend it!",
            "timestamp": "2022-08-11T22:17:23.486000"
        },
        {
            "utterance_id": 23,
            "interlocutor_id": "AN",
            "text": "In the area where I live, it doesn't really get that cold in winter.",
            "timestamp": "2022-08-11T22:18:01.997000"
        },
        {
            "utterance_id": 24,
            "interlocutor_id": "AC",
            "text": "Is that so? I'm envious of that! It seems like the Staub will be more active in winter.",
            "timestamp": "2022-08-11T22:18:28.152000"
        },
        {
            "utterance_id": 25,
            "interlocutor_id": "AN",
            "text": "Yes! I'm looking forward to trying out many more dishes.",
            "timestamp": "2022-08-11T22:18:51.927000"
        },
        {
            "utterance_id": 26,
            "interlocutor_id": "AC",
            "text": "Um, can I ask what you plan to do next?",
            "timestamp": "2022-08-11T22:19:11.353000"
        },
        {
            "utterance_id": 27,
            "interlocutor_id": "AN",
            "text": "I heard you can bake bread in a Staub, so I plan to try that next!",
            "timestamp": "2022-08-11T22:19:31.444000"
        },
        {
            "utterance_id": 28,
            "interlocutor_id": "AC",
            "text": "It's so versatile! Now I want one too!",
            "timestamp": "2022-08-11T22:19:47.715000"
        },
        {
            "utterance_id": 29,
            "interlocutor_id": "AN",
            "text": "Definitely, I recommend it! Let's talk again soon!",
            "timestamp": "2022-08-11T22:20:07.706000"
        }
    ],
    "evaluations": [
        {
            "interlocutor_id": "AC",
            "informativeness": 5,
            "comprehension": 5,
            "familiarity": 5,
            "interest": 5,
            "proactiveness": 5,
            "satisfaction": 4
        },
        {
            "interlocutor_id": "AN",
            "informativeness": 5,
            "comprehension": 5,
            "familiarity": 5,
            "interest": 5,
            "proactiveness": 5,
            "satisfaction": 5
        }
    ]
}