{
    "dialogue_id": 252,
    "interlocutors": [
        "AC",
        "AN"
    ],
    "utterances": [
        {
            "utterance_id": 0,
            "interlocutor_id": "AC",
            "text": "Good evening! Nice to meet you!",
            "timestamp": "2022-08-11T21:52:30.749000"
        },
        {
            "utterance_id": 1,
            "interlocutor_id": "AN",
            "text": "Good evening, nice to meet you too!",
            "timestamp": "2022-08-11T21:52:37.688000"
        },
        {
            "utterance_id": 2,
            "interlocutor_id": "AC",
            "text": "Do you often cook?",
            "timestamp": "2022-08-11T21:52:48.238000"
        },
        {
            "utterance_id": 3,
            "interlocutor_id": "AN",
            "text": "Yes. I love cooking, so I do it every day.",
            "timestamp": "2022-08-11T21:53:00.836000"
        },
        {
            "utterance_id": 4,
            "interlocutor_id": "AC",
            "text": "You like it! Do you have a specialty in Japanese, Western, or Chinese cuisine?",
            "timestamp": "2022-08-11T21:53:22.161000"
        },
        {
            "utterance_id": 5,
            "interlocutor_id": "AN",
            "text": "I guess I'm good at Japanese and Chinese food.",
            "timestamp": "2022-08-11T21:53:47.836000"
        },
        {
            "utterance_id": 6,
            "interlocutor_id": "AC",
            "text": "I think it's amazing that you're good at Chinese! I'm not good at it.",
            "timestamp": "2022-08-11T21:54:10.662000"
        },
        {
            "utterance_id": 7,
            "interlocutor_id": "AN",
            "text": "It uses a lot of seasonings, so it can be a bit tedious.",
            "timestamp": "2022-08-11T21:54:40.273000"
        },
        {
            "utterance_id": 8,
            "interlocutor_id": "AC",
            "text": "Exactly, that's what I was just about to say! I can't tell which flavor comes from which seasoning.",
            "timestamp": "2022-08-11T21:55:06.112000"
        },
        {
            "utterance_id": 9,
            "interlocutor_id": "AN",
            "text": "I see. Do you cook every day?",
            "timestamp": "2022-08-11T21:55:46.745000"
        },
        {
            "utterance_id": 10,
            "interlocutor_id": "AC",
            "text": "I try to! After all, I'm a housewife!",
            "timestamp": "2022-08-11T21:56:00.033000"
        },
        {
            "utterance_id": 11,
            "interlocutor_id": "AN",
            "text": "We're the same. What are you good at in Japanese, Western, or Chinese cuisine?",
            "timestamp": "2022-08-11T21:56:20.421000"
        },
        {
            "utterance_id": 12,
            "interlocutor_id": "AC",
            "text": "I'm mainly good at Japanese food.",
            "timestamp": "2022-08-11T21:56:31.617000"
        },
        {
            "utterance_id": 13,
            "interlocutor_id": "AN",
            "text": "Is that so? Was tonight's menu also Japanese food?",
            "timestamp": "2022-08-11T21:56:50.980000"
        },
        {
            "utterance_id": 14,
            "interlocutor_id": "AC",
            "text": "Yes. Tonight I made ginger pork!",
            "timestamp": "2022-08-11T21:57:07.924000"
        },
        {
            "utterance_id": 15,
            "interlocutor_id": "AN",
            "text": "That sounds delicious! We had marinated mackerel tonight!",
            "timestamp": "2022-08-11T21:57:26.798000"
        },
        {
            "utterance_id": 16,
            "interlocutor_id": "AC",
            "text": "Wow, I love that! It feels like summer.",
            "timestamp": "2022-08-11T21:57:37.760000"
        },
        {
            "utterance_id": 17,
            "interlocutor_id": "AN",
            "text": "I crave sour and spicy things, right?",
            "timestamp": "2022-08-11T21:57:54.468000"
        },
        {
            "utterance_id": 18,
            "interlocutor_id": "AC",
            "text": "Yes, I do! Is the mackerel fried whole, or is it opened up?",
            "timestamp": "2022-08-11T21:58:11.429000"
        },
        {
            "utterance_id": 19,
            "interlocutor_id": "AN",
            "text": "Today I used small mackerel, so I fried them whole!",
            "timestamp": "2022-08-11T21:58:34.488000"
        },
        {
            "utterance_id": 20,
            "interlocutor_id": "AC",
            "text": "That’s great, so full of calcium!",
            "timestamp": "2022-08-11T21:58:45.988000"
        },
        {
            "utterance_id": 21,
            "interlocutor_id": "AN",
            "text": "It's nice that you can eat the bones too.",
            "timestamp": "2022-08-11T21:58:58.555000"
        },
        {
            "utterance_id": 22,
            "interlocutor_id": "AC",
            "text": "Yes, and they taste even better the next day.",
            "timestamp": "2022-08-11T21:59:15.658000"
        },
        {
            "utterance_id": 23,
            "interlocutor_id": "AN",
            "text": "I aimed for that, so I made a lot today! I'm looking forward to tomorrow.",
            "timestamp": "2022-08-11T21:59:35.076000"
        },
        {
            "utterance_id": 24,
            "interlocutor_id": "AC",
            "text": "I'm jealous. If we were neighbors, I would go steal some of your leftovers!",
            "timestamp": "2022-08-11T21:59:54.835000"
        },
        {
            "utterance_id": 25,
            "interlocutor_id": "AN",
            "text": "I want to share! I love cooking, but I'm small in appetite, so I can't keep up with consumption.",
            "timestamp": "2022-08-11T22:00:25.971000"
        },
        {
            "utterance_id": 26,
            "interlocutor_id": "AC",
            "text": "Really? I want to be the one who eats!",
            "timestamp": "2022-08-11T22:00:48.417000"
        },
        {
            "utterance_id": 27,
            "interlocutor_id": "AN",
            "text": "I'd definitely like that!",
            "timestamp": "2022-08-11T22:00:56.990000"
        },
        {
            "utterance_id": 28,
            "interlocutor_id": "AC",
            "text": "Next time, please teach me the recipe for marinated mackerel! Well then.",
            "timestamp": "2022-08-11T22:01:22.054000"
        },
        {
            "utterance_id": 29,
            "interlocutor_id": "AN",
            "text": "Leave it to me. See you again!",
            "timestamp": "2022-08-11T22:01:36.473000"
        }
    ],
    "evaluations": [
        {
            "interlocutor_id": "AC",
            "informativeness": 5,
            "comprehension": 5,
            "familiarity": 5,
            "interest": 4,
            "proactiveness": 4,
            "satisfaction": 5
        },
        {
            "interlocutor_id": "AN",
            "informativeness": 5,
            "comprehension": 5,
            "familiarity": 5,
            "interest": 5,
            "proactiveness": 5,
            "satisfaction": 4
        }
    ]
}