{
    "dialogue_id": 255,
    "interlocutors": [
        "AN",
        "AC"
    ],
    "utterances": [
        {
            "utterance_id": 0,
            "interlocutor_id": "AN",
            "text": "Good evening!",
            "timestamp": "2022-08-11T22:20:18.275000"
        },
        {
            "utterance_id": 1,
            "interlocutor_id": "AC",
            "text": "Good evening!",
            "timestamp": "2022-08-11T22:20:27.141000"
        },
        {
            "utterance_id": 2,
            "interlocutor_id": "AN",
            "text": "It's a bit cool here tonight!",
            "timestamp": "2022-08-11T22:20:39.879000"
        },
        {
            "utterance_id": 3,
            "interlocutor_id": "AC",
            "text": "It's nice when the temperature drops at night, isn't it?",
            "timestamp": "2022-08-11T22:20:55.008000"
        },
        {
            "utterance_id": 4,
            "interlocutor_id": "AN",
            "text": "Yes. Somehow it makes me feel sentimental that summer is coming to an end.",
            "timestamp": "2022-08-11T22:21:23.438000"
        },
        {
            "utterance_id": 5,
            "interlocutor_id": "AC",
            "text": "Sentimental?! Do you like summer?",
            "timestamp": "2022-08-11T22:21:41.038000"
        },
        {
            "utterance_id": 6,
            "interlocutor_id": "AN",
            "text": "Hmm, I wouldn't say I like it that much.",
            "timestamp": "2022-08-11T22:22:03.160000"
        },
        {
            "utterance_id": 7,
            "interlocutor_id": "AC",
            "text": "Oh, but doesn't it feel a bit sad that it's coming to an end?",
            "timestamp": "2022-08-11T22:22:17.076000"
        },
        {
            "utterance_id": 8,
            "interlocutor_id": "AN",
            "text": "Something like that. When summer ends, I feel like the end of the year is also approaching.",
            "timestamp": "2022-08-11T22:22:48.528000"
        },
        {
            "utterance_id": 9,
            "interlocutor_id": "AC",
            "text": "I completely understand that! Once autumn comes, it really flies by, doesn't it?",
            "timestamp": "2022-08-11T22:23:07.224000"
        },
        {
            "utterance_id": 10,
            "interlocutor_id": "AN",
            "text": "It does. The time from autumn to the end of the year passes too quickly, doesn't it?",
            "timestamp": "2022-08-11T22:23:32.176000"
        },
        {
            "utterance_id": 11,
            "interlocutor_id": "AC",
            "text": "I really think so. I wonder why?",
            "timestamp": "2022-08-11T22:23:50.145000"
        },
        {
            "utterance_id": 12,
            "interlocutor_id": "AN",
            "text": "Maybe it's because there are so many things to do?",
            "timestamp": "2022-08-11T22:24:10.723000"
        },
        {
            "utterance_id": 13,
            "interlocutor_id": "AC",
            "text": "That’s true. Things I've put off until later suddenly pile up at the end of the year.",
            "timestamp": "2022-08-11T22:24:35.059000"
        },
        {
            "utterance_id": 14,
            "interlocutor_id": "AN",
            "text": "That happens! It's the end of the year, so I feel like I have to get things done!",
            "timestamp": "2022-08-11T22:25:02.776000"
        },
        {
            "utterance_id": 15,
            "interlocutor_id": "AC",
            "text": "Exactly, the accumulation of the year's issues!",
            "timestamp": "2022-08-11T22:25:15.032000"
        },
        {
            "utterance_id": 16,
            "interlocutor_id": "AN",
            "text": "It would be better to do things little by little.",
            "timestamp": "2022-08-11T22:25:30.021000"
        },
        {
            "utterance_id": 17,
            "interlocutor_id": "AC",
            "text": "Hmm, like summer vacation homework!",
            "timestamp": "2022-08-11T22:25:38.814000"
        },
        {
            "utterance_id": 18,
            "interlocutor_id": "AN",
            "text": "Were you the type to steadily do your summer homework?",
            "timestamp": "2022-08-11T22:25:57.237000"
        },
        {
            "utterance_id": 19,
            "interlocutor_id": "AC",
            "text": "Wait, are you really asking? Huh?",
            "timestamp": "2022-08-11T22:26:06.528000"
        },
        {
            "utterance_id": 20,
            "interlocutor_id": "AN",
            "text": "I’m definitely asking!",
            "timestamp": "2022-08-11T22:26:27.429000"
        },
        {
            "utterance_id": 21,
            "interlocutor_id": "AC",
            "text": "In the first half, I do okay, even I try my best.",
            "timestamp": "2022-08-11T22:26:45.883000"
        },
        {
            "utterance_id": 22,
            "interlocutor_id": "AN",
            "text": "Uh-huh, and in the second half?",
            "timestamp": "2022-08-11T22:26:58.867000"
        },
        {
            "utterance_id": 23,
            "interlocutor_id": "AC",
            "text": "After doing about half, I think, \"Oh, that's enough,\" and just leave it alone.",
            "timestamp": "2022-08-11T22:27:17.153000"
        },
        {
            "utterance_id": 24,
            "interlocutor_id": "AN",
            "text": "Ah, that's exactly like me!",
            "timestamp": "2022-08-11T22:27:30.449000"
        },
        {
            "utterance_id": 25,
            "interlocutor_id": "AC",
            "text": "Yes! It’s encouraging to know there’s a companion!",
            "timestamp": "2022-08-11T22:27:44.623000"
        },
        {
            "utterance_id": 26,
            "interlocutor_id": "AN",
            "text": "Finding a comrade and feeling relieved is not good!",
            "timestamp": "2022-08-11T22:28:07.933000"
        },
        {
            "utterance_id": 27,
            "interlocutor_id": "AC",
            "text": "No good, no good! This year, I’ll try hard while it's still comfortable in autumn! Probably, surely.",
            "timestamp": "2022-08-11T22:28:42.286000"
        },
        {
            "utterance_id": 28,
            "interlocutor_id": "AN",
            "text": "Let’s work hard little by little towards the end of the year!",
            "timestamp": "2022-08-11T22:29:08.097000"
        },
        {
            "utterance_id": 29,
            "interlocutor_id": "AC",
            "text": "Yes! Well, little by little!",
            "timestamp": "2022-08-11T22:29:20.526000"
        },
        {
            "utterance_id": 30,
            "interlocutor_id": "AN",
            "text": "Well then, let’s talk again! Thank you for today.",
            "timestamp": "2022-08-11T22:29:37.959000"
        }
    ],
    "evaluations": [
        {
            "interlocutor_id": "AN",
            "informativeness": 5,
            "comprehension": 4,
            "familiarity": 5,
            "interest": 5,
            "proactiveness": 4,
            "satisfaction": 5
        },
        {
            "interlocutor_id": "AC",
            "informativeness": 5,
            "comprehension": 5,
            "familiarity": 5,
            "interest": 5,
            "proactiveness": 5,
            "satisfaction": 5
        }
    ]
}