{
    "dialogue_id": 257,
    "interlocutors": [
        "AW",
        "AV"
    ],
    "utterances": [
        {
            "utterance_id": 0,
            "interlocutor_id": "AW",
            "text": "Good evening. Nice to meet you.",
            "timestamp": "2022-08-09T21:08:35.970000"
        },
        {
            "utterance_id": 1,
            "interlocutor_id": "AV",
            "text": "Nice to meet you too!",
            "timestamp": "2022-08-09T21:08:45.862000"
        },
        {
            "utterance_id": 2,
            "interlocutor_id": "AW",
            "text": "It was hot again today.",
            "timestamp": "2022-08-09T21:09:09.893000"
        },
        {
            "utterance_id": 3,
            "interlocutor_id": "AV",
            "text": "Truly, it’s hot every day. Commuting is tough.",
            "timestamp": "2022-08-09T21:09:28.551000"
        },
        {
            "utterance_id": 4,
            "interlocutor_id": "AW",
            "text": "Do you commute every day?",
            "timestamp": "2022-08-09T21:10:09.195000"
        },
        {
            "utterance_id": 5,
            "interlocutor_id": "AV",
            "text": "Yes, that’s right. I juggle two part-time jobs, working three days a week for each, so I’m almost there every day.",
            "timestamp": "2022-08-09T21:10:33.861000"
        },
        {
            "utterance_id": 6,
            "interlocutor_id": "AW",
            "text": "That’s impressive! Isn’t it tough?",
            "timestamp": "2022-08-09T21:11:18.013000"
        },
        {
            "utterance_id": 7,
            "interlocutor_id": "AV",
            "text": "It feels tough when my kids are on long breaks, but suddenly it becomes boring once school starts.",
            "timestamp": "2022-08-09T21:11:47.614000"
        },
        {
            "utterance_id": 8,
            "interlocutor_id": "AW",
            "text": "It's definitely nice if there’s school lunch regularly.",
            "timestamp": "2022-08-09T21:13:51.259000"
        },
        {
            "utterance_id": 9,
            "interlocutor_id": "AV",
            "text": "Are you working?",
            "timestamp": "2022-08-09T21:14:15.758000"
        },
        {
            "utterance_id": 10,
            "interlocutor_id": "AW",
            "text": "Yes, I work from home three days a week, so it might be relatively easy.",
            "timestamp": "2022-08-09T21:14:47.967000"
        },
        {
            "utterance_id": 11,
            "interlocutor_id": "AV",
            "text": "Did you switch to remote work because of COVID?",
            "timestamp": "2022-08-09T21:15:03.084000"
        },
        {
            "utterance_id": 12,
            "interlocutor_id": "AW",
            "text": "Yes, it seems I will continue to work from home even after COVID settles down.",
            "timestamp": "2022-08-09T21:16:04.070000"
        },
        {
            "utterance_id": 13,
            "interlocutor_id": "AV",
            "text": "That’s great! Just eliminating the commute allows for better use of time.",
            "timestamp": "2022-08-09T21:15:58.746000"
        },
        {
            "utterance_id": 14,
            "interlocutor_id": "AW",
            "text": "Exactly, it’s much easier. I would prefer working from home every day.",
            "timestamp": "2022-08-09T21:16:43.833000"
        },
        {
            "utterance_id": 15,
            "interlocutor_id": "AV",
            "text": "However, I guess the joy of having a drink after work has diminished?",
            "timestamp": "2022-08-09T21:17:07.408000"
        },
        {
            "utterance_id": 16,
            "interlocutor_id": "AW",
            "text": "Drinking parties have indeed decreased. Or rather, they've almost disappeared.",
            "timestamp": "2022-08-09T21:17:55.370000"
        },
        {
            "utterance_id": 17,
            "interlocutor_id": "AV",
            "text": "I thought drinking parties might have revived since there are no more restrictions lately.",
            "timestamp": "2022-08-09T21:18:27.934000"
        },
        {
            "utterance_id": 18,
            "interlocutor_id": "AW",
            "text": "On days I go to the office, there tends to be overtime, so that might be the reason.",
            "timestamp": "2022-08-09T21:19:19.435000"
        },
        {
            "utterance_id": 19,
            "interlocutor_id": "AV",
            "text": "You have a busy job, don’t you?",
            "timestamp": "2022-08-09T21:19:32.481000"
        },
        {
            "utterance_id": 20,
            "interlocutor_id": "AW",
            "text": "Do you have absolutely no overtime?",
            "timestamp": "2022-08-09T21:19:58.865000"
        },
        {
            "utterance_id": 21,
            "interlocutor_id": "AV",
            "text": "Since I'm part-time, I basically have no overtime.",
            "timestamp": "2022-08-09T21:20:13.796000"
        },
        {
            "utterance_id": 22,
            "interlocutor_id": "AW",
            "text": "That's nice, I envy you.",
            "timestamp": "2022-08-09T21:21:15.326000"
        },
        {
            "utterance_id": 23,
            "interlocutor_id": "AV",
            "text": "But if you do overtime, don't you get paid for it?",
            "timestamp": "2022-08-09T21:21:32.297000"
        },
        {
            "utterance_id": 24,
            "interlocutor_id": "AW",
            "text": "Overtime is included as presumed overtime in my monthly salary, so I don't get extra pay even if I work overtime.",
            "timestamp": "2022-08-09T21:22:22.243000"
        },
        {
            "utterance_id": 25,
            "interlocutor_id": "AV",
            "text": "That’s tough!",
            "timestamp": "2022-08-09T21:22:31.373000"
        },
        {
            "utterance_id": 26,
            "interlocutor_id": "AW",
            "text": "So I feel like I've lost out for the amount of overtime I did!",
            "timestamp": "2022-08-09T21:22:51.794000"
        },
        {
            "utterance_id": 27,
            "interlocutor_id": "AV",
            "text": "That's true! I want to finish work as soon as possible and go home.",
            "timestamp": "2022-08-09T21:23:09.214000"
        },
        {
            "utterance_id": 28,
            "interlocutor_id": "AW",
            "text": "Yes, I’m doing my best to get home as early as I can!",
            "timestamp": "2022-08-09T21:23:48.614000"
        },
        {
            "utterance_id": 29,
            "interlocutor_id": "AV",
            "text": "Let’s both do our best at work!",
            "timestamp": "2022-08-09T21:24:01.643000"
        }
    ],
    "evaluations": [
        {
            "interlocutor_id": "AW",
            "informativeness": 4,
            "comprehension": 4,
            "familiarity": 4,
            "interest": 4,
            "proactiveness": 4,
            "satisfaction": 4
        },
        {
            "interlocutor_id": "AV",
            "informativeness": 3,
            "comprehension": 3,
            "familiarity": 5,
            "interest": 3,
            "proactiveness": 3,
            "satisfaction": 3
        }
    ]
}