{
    "dialogue_id": 250,
    "interlocutors": [
        "AC",
        "AN"
    ],
    "utterances": [
        {
            "utterance_id": 0,
            "interlocutor_id": "AC",
            "text": "Good evening!",
            "timestamp": "2022-08-11T21:34:02.734000"
        },
        {
            "utterance_id": 1,
            "interlocutor_id": "AN",
            "text": "Good evening!",
            "timestamp": "2022-08-11T21:34:11.789000"
        },
        {
            "utterance_id": 2,
            "interlocutor_id": "AC",
            "text": "Do you have any daily routines?",
            "timestamp": "2022-08-11T21:34:26.855000"
        },
        {
            "utterance_id": 3,
            "interlocutor_id": "AN",
            "text": "I've been doing stretches recently.",
            "timestamp": "2022-08-11T21:34:36.992000"
        },
        {
            "utterance_id": 4,
            "interlocutor_id": "AC",
            "text": "That's amazing! Are you naturally flexible?",
            "timestamp": "2022-08-11T21:34:51.756000"
        },
        {
            "utterance_id": 5,
            "interlocutor_id": "AN",
            "text": "Unfortunately, I'm very stiff.",
            "timestamp": "2022-08-11T21:35:08.361000"
        },
        {
            "utterance_id": 6,
            "interlocutor_id": "AC",
            "text": "Oh dear. Haven't you been stretching for long?",
            "timestamp": "2022-08-11T21:35:21.156000"
        },
        {
            "utterance_id": 7,
            "interlocutor_id": "AN",
            "text": "It's been about two months, but I was extremely stiff to begin with.",
            "timestamp": "2022-08-11T21:35:51.659000"
        },
        {
            "utterance_id": 8,
            "interlocutor_id": "AC",
            "text": "Really? You can't even touch the floor with your hands during a forward bend?",
            "timestamp": "2022-08-11T21:36:06.700000"
        },
        {
            "utterance_id": 9,
            "interlocutor_id": "AN",
            "text": "I can finally just about touch with my fingertips. It's crazy, right?",
            "timestamp": "2022-08-11T21:36:28.499000"
        },
        {
            "utterance_id": 10,
            "interlocutor_id": "AC",
            "text": "If you can touch, that's fine! Up to a certain point, it's like a trick.",
            "timestamp": "2022-08-11T21:36:51.024000"
        },
        {
            "utterance_id": 11,
            "interlocutor_id": "AN",
            "text": "Is that so? I'll keep trying until I'm a bit more flexible.",
            "timestamp": "2022-08-11T21:37:12.808000"
        },
        {
            "utterance_id": 12,
            "interlocutor_id": "AC",
            "text": "Yes! Consistency is strength!",
            "timestamp": "2022-08-11T21:37:23.355000"
        },
        {
            "utterance_id": 13,
            "interlocutor_id": "AN",
            "text": "Yes! Do you have any daily routines?",
            "timestamp": "2022-08-11T21:37:43.734000"
        },
        {
            "utterance_id": 14,
            "interlocutor_id": "AC",
            "text": "I'd like to say I'm exercising too, but not at all lately.",
            "timestamp": "2022-08-11T21:38:02.579000"
        },
        {
            "utterance_id": 15,
            "interlocutor_id": "AN",
            "text": "Is that so? What kind of exercise were you doing?",
            "timestamp": "2022-08-11T21:38:18.603000"
        },
        {
            "utterance_id": 16,
            "interlocutor_id": "AC",
            "text": "I used to go to the gym.",
            "timestamp": "2022-08-11T21:38:31.801000"
        },
        {
            "utterance_id": 17,
            "interlocutor_id": "AN",
            "text": "The gym, huh? I thought it would be difficult for someone lazy like me to go regularly.",
            "timestamp": "2022-08-11T21:38:59.367000"
        },
        {
            "utterance_id": 18,
            "interlocutor_id": "AC",
            "text": "Exactly, and that's why I don't go anymore either.",
            "timestamp": "2022-08-11T21:39:16.669000"
        },
        {
            "utterance_id": 19,
            "interlocutor_id": "AN",
            "text": "That makes sense. It's hot outside now as well.",
            "timestamp": "2022-08-11T21:39:33.188000"
        },
        {
            "utterance_id": 20,
            "interlocutor_id": "AC",
            "text": "Yes. But they say it's cooler inside the gym.",
            "timestamp": "2022-08-11T21:39:50.995000"
        },
        {
            "utterance_id": 21,
            "interlocutor_id": "AN",
            "text": "Really? Is it because of the air conditioning?",
            "timestamp": "2022-08-11T21:40:15.253000"
        },
        {
            "utterance_id": 22,
            "interlocutor_id": "AC",
            "text": "Yes! It's comfortable. After exercising and sweating, you can take a quick shower too!",
            "timestamp": "2022-08-11T21:40:36.102000"
        },
        {
            "utterance_id": 23,
            "interlocutor_id": "AN",
            "text": "Wow! I see. I want to try going to the gym.",
            "timestamp": "2022-08-11T21:40:52.486000"
        },
        {
            "utterance_id": 24,
            "interlocutor_id": "AC",
            "text": "If there are affordable places run by the city or ward, it would be easier to go!",
            "timestamp": "2022-08-11T21:41:17.345000"
        },
        {
            "utterance_id": 25,
            "interlocutor_id": "AN",
            "text": "Oh, there might be one near my house!",
            "timestamp": "2022-08-11T21:41:32.932000"
        },
        {
            "utterance_id": 26,
            "interlocutor_id": "AC",
            "text": "Really?! You should definitely check it out!",
            "timestamp": "2022-08-11T21:41:42.367000"
        },
        {
            "utterance_id": 27,
            "interlocutor_id": "AN",
            "text": "I think it might be attached to the community pool.",
            "timestamp": "2022-08-11T21:41:53.311000"
        },
        {
            "utterance_id": 28,
            "interlocutor_id": "AC",
            "text": "Oh! You should go check it out at least once! A good day is any day you decide to start!",
            "timestamp": "2022-08-11T21:42:10.248000"
        },
        {
            "utterance_id": 29,
            "interlocutor_id": "AN",
            "text": "Alright, I'll take a look! Let's talk again later.",
            "timestamp": "2022-08-11T21:42:29.773000"
        },
        {
            "utterance_id": 30,
            "interlocutor_id": "AC",
            "text": "Yes! See you then!",
            "timestamp": "2022-08-11T21:42:45.985000"
        }
    ],
    "evaluations": [
        {
            "interlocutor_id": "AC",
            "informativeness": 5,
            "comprehension": 5,
            "familiarity": 5,
            "interest": 5,
            "proactiveness": 5,
            "satisfaction": 5
        },
        {
            "interlocutor_id": "AN",
            "informativeness": 5,
            "comprehension": 5,
            "familiarity": 5,
            "interest": 5,
            "proactiveness": 3,
            "satisfaction": 5
        }
    ]
}