{
    "dialogue_id": 253,
    "interlocutors": [
        "AN",
        "AC"
    ],
    "utterances": [
        {
            "utterance_id": 0,
            "interlocutor_id": "AN",
            "text": "Hello, good evening!",
            "timestamp": "2022-08-11T22:01:47.837000"
        },
        {
            "utterance_id": 1,
            "interlocutor_id": "AC",
            "text": "Good evening!",
            "timestamp": "2022-08-11T22:01:53.818000"
        },
        {
            "utterance_id": 2,
            "interlocutor_id": "AN",
            "text": "It's already completely nighttime.",
            "timestamp": "2022-08-11T22:02:03.241000"
        },
        {
            "utterance_id": 3,
            "interlocutor_id": "AC",
            "text": "Yes, it is. I'm a night owl, so my eyes are wide open from now on.",
            "timestamp": "2022-08-11T22:02:21.963000"
        },
        {
            "utterance_id": 4,
            "interlocutor_id": "AN",
            "text": "Is that so? What time do you usually stay up until?",
            "timestamp": "2022-08-11T22:02:39.608000"
        },
        {
            "utterance_id": 5,
            "interlocutor_id": "AC",
            "text": "Oh, I'm sorry. Recently, I've been losing to my age, and 3 AM is my limit.",
            "timestamp": "2022-08-11T22:02:59.236000"
        },
        {
            "utterance_id": 6,
            "interlocutor_id": "AN",
            "text": "Even 3 AM is impressive!",
            "timestamp": "2022-08-11T22:03:09.911000"
        },
        {
            "utterance_id": 7,
            "interlocutor_id": "AC",
            "text": "Are you usually someone who goes to bed early at night?",
            "timestamp": "2022-08-11T22:03:21.373000"
        },
        {
            "utterance_id": 8,
            "interlocutor_id": "AN",
            "text": "I usually fall asleep around midnight.",
            "timestamp": "2022-08-11T22:03:43.364000"
        },
        {
            "utterance_id": 9,
            "interlocutor_id": "AC",
            "text": "That's healthy, and that's the best! If you go to bed early, you can get up early in the morning too, right?",
            "timestamp": "2022-08-11T22:04:11.681000"
        },
        {
            "utterance_id": 10,
            "interlocutor_id": "AN",
            "text": "That's true. My child wakes me up at 6 AM every day.",
            "timestamp": "2022-08-11T22:04:41.089000"
        },
        {
            "utterance_id": 11,
            "interlocutor_id": "AC",
            "text": "Wow, that's a time I could never handle!",
            "timestamp": "2022-08-11T22:04:50.662000"
        },
        {
            "utterance_id": 12,
            "interlocutor_id": "AN",
            "text": "So, I have to go to bed by midnight, or my body can't take it.",
            "timestamp": "2022-08-11T22:05:06.940000"
        },
        {
            "utterance_id": 13,
            "interlocutor_id": "AC",
            "text": "Six hours of sleep, huh? I’m the type that wants to sleep for eight hours.",
            "timestamp": "2022-08-11T22:05:22.417000"
        },
        {
            "utterance_id": 14,
            "interlocutor_id": "AN",
            "text": "I understand. If no one wakes me up, I can easily sleep for 12 hours.",
            "timestamp": "2022-08-11T22:05:46.595000"
        },
        {
            "utterance_id": 15,
            "interlocutor_id": "AC",
            "text": "Twelve hours is incredible! You don’t wake up at all during that?",
            "timestamp": "2022-08-11T22:05:59.588000"
        },
        {
            "utterance_id": 16,
            "interlocutor_id": "AN",
            "text": "Not at all.",
            "timestamp": "2022-08-11T22:06:12.203000"
        },
        {
            "utterance_id": 17,
            "interlocutor_id": "AC",
            "text": "You must have so many dreams during that time.",
            "timestamp": "2022-08-11T22:06:24.500000"
        },
        {
            "utterance_id": 18,
            "interlocutor_id": "AN",
            "text": "Actually, I sleep so deeply that I don’t have many dreams.",
            "timestamp": "2022-08-11T22:06:41.693000"
        },
        {
            "utterance_id": 19,
            "interlocutor_id": "AC",
            "text": "Really? To be able to sleep long and deeply is the best.",
            "timestamp": "2022-08-11T22:06:58.928000"
        },
        {
            "utterance_id": 20,
            "interlocutor_id": "AN",
            "text": "Right? That's one of my points of pride.",
            "timestamp": "2022-08-11T22:07:16.422000"
        },
        {
            "utterance_id": 21,
            "interlocutor_id": "AC",
            "text": "They say that if you get quality sleep, aging slows down too.",
            "timestamp": "2022-08-11T22:07:37.172000"
        },
        {
            "utterance_id": 22,
            "interlocutor_id": "AN",
            "text": "Is that so? I didn’t know that. I’ll keep getting good sleep from now on!",
            "timestamp": "2022-08-11T22:07:54.560000"
        },
        {
            "utterance_id": 23,
            "interlocutor_id": "AC",
            "text": "Yes! It's the secret to staying youthful and living long!",
            "timestamp": "2022-08-11T22:08:07.077000"
        },
        {
            "utterance_id": 24,
            "interlocutor_id": "AN",
            "text": "That's great. What time do you usually get up?",
            "timestamp": "2022-08-11T22:08:40.639000"
        },
        {
            "utterance_id": 25,
            "interlocutor_id": "AC",
            "text": "I reluctantly get up around 7:30 AM, and after doing some housework, I go back to sleep.",
            "timestamp": "2022-08-11T22:09:02.233000"
        },
        {
            "utterance_id": 26,
            "interlocutor_id": "AN",
            "text": "I see! Is that different from a nap?",
            "timestamp": "2022-08-11T22:09:27.148000"
        },
        {
            "utterance_id": 27,
            "interlocutor_id": "AC",
            "text": "It can also be called a long nap.",
            "timestamp": "2022-08-11T22:09:46.014000"
        },
        {
            "utterance_id": 28,
            "interlocutor_id": "AN",
            "text": "A long nap! That's a nice expression. Well then, let’s both do our best tomorrow.",
            "timestamp": "2022-08-11T22:10:08.387000"
        },
        {
            "utterance_id": 29,
            "interlocutor_id": "AC",
            "text": "Yes! I think I'll try to sleep and wake up a little earlier too.",
            "timestamp": "2022-08-11T22:10:28.776000"
        },
        {
            "utterance_id": 30,
            "interlocutor_id": "AN",
            "text": "Good luck!",
            "timestamp": "2022-08-11T22:10:42.048000"
        }
    ],
    "evaluations": [
        {
            "interlocutor_id": "AN",
            "informativeness": 5,
            "comprehension": 5,
            "familiarity": 5,
            "interest": 5,
            "proactiveness": 4,
            "satisfaction": 5
        },
        {
            "interlocutor_id": "AC",
            "informativeness": 5,
            "comprehension": 5,
            "familiarity": 5,
            "interest": 4,
            "proactiveness": 3,
            "satisfaction": 4
        }
    ]
}