{
    "dialogue_id": 251,
    "interlocutors": [
        "AN",
        "AC"
    ],
    "utterances": [
        {
            "utterance_id": 0,
            "interlocutor_id": "AN",
            "text": "Good evening!",
            "timestamp": "2022-08-11T21:42:42.867000"
        },
        {
            "utterance_id": 1,
            "interlocutor_id": "AC",
            "text": "Thank you, good evening!",
            "timestamp": "2022-08-11T21:42:57.509000"
        },
        {
            "utterance_id": 2,
            "interlocutor_id": "AN",
            "text": "What have you been doing today?",
            "timestamp": "2022-08-11T21:43:18.453000"
        },
        {
            "utterance_id": 3,
            "interlocutor_id": "AC",
            "text": "Today I did laundry and also cleaned the toilet thoroughly!",
            "timestamp": "2022-08-11T21:43:39.408000"
        },
        {
            "utterance_id": 4,
            "interlocutor_id": "AN",
            "text": "That's impressive! On a nice day like today, cleaning and doing laundry is really worth it, isn't it?",
            "timestamp": "2022-08-11T21:43:58.438000"
        },
        {
            "utterance_id": 5,
            "interlocutor_id": "AC",
            "text": "It is! I was sweating a lot though!",
            "timestamp": "2022-08-11T21:44:10.642000"
        },
        {
            "utterance_id": 6,
            "interlocutor_id": "AN",
            "text": "I understand. You get all sweaty, right?",
            "timestamp": "2022-08-11T21:44:29.018000"
        },
        {
            "utterance_id": 7,
            "interlocutor_id": "AC",
            "text": "I actually wanted to clean the floor as well, but it was impossible!",
            "timestamp": "2022-08-11T21:44:46.340000"
        },
        {
            "utterance_id": 8,
            "interlocutor_id": "AN",
            "text": "I see. I have to mop the floor every day because my child makes a mess.",
            "timestamp": "2022-08-11T21:45:16.641000"
        },
        {
            "utterance_id": 9,
            "interlocutor_id": "AC",
            "text": "Impressive! Mopping the floor takes a surprising amount of energy, doesn't it?",
            "timestamp": "2022-08-11T21:45:29.802000"
        },
        {
            "utterance_id": 10,
            "interlocutor_id": "AN",
            "text": "It does! I've realized that using a cloth to wipe the floor suits me the best after all.",
            "timestamp": "2022-08-11T21:45:59.572000"
        },
        {
            "utterance_id": 11,
            "interlocutor_id": "AC",
            "text": "Really? You don't rely on a Quickle?",
            "timestamp": "2022-08-11T21:46:11.722000"
        },
        {
            "utterance_id": 12,
            "interlocutor_id": "AN",
            "text": "Quickle doesn't clean up food spills well.",
            "timestamp": "2022-08-11T21:46:33.921000"
        },
        {
            "utterance_id": 13,
            "interlocutor_id": "AC",
            "text": "Oh, now that you mention it, that's true. It just moves the larger trash around, doesn't it?",
            "timestamp": "2022-08-11T21:46:56.749000"
        },
        {
            "utterance_id": 14,
            "interlocutor_id": "AN",
            "text": "Also, isn't it difficult to throw away the collected garbage with a Quickle?",
            "timestamp": "2022-08-11T21:47:22.897000"
        },
        {
            "utterance_id": 15,
            "interlocutor_id": "AC",
            "text": "Yes! I get out the vacuum cleaner and suck it up.",
            "timestamp": "2022-08-11T21:47:38.514000"
        },
        {
            "utterance_id": 16,
            "interlocutor_id": "AN",
            "text": "I feel like it's double the work.",
            "timestamp": "2022-08-11T21:48:01.349000"
        },
        {
            "utterance_id": 17,
            "interlocutor_id": "AC",
            "text": "That’s true. Even when using a Quickle, it still feels sticky.",
            "timestamp": "2022-08-11T21:48:15.142000"
        },
        {
            "utterance_id": 18,
            "interlocutor_id": "AN",
            "text": "So, I've settled on the basic method of mopping with a cloth.",
            "timestamp": "2022-08-11T21:48:36.592000"
        },
        {
            "utterance_id": 19,
            "interlocutor_id": "AC",
            "text": "It’s definitely reliable! But doesn't your arm get super tired?",
            "timestamp": "2022-08-11T21:48:59.177000"
        },
        {
            "utterance_id": 20,
            "interlocutor_id": "AN",
            "text": "Recently, I think my arms have gotten stronger, so it's been fine!",
            "timestamp": "2022-08-11T21:49:18.539000"
        },
        {
            "utterance_id": 21,
            "interlocutor_id": "AC",
            "text": "Ah, I see. If you think of it as combining cleaning and exercise.",
            "timestamp": "2022-08-11T21:49:33.914000"
        },
        {
            "utterance_id": 22,
            "interlocutor_id": "AN",
            "text": "Certainly, it could be considered training by now.",
            "timestamp": "2022-08-11T21:49:49.294000"
        },
        {
            "utterance_id": 23,
            "interlocutor_id": "AC",
            "text": "Yes! It’s like doing push-ups, isn't it?",
            "timestamp": "2022-08-11T21:50:01.101000"
        },
        {
            "utterance_id": 24,
            "interlocutor_id": "AN",
            "text": "So, you might have gained a bit of muscle in your arms!",
            "timestamp": "2022-08-11T21:50:15.783000"
        },
        {
            "utterance_id": 25,
            "interlocutor_id": "AC",
            "text": "Muscular! Do you think I could get rid of the flabbiness in my upper arms?",
            "timestamp": "2022-08-11T21:50:41.161000"
        },
        {
            "utterance_id": 26,
            "interlocutor_id": "AN",
            "text": "I think you could! Since it’s quite a full-body workout, it might be effective for all your body fat?",
            "timestamp": "2022-08-11T21:51:06.470000"
        },
        {
            "utterance_id": 27,
            "interlocutor_id": "AC",
            "text": "Really! I'm starting to feel motivated to give it a try!",
            "timestamp": "2022-08-11T21:51:28.191000"
        },
        {
            "utterance_id": 28,
            "interlocutor_id": "AN",
            "text": "Being able to clean and get a workout at the same time is like killing two birds with one stone.",
            "timestamp": "2022-08-11T21:51:53.187000"
        },
        {
            "utterance_id": 29,
            "interlocutor_id": "AC",
            "text": "Hearing you say that makes me want to do it even more! I’ll challenge myself starting tomorrow! See you then!",
            "timestamp": "2022-08-11T21:52:10.055000"
        },
        {
            "utterance_id": 30,
            "interlocutor_id": "AN",
            "text": "See you!",
            "timestamp": "2022-08-11T21:52:21.864000"
        }
    ],
    "evaluations": [
        {
            "interlocutor_id": "AN",
            "informativeness": 5,
            "comprehension": 4,
            "familiarity": 5,
            "interest": 5,
            "proactiveness": 4,
            "satisfaction": 5
        },
        {
            "interlocutor_id": "AC",
            "informativeness": 5,
            "comprehension": 5,
            "familiarity": 5,
            "interest": 4,
            "proactiveness": 4,
            "satisfaction": 4
        }
    ]
}