{
    "dialogue_id": 264,
    "interlocutors": [
        "AV",
        "AW"
    ],
    "utterances": [
        {
            "utterance_id": 0,
            "interlocutor_id": "AV",
            "text": "Good evening!",
            "timestamp": "2022-08-09T23:02:15.530000"
        },
        {
            "utterance_id": 1,
            "interlocutor_id": "AW",
            "text": "Good evening",
            "timestamp": "2022-08-09T23:02:22.376000"
        },
        {
            "utterance_id": 2,
            "interlocutor_id": "AV",
            "text": "If you had a time machine, would you want to go to the future or the past?",
            "timestamp": "2022-08-09T23:02:58.781000"
        },
        {
            "utterance_id": 3,
            "interlocutor_id": "AW",
            "text": "I want to go to the future! I'll check the lottery winning numbers.",
            "timestamp": "2022-08-09T23:03:25.668000"
        },
        {
            "utterance_id": 4,
            "interlocutor_id": "AV",
            "text": "Haha! That's realistic!",
            "timestamp": "2022-08-09T23:04:14.140000"
        },
        {
            "utterance_id": 5,
            "interlocutor_id": "AW",
            "text": "I feel like I don't particularly need to go back to the past.",
            "timestamp": "2022-08-09T23:04:23.310000"
        },
        {
            "utterance_id": 6,
            "interlocutor_id": "AV",
            "text": "Does that mean you have no regrets about the past?",
            "timestamp": "2022-08-09T23:04:35.980000"
        },
        {
            "utterance_id": 7,
            "interlocutor_id": "AW",
            "text": "That's right, I might have a personality that doesn't regret much.",
            "timestamp": "2022-08-09T23:04:52.451000"
        },
        {
            "utterance_id": 8,
            "interlocutor_id": "AV",
            "text": "That's a wonderful way of thinking! I have nothing but regrets.",
            "timestamp": "2022-08-09T23:05:12.979000"
        },
        {
            "utterance_id": 9,
            "interlocutor_id": "AW",
            "text": "Is that so? So you would be someone who wants to go back to the past.",
            "timestamp": "2022-08-09T23:05:33.753000"
        },
        {
            "utterance_id": 10,
            "interlocutor_id": "AV",
            "text": "Yes, if I could go back, there would be so many things I want to redo.",
            "timestamp": "2022-08-09T23:06:01.442000"
        },
        {
            "utterance_id": 11,
            "interlocutor_id": "AW",
            "text": "At what age would you want to go back?",
            "timestamp": "2022-08-09T23:06:20.498000"
        },
        {
            "utterance_id": 12,
            "interlocutor_id": "AV",
            "text": "I want to go back to middle school and enjoy my youth!",
            "timestamp": "2022-08-09T23:06:38.567000"
        },
        {
            "utterance_id": 13,
            "interlocutor_id": "AW",
            "text": "I see, did you not have much of a youth back then?",
            "timestamp": "2022-08-09T23:07:02.417000"
        },
        {
            "utterance_id": 14,
            "interlocutor_id": "AV",
            "text": "That's right. I wasn't in any clubs, so I don't really keep in touch with friends from my student days now.",
            "timestamp": "2022-08-09T23:07:47.363000"
        },
        {
            "utterance_id": 15,
            "interlocutor_id": "AW",
            "text": "I see. I still occasionally meet up with mine, but many of them seem like completely different people now.",
            "timestamp": "2022-08-09T23:09:22.031000"
        },
        {
            "utterance_id": 16,
            "interlocutor_id": "AV",
            "text": "I'm envious! You get to have fun spending time reminiscing!",
            "timestamp": "2022-08-09T23:09:59.874000"
        },
        {
            "utterance_id": 17,
            "interlocutor_id": "AW",
            "text": "That's right! Don't you have any reunions?",
            "timestamp": "2022-08-09T23:10:46.360000"
        },
        {
            "utterance_id": 18,
            "interlocutor_id": "AV",
            "text": "I've moved around a lot, so I don't get reunion invitations.",
            "timestamp": "2022-08-09T23:11:20.458000"
        },
        {
            "utterance_id": 19,
            "interlocutor_id": "AW",
            "text": "That's too bad...!",
            "timestamp": "2022-08-09T23:11:43.916000"
        },
        {
            "utterance_id": 20,
            "interlocutor_id": "AV",
            "text": "Old friends are very important, so please cherish them.",
            "timestamp": "2022-08-09T23:12:04.061000"
        },
        {
            "utterance_id": 21,
            "interlocutor_id": "AW",
            "text": "It's quite difficult to make friends as an adult, isn't it?",
            "timestamp": "2022-08-09T23:12:33.010000"
        },
        {
            "utterance_id": 22,
            "interlocutor_id": "AV",
            "text": "I actually have more friends from adulthood through drinking.",
            "timestamp": "2022-08-09T23:13:07.264000"
        },
        {
            "utterance_id": 23,
            "interlocutor_id": "AW",
            "text": "Do you become friends at places like izakayas?",
            "timestamp": "2022-08-09T23:13:24.636000"
        },
        {
            "utterance_id": 24,
            "interlocutor_id": "AV",
            "text": "That happens too! Sometimes, you become close friends unexpectedly and have a relationship that lasts 20 years.",
            "timestamp": "2022-08-09T23:14:03.056000"
        },
        {
            "utterance_id": 25,
            "interlocutor_id": "AW",
            "text": "That's amazing! I'm jealous.",
            "timestamp": "2022-08-09T23:14:47.653000"
        },
        {
            "utterance_id": 26,
            "interlocutor_id": "AV",
            "text": "Even though we can't go out for drinks because of COVID, we still connect through online drinking parties.",
            "timestamp": "2022-08-09T23:15:16.964000"
        },
        {
            "utterance_id": 27,
            "interlocutor_id": "AW",
            "text": "Online drinking parties are nice, you can just sleep right away if you get drunk.",
            "timestamp": "2022-08-09T23:16:03.814000"
        },
        {
            "utterance_id": 28,
            "interlocutor_id": "AV",
            "text": "That's right! I recommend it, so if you're interested, you should try an online drinking party!",
            "timestamp": "2022-08-09T23:16:34.378000"
        },
        {
            "utterance_id": 29,
            "interlocutor_id": "AW",
            "text": "Yes!",
            "timestamp": "2022-08-09T23:16:42.439000"
        }
    ],
    "evaluations": [
        {
            "interlocutor_id": "AV",
            "informativeness": 4,
            "comprehension": 4,
            "familiarity": 4,
            "interest": 4,
            "proactiveness": 4,
            "satisfaction": 4
        },
        {
            "interlocutor_id": "AW",
            "informativeness": 4,
            "comprehension": 4,
            "familiarity": 5,
            "interest": 4,
            "proactiveness": 4,
            "satisfaction": 5
        }
    ]
}