{
    "dialogue_id": 269,
    "interlocutors": [
        "AW",
        "AV"
    ],
    "utterances": [
        {
            "utterance_id": 0,
            "interlocutor_id": "AW",
            "text": "Thank you very much.",
            "timestamp": "2022-08-18T21:45:00.746000"
        },
        {
            "utterance_id": 1,
            "interlocutor_id": "AV",
            "text": "Thank you too.",
            "timestamp": "2022-08-18T21:45:12.328000"
        },
        {
            "utterance_id": 2,
            "interlocutor_id": "AW",
            "text": "Do you have any favorite stores you often go to?",
            "timestamp": "2022-08-18T21:45:26.054000"
        },
        {
            "utterance_id": 3,
            "interlocutor_id": "AV",
            "text": "Since I'm a housewife, it's mostly the supermarket.",
            "timestamp": "2022-08-18T21:45:46.110000"
        },
        {
            "utterance_id": 4,
            "interlocutor_id": "AW",
            "text": "I also often go to the supermarket. I'm searching for good deals.",
            "timestamp": "2022-08-18T21:46:23.356000"
        },
        {
            "utterance_id": 5,
            "interlocutor_id": "AV",
            "text": "I understand! When there's a sale day, I can't help but go on a shopping spree.",
            "timestamp": "2022-08-18T21:46:41.551000"
        },
        {
            "utterance_id": 6,
            "interlocutor_id": "AW",
            "text": "I stock up on cheap days, right?",
            "timestamp": "2022-08-18T21:47:19.312000"
        },
        {
            "utterance_id": 7,
            "interlocutor_id": "AV",
            "text": "That's right. Recently, prices have been rising rapidly, so I can't confidently fill my shopping cart unless it's on a cheap day.",
            "timestamp": "2022-08-18T21:47:50.663000"
        },
        {
            "utterance_id": 8,
            "interlocutor_id": "AW",
            "text": "It's true, everything is expensive these days, isn't it?",
            "timestamp": "2022-08-18T21:48:14.573000"
        },
        {
            "utterance_id": 9,
            "interlocutor_id": "AV",
            "text": "Since you go shopping at the supermarket, do you do any cooking?",
            "timestamp": "2022-08-18T21:49:02.867000"
        },
        {
            "utterance_id": 10,
            "interlocutor_id": "AW",
            "text": "I do it out of necessity to save money!",
            "timestamp": "2022-08-18T21:49:22.471000"
        },
        {
            "utterance_id": 11,
            "interlocutor_id": "AV",
            "text": "Do you have any special dishes?",
            "timestamp": "2022-08-18T21:49:48.012000"
        },
        {
            "utterance_id": 12,
            "interlocutor_id": "AW",
            "text": "I might be good at simmered dishes. Also soups and such.",
            "timestamp": "2022-08-18T21:50:27.144000"
        },
        {
            "utterance_id": 13,
            "interlocutor_id": "AV",
            "text": "Really! That's amazing! Are simmered dishes like nikujaga?",
            "timestamp": "2022-08-18T21:50:48.854000"
        },
        {
            "utterance_id": 14,
            "interlocutor_id": "AW",
            "text": "Yes, exactly! You just put in the ingredients and seasonings and let it sit, so it's quite easy.",
            "timestamp": "2022-08-18T21:51:43.974000"
        },
        {
            "utterance_id": 15,
            "interlocutor_id": "AV",
            "text": "I don't have many soup recipes, so I might only make miso soup or clear soup.",
            "timestamp": "2022-08-18T21:52:21.532000"
        },
        {
            "utterance_id": 16,
            "interlocutor_id": "AW",
            "text": "I'm about the same. I just change the ingredients and try various things.",
            "timestamp": "2022-08-18T21:53:04.985000"
        },
        {
            "utterance_id": 17,
            "interlocutor_id": "AV",
            "text": "Just having soup makes for a satisfying meal, so I try to make it for every meal.",
            "timestamp": "2022-08-18T21:53:43.110000"
        },
        {
            "utterance_id": 18,
            "interlocutor_id": "AW",
            "text": "What is your specialty dish?",
            "timestamp": "2022-08-18T21:54:17.565000"
        },
        {
            "utterance_id": 19,
            "interlocutor_id": "AV",
            "text": "The ones my family likes are pasta and fried foods.",
            "timestamp": "2022-08-18T21:54:57.521000"
        },
        {
            "utterance_id": 20,
            "interlocutor_id": "AW",
            "text": "I'm envious because I'm not good at frying. Isn't the oil management tough?",
            "timestamp": "2022-08-18T21:56:03.731000"
        },
        {
            "utterance_id": 21,
            "interlocutor_id": "AV",
            "text": "It's a hassle, isn't it? Cleaning up is tough too.",
            "timestamp": "2022-08-18T21:56:22.884000"
        },
        {
            "utterance_id": 22,
            "interlocutor_id": "AW",
            "text": "That's right. The cleanup is quite a chore, which is why I don't make it often.",
            "timestamp": "2022-08-18T21:56:49.852000"
        },
        {
            "utterance_id": 23,
            "interlocutor_id": "AV",
            "text": "In our house, we have fried food at least once a week, especially with growing kids.",
            "timestamp": "2022-08-18T21:57:23.402000"
        },
        {
            "utterance_id": 24,
            "interlocutor_id": "AW",
            "text": "It's that way when you have children, isn't it? It sounds like a competition over the food.",
            "timestamp": "2022-08-18T21:58:19.940000"
        },
        {
            "utterance_id": 25,
            "interlocutor_id": "AV",
            "text": "They disappear right as I'm frying them!",
            "timestamp": "2022-08-18T21:58:36.861000"
        },
        {
            "utterance_id": 26,
            "interlocutor_id": "AW",
            "text": "Kids' appetites are terrifying...!",
            "timestamp": "2022-08-18T21:58:56.020000"
        },
        {
            "utterance_id": 27,
            "interlocutor_id": "AV",
            "text": "I think it's proof they're growing up healthy, so I can manage.",
            "timestamp": "2022-08-18T21:59:27.603000"
        },
        {
            "utterance_id": 28,
            "interlocutor_id": "AW",
            "text": "Not getting a stomach ache is also a privilege of kids.",
            "timestamp": "2022-08-18T21:59:56.596000"
        },
        {
            "utterance_id": 29,
            "interlocutor_id": "AV",
            "text": "That's true! Parents can't eat because they have stomach aches.",
            "timestamp": "2022-08-18T22:00:20.166000"
        }
    ],
    "evaluations": [
        {
            "interlocutor_id": "AW",
            "informativeness": 4,
            "comprehension": 3,
            "familiarity": 4,
            "interest": 4,
            "proactiveness": 3,
            "satisfaction": 4
        },
        {
            "interlocutor_id": "AV",
            "informativeness": 5,
            "comprehension": 5,
            "familiarity": 5,
            "interest": 5,
            "proactiveness": 5,
            "satisfaction": 5
        }
    ]
}