{
    "dialogue_id": 276,
    "interlocutors": [
        "AS",
        "AB"
    ],
    "utterances": [
        {
            "utterance_id": 0,
            "interlocutor_id": "AS",
            "text": "Hello!",
            "timestamp": "2022-08-08T14:08:55.713000"
        },
        {
            "utterance_id": 1,
            "interlocutor_id": "AB",
            "text": "Hello!",
            "timestamp": "2022-08-08T14:08:57.407000"
        },
        {
            "utterance_id": 2,
            "interlocutor_id": "AS",
            "text": "What are your plans for the near future?",
            "timestamp": "2022-08-08T14:09:11.497000"
        },
        {
            "utterance_id": 3,
            "interlocutor_id": "AB",
            "text": "I'm planning to pack because I'm going back to my husband's parents' house tomorrow.",
            "timestamp": "2022-08-08T14:09:24.202000"
        },
        {
            "utterance_id": 4,
            "interlocutor_id": "AS",
            "text": "I see, please take care of yourself so you don't get sick.",
            "timestamp": "2022-08-08T14:09:53.235000"
        },
        {
            "utterance_id": 5,
            "interlocutor_id": "AB",
            "text": "Yes, thank you. What about your plans?",
            "timestamp": "2022-08-08T14:10:07.931000"
        },
        {
            "utterance_id": 6,
            "interlocutor_id": "AS",
            "text": "I'm planning to stay home all the time.",
            "timestamp": "2022-08-08T14:10:46.351000"
        },
        {
            "utterance_id": 7,
            "interlocutor_id": "AB",
            "text": "What do you do when you don't have anything to do?",
            "timestamp": "2022-08-08T14:10:57.026000"
        },
        {
            "utterance_id": 8,
            "interlocutor_id": "AS",
            "text": "I read manga and play games.",
            "timestamp": "2022-08-08T14:11:10.331000"
        },
        {
            "utterance_id": 9,
            "interlocutor_id": "AB",
            "text": "What anime do you like right now?",
            "timestamp": "2022-08-08T14:11:24.071000"
        },
        {
            "utterance_id": 10,
            "interlocutor_id": "AS",
            "text": "I'm really into \"Kaguya-sama: Love Is War.\"",
            "timestamp": "2022-08-08T14:12:02.091000"
        },
        {
            "utterance_id": 11,
            "interlocutor_id": "AB",
            "text": "Was it aired on TV as well?",
            "timestamp": "2022-08-08T14:12:13.271000"
        },
        {
            "utterance_id": 12,
            "interlocutor_id": "AS",
            "text": "Yes, it was! It just finished recently.",
            "timestamp": "2022-08-08T14:12:30.281000"
        },
        {
            "utterance_id": 13,
            "interlocutor_id": "AB",
            "text": "Is that so? Were there any live-action versions?",
            "timestamp": "2022-08-08T14:12:42.627000"
        },
        {
            "utterance_id": 14,
            "interlocutor_id": "AS",
            "text": "Yes, there was. I'm not a big fan of it, though.",
            "timestamp": "2022-08-08T14:13:11.955000"
        },
        {
            "utterance_id": 15,
            "interlocutor_id": "AB",
            "text": "Was it the one with Kanna Hashimoto? I didn't watch it either.",
            "timestamp": "2022-08-08T14:13:32.105000"
        },
        {
            "utterance_id": 16,
            "interlocutor_id": "AS",
            "text": "That's right. I wasn't a fan of the chairman's acting.",
            "timestamp": "2022-08-08T14:14:02.945000"
        },
        {
            "utterance_id": 17,
            "interlocutor_id": "AB",
            "text": "I don't watch it, but I can understand. There are a lot of live-actions lately, aren't there?",
            "timestamp": "2022-08-08T14:14:21.484000"
        },
        {
            "utterance_id": 18,
            "interlocutor_id": "AS",
            "text": "There are. It's probably because it generates money.",
            "timestamp": "2022-08-08T14:14:44.032000"
        },
        {
            "utterance_id": 19,
            "interlocutor_id": "AB",
            "text": "Are original fans accepting it?",
            "timestamp": "2022-08-08T14:15:01.287000"
        },
        {
            "utterance_id": 20,
            "interlocutor_id": "AS",
            "text": "They are furious.",
            "timestamp": "2022-08-08T14:15:39.395000"
        },
        {
            "utterance_id": 21,
            "interlocutor_id": "AB",
            "text": "Ha ha, as expected. But I watched \"Kingdom\" and \"Tokyo Revengers.\"",
            "timestamp": "2022-08-08T14:16:05.072000"
        },
        {
            "utterance_id": 22,
            "interlocutor_id": "AS",
            "text": "I wouldn't deny everything, but the production was too careless. I think those two works were among the better ones.",
            "timestamp": "2022-08-08T14:16:44.120000"
        },
        {
            "utterance_id": 23,
            "interlocutor_id": "AB",
            "text": "I thought they were great! I think the reproduction was quite high.",
            "timestamp": "2022-08-08T14:17:04.156000"
        },
        {
            "utterance_id": 24,
            "interlocutor_id": "AS",
            "text": "I can't accept things like \"Osomatsu-san\" being used to promote idols from Johnny's or other companies.",
            "timestamp": "2022-08-08T14:17:36.567000"
        },
        {
            "utterance_id": 25,
            "interlocutor_id": "AB",
            "text": "I wouldn't even feel like watching them. I was surprised when I heard they were making a live-action adaptation of \"Ranma ½.\"",
            "timestamp": "2022-08-08T14:18:01.907000"
        },
        {
            "utterance_id": 26,
            "interlocutor_id": "AS",
            "text": "That sounds terrifying. What about \"Jujutsu Kaisen\"?",
            "timestamp": "2022-08-08T14:18:27.315000"
        },
        {
            "utterance_id": 27,
            "interlocutor_id": "AB",
            "text": "I hope they don't do it!",
            "timestamp": "2022-08-08T14:18:32.315000"
        },
        {
            "utterance_id": 28,
            "interlocutor_id": "AS",
            "text": "I feel the same! However, the stage play looked really good!",
            "timestamp": "2022-08-08T14:18:49.299000"
        },
        {
            "utterance_id": 29,
            "interlocutor_id": "AB",
            "text": "I missed out on getting tickets for the stage play. Let's talk again!",
            "timestamp": "2022-08-08T14:19:05.246000"
        }
    ],
    "evaluations": [
        {
            "interlocutor_id": "AS",
            "informativeness": 5,
            "comprehension": 5,
            "familiarity": 5,
            "interest": 5,
            "proactiveness": 5,
            "satisfaction": 5
        },
        {
            "interlocutor_id": "AB",
            "informativeness": 5,
            "comprehension": 5,
            "familiarity": 5,
            "interest": 5,
            "proactiveness": 5,
            "satisfaction": 5
        }
    ]
}