{
    "dialogue_id": 274,
    "interlocutors": [
        "AB",
        "AS"
    ],
    "utterances": [
        {
            "utterance_id": 0,
            "interlocutor_id": "AB",
            "text": "Nice to meet you, hello!",
            "timestamp": "2022-08-08T13:41:38.413000"
        },
        {
            "utterance_id": 1,
            "interlocutor_id": "AS",
            "text": "Hello!",
            "timestamp": "2022-08-08T13:41:46.189000"
        },
        {
            "utterance_id": 2,
            "interlocutor_id": "AB",
            "text": "Do you exercise?",
            "timestamp": "2022-08-08T13:41:52.726000"
        },
        {
            "utterance_id": 3,
            "interlocutor_id": "AS",
            "text": "I don't consciously do it, but since my part-time job is 3 kilometers away, I actually get some exercise.",
            "timestamp": "2022-08-08T13:42:43.809000"
        },
        {
            "utterance_id": 4,
            "interlocutor_id": "AB",
            "text": "Do you bike to your part-time job?",
            "timestamp": "2022-08-08T13:42:51.927000"
        },
        {
            "utterance_id": 5,
            "interlocutor_id": "AS",
            "text": "Yes! It doesn't matter if it's rain, shine, or snow.",
            "timestamp": "2022-08-08T13:43:32.114000"
        },
        {
            "utterance_id": 6,
            "interlocutor_id": "AB",
            "text": "That's impressive! Even on rainy days?",
            "timestamp": "2022-08-08T13:43:44.801000"
        },
        {
            "utterance_id": 7,
            "interlocutor_id": "AS",
            "text": "Yes! Recently, I've been adapting to the Western style of dealing with rain.",
            "timestamp": "2022-08-08T13:44:20.517000"
        },
        {
            "utterance_id": 8,
            "interlocutor_id": "AB",
            "text": "That’s nice! Do you ever catch a cold?",
            "timestamp": "2022-08-08T13:44:32.348000"
        },
        {
            "utterance_id": 9,
            "interlocutor_id": "AS",
            "text": "Rarely.",
            "timestamp": "2022-08-08T13:44:52.553000"
        },
        {
            "utterance_id": 10,
            "interlocutor_id": "AB",
            "text": "You’re strong! Can I ask what your part-time job is?",
            "timestamp": "2022-08-08T13:45:20.792000"
        },
        {
            "utterance_id": 11,
            "interlocutor_id": "AS",
            "text": "I work at Aeon, in a section that seems like a mix between Nitori and an electronics store!",
            "timestamp": "2022-08-08T13:45:40.869000"
        },
        {
            "utterance_id": 12,
            "interlocutor_id": "AB",
            "text": "I see! Are you knowledgeable about home appliances?",
            "timestamp": "2022-08-08T13:45:59.272000"
        },
        {
            "utterance_id": 13,
            "interlocutor_id": "AS",
            "text": "My store doesn't sell large appliances, but I have some knowledge about smaller ones like rice cookers.",
            "timestamp": "2022-08-08T13:46:39.101000"
        },
        {
            "utterance_id": 14,
            "interlocutor_id": "AB",
            "text": "I see. I’m currently looking for a rice cooker.",
            "timestamp": "2022-08-08T13:46:59.427000"
        },
        {
            "utterance_id": 15,
            "interlocutor_id": "AS",
            "text": "How many people are in your family and how much do you eat?",
            "timestamp": "2022-08-08T13:47:20.414000"
        },
        {
            "utterance_id": 16,
            "interlocutor_id": "AB",
            "text": "There are two of us, so we usually cook 2 cups each time.",
            "timestamp": "2022-08-08T13:47:41.150000"
        },
        {
            "utterance_id": 17,
            "interlocutor_id": "AS",
            "text": "I see, then a 5.5 cup rice cooker should be fine for you.",
            "timestamp": "2022-08-08T13:48:23.557000"
        },
        {
            "utterance_id": 18,
            "interlocutor_id": "AB",
            "text": "That's right. I'm currently using a 5.5 cup one.",
            "timestamp": "2022-08-08T13:48:43.822000"
        },
        {
            "utterance_id": 19,
            "interlocutor_id": "AS",
            "text": "Do you mind about carbohydrates?",
            "timestamp": "2022-08-08T13:49:16.484000"
        },
        {
            "utterance_id": 20,
            "interlocutor_id": "AB",
            "text": "Not at all! Are there rice cookers that can reduce carbohydrates?",
            "timestamp": "2022-08-08T13:49:41.473000"
        },
        {
            "utterance_id": 21,
            "interlocutor_id": "AS",
            "text": "There are specialized rice cookers that have come out recently, which are said to reduce them by more than half. Although that means nutrients are also lost.",
            "timestamp": "2022-08-08T13:50:29.530000"
        },
        {
            "utterance_id": 22,
            "interlocutor_id": "AB",
            "text": "I want to stay healthy in the future, so I'm interested in that!",
            "timestamp": "2022-08-08T13:50:50.441000"
        },
        {
            "utterance_id": 23,
            "interlocutor_id": "AS",
            "text": "If you search for \"low carb rice cooker,\" you'll find some innovative-looking rice cookers.",
            "timestamp": "2022-08-08T13:51:52.366000"
        },
        {
            "utterance_id": 24,
            "interlocutor_id": "AB",
            "text": "I’ll search for it right away! Are they expensive?",
            "timestamp": "2022-08-08T13:52:03.280000"
        },
        {
            "utterance_id": 25,
            "interlocutor_id": "AS",
            "text": "Since they are new products, they are currently quite expensive. However, I believe they will want to sell them, so there might be sales.",
            "timestamp": "2022-08-08T13:53:10.713000"
        },
        {
            "utterance_id": 26,
            "interlocutor_id": "AB",
            "text": "I see! I need my current rice cooker to hold out a little longer!",
            "timestamp": "2022-08-08T13:53:21.750000"
        },
        {
            "utterance_id": 27,
            "interlocutor_id": "AS",
            "text": "Yes! Or, if that one sells well, other companies might develop similar products, so it might be good to wait a while.",
            "timestamp": "2022-08-08T13:54:15.085000"
        },
        {
            "utterance_id": 28,
            "interlocutor_id": "AB",
            "text": "Thank you for the great information!",
            "timestamp": "2022-08-08T13:54:22.366000"
        },
        {
            "utterance_id": 29,
            "interlocutor_id": "AS",
            "text": "You’re welcome! I’m honored to be of help!",
            "timestamp": "2022-08-08T13:54:59.700000"
        }
    ],
    "evaluations": [
        {
            "interlocutor_id": "AB",
            "informativeness": 5,
            "comprehension": 5,
            "familiarity": 5,
            "interest": 5,
            "proactiveness": 5,
            "satisfaction": 5
        },
        {
            "interlocutor_id": "AS",
            "informativeness": 5,
            "comprehension": 5,
            "familiarity": 5,
            "interest": 5,
            "proactiveness": 5,
            "satisfaction": 5
        }
    ]
}