{
    "dialogue_id": 273,
    "interlocutors": [
        "AS",
        "AB"
    ],
    "utterances": [
        {
            "utterance_id": 0,
            "interlocutor_id": "AS",
            "text": "Hello!",
            "timestamp": "2022-08-08T13:28:46.765000"
        },
        {
            "utterance_id": 1,
            "interlocutor_id": "AB",
            "text": "Hello!",
            "timestamp": "2022-08-08T13:28:50.119000"
        },
        {
            "utterance_id": 2,
            "interlocutor_id": "AS",
            "text": "How's the plan for snacks?",
            "timestamp": "2022-08-08T13:29:14.455000"
        },
        {
            "utterance_id": 3,
            "interlocutor_id": "AB",
            "text": "Today's snack is cheesecake.",
            "timestamp": "2022-08-08T13:29:26.040000"
        },
        {
            "utterance_id": 4,
            "interlocutor_id": "AS",
            "text": "Sounds good! I didn't like it when I was younger, but now I love it!",
            "timestamp": "2022-08-08T13:29:54.702000"
        },
        {
            "utterance_id": 5,
            "interlocutor_id": "AB",
            "text": "Is that so? Did you dislike cheese?",
            "timestamp": "2022-08-08T13:30:06.645000"
        },
        {
            "utterance_id": 6,
            "interlocutor_id": "AS",
            "text": "Yes! I couldn't understand the point of putting cheese in something sweet.",
            "timestamp": "2022-08-08T13:30:35.730000"
        },
        {
            "utterance_id": 7,
            "interlocutor_id": "AB",
            "text": "Is that so? By the way, what is your snack today?",
            "timestamp": "2022-08-08T13:30:56.692000"
        },
        {
            "utterance_id": 8,
            "interlocutor_id": "AS",
            "text": "I'm planning on having Country Ma'am!",
            "timestamp": "2022-08-08T13:31:15.012000"
        },
        {
            "utterance_id": 9,
            "interlocutor_id": "AB",
            "text": "I haven't eaten Country Ma'am recently. I like it.",
            "timestamp": "2022-08-08T13:31:40.034000"
        },
        {
            "utterance_id": 10,
            "interlocutor_id": "AS",
            "text": "Recently, there have been a lot of new flavors!",
            "timestamp": "2022-08-08T13:32:00.635000"
        },
        {
            "utterance_id": 11,
            "interlocutor_id": "AB",
            "text": "Speaking of which, is that the Country Ma'am covered in chocolate?",
            "timestamp": "2022-08-08T13:32:16.311000"
        },
        {
            "utterance_id": 12,
            "interlocutor_id": "AS",
            "text": "Yes, that's right! The shape and the coating are Country Ma'am!",
            "timestamp": "2022-08-08T13:33:02.561000"
        },
        {
            "utterance_id": 13,
            "interlocutor_id": "AB",
            "text": "Is that so? In that case, I ate that the other day.",
            "timestamp": "2022-08-08T13:33:19.732000"
        },
        {
            "utterance_id": 14,
            "interlocutor_id": "AS",
            "text": "Is that so! How was it?",
            "timestamp": "2022-08-08T13:33:46.420000"
        },
        {
            "utterance_id": 15,
            "interlocutor_id": "AB",
            "text": "It was super delicious. It was like Garubo.",
            "timestamp": "2022-08-08T13:34:00.064000"
        },
        {
            "utterance_id": 16,
            "interlocutor_id": "AS",
            "text": "That's a great comparison! It really is similar.",
            "timestamp": "2022-08-08T13:34:40.755000"
        },
        {
            "utterance_id": 17,
            "interlocutor_id": "AB",
            "text": "Also, I like the animal cookies.",
            "timestamp": "2022-08-08T13:34:54.933000"
        },
        {
            "utterance_id": 18,
            "interlocutor_id": "AS",
            "text": "I get it! The perfect thinness and saltiness are just right, and I can't stop eating them!",
            "timestamp": "2022-08-08T13:35:37.568000"
        },
        {
            "utterance_id": 19,
            "interlocutor_id": "AB",
            "text": "That's true. I'm eating more than I did as a child.",
            "timestamp": "2022-08-08T13:35:44.767000"
        },
        {
            "utterance_id": 20,
            "interlocutor_id": "AS",
            "text": "Once you become an adult, you have the financial power. If you want, you can eat infinitely.",
            "timestamp": "2022-08-08T13:36:39.100000"
        },
        {
            "utterance_id": 21,
            "interlocutor_id": "AB",
            "text": "Convenience stores are dangerous, aren’t they?",
            "timestamp": "2022-08-08T13:36:50.075000"
        },
        {
            "utterance_id": 22,
            "interlocutor_id": "AS",
            "text": "It's dangerous; I can reach for any snack.",
            "timestamp": "2022-08-08T13:37:32.324000"
        },
        {
            "utterance_id": 23,
            "interlocutor_id": "AB",
            "text": "Recently, it's been crazy that you can also get anime collaboration goods.",
            "timestamp": "2022-08-08T13:37:51.300000"
        },
        {
            "utterance_id": 24,
            "interlocutor_id": "AS",
            "text": "That's right! It seems like Family Mart is collaborating with Jurassic World.",
            "timestamp": "2022-08-08T13:38:33.259000"
        },
        {
            "utterance_id": 25,
            "interlocutor_id": "AB",
            "text": "Is that so? I'm weak to the collaboration with Jujutsu Kaisen.",
            "timestamp": "2022-08-08T13:38:55.398000"
        },
        {
            "utterance_id": 26,
            "interlocutor_id": "AS",
            "text": "It's been explosive lately, right? Have you been to the movies several times?",
            "timestamp": "2022-08-08T13:39:40.597000"
        },
        {
            "utterance_id": 27,
            "interlocutor_id": "AB",
            "text": "I've seen Zero twice. Did you see it too?",
            "timestamp": "2022-08-08T13:39:53.633000"
        },
        {
            "utterance_id": 28,
            "interlocutor_id": "AS",
            "text": "I went too! It overlapped with my tests, so I could only go once, but I was really excited!",
            "timestamp": "2022-08-08T13:40:43.160000"
        },
        {
            "utterance_id": 29,
            "interlocutor_id": "AB",
            "text": "It’s great, isn't it? Let’s talk more about Jujutsu Kaisen again!",
            "timestamp": "2022-08-08T13:40:55.615000"
        }
    ],
    "evaluations": [
        {
            "interlocutor_id": "AS",
            "informativeness": 5,
            "comprehension": 5,
            "familiarity": 5,
            "interest": 5,
            "proactiveness": 5,
            "satisfaction": 5
        },
        {
            "interlocutor_id": "AB",
            "informativeness": 5,
            "comprehension": 5,
            "familiarity": 5,
            "interest": 5,
            "proactiveness": 5,
            "satisfaction": 5
        }
    ]
}