{
    "dialogue_id": 277,
    "interlocutors": [
        "AB",
        "AS"
    ],
    "utterances": [
        {
            "utterance_id": 0,
            "interlocutor_id": "AB",
            "text": "Hello!",
            "timestamp": "2022-08-08T14:19:53.800000"
        },
        {
            "utterance_id": 1,
            "interlocutor_id": "AS",
            "text": "Hello!",
            "timestamp": "2022-08-08T14:20:01.492000"
        },
        {
            "utterance_id": 2,
            "interlocutor_id": "AB",
            "text": "Do you have any hobbies?",
            "timestamp": "2022-08-08T14:20:07.428000"
        },
        {
            "utterance_id": 3,
            "interlocutor_id": "AS",
            "text": "My hobby is gaming!",
            "timestamp": "2022-08-08T14:20:22.310000"
        },
        {
            "utterance_id": 4,
            "interlocutor_id": "AB",
            "text": "What game are you currently into?",
            "timestamp": "2022-08-08T14:20:31.863000"
        },
        {
            "utterance_id": 5,
            "interlocutor_id": "AS",
            "text": "Right now, it's Super Smash Bros.!",
            "timestamp": "2022-08-08T14:20:45.991000"
        },
        {
            "utterance_id": 6,
            "interlocutor_id": "AB",
            "text": "I have friends who also like it. I tried playing it once, but I couldn't do it.",
            "timestamp": "2022-08-08T14:21:08.506000"
        },
        {
            "utterance_id": 7,
            "interlocutor_id": "AS",
            "text": "It's difficult to control, isn't it? I think it's good to play as a party game where you use items continually!",
            "timestamp": "2022-08-08T14:21:58.463000"
        },
        {
            "utterance_id": 8,
            "interlocutor_id": "AB",
            "text": "That's right. The controls and directions were confusing for me.",
            "timestamp": "2022-08-08T14:22:29.698000"
        },
        {
            "utterance_id": 9,
            "interlocutor_id": "AS",
            "text": "It's hard for people who aren't used to it. At first, I think it's best to just be careful not to fall to the bottom.",
            "timestamp": "2022-08-08T14:23:19.735000"
        },
        {
            "utterance_id": 10,
            "interlocutor_id": "AB",
            "text": "I see, I also play games, but I play Mario Party and Mario Kart.",
            "timestamp": "2022-08-08T14:23:43.707000"
        },
        {
            "utterance_id": 11,
            "interlocutor_id": "AS",
            "text": "I used to play Party on the Wii a lot! I still play Kart!",
            "timestamp": "2022-08-08T14:24:08.834000"
        },
        {
            "utterance_id": 12,
            "interlocutor_id": "AB",
            "text": "I was used to playing on the Super Famicom, so it was easy for me.",
            "timestamp": "2022-08-08T14:24:40.683000"
        },
        {
            "utterance_id": 13,
            "interlocutor_id": "AS",
            "text": "Those types of games have very simple controls, so they're easy for everyone to play!",
            "timestamp": "2022-08-08T14:25:15.493000"
        },
        {
            "utterance_id": 14,
            "interlocutor_id": "AB",
            "text": "It's great that even kids can play, so if you have a Switch in your household, that's perfect!",
            "timestamp": "2022-08-08T14:25:47.083000"
        },
        {
            "utterance_id": 15,
            "interlocutor_id": "AS",
            "text": "It's the strongest home console! Do you own a PS?",
            "timestamp": "2022-08-08T14:26:24.814000"
        },
        {
            "utterance_id": 16,
            "interlocutor_id": "AB",
            "text": "I only have a Switch. Do you have quite a few consoles?",
            "timestamp": "2022-08-08T14:26:30.407000"
        },
        {
            "utterance_id": 17,
            "interlocutor_id": "AS",
            "text": "At my parents' house, we have a PS2, DS, 3DS, Wii, and Switch!",
            "timestamp": "2022-08-08T14:27:00.304000"
        },
        {
            "utterance_id": 18,
            "interlocutor_id": "AB",
            "text": "Oh, that's amazing! You're good at games!",
            "timestamp": "2022-08-08T14:27:17.348000"
        },
        {
            "utterance_id": 19,
            "interlocutor_id": "AS",
            "text": "No, not really. If I battled against someone who's trying hard, I’d probably lose.",
            "timestamp": "2022-08-08T14:28:11.319000"
        },
        {
            "utterance_id": 20,
            "interlocutor_id": "AB",
            "text": "I see. Is eSports also considered a game?",
            "timestamp": "2022-08-08T14:28:30.033000"
        },
        {
            "utterance_id": 21,
            "interlocutor_id": "AS",
            "text": "It is a game, but mainly tournaments are held for games played on PC.",
            "timestamp": "2022-08-08T14:28:56.061000"
        },
        {
            "utterance_id": 22,
            "interlocutor_id": "AB",
            "text": "Are you not interested in that?",
            "timestamp": "2022-08-08T14:29:01.961000"
        },
        {
            "utterance_id": 23,
            "interlocutor_id": "AS",
            "text": "I'm not. People in that scene have their lives affected by winning or losing. You can't compete on the same level.",
            "timestamp": "2022-08-08T14:29:47.591000"
        },
        {
            "utterance_id": 24,
            "interlocutor_id": "AB",
            "text": "I see. The prize money is indeed impressive.",
            "timestamp": "2022-08-08T14:30:01.799000"
        },
        {
            "utterance_id": 25,
            "interlocutor_id": "AS",
            "text": "There's not much difference from a regular sports tournament. If it gets bigger, it might eventually surpass it.",
            "timestamp": "2022-08-08T14:30:55.827000"
        },
        {
            "utterance_id": 26,
            "interlocutor_id": "AB",
            "text": "I see. There’s a dream of making a fortune through gaming.",
            "timestamp": "2022-08-08T14:31:08.786000"
        },
        {
            "utterance_id": 27,
            "interlocutor_id": "AS",
            "text": "However, I start getting caught up in 1/60 second discrepancies, so even if I get involved, I'd rather watch.",
            "timestamp": "2022-08-08T14:32:06.105000"
        },
        {
            "utterance_id": 28,
            "interlocutor_id": "AB",
            "text": "It's an amazing world! Thank you for the enjoyable conversation today.",
            "timestamp": "2022-08-08T14:32:21.435000"
        },
        {
            "utterance_id": 29,
            "interlocutor_id": "AS",
            "text": "Thank you! I look forward to it again!",
            "timestamp": "2022-08-08T14:32:39.681000"
        }
    ],
    "evaluations": [
        {
            "interlocutor_id": "AB",
            "informativeness": 5,
            "comprehension": 5,
            "familiarity": 5,
            "interest": 5,
            "proactiveness": 5,
            "satisfaction": 5
        },
        {
            "interlocutor_id": "AS",
            "informativeness": 5,
            "comprehension": 5,
            "familiarity": 5,
            "interest": 5,
            "proactiveness": 5,
            "satisfaction": 5
        }
    ]
}