{
    "dialogue_id": 278,
    "interlocutors": [
        "AS",
        "AB"
    ],
    "utterances": [
        {
            "utterance_id": 0,
            "interlocutor_id": "AS",
            "text": "Hello!",
            "timestamp": "2022-08-08T14:33:13.330000"
        },
        {
            "utterance_id": 1,
            "interlocutor_id": "AB",
            "text": "Hello!",
            "timestamp": "2022-08-08T14:33:27.372000"
        },
        {
            "utterance_id": 2,
            "interlocutor_id": "AS",
            "text": "What was for dinner last night?",
            "timestamp": "2022-08-08T14:33:42.719000"
        },
        {
            "utterance_id": 3,
            "interlocutor_id": "AB",
            "text": "Yesterday... it was yakitori rice bowl.",
            "timestamp": "2022-08-08T14:33:57.834000"
        },
        {
            "utterance_id": 4,
            "interlocutor_id": "AS",
            "text": "That sounds nice!",
            "timestamp": "2022-08-08T14:34:15.236000"
        },
        {
            "utterance_id": 5,
            "interlocutor_id": "AB",
            "text": "It's a pain to think of a menu every day.",
            "timestamp": "2022-08-08T14:34:24.944000"
        },
        {
            "utterance_id": 6,
            "interlocutor_id": "AS",
            "text": "I understand. I randomly buy ingredients and then search for recipes I can make with them using an app!",
            "timestamp": "2022-08-08T14:35:02.677000"
        },
        {
            "utterance_id": 7,
            "interlocutor_id": "AB",
            "text": "It's really helpful that you can search with an app!",
            "timestamp": "2022-08-08T14:35:15.610000"
        },
        {
            "utterance_id": 8,
            "interlocutor_id": "AS",
            "text": "That's right! Moreover, there are a huge number of recipes registered.",
            "timestamp": "2022-08-08T14:35:45.212000"
        },
        {
            "utterance_id": 9,
            "interlocutor_id": "AB",
            "text": "It's amazing that even searching with just what you have, something will come up!",
            "timestamp": "2022-08-08T14:35:56.517000"
        },
        {
            "utterance_id": 10,
            "interlocutor_id": "AS",
            "text": "So I just decide on a budget and throw in whatever into the cart when shopping.",
            "timestamp": "2022-08-08T14:36:30.506000"
        },
        {
            "utterance_id": 11,
            "interlocutor_id": "AB",
            "text": "It’s good to set a budget.",
            "timestamp": "2022-08-08T14:36:38.806000"
        },
        {
            "utterance_id": 12,
            "interlocutor_id": "AS",
            "text": "Since my budget is limited, I feel this is a way to save money.",
            "timestamp": "2022-08-08T14:37:02.506000"
        },
        {
            "utterance_id": 13,
            "interlocutor_id": "AB",
            "text": "That's impressive! I try to keep my food expenses around 20,000 yen a month.",
            "timestamp": "2022-08-08T14:37:35.210000"
        },
        {
            "utterance_id": 14,
            "interlocutor_id": "AS",
            "text": "20,000 yen! That's great. I calculate at 300 yen per meal for a total of 30,000 yen a month.",
            "timestamp": "2022-08-08T14:38:16.142000"
        },
        {
            "utterance_id": 15,
            "interlocutor_id": "AB",
            "text": "How often do you go shopping in a week?",
            "timestamp": "2022-08-08T14:38:29.729000"
        },
        {
            "utterance_id": 16,
            "interlocutor_id": "AS",
            "text": "Once a week.",
            "timestamp": "2022-08-08T14:38:45.432000"
        },
        {
            "utterance_id": 17,
            "interlocutor_id": "AB",
            "text": "I go occasionally. Also, I can save a bit with the hometown tax donation.",
            "timestamp": "2022-08-08T14:39:17.162000"
        },
        {
            "utterance_id": 18,
            "interlocutor_id": "AS",
            "text": "I buy at Aeon while I’m working part-time, so it might be a bit more expensive.",
            "timestamp": "2022-08-08T14:39:46.493000"
        },
        {
            "utterance_id": 19,
            "interlocutor_id": "AB",
            "text": "Aeon is a large store, right? I'm envious, as I don’t have one nearby.",
            "timestamp": "2022-08-08T14:40:07.659000"
        },
        {
            "utterance_id": 20,
            "interlocutor_id": "AS",
            "text": "It really helps! But to get there, I have to cycle over two mountains.",
            "timestamp": "2022-08-08T14:40:39.125000"
        },
        {
            "utterance_id": 21,
            "interlocutor_id": "AB",
            "text": "Two mountains?? My legs are going to be sore.",
            "timestamp": "2022-08-08T14:40:52.729000"
        },
        {
            "utterance_id": 22,
            "interlocutor_id": "AS",
            "text": "It's a housing complex that was built by cutting down mountains, so that happens. My legs have become quite something.",
            "timestamp": "2022-08-08T14:41:34.928000"
        },
        {
            "utterance_id": 23,
            "interlocutor_id": "AB",
            "text": "So that means four mountains round trip?",
            "timestamp": "2022-08-08T14:41:51.611000"
        },
        {
            "utterance_id": 24,
            "interlocutor_id": "AS",
            "text": "Yes, that's the total. If you do this for a year, you won't think much of it anymore.",
            "timestamp": "2022-08-08T14:42:16.797000"
        },
        {
            "utterance_id": 25,
            "interlocutor_id": "AB",
            "text": "You get used to it like that. It's healthy, which is good.",
            "timestamp": "2022-08-08T14:42:29.585000"
        },
        {
            "utterance_id": 26,
            "interlocutor_id": "AS",
            "text": "Even though it was online classes, I didn’t gain weight thanks to this!",
            "timestamp": "2022-08-08T14:42:59.385000"
        },
        {
            "utterance_id": 27,
            "interlocutor_id": "AB",
            "text": "That's definitely true! Please be careful of heatstroke.",
            "timestamp": "2022-08-08T14:43:27.671000"
        },
        {
            "utterance_id": 28,
            "interlocutor_id": "AS",
            "text": "Yes! I’ll especially be careful next week!",
            "timestamp": "2022-08-08T14:43:39.986000"
        },
        {
            "utterance_id": 29,
            "interlocutor_id": "AB",
            "text": "Absolutely! See you again.",
            "timestamp": "2022-08-08T14:43:46.134000"
        }
    ],
    "evaluations": [
        {
            "interlocutor_id": "AS",
            "informativeness": 5,
            "comprehension": 5,
            "familiarity": 5,
            "interest": 5,
            "proactiveness": 5,
            "satisfaction": 5
        },
        {
            "interlocutor_id": "AB",
            "informativeness": 5,
            "comprehension": 5,
            "familiarity": 5,
            "interest": 5,
            "proactiveness": 5,
            "satisfaction": 5
        }
    ]
}