{
    "dialogue_id": 272,
    "interlocutors": [
        "AB",
        "AS"
    ],
    "utterances": [
        {
            "utterance_id": 0,
            "interlocutor_id": "AB",
            "text": "Hello!",
            "timestamp": "2022-08-08T13:12:56.984000"
        },
        {
            "utterance_id": 1,
            "interlocutor_id": "AS",
            "text": "Hello! Have you made plans for dinner?",
            "timestamp": "2022-08-08T13:13:17.583000"
        },
        {
            "utterance_id": 2,
            "interlocutor_id": "AB",
            "text": "Today, I'm thinking of making zaru soba and tempura.",
            "timestamp": "2022-08-08T13:13:35.645000"
        },
        {
            "utterance_id": 3,
            "interlocutor_id": "AS",
            "text": "That sounds nice! I might make tempura too for the first time in a while.",
            "timestamp": "2022-08-08T13:14:11.818000"
        },
        {
            "utterance_id": 4,
            "interlocutor_id": "AB",
            "text": "Summer is hell though.",
            "timestamp": "2022-08-08T13:14:18.185000"
        },
        {
            "utterance_id": 5,
            "interlocutor_id": "AS",
            "text": "It's hot, and since I'm wearing short sleeves, the oil gets on me directly.",
            "timestamp": "2022-08-08T13:14:59.859000"
        },
        {
            "utterance_id": 6,
            "interlocutor_id": "AB",
            "text": "Right! It's a matter of life and death. What are your plans for dinner?",
            "timestamp": "2022-08-08T13:15:30.028000"
        },
        {
            "utterance_id": 7,
            "interlocutor_id": "AS",
            "text": "I hadn't thought of anything, so I will try making tempura! I have a lot of shishito peppers right now.",
            "timestamp": "2022-08-08T13:15:58.741000"
        },
        {
            "utterance_id": 8,
            "interlocutor_id": "AB",
            "text": "Shishito tempura is delicious! I will go with eggplant and okra.",
            "timestamp": "2022-08-08T13:16:17.424000"
        },
        {
            "utterance_id": 9,
            "interlocutor_id": "AS",
            "text": "That sounds good too! Especially with okra, once you prep it, you can just toss it in oil without any other work.",
            "timestamp": "2022-08-08T13:17:09.775000"
        },
        {
            "utterance_id": 10,
            "interlocutor_id": "AB",
            "text": "Exactly. It also helps my gut a lot.",
            "timestamp": "2022-08-08T13:17:19.825000"
        },
        {
            "utterance_id": 11,
            "interlocutor_id": "AS",
            "text": "Speaking of okra, I missed the harvest time the other day, and it turned hard. Do you have any good ways to eat it?",
            "timestamp": "2022-08-08T13:18:22.521000"
        },
        {
            "utterance_id": 12,
            "interlocutor_id": "AB",
            "text": "Are you growing it?",
            "timestamp": "2022-08-08T13:18:53.296000"
        },
        {
            "utterance_id": 13,
            "interlocutor_id": "AS",
            "text": "I'm studying agriculture in university. Okra is one of the summer vegetables I'm growing.",
            "timestamp": "2022-08-08T13:19:19.733000"
        },
        {
            "utterance_id": 14,
            "interlocutor_id": "AB",
            "text": "I see! Okra is often prepared simply, like in ohitashi, with katsuobushi and soy sauce, or as a marinade.",
            "timestamp": "2022-08-08T13:20:00.224000"
        },
        {
            "utterance_id": 15,
            "interlocutor_id": "AS",
            "text": "So you don't really do much to the okra itself! Even so, it's versatile.",
            "timestamp": "2022-08-08T13:21:03.091000"
        },
        {
            "utterance_id": 16,
            "interlocutor_id": "AB",
            "text": "That's right. What else are you growing at university?",
            "timestamp": "2022-08-08T13:21:18.820000"
        },
        {
            "utterance_id": 17,
            "interlocutor_id": "AS",
            "text": "Potatoes, soybeans, tomatoes, eggplants, watermelons, and shishito peppers.",
            "timestamp": "2022-08-08T13:21:59.643000"
        },
        {
            "utterance_id": 18,
            "interlocutor_id": "AB",
            "text": "Are there any vegetables that are difficult to grow?",
            "timestamp": "2022-08-08T13:22:07.623000"
        },
        {
            "utterance_id": 19,
            "interlocutor_id": "AS",
            "text": "Watermelon. Animals eat it right away.",
            "timestamp": "2022-08-08T13:22:47.012000"
        },
        {
            "utterance_id": 20,
            "interlocutor_id": "AB",
            "text": "Animals love watermelon, huh? I've been eating a lot of it now.",
            "timestamp": "2022-08-08T13:23:05.500000"
        },
        {
            "utterance_id": 21,
            "interlocutor_id": "AS",
            "text": "Once it bears fruit, I wait for it to grow a bit and eat it right away. Just when I thought it was safe, the underside had issues.",
            "timestamp": "2022-08-08T13:23:52.699000"
        },
        {
            "utterance_id": 22,
            "interlocutor_id": "AB",
            "text": "Wow, that sounds tricky. Do they naturally round out if you leave them alone?",
            "timestamp": "2022-08-08T13:24:18.240000"
        },
        {
            "utterance_id": 23,
            "interlocutor_id": "AS",
            "text": "The shape will naturally round out. However, if you leave them on hard ground, that part can get deformed.",
            "timestamp": "2022-08-08T13:24:54.047000"
        },
        {
            "utterance_id": 24,
            "interlocutor_id": "AB",
            "text": "I see. I saw square watermelons at a department store before.",
            "timestamp": "2022-08-08T13:25:11.159000"
        },
        {
            "utterance_id": 25,
            "interlocutor_id": "AS",
            "text": "They probably grew them in a mold like that. Or maybe it's a result of breeding.",
            "timestamp": "2022-08-08T13:26:05.825000"
        },
        {
            "utterance_id": 26,
            "interlocutor_id": "AB",
            "text": "The price was pretty high, so I just left after looking at them.",
            "timestamp": "2022-08-08T13:26:31.617000"
        },
        {
            "utterance_id": 27,
            "interlocutor_id": "AS",
            "text": "They tend to be expensive until they become popular and the production system is established.",
            "timestamp": "2022-08-08T13:27:15.676000"
        },
        {
            "utterance_id": 28,
            "interlocutor_id": "AB",
            "text": "It will still take some time. Let's eat watermelon as a snack! Let's talk again soon.",
            "timestamp": "2022-08-08T13:27:32.660000"
        },
        {
            "utterance_id": 29,
            "interlocutor_id": "AS",
            "text": "Sounds good!",
            "timestamp": "2022-08-08T13:28:08.840000"
        }
    ],
    "evaluations": [
        {
            "interlocutor_id": "AB",
            "informativeness": 5,
            "comprehension": 5,
            "familiarity": 5,
            "interest": 5,
            "proactiveness": 5,
            "satisfaction": 5
        },
        {
            "interlocutor_id": "AS",
            "informativeness": 5,
            "comprehension": 5,
            "familiarity": 5,
            "interest": 5,
            "proactiveness": 5,
            "satisfaction": 5
        }
    ]
}