{
    "dialogue_id": 279,
    "interlocutors": [
        "AS",
        "AB"
    ],
    "utterances": [
        {
            "utterance_id": 0,
            "interlocutor_id": "AS",
            "text": "Hello!",
            "timestamp": "2022-08-08T14:44:40.099000"
        },
        {
            "utterance_id": 1,
            "interlocutor_id": "AB",
            "text": "Hello!",
            "timestamp": "2022-08-08T14:44:26.705000"
        },
        {
            "utterance_id": 2,
            "interlocutor_id": "AS",
            "text": "What fruit do you like?",
            "timestamp": "2022-08-08T14:44:47.099000"
        },
        {
            "utterance_id": 3,
            "interlocutor_id": "AB",
            "text": "I love Shine Muscat!",
            "timestamp": "2022-08-08T14:44:59.679000"
        },
        {
            "utterance_id": 4,
            "interlocutor_id": "AS",
            "text": "I see! How about grapes?",
            "timestamp": "2022-08-08T14:45:17.930000"
        },
        {
            "utterance_id": 5,
            "interlocutor_id": "AB",
            "text": "I also like grapes. What fruits do you like?",
            "timestamp": "2022-08-08T14:45:34.733000"
        },
        {
            "utterance_id": 6,
            "interlocutor_id": "AS",
            "text": "I like peaches!",
            "timestamp": "2022-08-08T14:45:49.590000"
        },
        {
            "utterance_id": 7,
            "interlocutor_id": "AB",
            "text": "Peaches are delicious too! They're coming up soon.",
            "timestamp": "2022-08-08T14:46:01.924000"
        },
        {
            "utterance_id": 8,
            "interlocutor_id": "AS",
            "text": "Yes! I'm planning to eat a lot when I go home!",
            "timestamp": "2022-08-08T14:46:18.948000"
        },
        {
            "utterance_id": 9,
            "interlocutor_id": "AB",
            "text": "Okayama Prefecture?",
            "timestamp": "2022-08-08T14:46:23.380000"
        },
        {
            "utterance_id": 10,
            "interlocutor_id": "AS",
            "text": "Yes!",
            "timestamp": "2022-08-08T14:46:41.811000"
        },
        {
            "utterance_id": 11,
            "interlocutor_id": "AB",
            "text": "Is that so! We have a grave in Okayama!",
            "timestamp": "2022-08-08T14:46:52.432000"
        },
        {
            "utterance_id": 12,
            "interlocutor_id": "AS",
            "text": "Is your family home in Okayama?",
            "timestamp": "2022-08-08T14:47:06.711000"
        },
        {
            "utterance_id": 13,
            "interlocutor_id": "AB",
            "text": "My grandfather on my father's side was from Okayama.",
            "timestamp": "2022-08-08T14:47:22.754000"
        },
        {
            "utterance_id": 14,
            "interlocutor_id": "AS",
            "text": "I see. Okayama has little rain and is comfortable to live in!",
            "timestamp": "2022-08-08T14:47:46.486000"
        },
        {
            "utterance_id": 15,
            "interlocutor_id": "AB",
            "text": "That's right. Right now, my brother-in-law lives in Okayama.",
            "timestamp": "2022-08-08T14:47:55.854000"
        },
        {
            "utterance_id": 16,
            "interlocutor_id": "AS",
            "text": "Is it in the northern part of the prefecture?",
            "timestamp": "2022-08-08T14:48:18.953000"
        },
        {
            "utterance_id": 17,
            "interlocutor_id": "AB",
            "text": "He said it's in the countryside of Tsuyama.",
            "timestamp": "2022-08-08T14:48:31.591000"
        },
        {
            "utterance_id": 18,
            "interlocutor_id": "AS",
            "text": "It's a place where snow can be a real hassle. It's a region where the railways often stop too.",
            "timestamp": "2022-08-08T14:49:02.914000"
        },
        {
            "utterance_id": 19,
            "interlocutor_id": "AB",
            "text": "I see. That brother sends me peaches and Shine Muscat every year.",
            "timestamp": "2022-08-08T14:49:21.948000"
        },
        {
            "utterance_id": 20,
            "interlocutor_id": "AS",
            "text": "That's nice! Okayama is attractive for having such local specialties!",
            "timestamp": "2022-08-08T14:49:50.289000"
        },
        {
            "utterance_id": 21,
            "interlocutor_id": "AB",
            "text": "I think so. I believe it's a prefecture where the fruits are delicious.",
            "timestamp": "2022-08-08T14:49:57.636000"
        },
        {
            "utterance_id": 22,
            "interlocutor_id": "AS",
            "text": "The production volume might be lower than in other prefectures, but I feel the quality is very high.",
            "timestamp": "2022-08-08T14:50:28.529000"
        },
        {
            "utterance_id": 23,
            "interlocutor_id": "AB",
            "text": "I feel the same way. Do you have any recommended tourist spots in Okayama?",
            "timestamp": "2022-08-08T14:50:49.479000"
        },
        {
            "utterance_id": 24,
            "interlocutor_id": "AS",
            "text": "Okayama, I recommend Korakuen!",
            "timestamp": "2022-08-08T14:51:06.767000"
        },
        {
            "utterance_id": 25,
            "interlocutor_id": "AB",
            "text": "Was it a beautiful garden?",
            "timestamp": "2022-08-08T14:51:14.741000"
        },
        {
            "utterance_id": 26,
            "interlocutor_id": "AS",
            "text": "It's one of Japan's three great gardens, a place rich in nature!",
            "timestamp": "2022-08-08T14:51:46.791000"
        },
        {
            "utterance_id": 27,
            "interlocutor_id": "AB",
            "text": "I'll remember that! I'm planning to visit Okayama when it gets cooler.",
            "timestamp": "2022-08-08T14:52:02.354000"
        },
        {
            "utterance_id": 28,
            "interlocutor_id": "AS",
            "text": "Please do come!",
            "timestamp": "2022-08-08T14:52:15.934000"
        },
        {
            "utterance_id": 29,
            "interlocutor_id": "AB",
            "text": "Yes! Thank you very much.",
            "timestamp": "2022-08-08T14:52:18.490000"
        }
    ],
    "evaluations": [
        {
            "interlocutor_id": "AS",
            "informativeness": 5,
            "comprehension": 5,
            "familiarity": 5,
            "interest": 5,
            "proactiveness": 5,
            "satisfaction": 5
        },
        {
            "interlocutor_id": "AB",
            "informativeness": 5,
            "comprehension": 5,
            "familiarity": 5,
            "interest": 5,
            "proactiveness": 5,
            "satisfaction": 5
        }
    ]
}