{
    "dialogue_id": 284,
    "interlocutors": [
        "AN",
        "AX"
    ],
    "utterances": [
        {
            "utterance_id": 0,
            "interlocutor_id": "AN",
            "text": "Good evening.",
            "timestamp": "2022-08-07T21:30:31.047000"
        },
        {
            "utterance_id": 1,
            "interlocutor_id": "AX",
            "text": "Thank you very much.",
            "timestamp": "2022-08-07T21:30:38.702000"
        },
        {
            "utterance_id": 2,
            "interlocutor_id": "AN",
            "text": "Yes, thank you. It's already completely night, isn't it?",
            "timestamp": "2022-08-07T21:30:57.317000"
        },
        {
            "utterance_id": 3,
            "interlocutor_id": "AX",
            "text": "Yes, it is. Does the heat ease a little at night?",
            "timestamp": "2022-08-07T21:31:08.455000"
        },
        {
            "utterance_id": 4,
            "interlocutor_id": "AN",
            "text": "The heat is a bit more bearable today, but there's thunder rumbling now.",
            "timestamp": "2022-08-07T21:31:36.074000"
        },
        {
            "utterance_id": 5,
            "interlocutor_id": "AX",
            "text": "The atmosphere is a bit unstable, isn't it? I wonder if it will rain.",
            "timestamp": "2022-08-07T21:31:50.500000"
        },
        {
            "utterance_id": 6,
            "interlocutor_id": "AN",
            "text": "I'm not sure. The weather forecast is never accurate, which is troublesome.",
            "timestamp": "2022-08-07T21:32:24.447000"
        },
        {
            "utterance_id": 7,
            "interlocutor_id": "AX",
            "text": "That's true. I've started carrying an umbrella more often too.",
            "timestamp": "2022-08-07T21:32:40.620000"
        },
        {
            "utterance_id": 8,
            "interlocutor_id": "AN",
            "text": "You never know when it will rain.",
            "timestamp": "2022-08-07T21:32:50.405000"
        },
        {
            "utterance_id": 9,
            "interlocutor_id": "AX",
            "text": "That's right. It must be tough for laundry and such, right?",
            "timestamp": "2022-08-07T21:33:12.623000"
        },
        {
            "utterance_id": 10,
            "interlocutor_id": "AN",
            "text": "It's tough. Just when I thought it was sunny and hung out a lot of laundry, I wanted to cry when caught in a sudden downpour.",
            "timestamp": "2022-08-07T21:33:46.443000"
        },
        {
            "utterance_id": 11,
            "interlocutor_id": "AX",
            "text": "When the kids are small, there's so much laundry, and just hanging it is a hassle, isn’t it?",
            "timestamp": "2022-08-07T21:34:01.704000"
        },
        {
            "utterance_id": 12,
            "interlocutor_id": "AN",
            "text": "Exactly. They play so hard that they end up muddy every day.",
            "timestamp": "2022-08-07T21:34:21.305000"
        },
        {
            "utterance_id": 13,
            "interlocutor_id": "AX",
            "text": "While it's great that they have so much energy, it means I have to wash them every day.",
            "timestamp": "2022-08-07T21:34:39.751000"
        },
        {
            "utterance_id": 14,
            "interlocutor_id": "AN",
            "text": "Yes. I feel like I'm handling laundry all day long.",
            "timestamp": "2022-08-07T21:35:11.453000"
        },
        {
            "utterance_id": 15,
            "interlocutor_id": "AX",
            "text": "That's tough. But since they won’t be toddlers forever, we just have to endure it now.",
            "timestamp": "2022-08-07T21:35:33.786000"
        },
        {
            "utterance_id": 16,
            "interlocutor_id": "AN",
            "text": "Yes. It's hard, but I feel a mix of happiness and sadness as they grow.",
            "timestamp": "2022-08-07T21:36:09.038000"
        },
        {
            "utterance_id": 17,
            "interlocutor_id": "AX",
            "text": "Now my eldest is in her last year of high school, but I miss the old days.",
            "timestamp": "2022-08-07T21:36:33.973000"
        },
        {
            "utterance_id": 18,
            "interlocutor_id": "AN",
            "text": "Indeed, kids grow up so fast, don’t they?",
            "timestamp": "2022-08-07T21:36:47.433000"
        },
        {
            "utterance_id": 19,
            "interlocutor_id": "AX",
            "text": "Yes. When I get photos from the same time through Google Photos, it makes me nostalgic.",
            "timestamp": "2022-08-07T21:37:10.261000"
        },
        {
            "utterance_id": 20,
            "interlocutor_id": "AN",
            "text": "I understand. When I see “today a few years ago,” I can’t help but reminisce.",
            "timestamp": "2022-08-07T21:37:37.908000"
        },
        {
            "utterance_id": 21,
            "interlocutor_id": "AX",
            "text": "There's a three-year gap between my older and younger child, but when they were younger, they played together, and now they're often apart.",
            "timestamp": "2022-08-07T21:38:11.618000"
        },
        {
            "utterance_id": 22,
            "interlocutor_id": "AN",
            "text": "Do you have same-sex siblings?",
            "timestamp": "2022-08-07T21:38:29.035000"
        },
        {
            "utterance_id": 23,
            "interlocutor_id": "AX",
            "text": "The older one is a daughter, and the younger one is a son.",
            "timestamp": "2022-08-07T21:38:39.064000"
        },
        {
            "utterance_id": 24,
            "interlocutor_id": "AN",
            "text": "I see, does being of different sexes lead them to act separately more?",
            "timestamp": "2022-08-07T21:38:56.804000"
        },
        {
            "utterance_id": 25,
            "interlocutor_id": "AX",
            "text": "But you know, they do talk together and take turns cooking, so they have their communication.",
            "timestamp": "2022-08-07T21:39:28.151000"
        },
        {
            "utterance_id": 26,
            "interlocutor_id": "AN",
            "text": "That sounds like they get along quite well!",
            "timestamp": "2022-08-07T21:39:50.735000"
        },
        {
            "utterance_id": 27,
            "interlocutor_id": "AX",
            "text": "They grow up so fast in no time at all.",
            "timestamp": "2022-08-07T21:40:02.453000"
        },
        {
            "utterance_id": 28,
            "interlocutor_id": "AN",
            "text": "I hope my kids grow up to be close and strong.",
            "timestamp": "2022-08-07T21:40:24.143000"
        },
        {
            "utterance_id": 29,
            "interlocutor_id": "AX",
            "text": "It's alright; the hard work with water tasks will definitely pay off.",
            "timestamp": "2022-08-07T21:40:39.373000"
        },
        {
            "utterance_id": 30,
            "interlocutor_id": "AN",
            "text": "Yes. Thank you for chatting with me.",
            "timestamp": "2022-08-07T21:41:05.303000"
        }
    ],
    "evaluations": [
        {
            "interlocutor_id": "AN",
            "informativeness": 5,
            "comprehension": 5,
            "familiarity": 5,
            "interest": 5,
            "proactiveness": 5,
            "satisfaction": 5
        },
        {
            "interlocutor_id": "AX",
            "informativeness": 5,
            "comprehension": 5,
            "familiarity": 5,
            "interest": 5,
            "proactiveness": 5,
            "satisfaction": 5
        }
    ]
}