{
    "dialogue_id": 283,
    "interlocutors": [
        "AX",
        "AN"
    ],
    "utterances": [
        {
            "utterance_id": 0,
            "interlocutor_id": "AX",
            "text": "Thank you for your hard work.",
            "timestamp": "2022-08-07T21:20:04.778000"
        },
        {
            "utterance_id": 1,
            "interlocutor_id": "AN",
            "text": "Thank you for your hard work!",
            "timestamp": "2022-08-07T21:20:10.570000"
        },
        {
            "utterance_id": 2,
            "interlocutor_id": "AX",
            "text": "When it's hot, I tend to want to eat cold things, how about you?",
            "timestamp": "2022-08-07T21:20:27.652000"
        },
        {
            "utterance_id": 3,
            "interlocutor_id": "AN",
            "text": "Same here. I actually had ice cream after my bath today.",
            "timestamp": "2022-08-07T21:20:45.785000"
        },
        {
            "utterance_id": 4,
            "interlocutor_id": "AX",
            "text": "That sounds nice. I've heard there's an Ice Cream Expo happening in Osaka right now.",
            "timestamp": "2022-08-07T21:21:01.835000"
        },
        {
            "utterance_id": 5,
            "interlocutor_id": "AN",
            "text": "Is it at the department store in Tennoji by any chance?",
            "timestamp": "2022-08-07T21:21:15.077000"
        },
        {
            "utterance_id": 6,
            "interlocutor_id": "AX",
            "text": "Yes, exactly. You're really knowledgeable about the local area. Have you already been?",
            "timestamp": "2022-08-07T21:21:29.108000"
        },
        {
            "utterance_id": 7,
            "interlocutor_id": "AN",
            "text": "Not yet. Have you been yet?",
            "timestamp": "2022-08-07T21:21:44.733000"
        },
        {
            "utterance_id": 8,
            "interlocutor_id": "AX",
            "text": "No, but my wife has gone to her part-time job there.",
            "timestamp": "2022-08-07T21:21:55.529000"
        },
        {
            "utterance_id": 9,
            "interlocutor_id": "AN",
            "text": "Is that so? That sounds like a fun part-time job!",
            "timestamp": "2022-08-07T21:22:08.805000"
        },
        {
            "utterance_id": 10,
            "interlocutor_id": "AX",
            "text": "She said it looks interesting and went there. I hear Horieemon was there too.",
            "timestamp": "2022-08-07T21:22:29.606000"
        },
        {
            "utterance_id": 11,
            "interlocutor_id": "AN",
            "text": "Wow, Horieemon! I wonder if he was there as a customer?",
            "timestamp": "2022-08-07T21:22:54.084000"
        },
        {
            "utterance_id": 12,
            "interlocutor_id": "AX",
            "text": "Apparently, he was there promoting the shop for a live stream.",
            "timestamp": "2022-08-07T21:23:12.448000"
        },
        {
            "utterance_id": 13,
            "interlocutor_id": "AN",
            "text": "I see. Actually, I've never been to the Ice Cream Expo.",
            "timestamp": "2022-08-07T21:23:38.146000"
        },
        {
            "utterance_id": 14,
            "interlocutor_id": "AX",
            "text": "I came to Kansai three years ago due to COVID, so I guess this is my first time too.",
            "timestamp": "2022-08-07T21:24:03.084000"
        },
        {
            "utterance_id": 15,
            "interlocutor_id": "AN",
            "text": "Is that so! I've been wanting to go just once, so maybe I should go.",
            "timestamp": "2022-08-07T21:24:47.485000"
        },
        {
            "utterance_id": 16,
            "interlocutor_id": "AX",
            "text": "I heard it's happening until next week. I also want to sneak a visit.",
            "timestamp": "2022-08-07T21:25:03.291000"
        },
        {
            "utterance_id": 17,
            "interlocutor_id": "AN",
            "text": "If it's until next week, I might be able to find time. Are you planning to check out how your wife is working?",
            "timestamp": "2022-08-07T21:25:28.542000"
        },
        {
            "utterance_id": 18,
            "interlocutor_id": "AX",
            "text": "I’m thinking it might be better not to see that. I might go when she’s not there.",
            "timestamp": "2022-08-07T21:25:44.847000"
        },
        {
            "utterance_id": 19,
            "interlocutor_id": "AN",
            "text": "I see. I think my kids would be happy if I took them, so I'll go with them.",
            "timestamp": "2022-08-07T21:26:26.762000"
        },
        {
            "utterance_id": 20,
            "interlocutor_id": "AX",
            "text": "That's true. My youngest is in middle school, so it's a bit tricky.",
            "timestamp": "2022-08-07T21:26:50.158000"
        },
        {
            "utterance_id": 21,
            "interlocutor_id": "AN",
            "text": "It's a good excuse to go out because you can say it's for ice cream!",
            "timestamp": "2022-08-07T21:27:21.689000"
        },
        {
            "utterance_id": 22,
            "interlocutor_id": "AX",
            "text": "You're right. I want to persuade them somehow to go.",
            "timestamp": "2022-08-07T21:27:40.038000"
        },
        {
            "utterance_id": 23,
            "interlocutor_id": "AN",
            "text": "By the time they're in middle school, do they go through a rebellious phase?",
            "timestamp": "2022-08-07T21:27:54.803000"
        },
        {
            "utterance_id": 24,
            "interlocutor_id": "AX",
            "text": "I think the rebellious phase was during the upper grades of elementary school. They have calmed down quite a bit now.",
            "timestamp": "2022-08-07T21:28:13.594000"
        },
        {
            "utterance_id": 25,
            "interlocutor_id": "AN",
            "text": "Wow, my oldest is five now, but I wonder if my child will go through a rebellious phase one day?",
            "timestamp": "2022-08-07T21:28:46.116000"
        },
        {
            "utterance_id": 26,
            "interlocutor_id": "AX",
            "text": "Right now is the most active time, where I can't take my eyes off them.",
            "timestamp": "2022-08-07T21:29:07.035000"
        },
        {
            "utterance_id": 27,
            "interlocutor_id": "AN",
            "text": "That's true, they have calmed down a lot. My youngest is two, so I can't take my eyes off them either.",
            "timestamp": "2022-08-07T21:29:37.765000"
        },
        {
            "utterance_id": 28,
            "interlocutor_id": "AX",
            "text": "At two years old, they can go anywhere, right? I think it must be tough.",
            "timestamp": "2022-08-07T21:29:52.023000"
        },
        {
            "utterance_id": 29,
            "interlocutor_id": "AN",
            "text": "Let’s both keep working hard in raising our kids!",
            "timestamp": "2022-08-07T21:30:10.221000"
        }
    ],
    "evaluations": [
        {
            "interlocutor_id": "AX",
            "informativeness": 5,
            "comprehension": 5,
            "familiarity": 5,
            "interest": 5,
            "proactiveness": 5,
            "satisfaction": 5
        },
        {
            "interlocutor_id": "AN",
            "informativeness": 5,
            "comprehension": 5,
            "familiarity": 5,
            "interest": 5,
            "proactiveness": 3,
            "satisfaction": 4
        }
    ]
}