{
    "dialogue_id": 289,
    "interlocutors": [
        "AX",
        "AN"
    ],
    "utterances": [
        {
            "utterance_id": 0,
            "interlocutor_id": "AX",
            "text": "Thank you for your hard work. I look forward to your support.",
            "timestamp": "2022-08-07T22:23:09.140000"
        },
        {
            "utterance_id": 1,
            "interlocutor_id": "AN",
            "text": "Thank you for your hard work. I'm looking forward to it!",
            "timestamp": "2022-08-07T22:23:19.969000"
        },
        {
            "utterance_id": 2,
            "interlocutor_id": "AX",
            "text": "Do you go to hot springs, by any chance?",
            "timestamp": "2022-08-07T22:23:31.600000"
        },
        {
            "utterance_id": 3,
            "interlocutor_id": "AN",
            "text": "I have a small child, so I haven't been able to go very much recently.",
            "timestamp": "2022-08-07T22:23:53.440000"
        },
        {
            "utterance_id": 4,
            "interlocutor_id": "AX",
            "text": "It's true that it's a bit hard to go when they're small, isn't it?",
            "timestamp": "2022-08-07T22:24:06.668000"
        },
        {
            "utterance_id": 5,
            "interlocutor_id": "AN",
            "text": "Yes. Do you often go to hot springs?",
            "timestamp": "2022-08-07T22:24:22.398000"
        },
        {
            "utterance_id": 6,
            "interlocutor_id": "AX",
            "text": "I haven't gone at all since COVID, but I used to go often before that.",
            "timestamp": "2022-08-07T22:24:47.428000"
        },
        {
            "utterance_id": 7,
            "interlocutor_id": "AN",
            "text": "Is that so? Do you have any particular hot springs you liked?",
            "timestamp": "2022-08-07T22:25:05.122000"
        },
        {
            "utterance_id": 8,
            "interlocutor_id": "AX",
            "text": "Kusatsu was fun, but Yamagata where I lived was unique in a different way.",
            "timestamp": "2022-08-07T22:25:24.534000"
        },
        {
            "utterance_id": 9,
            "interlocutor_id": "AN",
            "text": "If you don’t mind, could you tell me what makes it unique?",
            "timestamp": "2022-08-07T22:25:45.396000"
        },
        {
            "utterance_id": 10,
            "interlocutor_id": "AX",
            "text": "One hot spring is just a regular bathhouse, but surprisingly, it has no faucets.",
            "timestamp": "2022-08-07T22:26:10.156000"
        },
        {
            "utterance_id": 11,
            "interlocutor_id": "AN",
            "text": "Huh? Where does the water come from then?",
            "timestamp": "2022-08-07T22:26:29.510000"
        },
        {
            "utterance_id": 12,
            "interlocutor_id": "AX",
            "text": "Actually, you rent a faucet handle for 50 yen, which is quite a chaotic setup.",
            "timestamp": "2022-08-07T22:26:47.311000"
        },
        {
            "utterance_id": 13,
            "interlocutor_id": "AN",
            "text": "Wow, what is that! There's actually a bathhouse like that!",
            "timestamp": "2022-08-07T22:27:09.344000"
        },
        {
            "utterance_id": 14,
            "interlocutor_id": "AX",
            "text": "Yes, it comes with a string that you wear around your neck. You use that to get the water flowing.",
            "timestamp": "2022-08-07T22:27:30.385000"
        },
        {
            "utterance_id": 15,
            "interlocutor_id": "AN",
            "text": "Why on earth is it set up like that?",
            "timestamp": "2022-08-07T22:27:46.574000"
        },
        {
            "utterance_id": 16,
            "interlocutor_id": "AX",
            "text": "Well, apparently, the pricing for bathing in the area is regulated, and they can't make a profit, so they decided on the faucet situation.",
            "timestamp": "2022-08-07T22:28:21.473000"
        },
        {
            "utterance_id": 17,
            "interlocutor_id": "AN",
            "text": "I see, so it's a way to prevent wasting water and to encourage conservation?",
            "timestamp": "2022-08-07T22:28:56.930000"
        },
        {
            "utterance_id": 18,
            "interlocutor_id": "AX",
            "text": "Exactly. By the way, it’s known as the origin of \"The Grateful Crane.\" There are other unique ones too.",
            "timestamp": "2022-08-07T22:29:20.108000"
        },
        {
            "utterance_id": 19,
            "interlocutor_id": "AN",
            "text": "Is that so? I didn't know that.",
            "timestamp": "2022-08-07T22:29:34.535000"
        },
        {
            "utterance_id": 20,
            "interlocutor_id": "AX",
            "text": "Also, there's an unmanned hot spring where the hot water overflows on certain days.",
            "timestamp": "2022-08-07T22:29:58.818000"
        },
        {
            "utterance_id": 21,
            "interlocutor_id": "AN",
            "text": "Wait, that sounds like a huge waste of water!",
            "timestamp": "2022-08-07T22:30:25.263000"
        },
        {
            "utterance_id": 22,
            "interlocutor_id": "AX",
            "text": "There's a spot at the entrance where you can drop in the fee, and once you enter, it’s unmanned. If it rains, the source water gets affected and overflows.",
            "timestamp": "2022-08-07T22:31:03.714000"
        },
        {
            "utterance_id": 23,
            "interlocutor_id": "AN",
            "text": "I see! So that's how it works. There really are so many different hot springs and bathhouses.",
            "timestamp": "2022-08-07T22:31:37.741000"
        },
        {
            "utterance_id": 24,
            "interlocutor_id": "AX",
            "text": "Yes, indeed. The last time, I thought it would be a popular hot spring, so I went to the parking lot.",
            "timestamp": "2022-08-07T22:32:03.488000"
        },
        {
            "utterance_id": 25,
            "interlocutor_id": "AN",
            "text": "Uh-huh, how did that go?",
            "timestamp": "2022-08-07T22:32:20.277000"
        },
        {
            "utterance_id": 26,
            "interlocutor_id": "AX",
            "text": "But you know, I got out of the car and decided not to go in. The reason is that I could already see everything from afar.",
            "timestamp": "2022-08-07T22:32:40.358000"
        },
        {
            "utterance_id": 27,
            "interlocutor_id": "AN",
            "text": "?? What do you mean?",
            "timestamp": "2022-08-07T22:32:55.784000"
        },
        {
            "utterance_id": 28,
            "interlocutor_id": "AX",
            "text": "Even though it was about 100 meters away, I could already see naked men clearly. I thought that was a bit much.",
            "timestamp": "2022-08-07T22:33:24.990000"
        },
        {
            "utterance_id": 29,
            "interlocutor_id": "AN",
            "text": "Wow! That's not okay. Thank you so much for sharing so many interesting stories.",
            "timestamp": "2022-08-07T22:33:53.021000"
        }
    ],
    "evaluations": [
        {
            "interlocutor_id": "AX",
            "informativeness": 5,
            "comprehension": 5,
            "familiarity": 5,
            "interest": 5,
            "proactiveness": 5,
            "satisfaction": 5
        },
        {
            "interlocutor_id": "AN",
            "informativeness": 5,
            "comprehension": 5,
            "familiarity": 4,
            "interest": 5,
            "proactiveness": 5,
            "satisfaction": 5
        }
    ]
}