{
    "dialogue_id": 285,
    "interlocutors": [
        "AX",
        "AN"
    ],
    "utterances": [
        {
            "utterance_id": 0,
            "interlocutor_id": "AX",
            "text": "Good evening. Nice to meet you.",
            "timestamp": "2022-08-07T21:41:00.091000"
        },
        {
            "utterance_id": 1,
            "interlocutor_id": "AN",
            "text": "Good evening, nice to meet you.",
            "timestamp": "2022-08-07T21:41:16.809000"
        },
        {
            "utterance_id": 2,
            "interlocutor_id": "AX",
            "text": "Do you not drink much alcohol?",
            "timestamp": "2022-08-07T21:41:32.578000"
        },
        {
            "utterance_id": 3,
            "interlocutor_id": "AN",
            "text": "I actually drink quite a bit. How about you?",
            "timestamp": "2022-08-07T21:41:52.109000"
        },
        {
            "utterance_id": 4,
            "interlocutor_id": "AX",
            "text": "I drink sometimes. There was an interesting bar the other day.",
            "timestamp": "2022-08-07T21:42:11.076000"
        },
        {
            "utterance_id": 5,
            "interlocutor_id": "AN",
            "text": "What kind of bar was it?",
            "timestamp": "2022-08-07T21:42:26.368000"
        },
        {
            "utterance_id": 6,
            "interlocutor_id": "AX",
            "text": "It was my first time there, but I realized halfway through that the clientele was strange.",
            "timestamp": "2022-08-07T21:42:44.163000"
        },
        {
            "utterance_id": 7,
            "interlocutor_id": "AN",
            "text": "What kind of clientele was it?",
            "timestamp": "2022-08-07T21:43:00.973000"
        },
        {
            "utterance_id": 8,
            "interlocutor_id": "AX",
            "text": "It was dark, so I didn’t notice at first, but everyone was in their 70s or older.",
            "timestamp": "2022-08-07T21:43:22.123000"
        },
        {
            "utterance_id": 9,
            "interlocutor_id": "AN",
            "text": "That sounds like quite a silver space!",
            "timestamp": "2022-08-07T21:43:42.786000"
        },
        {
            "utterance_id": 10,
            "interlocutor_id": "AX",
            "text": "There were both men and women, and the conversations were incredible.",
            "timestamp": "2022-08-07T21:43:57.700000"
        },
        {
            "utterance_id": 11,
            "interlocutor_id": "AN",
            "text": "I'm curious about the conversation content!",
            "timestamp": "2022-08-07T21:44:13.441000"
        },
        {
            "utterance_id": 12,
            "interlocutor_id": "AX",
            "text": "For some reason, someone started talking about how they fell at the entrance and got seven stitches.",
            "timestamp": "2022-08-07T21:44:37.398000"
        },
        {
            "utterance_id": 13,
            "interlocutor_id": "AN",
            "text": "Wow, that's bad! That's a serious injury!",
            "timestamp": "2022-08-07T21:44:53.098000"
        },
        {
            "utterance_id": 14,
            "interlocutor_id": "AX",
            "text": "The entrance wasn't that high, though. I was shocked.",
            "timestamp": "2022-08-07T21:45:08.468000"
        },
        {
            "utterance_id": 15,
            "interlocutor_id": "AN",
            "text": "Is that something you should be drinking about? I couldn't tell if it was a grandfather or grandmother.",
            "timestamp": "2022-08-07T21:45:42.373000"
        },
        {
            "utterance_id": 16,
            "interlocutor_id": "AX",
            "text": "That person was female. She was a grandmother.",
            "timestamp": "2022-08-07T21:45:59.796000"
        },
        {
            "utterance_id": 17,
            "interlocutor_id": "AN",
            "text": "Grandmother, please stay home and rest!",
            "timestamp": "2022-08-07T21:46:15.387000"
        },
        {
            "utterance_id": 18,
            "interlocutor_id": "AX",
            "text": "It’s located in Higashimikuni. The bartender was a woman in her 40s.",
            "timestamp": "2022-08-07T21:46:33.247000"
        },
        {
            "utterance_id": 19,
            "interlocutor_id": "AN",
            "text": "Higashimikuni, huh? There are quite a few deep bars there.",
            "timestamp": "2022-08-07T21:46:52.342000"
        },
        {
            "utterance_id": 20,
            "interlocutor_id": "AX",
            "text": "It's on my way home from work. The surrounding clientele made the bartender look younger.",
            "timestamp": "2022-08-07T21:47:18.345000"
        },
        {
            "utterance_id": 21,
            "interlocutor_id": "AN",
            "text": "That’s true, if everyone around is in their 70s, then a person in their 40s looks pretty young.",
            "timestamp": "2022-08-07T21:47:40.365000"
        },
        {
            "utterance_id": 22,
            "interlocutor_id": "AX",
            "text": "Well, I couldn't feel it to that extent. Not to the point of looking young.",
            "timestamp": "2022-08-07T21:48:01.888000"
        },
        {
            "utterance_id": 23,
            "interlocutor_id": "AN",
            "text": "It seems you found it a bit of a stretch to say \"young.\"",
            "timestamp": "2022-08-07T21:48:16.617000"
        },
        {
            "utterance_id": 24,
            "interlocutor_id": "AX",
            "text": "But I did think that for a moment. I was really careful about my feet on the way home.",
            "timestamp": "2022-08-07T21:48:34.757000"
        },
        {
            "utterance_id": 25,
            "interlocutor_id": "AN",
            "text": "If you get injured, it would be quite serious.",
            "timestamp": "2022-08-07T21:48:45.007000"
        },
        {
            "utterance_id": 26,
            "interlocutor_id": "AX",
            "text": "We are of the same kind. I am joining the ranks of old men.",
            "timestamp": "2022-08-07T21:48:57.502000"
        },
        {
            "utterance_id": 27,
            "interlocutor_id": "AN",
            "text": "My husband has broken his front teeth from drinking too much before.",
            "timestamp": "2022-08-07T21:49:14.493000"
        },
        {
            "utterance_id": 28,
            "interlocutor_id": "AX",
            "text": "That sounds quite dangerous. Like a case where he didn’t control himself. Take care.",
            "timestamp": "2022-08-07T21:49:31.739000"
        },
        {
            "utterance_id": 29,
            "interlocutor_id": "AN",
            "text": "Yes, let's both be careful.",
            "timestamp": "2022-08-07T21:49:44.194000"
        }
    ],
    "evaluations": [
        {
            "interlocutor_id": "AX",
            "informativeness": 5,
            "comprehension": 5,
            "familiarity": 5,
            "interest": 5,
            "proactiveness": 5,
            "satisfaction": 5
        },
        {
            "interlocutor_id": "AN",
            "informativeness": 5,
            "comprehension": 5,
            "familiarity": 5,
            "interest": 5,
            "proactiveness": 5,
            "satisfaction": 5
        }
    ]
}