{
    "dialogue_id": 287,
    "interlocutors": [
        "AX",
        "AN"
    ],
    "utterances": [
        {
            "utterance_id": 0,
            "interlocutor_id": "AX",
            "text": "Thank you for your hard work.",
            "timestamp": "2022-08-07T22:01:15.359000"
        },
        {
            "utterance_id": 1,
            "interlocutor_id": "AN",
            "text": "Thanks for your hard work today, nice to meet you!",
            "timestamp": "2022-08-07T22:01:29.248000"
        },
        {
            "utterance_id": 2,
            "interlocutor_id": "AX",
            "text": "What kind of alcohol do you like?",
            "timestamp": "2022-08-07T22:01:38.921000"
        },
        {
            "utterance_id": 3,
            "interlocutor_id": "AN",
            "text": "I often drink beer and wine!",
            "timestamp": "2022-08-07T22:01:51.409000"
        },
        {
            "utterance_id": 4,
            "interlocutor_id": "AX",
            "text": "Oh, that’s nice. I like standing wine bars.",
            "timestamp": "2022-08-07T22:02:10.344000"
        },
        {
            "utterance_id": 5,
            "interlocutor_id": "AN",
            "text": "I haven't gone out for drinks lately, so I'm really envious.",
            "timestamp": "2022-08-07T22:02:37.921000"
        },
        {
            "utterance_id": 6,
            "interlocutor_id": "AX",
            "text": "I haven't been able to go since I came to Osaka either. Only been to that strange bar twice.",
            "timestamp": "2022-08-07T22:02:55.897000"
        },
        {
            "utterance_id": 7,
            "interlocutor_id": "AN",
            "text": "Don't you encounter strange bars quite often?",
            "timestamp": "2022-08-07T22:03:15.253000"
        },
        {
            "utterance_id": 8,
            "interlocutor_id": "AX",
            "text": "Well, I went back to confirm the situation from the first visit.",
            "timestamp": "2022-08-07T22:03:32.949000"
        },
        {
            "utterance_id": 9,
            "interlocutor_id": "AN",
            "text": "Wait, you went for a second visit!",
            "timestamp": "2022-08-07T22:03:45.114000"
        },
        {
            "utterance_id": 10,
            "interlocutor_id": "AX",
            "text": "No. I thought it was just a coincidence and went because I was curious.",
            "timestamp": "2022-08-07T22:04:01.175000"
        },
        {
            "utterance_id": 11,
            "interlocutor_id": "AN",
            "text": "Was there anything interesting on the second visit?",
            "timestamp": "2022-08-07T22:04:20.392000"
        },
        {
            "utterance_id": 12,
            "interlocutor_id": "AX",
            "text": "The clientele was the same on the second visit. That's just how that place is.",
            "timestamp": "2022-08-07T22:04:40.504000"
        },
        {
            "utterance_id": 13,
            "interlocutor_id": "AN",
            "text": "I guess it must be a bar frequented by the silver generation.",
            "timestamp": "2022-08-07T22:05:02.610000"
        },
        {
            "utterance_id": 14,
            "interlocutor_id": "AX",
            "text": "It felt a bit complicated since it was my first bar in Osaka in a while.",
            "timestamp": "2022-08-07T22:05:25.136000"
        },
        {
            "utterance_id": 15,
            "interlocutor_id": "AN",
            "text": "There are many better bars, so don’t be discouraged!",
            "timestamp": "2022-08-07T22:05:49.411000"
        },
        {
            "utterance_id": 16,
            "interlocutor_id": "AX",
            "text": "Is that so? I still can’t feel it.",
            "timestamp": "2022-08-07T22:06:02.065000"
        },
        {
            "utterance_id": 17,
            "interlocutor_id": "AN",
            "text": "Osaka has many good places, but Kyoto has some wonderful bars too.",
            "timestamp": "2022-08-07T22:06:21.408000"
        },
        {
            "utterance_id": 18,
            "interlocutor_id": "AX",
            "text": "Kyoto seems lovely. Just the atmosphere of that city.",
            "timestamp": "2022-08-07T22:06:45.873000"
        },
        {
            "utterance_id": 19,
            "interlocutor_id": "AN",
            "text": "There are many atmospheric bars. The bar in Kyoto with a great selection of whiskey was the best.",
            "timestamp": "2022-08-07T22:07:35.843000"
        },
        {
            "utterance_id": 20,
            "interlocutor_id": "AX",
            "text": "Oh, that sounds authentic. I want to check that out.",
            "timestamp": "2022-08-07T22:07:57.304000"
        },
        {
            "utterance_id": 21,
            "interlocutor_id": "AN",
            "text": "Definitely, if you get the chance, please visit.",
            "timestamp": "2022-08-07T22:08:08.553000"
        },
        {
            "utterance_id": 22,
            "interlocutor_id": "AX",
            "text": "Right. I'll explore various places. I haven't been able to go to Kyoto much.",
            "timestamp": "2022-08-07T22:08:35.047000"
        },
        {
            "utterance_id": 23,
            "interlocutor_id": "AN",
            "text": "It was hard to go out because of COVID.",
            "timestamp": "2022-08-07T22:08:58.076000"
        },
        {
            "utterance_id": 24,
            "interlocutor_id": "AX",
            "text": "That’s right. In the first year, most places were closed, so I didn't feel like going out.",
            "timestamp": "2022-08-07T22:09:21.829000"
        },
        {
            "utterance_id": 25,
            "interlocutor_id": "AN",
            "text": "Indeed, most shops had their shutters down.",
            "timestamp": "2022-08-07T22:09:36.442000"
        },
        {
            "utterance_id": 26,
            "interlocutor_id": "AX",
            "text": "Exactly. I finally felt like going out recently, but with the cases rising again, it’s a bit tricky.",
            "timestamp": "2022-08-07T22:09:54.640000"
        },
        {
            "utterance_id": 27,
            "interlocutor_id": "AN",
            "text": "It feels like it was finally getting better, but then it got tricky again.",
            "timestamp": "2022-08-07T22:10:21.641000"
        },
        {
            "utterance_id": 28,
            "interlocutor_id": "AX",
            "text": "That’s true. That’s why there’s been a lot of drinking at home.",
            "timestamp": "2022-08-07T22:10:42.726000"
        },
        {
            "utterance_id": 29,
            "interlocutor_id": "AN",
            "text": "Same here. I hope everyday life returns soon.",
            "timestamp": "2022-08-07T22:10:55.751000"
        }
    ],
    "evaluations": [
        {
            "interlocutor_id": "AX",
            "informativeness": 5,
            "comprehension": 5,
            "familiarity": 5,
            "interest": 5,
            "proactiveness": 5,
            "satisfaction": 5
        },
        {
            "interlocutor_id": "AN",
            "informativeness": 5,
            "comprehension": 4,
            "familiarity": 5,
            "interest": 5,
            "proactiveness": 5,
            "satisfaction": 5
        }
    ]
}