{
    "dialogue_id": 292,
    "interlocutors": [
        "AY",
        "AT"
    ],
    "utterances": [
        {
            "utterance_id": 0,
            "interlocutor_id": "AY",
            "text": "Good evening.",
            "timestamp": "2022-08-11T17:12:14.812000"
        },
        {
            "utterance_id": 1,
            "interlocutor_id": "AT",
            "text": "Good evening!",
            "timestamp": "2022-08-11T17:12:23.862000"
        },
        {
            "utterance_id": 2,
            "interlocutor_id": "AY",
            "text": "What food do you like?",
            "timestamp": "2022-08-11T17:12:58.645000"
        },
        {
            "utterance_id": 3,
            "interlocutor_id": "AT",
            "text": "I like anything, but if we're talking about what I want to eat right now, I want a cold parfait.",
            "timestamp": "2022-08-11T17:13:34.819000"
        },
        {
            "utterance_id": 4,
            "interlocutor_id": "AY",
            "text": "Oh! That sounds nice! You like sweets, don't you?",
            "timestamp": "2022-08-11T17:13:57.337000"
        },
        {
            "utterance_id": 5,
            "interlocutor_id": "AT",
            "text": "Yes, I like sushi, pizza, grilled meat, and various other things.",
            "timestamp": "2022-08-11T17:14:41.115000"
        },
        {
            "utterance_id": 6,
            "interlocutor_id": "AY",
            "text": "There are so many options, and they all sound healthy and wonderful!",
            "timestamp": "2022-08-11T17:15:13.431000"
        },
        {
            "utterance_id": 7,
            "interlocutor_id": "AT",
            "text": "Do you have any favorite foods?",
            "timestamp": "2022-08-11T17:15:30.103000"
        },
        {
            "utterance_id": 8,
            "interlocutor_id": "AY",
            "text": "I feel the same way as you! I also like pasta!",
            "timestamp": "2022-08-11T17:15:53.378000"
        },
        {
            "utterance_id": 9,
            "interlocutor_id": "AT",
            "text": "That's great, what kind of pasta do you particularly like?",
            "timestamp": "2022-08-11T17:16:06.330000"
        },
        {
            "utterance_id": 10,
            "interlocutor_id": "AY",
            "text": "I like carbonara and tomato sauce among others.",
            "timestamp": "2022-08-11T17:16:25.582000"
        },
        {
            "utterance_id": 11,
            "interlocutor_id": "AT",
            "text": "I like them too, and I also like mentaiko spaghetti.",
            "timestamp": "2022-08-11T17:17:09.393000"
        },
        {
            "utterance_id": 12,
            "interlocutor_id": "AY",
            "text": "Ah! I forgot! I also like mentaiko.",
            "timestamp": "2022-08-11T17:17:24.140000"
        },
        {
            "utterance_id": 13,
            "interlocutor_id": "AT",
            "text": "It's easy to make if it's not authentic, right?",
            "timestamp": "2022-08-11T17:17:48.700000"
        },
        {
            "utterance_id": 14,
            "interlocutor_id": "AY",
            "text": "Yes. There are also ready-made options now.",
            "timestamp": "2022-08-11T17:18:04.511000"
        },
        {
            "utterance_id": 15,
            "interlocutor_id": "AT",
            "text": "Yes, and there are frozen ones too.",
            "timestamp": "2022-08-11T17:18:12.582000"
        },
        {
            "utterance_id": 16,
            "interlocutor_id": "AY",
            "text": "Right, when you think about it, pasta is quite fortunate.",
            "timestamp": "2022-08-11T17:18:28.198000"
        },
        {
            "utterance_id": 17,
            "interlocutor_id": "AT",
            "text": "I feel really sorry for anyone who dislikes pasta.",
            "timestamp": "2022-08-11T17:18:52.693000"
        },
        {
            "utterance_id": 18,
            "interlocutor_id": "AY",
            "text": "Ahaha. That's true! But frozen food has been pretty delicious recently, right?",
            "timestamp": "2022-08-11T17:19:14.485000"
        },
        {
            "utterance_id": 19,
            "interlocutor_id": "AT",
            "text": "Yes, I eat various things like pizza, takoyaki, and fried chicken.",
            "timestamp": "2022-08-11T17:19:39.446000"
        },
        {
            "utterance_id": 20,
            "interlocutor_id": "AY",
            "text": "I also might like gyoza and fried rice.",
            "timestamp": "2022-08-11T17:20:16.301000"
        },
        {
            "utterance_id": 21,
            "interlocutor_id": "AT",
            "text": "Those are usually even tastier than what you can make yourself, they're the best.",
            "timestamp": "2022-08-11T17:20:32.595000"
        },
        {
            "utterance_id": 22,
            "interlocutor_id": "AY",
            "text": "Yes. Do you use them often?",
            "timestamp": "2022-08-11T17:20:52.056000"
        },
        {
            "utterance_id": 23,
            "interlocutor_id": "AT",
            "text": "Yes, I keep some at home so I can eat them anytime.",
            "timestamp": "2022-08-11T17:21:04.862000"
        },
        {
            "utterance_id": 24,
            "interlocutor_id": "AY",
            "text": "Ahaha. Me too!",
            "timestamp": "2022-08-11T17:21:18.719000"
        },
        {
            "utterance_id": 25,
            "interlocutor_id": "AT",
            "text": "Conversely, I haven't really been going out to eat at restaurants much.",
            "timestamp": "2022-08-11T17:21:39.633000"
        },
        {
            "utterance_id": 26,
            "interlocutor_id": "AY",
            "text": "That's true. It might be more reassuring to eat at home.",
            "timestamp": "2022-08-11T17:21:58.569000"
        },
        {
            "utterance_id": 27,
            "interlocutor_id": "AT",
            "text": "And drinks can also add up quite a bit.",
            "timestamp": "2022-08-11T17:22:48.030000"
        },
        {
            "utterance_id": 28,
            "interlocutor_id": "AY",
            "text": "Yes! Prices have been rising recently, it's tough!",
            "timestamp": "2022-08-11T17:23:08.797000"
        },
        {
            "utterance_id": 29,
            "interlocutor_id": "AT",
            "text": "Me too, let's both be careful about overspending!",
            "timestamp": "2022-08-11T17:23:29.276000"
        }
    ],
    "evaluations": [
        {
            "interlocutor_id": "AY",
            "informativeness": 5,
            "comprehension": 5,
            "familiarity": 5,
            "interest": 5,
            "proactiveness": 5,
            "satisfaction": 5
        },
        {
            "interlocutor_id": "AT",
            "informativeness": 5,
            "comprehension": 4,
            "familiarity": 4,
            "interest": 4,
            "proactiveness": 3,
            "satisfaction": 4
        }
    ]
}