{
    "dialogue_id": 294,
    "interlocutors": [
        "AY",
        "AT"
    ],
    "utterances": [
        {
            "utterance_id": 0,
            "interlocutor_id": "AY",
            "text": "Nice to meet you.",
            "timestamp": "2022-08-11T17:37:03.879000"
        },
        {
            "utterance_id": 1,
            "interlocutor_id": "AT",
            "text": "Thank you for your kindness.",
            "timestamp": "2022-08-11T17:37:10.497000"
        },
        {
            "utterance_id": 2,
            "interlocutor_id": "AY",
            "text": "Yes. Do you travel often?",
            "timestamp": "2022-08-11T17:37:27.667000"
        },
        {
            "utterance_id": 3,
            "interlocutor_id": "AT",
            "text": "I used to go, but I haven't been able to lately. Do you like to travel?",
            "timestamp": "2022-08-11T17:37:56.214000"
        },
        {
            "utterance_id": 4,
            "interlocutor_id": "AY",
            "text": "I quite like it.",
            "timestamp": "2022-08-11T17:38:09.569000"
        },
        {
            "utterance_id": 5,
            "interlocutor_id": "AT",
            "text": "Where did you travel most recently?",
            "timestamp": "2022-08-11T17:38:22.508000"
        },
        {
            "utterance_id": 6,
            "interlocutor_id": "AY",
            "text": "Taiwan.",
            "timestamp": "2022-08-11T17:38:34.461000"
        },
        {
            "utterance_id": 7,
            "interlocutor_id": "AT",
            "text": "Oh, I've never been to Taiwan. How was it?",
            "timestamp": "2022-08-11T17:38:56.036000"
        },
        {
            "utterance_id": 8,
            "interlocutor_id": "AY",
            "text": "Hmm. It was hot!",
            "timestamp": "2022-08-11T17:39:07.012000"
        },
        {
            "utterance_id": 9,
            "interlocutor_id": "AT",
            "text": "Is the climate the same as Japan?",
            "timestamp": "2022-08-11T17:39:29.439000"
        },
        {
            "utterance_id": 10,
            "interlocutor_id": "AY",
            "text": "It felt a bit muggy.",
            "timestamp": "2022-08-11T17:39:43.714000"
        },
        {
            "utterance_id": 11,
            "interlocutor_id": "AT",
            "text": "I see, how many nights did you stay?",
            "timestamp": "2022-08-11T17:40:05.213000"
        },
        {
            "utterance_id": 12,
            "interlocutor_id": "AY",
            "text": "I went for five days and was very satisfied!",
            "timestamp": "2022-08-11T17:40:24.277000"
        },
        {
            "utterance_id": 13,
            "interlocutor_id": "AT",
            "text": "That sounds nice; it's close in distance, and everyone who's been there says good things.",
            "timestamp": "2022-08-11T17:40:55.685000"
        },
        {
            "utterance_id": 14,
            "interlocutor_id": "AY",
            "text": "Yes. It's a country where you can travel with peace of mind.",
            "timestamp": "2022-08-11T17:41:20.452000"
        },
        {
            "utterance_id": 15,
            "interlocutor_id": "AT",
            "text": "I have the impression that the food is delicious too.",
            "timestamp": "2022-08-11T17:42:02.562000"
        },
        {
            "utterance_id": 16,
            "interlocutor_id": "AY",
            "text": "Yes. Mangoes and bubble tea, for example.",
            "timestamp": "2022-08-11T17:42:25.895000"
        },
        {
            "utterance_id": 17,
            "interlocutor_id": "AT",
            "text": "Both are amazing! I'll definitely go at least once!",
            "timestamp": "2022-08-11T17:43:09.124000"
        },
        {
            "utterance_id": 18,
            "interlocutor_id": "AY",
            "text": "Yes. I recommend it! What kind of places do you travel to?",
            "timestamp": "2022-08-11T17:43:37.620000"
        },
        {
            "utterance_id": 19,
            "interlocutor_id": "AT",
            "text": "I've been to China and Korea.",
            "timestamp": "2022-08-11T17:43:49.357000"
        },
        {
            "utterance_id": 20,
            "interlocutor_id": "AY",
            "text": "Oh! How was China?",
            "timestamp": "2022-08-11T17:44:05.597000"
        },
        {
            "utterance_id": 21,
            "interlocutor_id": "AT",
            "text": "It wasn't bad; I want to explore Beijing more.",
            "timestamp": "2022-08-11T17:44:56.281000"
        },
        {
            "utterance_id": 22,
            "interlocutor_id": "AY",
            "text": "Hey, wasn't it scary?",
            "timestamp": "2022-08-11T17:45:07.598000"
        },
        {
            "utterance_id": 23,
            "interlocutor_id": "AT",
            "text": "The crosswalks were scary; cars turned without a care even on green lights.",
            "timestamp": "2022-08-11T17:45:37.910000"
        },
        {
            "utterance_id": 24,
            "interlocutor_id": "AY",
            "text": "Wow! That could happen. How about the food?",
            "timestamp": "2022-08-11T17:45:54.652000"
        },
        {
            "utterance_id": 25,
            "interlocutor_id": "AT",
            "text": "I was taken to some delicious places by a local acquaintance, so that was good.",
            "timestamp": "2022-08-11T17:46:11.591000"
        },
        {
            "utterance_id": 26,
            "interlocutor_id": "AY",
            "text": "What was number one?",
            "timestamp": "2022-08-11T17:46:23.811000"
        },
        {
            "utterance_id": 27,
            "interlocutor_id": "AT",
            "text": "The impact of hot pot is strong.",
            "timestamp": "2022-08-11T17:46:48.519000"
        },
        {
            "utterance_id": 28,
            "interlocutor_id": "AY",
            "text": "Oh! Spicy food is famous, right?",
            "timestamp": "2022-08-11T17:47:02.456000"
        },
        {
            "utterance_id": 29,
            "interlocutor_id": "AT",
            "text": "Yes, China is vast so I want to visit other regions too!",
            "timestamp": "2022-08-11T17:47:35.968000"
        },
        {
            "utterance_id": 30,
            "interlocutor_id": "AY",
            "text": "Thank you for the wonderful story!",
            "timestamp": "2022-08-11T17:47:55.299000"
        }
    ],
    "evaluations": [
        {
            "interlocutor_id": "AY",
            "informativeness": 5,
            "comprehension": 5,
            "familiarity": 5,
            "interest": 5,
            "proactiveness": 5,
            "satisfaction": 5
        },
        {
            "interlocutor_id": "AT",
            "informativeness": 3,
            "comprehension": 5,
            "familiarity": 4,
            "interest": 4,
            "proactiveness": 5,
            "satisfaction": 3
        }
    ]
}