{
    "dialogue_id": 291,
    "interlocutors": [
        "AT",
        "AY"
    ],
    "utterances": [
        {
            "utterance_id": 0,
            "interlocutor_id": "AT",
            "text": "Nice to meet you, thank you very much.",
            "timestamp": "2022-08-11T16:59:49.938000"
        },
        {
            "utterance_id": 1,
            "interlocutor_id": "AY",
            "text": "Nice to meet you too.",
            "timestamp": "2022-08-11T17:00:16.456000"
        },
        {
            "utterance_id": 2,
            "interlocutor_id": "AT",
            "text": "Are you spending the day at home?",
            "timestamp": "2022-08-11T17:00:43.597000"
        },
        {
            "utterance_id": 3,
            "interlocutor_id": "AY",
            "text": "Yes. It's so hot that I don't feel like going outside.",
            "timestamp": "2022-08-11T17:01:01.122000"
        },
        {
            "utterance_id": 4,
            "interlocutor_id": "AT",
            "text": "I'm the same, I was just taking a nap.",
            "timestamp": "2022-08-11T17:01:20.731000"
        },
        {
            "utterance_id": 5,
            "interlocutor_id": "AY",
            "text": "Haha, me too!",
            "timestamp": "2022-08-11T17:01:34.300000"
        },
        {
            "utterance_id": 6,
            "interlocutor_id": "AT",
            "text": "Napping feels good, are you going shopping later?",
            "timestamp": "2022-08-11T17:02:10.534000"
        },
        {
            "utterance_id": 7,
            "interlocutor_id": "AY",
            "text": "That's right! You really understand!",
            "timestamp": "2022-08-11T17:02:30.711000"
        },
        {
            "utterance_id": 8,
            "interlocutor_id": "AT",
            "text": "I thought it would be on a schedule like this when I think about preparing dinner!",
            "timestamp": "2022-08-11T17:03:02.974000"
        },
        {
            "utterance_id": 9,
            "interlocutor_id": "AY",
            "text": "Exactly. And I'm still undecided about the menu.",
            "timestamp": "2022-08-11T17:03:15.424000"
        },
        {
            "utterance_id": 10,
            "interlocutor_id": "AT",
            "text": "What did you eat yesterday?",
            "timestamp": "2022-08-11T17:03:33.739000"
        },
        {
            "utterance_id": 11,
            "interlocutor_id": "AY",
            "text": "I had hamburgers yesterday!",
            "timestamp": "2022-08-11T17:03:44.031000"
        },
        {
            "utterance_id": 12,
            "interlocutor_id": "AT",
            "text": "Oh, that sounds nice! Then today you'd prefer something other than meat, right?",
            "timestamp": "2022-08-11T17:04:23.293000"
        },
        {
            "utterance_id": 13,
            "interlocutor_id": "AY",
            "text": "That's right! Maybe mackerel would be good.",
            "timestamp": "2022-08-11T17:04:46.038000"
        },
        {
            "utterance_id": 14,
            "interlocutor_id": "AT",
            "text": "Fish sounds good, how about sashimi?",
            "timestamp": "2022-08-11T17:05:15.989000"
        },
        {
            "utterance_id": 15,
            "interlocutor_id": "AY",
            "text": "Sashimi is refreshing and sounds good!",
            "timestamp": "2022-08-11T17:05:37.582000"
        },
        {
            "utterance_id": 16,
            "interlocutor_id": "AT",
            "text": "Since it's hot, I thought a refreshing menu would be nice.",
            "timestamp": "2022-08-11T17:05:56.150000"
        },
        {
            "utterance_id": 17,
            "interlocutor_id": "AY",
            "text": "Yes. Sashimi, miso soup, and side dishes are a bit of a dilemma.",
            "timestamp": "2022-08-11T17:06:16.857000"
        },
        {
            "utterance_id": 18,
            "interlocutor_id": "AT",
            "text": "A Japanese-style salad sounds good, but chilled tofu and edamame would be nice too.",
            "timestamp": "2022-08-11T17:07:26.948000"
        },
        {
            "utterance_id": 19,
            "interlocutor_id": "AY",
            "text": "Oh! That's perfect! You're like an amazing advisor.",
            "timestamp": "2022-08-11T17:07:45.830000"
        },
        {
            "utterance_id": 20,
            "interlocutor_id": "AT",
            "text": "No, I just referenced past dinners.",
            "timestamp": "2022-08-11T17:08:19.310000"
        },
        {
            "utterance_id": 21,
            "interlocutor_id": "AY",
            "text": "That was really helpful. Do you have your menu set for today?",
            "timestamp": "2022-08-11T17:08:45.074000"
        },
        {
            "utterance_id": 22,
            "interlocutor_id": "AT",
            "text": "On the contrary, I was thinking of making hamburgers.",
            "timestamp": "2022-08-11T17:08:57.615000"
        },
        {
            "utterance_id": 23,
            "interlocutor_id": "AY",
            "text": "That sounds good. It really boosts your energy.",
            "timestamp": "2022-08-11T17:09:12.663000"
        },
        {
            "utterance_id": 24,
            "interlocutor_id": "AT",
            "text": "Yes, especially because it's hot, I think I need to eat meat properly.",
            "timestamp": "2022-08-11T17:09:26.015000"
        },
        {
            "utterance_id": 25,
            "interlocutor_id": "AY",
            "text": "That's right! Meat is important!",
            "timestamp": "2022-08-11T17:09:38.290000"
        },
        {
            "utterance_id": 26,
            "interlocutor_id": "AT",
            "text": "We need to eat balanced meals; I’ve been feeling a bit anemic lately.",
            "timestamp": "2022-08-11T17:10:11.364000"
        },
        {
            "utterance_id": 27,
            "interlocutor_id": "AY",
            "text": "That's concerning. Have you been to the hospital?",
            "timestamp": "2022-08-11T17:10:32.894000"
        },
        {
            "utterance_id": 28,
            "interlocutor_id": "AT",
            "text": "No, it's the usual for me, so I'll first eat some meat and see how it goes!",
            "timestamp": "2022-08-11T17:11:02.178000"
        },
        {
            "utterance_id": 29,
            "interlocutor_id": "AY",
            "text": "Ah! I see! That might be a good idea.",
            "timestamp": "2022-08-11T17:11:20.265000"
        },
        {
            "utterance_id": 30,
            "interlocutor_id": "AT",
            "text": "Thank you for your concern!",
            "timestamp": "2022-08-11T17:11:33.239000"
        },
        {
            "utterance_id": 31,
            "interlocutor_id": "AY",
            "text": "Yes. Please take care.",
            "timestamp": "2022-08-11T17:11:43.630000"
        }
    ],
    "evaluations": [
        {
            "interlocutor_id": "AT",
            "informativeness": 4,
            "comprehension": 4,
            "familiarity": 4,
            "interest": 4,
            "proactiveness": 4,
            "satisfaction": 4
        },
        {
            "interlocutor_id": "AY",
            "informativeness": 5,
            "comprehension": 5,
            "familiarity": 5,
            "interest": 5,
            "proactiveness": 5,
            "satisfaction": 5
        }
    ]
}