{
    "dialogue_id": 293,
    "interlocutors": [
        "AT",
        "AY"
    ],
    "utterances": [
        {
            "utterance_id": 0,
            "interlocutor_id": "AT",
            "text": "Good evening, nice to meet you.",
            "timestamp": "2022-08-11T17:23:56.954000"
        },
        {
            "utterance_id": 1,
            "interlocutor_id": "AY",
            "text": "Good evening! Nice to meet you too.",
            "timestamp": "2022-08-11T17:24:15.258000"
        },
        {
            "utterance_id": 2,
            "interlocutor_id": "AT",
            "text": "Do you have any plans for this summer? Or did you have any?",
            "timestamp": "2022-08-11T17:24:51.549000"
        },
        {
            "utterance_id": 3,
            "interlocutor_id": "AY",
            "text": "Not yet. But I’m thinking of going to an outlet.",
            "timestamp": "2022-08-11T17:25:12.610000"
        },
        {
            "utterance_id": 4,
            "interlocutor_id": "AT",
            "text": "Do you often go to the outlet?",
            "timestamp": "2022-08-11T17:25:32.846000"
        },
        {
            "utterance_id": 5,
            "interlocutor_id": "AY",
            "text": "I go about once every six months.",
            "timestamp": "2022-08-11T17:25:50.852000"
        },
        {
            "utterance_id": 6,
            "interlocutor_id": "AT",
            "text": "It might be nice to go shopping for clothes during the change of seasons.",
            "timestamp": "2022-08-11T17:26:20.732000"
        },
        {
            "utterance_id": 7,
            "interlocutor_id": "AY",
            "text": "Exactly. I’ll aim for that.",
            "timestamp": "2022-08-11T17:26:35.066000"
        },
        {
            "utterance_id": 8,
            "interlocutor_id": "AT",
            "text": "There are product changes and sales, right?",
            "timestamp": "2022-08-11T17:27:02.432000"
        },
        {
            "utterance_id": 9,
            "interlocutor_id": "AY",
            "text": "Yes. I love sales!",
            "timestamp": "2022-08-11T17:27:17.266000"
        },
        {
            "utterance_id": 10,
            "interlocutor_id": "AT",
            "text": "So do I! Plus, if it's about once every six months, I can say I'm good at shopping rather than being wasteful.",
            "timestamp": "2022-08-11T17:27:50.064000"
        },
        {
            "utterance_id": 11,
            "interlocutor_id": "AY",
            "text": "That’s right! Smart shopping as a reward!",
            "timestamp": "2022-08-11T17:28:11.323000"
        },
        {
            "utterance_id": 12,
            "interlocutor_id": "AT",
            "text": "Is there anything you want to buy?",
            "timestamp": "2022-08-11T17:28:35.021000"
        },
        {
            "utterance_id": 13,
            "interlocutor_id": "AY",
            "text": "For now, I want to buy a bag.",
            "timestamp": "2022-08-11T17:28:51.709000"
        },
        {
            "utterance_id": 14,
            "interlocutor_id": "AT",
            "text": "Conversely, I have too many bags at home, so I'm debating whether to get rid of some.",
            "timestamp": "2022-08-11T17:29:51.156000"
        },
        {
            "utterance_id": 15,
            "interlocutor_id": "AY",
            "text": "Oh! I'm jealous! You’ve bought a lot, haven’t you?",
            "timestamp": "2022-08-11T17:30:12.616000"
        },
        {
            "utterance_id": 16,
            "interlocutor_id": "AT",
            "text": "I'm overflowing with bags I've bought in the past.",
            "timestamp": "2022-08-11T17:30:29.592000"
        },
        {
            "utterance_id": 17,
            "interlocutor_id": "AY",
            "text": "Wow! That's great! What kind of bags do you have the most?",
            "timestamp": "2022-08-11T17:30:48.509000"
        },
        {
            "utterance_id": 18,
            "interlocutor_id": "AT",
            "text": "I mostly have larger bags; I don’t have any small ones, so I want some.",
            "timestamp": "2022-08-11T17:31:25.559000"
        },
        {
            "utterance_id": 19,
            "interlocutor_id": "AY",
            "text": "I want a big one because I don’t have any!",
            "timestamp": "2022-08-11T17:31:47.889000"
        },
        {
            "utterance_id": 20,
            "interlocutor_id": "AT",
            "text": "I want a big one too; we’re both a bit biased, aren’t we?",
            "timestamp": "2022-08-11T17:32:27.098000"
        },
        {
            "utterance_id": 21,
            "interlocutor_id": "AY",
            "text": "Right! Do you have any plans to go somewhere?",
            "timestamp": "2022-08-11T17:32:47.420000"
        },
        {
            "utterance_id": 22,
            "interlocutor_id": "AT",
            "text": "Not at the moment, it’s too hot, so I hesitate to think of plans.",
            "timestamp": "2022-08-11T17:33:52.853000"
        },
        {
            "utterance_id": 23,
            "interlocutor_id": "AY",
            "text": "I understand! Fall might be easier to go out.",
            "timestamp": "2022-08-11T17:34:16.913000"
        },
        {
            "utterance_id": 24,
            "interlocutor_id": "AT",
            "text": "That’s true, I was thinking of making plans for autumn instead.",
            "timestamp": "2022-08-11T17:34:31.720000"
        },
        {
            "utterance_id": 25,
            "interlocutor_id": "AY",
            "text": "Right! It's the season for delicious food.",
            "timestamp": "2022-08-11T17:34:48.059000"
        },
        {
            "utterance_id": 26,
            "interlocutor_id": "AT",
            "text": "The temperatures will drop, making it easier to have barbecues than now.",
            "timestamp": "2022-08-11T17:35:13.807000"
        },
        {
            "utterance_id": 27,
            "interlocutor_id": "AY",
            "text": "Wow! A barbecue sounds great! I want to go!",
            "timestamp": "2022-08-11T17:35:34.526000"
        },
        {
            "utterance_id": 28,
            "interlocutor_id": "AT",
            "text": "It's fun, and the food and drinks are delicious, I recommend it!",
            "timestamp": "2022-08-11T17:35:53.890000"
        },
        {
            "utterance_id": 29,
            "interlocutor_id": "AY",
            "text": "Really! Maybe I’ll try to make some plans too.",
            "timestamp": "2022-08-11T17:36:10.746000"
        },
        {
            "utterance_id": 30,
            "interlocutor_id": "AT",
            "text": "Let's definitely think about fun barbecue plans together!",
            "timestamp": "2022-08-11T17:36:34.410000"
        },
        {
            "utterance_id": 31,
            "interlocutor_id": "AY",
            "text": "Yes.",
            "timestamp": "2022-08-11T17:36:47.059000"
        }
    ],
    "evaluations": [
        {
            "interlocutor_id": "AT",
            "informativeness": 4,
            "comprehension": 3,
            "familiarity": 4,
            "interest": 4,
            "proactiveness": 4,
            "satisfaction": 3
        },
        {
            "interlocutor_id": "AY",
            "informativeness": 5,
            "comprehension": 5,
            "familiarity": 5,
            "interest": 5,
            "proactiveness": 5,
            "satisfaction": 5
        }
    ]
}