{
    "dialogue_id": 290,
    "interlocutors": [
        "AN",
        "AX"
    ],
    "utterances": [
        {
            "utterance_id": 0,
            "interlocutor_id": "AN",
            "text": "どうも、こんばんはー！",
            "timestamp": "2022-08-07T22:34:00"
        },
        {
            "utterance_id": 1,
            "interlocutor_id": "AX",
            "text": "Hello, good evening!",
            "timestamp": "2022-08-07T22:34:05.788000"
        },
        {
            "utterance_id": 2,
            "interlocutor_id": "AN",
            "text": "お疲れ様です。宜しくお願いいたします。",
            "timestamp": "2022-08-07T22:34:25.038000"
        },
        {
            "utterance_id": 3,
            "interlocutor_id": "AX",
            "text": "Thank you for your hard work. I look forward to working with you.",
            "timestamp": "2022-08-07T22:34:58.503000"
        },
        {
            "utterance_id": 4,
            "interlocutor_id": "AN",
            "text": "最近何か楽しいことってありましたか？",
            "timestamp": "2022-08-07T22:35:21.874000"
        },
        {
            "utterance_id": 5,
            "interlocutor_id": "AX",
            "text": "Have you had any fun experiences lately?",
            "timestamp": "2022-08-07T22:35:40.042000"
        },
        {
            "utterance_id": 6,
            "interlocutor_id": "AN",
            "text": "最近ですか。ときどきイヤホン屋さん行ったり、車見たりPC作ったりとかそのくらいです。",
            "timestamp": "2022-08-07T22:36:07.398000"
        },
        {
            "utterance_id": 7,
            "interlocutor_id": "AX",
            "text": "Recently? I’ve been going to earphone shops, looking at cars, and building PCs a bit.",
            "timestamp": "2022-08-07T22:36:32.956000"
        },
        {
            "utterance_id": 8,
            "interlocutor_id": "AN",
            "text": "おー！すごいです！PC自作されるのですか！",
            "timestamp": "2022-08-07T22:36:53.180000"
        },
        {
            "utterance_id": 9,
            "interlocutor_id": "AX",
            "text": "Oh! That's amazing! You build PCs?",
            "timestamp": "2022-08-07T22:37:16.977000"
        },
        {
            "utterance_id": 10,
            "interlocutor_id": "AN",
            "text": "誰でも簡単に作れるんですよね。安いし良いですよ。",
            "timestamp": "2022-08-07T22:37:31.140000"
        },
        {
            "utterance_id": 11,
            "interlocutor_id": "AX",
            "text": "Anyone can easily make one. It's cheap and good.",
            "timestamp": "2022-08-07T22:37:48.665000"
        },
        {
            "utterance_id": 12,
            "interlocutor_id": "AN",
            "text": "そうなんですか？わたし説明書とか読むの苦手なので、機械に強い人尊敬します。",
            "timestamp": "2022-08-07T22:38:26.494000"
        },
        {
            "utterance_id": 13,
            "interlocutor_id": "AX",
            "text": "Is that so? I'm not good at reading instructions, so I respect people who are good with machines.",
            "timestamp": "2022-08-07T22:38:53.577000"
        },
        {
            "utterance_id": 14,
            "interlocutor_id": "AN",
            "text": "全然です。モニターを大きくできたりPCケースも側面透明にしたり色々できるからよいです。",
            "timestamp": "2022-08-07T22:39:12.622000"
        },
        {
            "utterance_id": 15,
            "interlocutor_id": "AX",
            "text": "Not at all. You can make the monitor bigger or have a transparent side PC case, so it's great.",
            "timestamp": "2022-08-07T22:39:33.705000"
        },
        {
            "utterance_id": 16,
            "interlocutor_id": "AN",
            "text": "自分好みにカスタマイズできるの、いいですね。",
            "timestamp": "2022-08-07T22:40:02.126000"
        },
        {
            "utterance_id": 17,
            "interlocutor_id": "AX",
            "text": "It's nice that you can customize it to your liking.",
            "timestamp": "2022-08-07T22:40:26.477000"
        },
        {
            "utterance_id": 18,
            "interlocutor_id": "AN",
            "text": "今の環境32インチの液晶ですが2万くらい。本体5万くらいですね。",
            "timestamp": "2022-08-07T22:40:55.937000"
        },
        {
            "utterance_id": 19,
            "interlocutor_id": "AX",
            "text": "My current setup has a 32-inch LCD that costs around 20,000 yen. The main unit is about 50,000 yen.",
            "timestamp": "2022-08-07T22:41:31.180000"
        },
        {
            "utterance_id": 20,
            "interlocutor_id": "AN",
            "text": "買うより安そうですね。",
            "timestamp": "2022-08-07T22:41:56.740000"
        },
        {
            "utterance_id": 21,
            "interlocutor_id": "AX",
            "text": "That seems cheaper than buying one.",
            "timestamp": "2022-08-07T22:42:25.590000"
        },
        {
            "utterance_id": 22,
            "interlocutor_id": "AN",
            "text": "そうですね。息子がMicrosoftするのでグラボあとから付けました。",
            "timestamp": "2022-08-07T22:43:00.694000"
        },
        {
            "utterance_id": 23,
            "interlocutor_id": "AX",
            "text": "Yes, that's right. My son works with Microsoft, so I added the graphics card later.",
            "timestamp": "2022-08-07T22:43:21.501000"
        },
        {
            "utterance_id": 24,
            "interlocutor_id": "AN",
            "text": "息子さん頼りになる親御さんで嬉しいでしょうね。わたしもちょっとは機械嫌い直さなくちゃ。",
            "timestamp": "2022-08-07T22:43:43.192000"
        },
        {
            "utterance_id": 25,
            "interlocutor_id": "AX",
            "text": "It must be nice to have a son who is reliable. I also need to fix my dislike of machines a bit.",
            "timestamp": "2022-08-07T22:44:14.054000"
        },
        {
            "utterance_id": 26,
            "interlocutor_id": "AN",
            "text": "組み立ては息子と一緒にやりました。まぁネタとしては面白いですよね。",
            "timestamp": "2022-08-07T22:44:40.022000"
        },
        {
            "utterance_id": 27,
            "interlocutor_id": "AX",
            "text": "I put it together with my son. It’s quite amusing for the story, isn't it?",
            "timestamp": "2022-08-07T22:45:01.216000"
        },
        {
            "utterance_id": 28,
            "interlocutor_id": "AN",
            "text": "いやぁ、なかなか良い経験ですよ。",
            "timestamp": "2022-08-07T22:45:27.161000"
        },
        {
            "utterance_id": 29,
            "interlocutor_id": "AX",
            "text": "Oh, that sounds like a good experience.",
            "timestamp": "2022-08-07T22:46:02.064000"
        },
        {
            "utterance_id": 30,
            "interlocutor_id": "AN",
            "text": "あとね。車は自分で陸運局行って継続車検今月行ってきました。",
            "timestamp": "2022-08-07T22:46:05.307000"
        }
    ],
    "evaluations": [
        {
            "interlocutor_id": "AN",
            "informativeness": 5,
            "comprehension": 5,
            "familiarity": 4,
            "interest": 5,
            "proactiveness": 2,
            "satisfaction": 5
        },
        {
            "interlocutor_id": "AX",
            "informativeness": 5,
            "comprehension": 5,
            "familiarity": 5,
            "interest": 5,
            "proactiveness": 5,
            "satisfaction": 5
        }
    ]
}