{
    "dialogue_id": 299,
    "interlocutors": [
        "AB",
        "AN"
    ],
    "utterances": [
        {
            "utterance_id": 0,
            "interlocutor_id": "AB",
            "text": "Good morning!",
            "timestamp": "2022-08-08T09:27:24.496000"
        },
        {
            "utterance_id": 1,
            "interlocutor_id": "AN",
            "text": "Good morning!",
            "timestamp": "2022-08-08T09:27:25.975000"
        },
        {
            "utterance_id": 2,
            "interlocutor_id": "AB",
            "text": "I just finished drinking coffee and taking a break.",
            "timestamp": "2022-08-08T09:27:38.977000"
        },
        {
            "utterance_id": 3,
            "interlocutor_id": "AN",
            "text": "That sounds nice. I also finished my morning chores and was having a coffee break.",
            "timestamp": "2022-08-08T09:28:15.017000"
        },
        {
            "utterance_id": 4,
            "interlocutor_id": "AB",
            "text": "We’re in the same boat. Do you like coffee?",
            "timestamp": "2022-08-08T09:28:29.905000"
        },
        {
            "utterance_id": 5,
            "interlocutor_id": "AN",
            "text": "I love coffee. I also love tea.",
            "timestamp": "2022-08-08T09:28:48.024000"
        },
        {
            "utterance_id": 6,
            "interlocutor_id": "AB",
            "text": "Me too. Do you add milk to your coffee?",
            "timestamp": "2022-08-08T09:29:02.076000"
        },
        {
            "utterance_id": 7,
            "interlocutor_id": "AN",
            "text": "I usually drink it black. Sometimes I add milk. How about you?",
            "timestamp": "2022-08-08T09:29:22.095000"
        },
        {
            "utterance_id": 8,
            "interlocutor_id": "AB",
            "text": "I asked as if you don't, but I do add milk.",
            "timestamp": "2022-08-08T09:29:55.340000"
        },
        {
            "utterance_id": 9,
            "interlocutor_id": "AN",
            "text": "Adding milk is delicious too, right? It gives a comforting feeling.",
            "timestamp": "2022-08-08T09:30:19.373000"
        },
        {
            "utterance_id": 10,
            "interlocutor_id": "AB",
            "text": "Yes. Recently, I've been adding soy milk or almond milk.",
            "timestamp": "2022-08-08T09:30:45.525000"
        },
        {
            "utterance_id": 11,
            "interlocutor_id": "AN",
            "text": "That’s a common combination you see at Starbucks, right? Does it go well with coffee?",
            "timestamp": "2022-08-08T09:31:06.067000"
        },
        {
            "utterance_id": 12,
            "interlocutor_id": "AB",
            "text": "It does! Do you often go to Starbucks?",
            "timestamp": "2022-08-08T09:31:22.898000"
        },
        {
            "utterance_id": 13,
            "interlocutor_id": "AN",
            "text": "Since there's one close to my house, I go there occasionally.",
            "timestamp": "2022-08-08T09:31:46.431000"
        },
        {
            "utterance_id": 14,
            "interlocutor_id": "AB",
            "text": "Did you try the melon one the other day?",
            "timestamp": "2022-08-08T09:31:57.360000"
        },
        {
            "utterance_id": 15,
            "interlocutor_id": "AN",
            "text": "It was the frappuccino, right? I had it!",
            "timestamp": "2022-08-08T09:32:34.569000"
        },
        {
            "utterance_id": 16,
            "interlocutor_id": "AB",
            "text": "That was incredibly delicious, wasn't it!",
            "timestamp": "2022-08-08T09:32:46.933000"
        },
        {
            "utterance_id": 17,
            "interlocutor_id": "AN",
            "text": "It was super delicious. It was the best of the recent new releases.",
            "timestamp": "2022-08-08T09:33:17.269000"
        },
        {
            "utterance_id": 18,
            "interlocutor_id": "AB",
            "text": "Me too.",
            "timestamp": "2022-08-08T09:33:25.764000"
        },
        {
            "utterance_id": 19,
            "interlocutor_id": "AN",
            "text": "The grape frappuccino that just came out was a bit disappointing.",
            "timestamp": "2022-08-08T09:33:46.228000"
        },
        {
            "utterance_id": 20,
            "interlocutor_id": "AB",
            "text": "Is that so! I didn’t know. I'm always scared of high calories, though.",
            "timestamp": "2022-08-08T09:34:05.384000"
        },
        {
            "utterance_id": 21,
            "interlocutor_id": "AN",
            "text": "I trust that it's okay to drink because I use a lot of energy doing chores and parenting.",
            "timestamp": "2022-08-08T09:34:37.590000"
        },
        {
            "utterance_id": 22,
            "interlocutor_id": "AB",
            "text": "That’s good! Sometimes, it’s nice. I'm also curious about the current limited-time regional series.",
            "timestamp": "2022-08-08T09:35:02.375000"
        },
        {
            "utterance_id": 23,
            "interlocutor_id": "AN",
            "text": "That’s fine. It's a reward! Were there any limited regional ones?",
            "timestamp": "2022-08-08T09:35:32.656000"
        },
        {
            "utterance_id": 24,
            "interlocutor_id": "AB",
            "text": "I think there were versions for all 47 prefectures last year.",
            "timestamp": "2022-08-08T09:36:05.094000"
        },
        {
            "utterance_id": 25,
            "interlocutor_id": "AN",
            "text": "Oh! I see! I want to try the hojicha one.",
            "timestamp": "2022-08-08T09:36:32.626000"
        },
        {
            "utterance_id": 26,
            "interlocutor_id": "AB",
            "text": "That must be definitely delicious! I wanted to try the Okinawan chin-suku frappé.",
            "timestamp": "2022-08-08T09:37:02.523000"
        },
        {
            "utterance_id": 27,
            "interlocutor_id": "AN",
            "text": "I wonder if it's called a \"filling,\" but those kinds of ones with solid pieces inside are delicious, right?",
            "timestamp": "2022-08-08T09:37:26.603000"
        },
        {
            "utterance_id": 28,
            "interlocutor_id": "AB",
            "text": "The texture is nice too! Let's go to Starbucks today.",
            "timestamp": "2022-08-08T09:37:46.251000"
        },
        {
            "utterance_id": 29,
            "interlocutor_id": "AN",
            "text": "Sounds good. I'll go too!",
            "timestamp": "2022-08-08T09:37:59.765000"
        },
        {
            "utterance_id": 30,
            "interlocutor_id": "AB",
            "text": "Well then, see you later!",
            "timestamp": "2022-08-08T09:38:10.948000"
        },
        {
            "utterance_id": 31,
            "interlocutor_id": "AN",
            "text": "Yes, see you then!",
            "timestamp": "2022-08-08T09:38:24.772000"
        }
    ],
    "evaluations": [
        {
            "interlocutor_id": "AB",
            "informativeness": 5,
            "comprehension": 5,
            "familiarity": 5,
            "interest": 5,
            "proactiveness": 5,
            "satisfaction": 5
        },
        {
            "interlocutor_id": "AN",
            "informativeness": 5,
            "comprehension": 5,
            "familiarity": 5,
            "interest": 5,
            "proactiveness": 4,
            "satisfaction": 5
        }
    ]
}