{
    "dialogue_id": 304,
    "interlocutors": [
        "AZ",
        "AC"
    ],
    "utterances": [
        {
            "utterance_id": 0,
            "interlocutor_id": "AZ",
            "text": "Good evening!",
            "timestamp": "2022-08-11T23:59:45.840000"
        },
        {
            "utterance_id": 1,
            "interlocutor_id": "AC",
            "text": "Yes, good evening!",
            "timestamp": "2022-08-11T23:59:52.807000"
        },
        {
            "utterance_id": 2,
            "interlocutor_id": "AZ",
            "text": "Suddenly, do you like sports?",
            "timestamp": "2022-08-12T00:00:23.210000"
        },
        {
            "utterance_id": 3,
            "interlocutor_id": "AC",
            "text": "Oh! Are you asking that?",
            "timestamp": "2022-08-12T00:00:33.714000"
        },
        {
            "utterance_id": 4,
            "interlocutor_id": "AZ",
            "text": "Was that no good?",
            "timestamp": "2022-08-12T00:00:46.683000"
        },
        {
            "utterance_id": 5,
            "interlocutor_id": "AC",
            "text": "I know exercise is important, but...",
            "timestamp": "2022-08-12T00:00:58.515000"
        },
        {
            "utterance_id": 6,
            "interlocutor_id": "AZ",
            "text": "I don't do it either. I'm just a spectator.",
            "timestamp": "2022-08-12T00:01:17.268000"
        },
        {
            "utterance_id": 7,
            "interlocutor_id": "AC",
            "text": "Ahaha, I see! Which sport do you watch?",
            "timestamp": "2022-08-12T00:01:29.950000"
        },
        {
            "utterance_id": 8,
            "interlocutor_id": "AZ",
            "text": "My child plays soccer, so it's soccer!",
            "timestamp": "2022-08-12T00:01:50.168000"
        },
        {
            "utterance_id": 9,
            "interlocutor_id": "AC",
            "text": "That's nice. Are they in a team?",
            "timestamp": "2022-08-12T00:02:08.646000"
        },
        {
            "utterance_id": 10,
            "interlocutor_id": "AZ",
            "text": "Yes. They are doing it quite seriously. It's tough for the parents.",
            "timestamp": "2022-08-12T00:02:37.292000"
        },
        {
            "utterance_id": 11,
            "interlocutor_id": "AC",
            "text": "Oh, so there are frequent matches?",
            "timestamp": "2022-08-12T00:02:45.871000"
        },
        {
            "utterance_id": 12,
            "interlocutor_id": "AZ",
            "text": "Every week! During summer vacation it's every day.",
            "timestamp": "2022-08-12T00:03:07.842000"
        },
        {
            "utterance_id": 13,
            "interlocutor_id": "AC",
            "text": "Wow, every day is tough! You must prepare a lot of drinks, right?",
            "timestamp": "2022-08-12T00:03:22.628000"
        },
        {
            "utterance_id": 14,
            "interlocutor_id": "AZ",
            "text": "We bring 2-liter water bottles and even that isn't enough.",
            "timestamp": "2022-08-12T00:03:49.286000"
        },
        {
            "utterance_id": 15,
            "interlocutor_id": "AC",
            "text": "That's impressive! So, do you keep cheering while your child is practicing or during matches?",
            "timestamp": "2022-08-12T00:04:06.265000"
        },
        {
            "utterance_id": 16,
            "interlocutor_id": "AZ",
            "text": "I'm usually not there for practice, but I cheer during matches. I feel life-threatening dangers.",
            "timestamp": "2022-08-12T00:04:45.724000"
        },
        {
            "utterance_id": 17,
            "interlocutor_id": "AC",
            "text": "Life-threatening! That must be heatstroke, right?",
            "timestamp": "2022-08-12T00:04:56.086000"
        },
        {
            "utterance_id": 18,
            "interlocutor_id": "AZ",
            "text": "Yes. Soccer fields often lack shade.",
            "timestamp": "2022-08-12T00:05:17.152000"
        },
        {
            "utterance_id": 19,
            "interlocutor_id": "AC",
            "text": "That's true! You can't exactly stay indoors either. It's tough.",
            "timestamp": "2022-08-12T00:05:33.127000"
        },
        {
            "utterance_id": 20,
            "interlocutor_id": "AZ",
            "text": "The kids look like coffee beans from sunburn.",
            "timestamp": "2022-08-12T00:05:50.236000"
        },
        {
            "utterance_id": 21,
            "interlocutor_id": "AC",
            "text": "Ahaha, that's cute. Shiny and dark.",
            "timestamp": "2022-08-12T00:06:01.116000"
        },
        {
            "utterance_id": 22,
            "interlocutor_id": "AZ",
            "text": "I think it's amazing how they can do it. If I tried, I would really collapse.",
            "timestamp": "2022-08-12T00:06:35.633000"
        },
        {
            "utterance_id": 23,
            "interlocutor_id": "AC",
            "text": "Kids are bundles of energy! With that much practice, they must crash at home, right?",
            "timestamp": "2022-08-12T00:06:47.630000"
        },
        {
            "utterance_id": 24,
            "interlocutor_id": "AZ",
            "text": "That's right. It's bad. The homework.",
            "timestamp": "2022-08-12T00:07:11.432000"
        },
        {
            "utterance_id": 25,
            "interlocutor_id": "AC",
            "text": "Ah, speaking of that, such a thing exists!",
            "timestamp": "2022-08-12T00:07:19.705000"
        },
        {
            "utterance_id": 26,
            "interlocutor_id": "AZ",
            "text": "I pretend not to see it, too.",
            "timestamp": "2022-08-12T00:07:34.408000"
        },
        {
            "utterance_id": 27,
            "interlocutor_id": "AC",
            "text": "Eh! Won't it be tougher for the parents on the last day?",
            "timestamp": "2022-08-12T00:07:49.458000"
        },
        {
            "utterance_id": 28,
            "interlocutor_id": "AZ",
            "text": "Exactly. I try not to think about it.",
            "timestamp": "2022-08-12T00:08:07.386000"
        },
        {
            "utterance_id": 29,
            "interlocutor_id": "AC",
            "text": "Well, let it be whatever it will be! See you!",
            "timestamp": "2022-08-12T00:08:23.705000"
        }
    ],
    "evaluations": [
        {
            "interlocutor_id": "AZ",
            "informativeness": 5,
            "comprehension": 5,
            "familiarity": 5,
            "interest": 5,
            "proactiveness": 5,
            "satisfaction": 5
        },
        {
            "interlocutor_id": "AC",
            "informativeness": 4,
            "comprehension": 5,
            "familiarity": 5,
            "interest": 3,
            "proactiveness": 2,
            "satisfaction": 3
        }
    ]
}