{
    "dialogue_id": 300,
    "interlocutors": [
        "AN",
        "AB"
    ],
    "utterances": [
        {
            "utterance_id": 0,
            "interlocutor_id": "AN",
            "text": "Hello!",
            "timestamp": "2022-08-08T09:38:28.877000"
        },
        {
            "utterance_id": 1,
            "interlocutor_id": "AB",
            "text": "Hello!",
            "timestamp": "2022-08-08T09:38:46.179000"
        },
        {
            "utterance_id": 2,
            "interlocutor_id": "AN",
            "text": "It's nice weather today, so I enthusiastically did the laundry twice!",
            "timestamp": "2022-08-08T09:39:05.962000"
        },
        {
            "utterance_id": 3,
            "interlocutor_id": "AB",
            "text": "It's really clear and sunny, and the laundry dries quickly!",
            "timestamp": "2022-08-08T09:39:27.756000"
        },
        {
            "utterance_id": 4,
            "interlocutor_id": "AN",
            "text": "That's true. It dries well in the summer, so laundry is fun.",
            "timestamp": "2022-08-08T09:39:48.162000"
        },
        {
            "utterance_id": 5,
            "interlocutor_id": "AB",
            "text": "It feels good, doesn’t it? I washed the sheets today.",
            "timestamp": "2022-08-08T09:40:04.022000"
        },
        {
            "utterance_id": 6,
            "interlocutor_id": "AN",
            "text": "That's nice. I also washed my sheets!",
            "timestamp": "2022-08-08T09:40:21.603000"
        },
        {
            "utterance_id": 7,
            "interlocutor_id": "AB",
            "text": "I'm glad I can wash them often because I sweat while sleeping.",
            "timestamp": "2022-08-08T09:40:41.232000"
        },
        {
            "utterance_id": 8,
            "interlocutor_id": "AN",
            "text": "Do you turn on the air conditioner when you sleep?",
            "timestamp": "2022-08-08T09:40:58.197000"
        },
        {
            "utterance_id": 9,
            "interlocutor_id": "AB",
            "text": "Last year I set a timer, but this year I leave it on. How about you?",
            "timestamp": "2022-08-08T09:41:15.755000"
        },
        {
            "utterance_id": 10,
            "interlocutor_id": "AN",
            "text": "I also leave the air conditioner on. I'm cold-natured, so I sleep wrapped in a blanket.",
            "timestamp": "2022-08-08T09:41:51.631000"
        },
        {
            "utterance_id": 11,
            "interlocutor_id": "AB",
            "text": "I understand. I also use a down comforter all year round.",
            "timestamp": "2022-08-08T09:42:27.575000"
        },
        {
            "utterance_id": 12,
            "interlocutor_id": "AN",
            "text": "Feeling wrapped in a blanket while the air conditioner is on feels like a kind of luxury.",
            "timestamp": "2022-08-08T09:43:16.755000"
        },
        {
            "utterance_id": 13,
            "interlocutor_id": "AB",
            "text": "I totally get that! It feels nice, doesn’t it?",
            "timestamp": "2022-08-08T09:43:30.098000"
        },
        {
            "utterance_id": 14,
            "interlocutor_id": "AN",
            "text": "Yes, yes. My husband gets really hot, so we can't go without the air conditioner.",
            "timestamp": "2022-08-08T09:43:59.551000"
        },
        {
            "utterance_id": 15,
            "interlocutor_id": "AB",
            "text": "Men tend to be like that, right? It's tough because we have to adapt.",
            "timestamp": "2022-08-08T09:44:21.813000"
        },
        {
            "utterance_id": 16,
            "interlocutor_id": "AN",
            "text": "That's right. Despite that, he often says his stomach hurts because it's cold, and I find that funny.",
            "timestamp": "2022-08-08T09:45:00.205000"
        },
        {
            "utterance_id": 17,
            "interlocutor_id": "AB",
            "text": "That is interesting. Men generally have weak intestines; my husband sometimes gets diarrhea.",
            "timestamp": "2022-08-08T09:45:33.578000"
        },
        {
            "utterance_id": 18,
            "interlocutor_id": "AN",
            "text": "No matter how many times I cover him with a blanket, he takes it off right away.",
            "timestamp": "2022-08-08T09:45:56.604000"
        },
        {
            "utterance_id": 19,
            "interlocutor_id": "AB",
            "text": "Also, he talks in his sleep a lot.",
            "timestamp": "2022-08-08T09:46:20.491000"
        },
        {
            "utterance_id": 20,
            "interlocutor_id": "AN",
            "text": "What does he say in his sleep?",
            "timestamp": "2022-08-08T09:46:33.303000"
        },
        {
            "utterance_id": 21,
            "interlocutor_id": "AB",
            "text": "It's indecipherable, but before, he was probably calling a taxi.",
            "timestamp": "2022-08-08T09:46:56.454000"
        },
        {
            "utterance_id": 22,
            "interlocutor_id": "AN",
            "text": "Oh! That's really funny!",
            "timestamp": "2022-08-08T09:47:07.449000"
        },
        {
            "utterance_id": 23,
            "interlocutor_id": "AB",
            "text": "He raised his hand straight up and said \"Taxi.\"",
            "timestamp": "2022-08-08T09:47:24.796000"
        },
        {
            "utterance_id": 24,
            "interlocutor_id": "AN",
            "text": "If I saw that in real life, I would probably burst out laughing.",
            "timestamp": "2022-08-08T09:47:40.912000"
        },
        {
            "utterance_id": 25,
            "interlocutor_id": "AB",
            "text": "I definitely laughed. He usually doesn't take taxis.",
            "timestamp": "2022-08-08T09:47:57.992000"
        },
        {
            "utterance_id": 26,
            "interlocutor_id": "AN",
            "text": "He usually doesn’t take them, huh!",
            "timestamp": "2022-08-08T09:48:15.021000"
        },
        {
            "utterance_id": 27,
            "interlocutor_id": "AB",
            "text": "Yes. That's why it was even funnier.",
            "timestamp": "2022-08-08T09:48:30.342000"
        },
        {
            "utterance_id": 28,
            "interlocutor_id": "AN",
            "text": "Your husband sounds adorable.",
            "timestamp": "2022-08-08T09:48:39.497000"
        },
        {
            "utterance_id": 29,
            "interlocutor_id": "AB",
            "text": "It's still early. Thank you for the enjoyable conversation!",
            "timestamp": "2022-08-08T09:48:52.240000"
        },
        {
            "utterance_id": 30,
            "interlocutor_id": "AN",
            "text": "Yes, I had fun too, thank you!",
            "timestamp": "2022-08-08T09:49:13.521000"
        }
    ],
    "evaluations": [
        {
            "interlocutor_id": "AN",
            "informativeness": 5,
            "comprehension": 5,
            "familiarity": 5,
            "interest": 5,
            "proactiveness": 5,
            "satisfaction": 5
        },
        {
            "interlocutor_id": "AB",
            "informativeness": 5,
            "comprehension": 5,
            "familiarity": 5,
            "interest": 5,
            "proactiveness": 5,
            "satisfaction": 5
        }
    ]
}