{
    "dialogue_id": 301,
    "interlocutors": [
        "AC",
        "AZ"
    ],
    "utterances": [
        {
            "utterance_id": 0,
            "interlocutor_id": "AC",
            "text": "Good evening! Nice to meet you.",
            "timestamp": "2022-08-11T23:29:29.044000"
        },
        {
            "utterance_id": 1,
            "interlocutor_id": "AZ",
            "text": "Nice to meet you too!",
            "timestamp": "2022-08-11T23:29:48.512000"
        },
        {
            "utterance_id": 2,
            "interlocutor_id": "AC",
            "text": "It's already quite late, but are you stronger at night?",
            "timestamp": "2022-08-11T23:29:58.779000"
        },
        {
            "utterance_id": 3,
            "interlocutor_id": "AZ",
            "text": "Yes, I'm not good with mornings. How about you?",
            "timestamp": "2022-08-11T23:30:31.517000"
        },
        {
            "utterance_id": 4,
            "interlocutor_id": "AC",
            "text": "Me too, I really struggle with waking up!",
            "timestamp": "2022-08-11T23:30:36.474000"
        },
        {
            "utterance_id": 5,
            "interlocutor_id": "AZ",
            "text": "I'm not in a good mood either.",
            "timestamp": "2022-08-11T23:31:00.589000"
        },
        {
            "utterance_id": 6,
            "interlocutor_id": "AC",
            "text": "I understand! Once my eyes are fully awake, it’s not a big deal, but I get irritated.",
            "timestamp": "2022-08-11T23:31:13.213000"
        },
        {
            "utterance_id": 7,
            "interlocutor_id": "AZ",
            "text": "I should just go to bed earlier.",
            "timestamp": "2022-08-11T23:31:42.758000"
        },
        {
            "utterance_id": 8,
            "interlocutor_id": "AC",
            "text": "That's right. I just can't seem to get sleepy.",
            "timestamp": "2022-08-11T23:31:44.159000"
        },
        {
            "utterance_id": 9,
            "interlocutor_id": "AZ",
            "text": "It feels a bit wasteful somehow.",
            "timestamp": "2022-08-11T23:31:59.313000"
        },
        {
            "utterance_id": 10,
            "interlocutor_id": "AC",
            "text": "Right! It's quiet, and I can get a lot done.",
            "timestamp": "2022-08-11T23:32:15.304000"
        },
        {
            "utterance_id": 11,
            "interlocutor_id": "AZ",
            "text": "That’s true! I prefer the night.",
            "timestamp": "2022-08-11T23:32:35.584000"
        },
        {
            "utterance_id": 12,
            "interlocutor_id": "AC",
            "text": "Have you always been like that since you were young?",
            "timestamp": "2022-08-11T23:32:45.284000"
        },
        {
            "utterance_id": 13,
            "interlocutor_id": "AZ",
            "text": "Yes. I've been like this since I was quite young.",
            "timestamp": "2022-08-11T23:33:02.838000"
        },
        {
            "utterance_id": 14,
            "interlocutor_id": "AC",
            "text": "I see. I used to go to bed by 9 PM when I was in elementary school.",
            "timestamp": "2022-08-11T23:33:12.550000"
        },
        {
            "utterance_id": 15,
            "interlocutor_id": "AZ",
            "text": "Wow, that’s impressive!",
            "timestamp": "2022-08-11T23:33:22.088000"
        },
        {
            "utterance_id": 16,
            "interlocutor_id": "AC",
            "text": "Right! But I was really sad because I couldn't watch the TV shows everyone else was watching.",
            "timestamp": "2022-08-11T23:33:40.522000"
        },
        {
            "utterance_id": 17,
            "interlocutor_id": "AZ",
            "text": "I see. I didn't grow taller because of that.",
            "timestamp": "2022-08-11T23:34:05.651000"
        },
        {
            "utterance_id": 18,
            "interlocutor_id": "AC",
            "text": "Ah, so that wasn’t just a myth!",
            "timestamp": "2022-08-11T23:34:10.476000"
        },
        {
            "utterance_id": 19,
            "interlocutor_id": "AZ",
            "text": "It could also be genetic.",
            "timestamp": "2022-08-11T23:34:32.453000"
        },
        {
            "utterance_id": 20,
            "interlocutor_id": "AC",
            "text": "That's true. What do you usually do at night?",
            "timestamp": "2022-08-11T23:34:50.152000"
        },
        {
            "utterance_id": 21,
            "interlocutor_id": "AZ",
            "text": "Nothing productive at all. Just lounging around.",
            "timestamp": "2022-08-11T23:35:15.279000"
        },
        {
            "utterance_id": 22,
            "interlocutor_id": "AC",
            "text": "Sometimes that’s fun, isn’t it? Watching YouTube and reading LINE manga.",
            "timestamp": "2022-08-11T23:35:31.426000"
        },
        {
            "utterance_id": 23,
            "interlocutor_id": "AZ",
            "text": "Same here. I really should go to bed earlier though.",
            "timestamp": "2022-08-11T23:35:57.048000"
        },
        {
            "utterance_id": 24,
            "interlocutor_id": "AC",
            "text": "Well, yes. During the day, do you feel busy and active?",
            "timestamp": "2022-08-11T23:36:18.152000"
        },
        {
            "utterance_id": 25,
            "interlocutor_id": "AZ",
            "text": "Yes, I do. I just want to relax a bit at night.",
            "timestamp": "2022-08-11T23:36:46.498000"
        },
        {
            "utterance_id": 26,
            "interlocutor_id": "AC",
            "text": "It’s all about balance!",
            "timestamp": "2022-08-11T23:36:48.903000"
        },
        {
            "utterance_id": 27,
            "interlocutor_id": "AZ",
            "text": "Yes. Are you busy during the day?",
            "timestamp": "2022-08-11T23:37:05.344000"
        },
        {
            "utterance_id": 28,
            "interlocutor_id": "AC",
            "text": "I’m busy enough. I really can’t cut down my personal time at night!",
            "timestamp": "2022-08-11T23:37:28.814000"
        },
        {
            "utterance_id": 29,
            "interlocutor_id": "AZ",
            "text": "That’s right! Let’s enjoy it!",
            "timestamp": "2022-08-11T23:37:51.358000"
        }
    ],
    "evaluations": [
        {
            "interlocutor_id": "AC",
            "informativeness": 2,
            "comprehension": 4,
            "familiarity": 4,
            "interest": 3,
            "proactiveness": 3,
            "satisfaction": 4
        },
        {
            "interlocutor_id": "AZ",
            "informativeness": 4,
            "comprehension": 4,
            "familiarity": 4,
            "interest": 4,
            "proactiveness": 4,
            "satisfaction": 5
        }
    ]
}