{
    "dialogue_id": 305,
    "interlocutors": [
        "AC",
        "AZ"
    ],
    "utterances": [
        {
            "utterance_id": 0,
            "interlocutor_id": "AC",
            "text": "Good evening! Nice to meet you.",
            "timestamp": "2022-08-12T00:09:00.572000"
        },
        {
            "utterance_id": 1,
            "interlocutor_id": "AZ",
            "text": "Nice to meet you.",
            "timestamp": "2022-08-12T00:09:24.054000"
        },
        {
            "utterance_id": 2,
            "interlocutor_id": "AC",
            "text": "Do you eat or drink anything between dinner and going to bed?",
            "timestamp": "2022-08-12T00:09:38.725000"
        },
        {
            "utterance_id": 3,
            "interlocutor_id": "AZ",
            "text": "Um, a snack.",
            "timestamp": "2022-08-12T00:09:59.188000"
        },
        {
            "utterance_id": 4,
            "interlocutor_id": "AC",
            "text": "That sounds nice! Snacks are important!",
            "timestamp": "2022-08-12T00:10:07.596000"
        },
        {
            "utterance_id": 5,
            "interlocutor_id": "AZ",
            "text": "No, actually it's not good. My weight is in a bad situation.",
            "timestamp": "2022-08-12T00:10:34.793000"
        },
        {
            "utterance_id": 6,
            "interlocutor_id": "AC",
            "text": "No, no, don't say that right now! Let's close our eyes!",
            "timestamp": "2022-08-12T00:10:52.909000"
        },
        {
            "utterance_id": 7,
            "interlocutor_id": "AZ",
            "text": "How about you?",
            "timestamp": "2022-08-12T00:11:07.462000"
        },
        {
            "utterance_id": 8,
            "interlocutor_id": "AC",
            "text": "I also indulge. In fact, it's what I look forward to the most in a day.",
            "timestamp": "2022-08-12T00:11:26.215000"
        },
        {
            "utterance_id": 9,
            "interlocutor_id": "AZ",
            "text": "Same here! It's essential, isn't it?",
            "timestamp": "2022-08-12T00:11:42.907000"
        },
        {
            "utterance_id": 10,
            "interlocutor_id": "AC",
            "text": "Indeed! I brew coffee and enjoy something sweet.",
            "timestamp": "2022-08-12T00:12:03.360000"
        },
        {
            "utterance_id": 11,
            "interlocutor_id": "AZ",
            "text": "We have to relieve our fatigue, right?",
            "timestamp": "2022-08-12T00:12:25.474000"
        },
        {
            "utterance_id": 12,
            "interlocutor_id": "AC",
            "text": "Yes! It's a relaxing moment! Is your sweet something from traditional Japanese sweets or Western sweets?",
            "timestamp": "2022-08-12T00:12:43.833000"
        },
        {
            "utterance_id": 13,
            "interlocutor_id": "AZ",
            "text": "I like both, depending on the day!",
            "timestamp": "2022-08-12T00:13:04.332000"
        },
        {
            "utterance_id": 14,
            "interlocutor_id": "AC",
            "text": "Same here! By the way, yesterday I had mitarashi dango.",
            "timestamp": "2022-08-12T00:13:14.497000"
        },
        {
            "utterance_id": 15,
            "interlocutor_id": "AZ",
            "text": "Dango is delicious! I had a financier.",
            "timestamp": "2022-08-12T00:13:49.404000"
        },
        {
            "utterance_id": 16,
            "interlocutor_id": "AC",
            "text": "So stylish! W-were they homemade?",
            "timestamp": "2022-08-12T00:14:01.384000"
        },
        {
            "utterance_id": 17,
            "interlocutor_id": "AZ",
            "text": "No way!!",
            "timestamp": "2022-08-12T00:14:25.991000"
        },
        {
            "utterance_id": 18,
            "interlocutor_id": "AC",
            "text": "I'm glad! If you had said homemade here, my position after saying mitarashi dango would be complicated.",
            "timestamp": "2022-08-12T00:14:46.162000"
        },
        {
            "utterance_id": 19,
            "interlocutor_id": "AZ",
            "text": "I can't make sweets. How about you?",
            "timestamp": "2022-08-12T00:15:21.087000"
        },
        {
            "utterance_id": 20,
            "interlocutor_id": "AC",
            "text": "I also only made cookies a few times in high school.",
            "timestamp": "2022-08-12T00:15:36.004000"
        },
        {
            "utterance_id": 21,
            "interlocutor_id": "AZ",
            "text": "I've also made cookies a few times. Considering the effort, it's much cheaper to buy them.",
            "timestamp": "2022-08-12T00:16:16.600000"
        },
        {
            "utterance_id": 22,
            "interlocutor_id": "AC",
            "text": "I completely agree! Bourbon is the best!",
            "timestamp": "2022-08-12T00:16:32.013000"
        },
        {
            "utterance_id": 23,
            "interlocutor_id": "AZ",
            "text": "Bourbon, right! It's delicious!",
            "timestamp": "2022-08-12T00:16:56.096000"
        },
        {
            "utterance_id": 24,
            "interlocutor_id": "AC",
            "text": "Yes! There’s no doubt about that brand’s sweets.",
            "timestamp": "2022-08-12T00:17:09.634000"
        },
        {
            "utterance_id": 25,
            "interlocutor_id": "AZ",
            "text": "Are you particular about your coffee?",
            "timestamp": "2022-08-12T00:17:58.993000"
        },
        {
            "utterance_id": 26,
            "interlocutor_id": "AC",
            "text": "Not so much about coffee. I usually go for Kilimanjaro.",
            "timestamp": "2022-08-12T00:18:12.264000"
        },
        {
            "utterance_id": 27,
            "interlocutor_id": "AZ",
            "text": "Is it good? I'm not very knowledgeable about it.",
            "timestamp": "2022-08-12T00:18:39.062000"
        },
        {
            "utterance_id": 28,
            "interlocutor_id": "AC",
            "text": "It's quite acidic, so it goes well with sweet treats!",
            "timestamp": "2022-08-12T00:18:54.836000"
        },
        {
            "utterance_id": 29,
            "interlocutor_id": "AZ",
            "text": "I see!",
            "timestamp": "2022-08-12T00:19:06.119000"
        }
    ],
    "evaluations": [
        {
            "interlocutor_id": "AC",
            "informativeness": 5,
            "comprehension": 5,
            "familiarity": 5,
            "interest": 5,
            "proactiveness": 5,
            "satisfaction": 5
        },
        {
            "interlocutor_id": "AZ",
            "informativeness": 5,
            "comprehension": 5,
            "familiarity": 5,
            "interest": 5,
            "proactiveness": 5,
            "satisfaction": 5
        }
    ]
}