{
    "dialogue_id": 303,
    "interlocutors": [
        "AC",
        "AZ"
    ],
    "utterances": [
        {
            "utterance_id": 0,
            "interlocutor_id": "AC",
            "text": "Good evening!",
            "timestamp": "2022-08-11T23:48:57.224000"
        },
        {
            "utterance_id": 1,
            "interlocutor_id": "AZ",
            "text": "Good evening! Nice to meet you.",
            "timestamp": "2022-08-11T23:49:09.512000"
        },
        {
            "utterance_id": 2,
            "interlocutor_id": "AC",
            "text": "It was hot again today, but are you the type that doesn't mind the heat?",
            "timestamp": "2022-08-11T23:49:20.535000"
        },
        {
            "utterance_id": 3,
            "interlocutor_id": "AZ",
            "text": "Not at all. It's so hot I feel like I'm melting. I can't wait for autumn.",
            "timestamp": "2022-08-11T23:49:48.418000"
        },
        {
            "utterance_id": 4,
            "interlocutor_id": "AC",
            "text": "Autumn is not only comfortable but also the best season because the food is delicious!",
            "timestamp": "2022-08-11T23:50:01.549000"
        },
        {
            "utterance_id": 5,
            "interlocutor_id": "AZ",
            "text": "That's true. But don't you think autumn has been short lately?",
            "timestamp": "2022-08-11T23:50:27.605000"
        },
        {
            "utterance_id": 6,
            "interlocutor_id": "AC",
            "text": "I was thinking the same thing!",
            "timestamp": "2022-08-11T23:50:35.823000"
        },
        {
            "utterance_id": 7,
            "interlocutor_id": "AZ",
            "text": "It's like I really love it, but it ends before I know it.",
            "timestamp": "2022-08-11T23:51:02.651000"
        },
        {
            "utterance_id": 8,
            "interlocutor_id": "AC",
            "text": "I understand! The lingering summer heat is just too long.",
            "timestamp": "2022-08-11T23:51:11.698000"
        },
        {
            "utterance_id": 9,
            "interlocutor_id": "AZ",
            "text": "It really does go on and on, doesn't it?",
            "timestamp": "2022-08-11T23:51:31.348000"
        },
        {
            "utterance_id": 10,
            "interlocutor_id": "AC",
            "text": "Yes. And then it suddenly gets cold!",
            "timestamp": "2022-08-11T23:51:38.200000"
        },
        {
            "utterance_id": 11,
            "interlocutor_id": "AZ",
            "text": "Exactly!!",
            "timestamp": "2022-08-11T23:51:49.237000"
        },
        {
            "utterance_id": 12,
            "interlocutor_id": "AC",
            "text": "Autumn should be a time to enjoy fashion, but I don't at all.",
            "timestamp": "2022-08-11T23:51:58.139000"
        },
        {
            "utterance_id": 13,
            "interlocutor_id": "AZ",
            "text": "Right? The autumn leaves are beautiful too.",
            "timestamp": "2022-08-11T23:52:41.617000"
        },
        {
            "utterance_id": 14,
            "interlocutor_id": "AC",
            "text": "Yes, yes, leisure time! Silver Week is supposed to be the autumn outing season, but...",
            "timestamp": "2022-08-11T23:52:57.569000"
        },
        {
            "utterance_id": 15,
            "interlocutor_id": "AZ",
            "text": "Moreover, the weather is often bad in autumn due to typhoons and such.",
            "timestamp": "2022-08-11T23:53:35.715000"
        },
        {
            "utterance_id": 16,
            "interlocutor_id": "AC",
            "text": "That's true. I feel like the weather wasn't this chaotic in the past.",
            "timestamp": "2022-08-11T23:53:46.531000"
        },
        {
            "utterance_id": 17,
            "interlocutor_id": "AZ",
            "text": "That's right. Recently, extreme weather has been too common.",
            "timestamp": "2022-08-11T23:54:11.928000"
        },
        {
            "utterance_id": 18,
            "interlocutor_id": "AC",
            "text": "Too much! When I was a child, autumn was full of pleasant days for field trips, sports days, and cultural festivals.",
            "timestamp": "2022-08-11T23:54:31.942000"
        },
        {
            "utterance_id": 19,
            "interlocutor_id": "AZ",
            "text": "It’s worrying that heavy rain is increasing, especially in areas that are affected.",
            "timestamp": "2022-08-11T23:55:08.875000"
        },
        {
            "utterance_id": 20,
            "interlocutor_id": "AC",
            "text": "Ah, I've heard that Tohoku has had a tough time again.",
            "timestamp": "2022-08-11T23:55:20.153000"
        },
        {
            "utterance_id": 21,
            "interlocutor_id": "AZ",
            "text": "We hear about it on the news quite often.",
            "timestamp": "2022-08-11T23:55:37.299000"
        },
        {
            "utterance_id": 22,
            "interlocutor_id": "AC",
            "text": "Right? It's almost unbelievable that disasters come from rain.",
            "timestamp": "2022-08-11T23:55:51.331000"
        },
        {
            "utterance_id": 23,
            "interlocutor_id": "AZ",
            "text": "Major earthquakes and natural disasters are really scary.",
            "timestamp": "2022-08-11T23:56:33.525000"
        },
        {
            "utterance_id": 24,
            "interlocutor_id": "AC",
            "text": "Yes. Natural disasters cannot be prevented, so we need to prepare properly.",
            "timestamp": "2022-08-11T23:56:49.566000"
        },
        {
            "utterance_id": 25,
            "interlocutor_id": "AZ",
            "text": "We have an emergency preparedness bag at home, how about you?",
            "timestamp": "2022-08-11T23:57:24.252000"
        },
        {
            "utterance_id": 26,
            "interlocutor_id": "AC",
            "text": "We don't even have an emergency bag yet. It's bad!",
            "timestamp": "2022-08-11T23:57:38.873000"
        },
        {
            "utterance_id": 27,
            "interlocutor_id": "AZ",
            "text": "Oh! But even having one at home hasn’t been useful for us.",
            "timestamp": "2022-08-11T23:58:07.687000"
        },
        {
            "utterance_id": 28,
            "interlocutor_id": "AC",
            "text": "No, it's for when the time comes! I should learn from you too.",
            "timestamp": "2022-08-11T23:58:30.671000"
        },
        {
            "utterance_id": 29,
            "interlocutor_id": "AZ",
            "text": "Of course, it's best if we never have to use it.",
            "timestamp": "2022-08-11T23:58:52.587000"
        }
    ],
    "evaluations": [
        {
            "interlocutor_id": "AC",
            "informativeness": 3,
            "comprehension": 4,
            "familiarity": 5,
            "interest": 3,
            "proactiveness": 3,
            "satisfaction": 4
        },
        {
            "interlocutor_id": "AZ",
            "informativeness": 5,
            "comprehension": 5,
            "familiarity": 5,
            "interest": 5,
            "proactiveness": 5,
            "satisfaction": 5
        }
    ]
}