{
    "dialogue_id": 306,
    "interlocutors": [
        "AZ",
        "AC"
    ],
    "utterances": [
        {
            "utterance_id": 0,
            "interlocutor_id": "AZ",
            "text": "Good evening!",
            "timestamp": "2022-08-12T00:21:06.456000"
        },
        {
            "utterance_id": 1,
            "interlocutor_id": "AC",
            "text": "Hello, good evening!",
            "timestamp": "2022-08-12T00:21:11.661000"
        },
        {
            "utterance_id": 2,
            "interlocutor_id": "AZ",
            "text": "Cooking is a pain during summer vacation, but are you good at cooking?",
            "timestamp": "2022-08-12T00:21:41.438000"
        },
        {
            "utterance_id": 3,
            "interlocutor_id": "AC",
            "text": "I feel like I'm reluctantly doing it every day.",
            "timestamp": "2022-08-12T00:21:50.111000"
        },
        {
            "utterance_id": 4,
            "interlocutor_id": "AZ",
            "text": "Summer cooking is tough, isn't it?",
            "timestamp": "2022-08-12T00:22:18.785000"
        },
        {
            "utterance_id": 5,
            "interlocutor_id": "AC",
            "text": "It really is. When my husband says, \"You can have somen for lunch today,\" it annoys me.",
            "timestamp": "2022-08-12T00:22:38.711000"
        },
        {
            "utterance_id": 6,
            "interlocutor_id": "AZ",
            "text": "I totally get that! It makes me think, \"What do you mean, 'that's fine'?\"",
            "timestamp": "2022-08-12T00:23:08.336000"
        },
        {
            "utterance_id": 7,
            "interlocutor_id": "AC",
            "text": "Exactly! And he also suggests curry, saying that's fine.",
            "timestamp": "2022-08-12T00:23:21.053000"
        },
        {
            "utterance_id": 8,
            "interlocutor_id": "AZ",
            "text": "Seriously, even somen is tough because it requires heat!",
            "timestamp": "2022-08-12T00:23:57.024000"
        },
        {
            "utterance_id": 9,
            "interlocutor_id": "AC",
            "text": "Right, right! The kitchen is hot, and I want to say, \"Ugh!\" but I hold back.",
            "timestamp": "2022-08-12T00:24:07.449000"
        },
        {
            "utterance_id": 10,
            "interlocutor_id": "AZ",
            "text": "Haha. Does your husband cook?",
            "timestamp": "2022-08-12T00:24:25.330000"
        },
        {
            "utterance_id": 11,
            "interlocutor_id": "AC",
            "text": "Not at all! He lounges around in the air-conditioned living room looking cool!",
            "timestamp": "2022-08-12T00:24:44.528000"
        },
        {
            "utterance_id": 12,
            "interlocutor_id": "AZ",
            "text": "It seems everyone is the same.",
            "timestamp": "2022-08-12T00:25:39.664000"
        },
        {
            "utterance_id": 13,
            "interlocutor_id": "AC",
            "text": "Oh, is that the case at your place too?",
            "timestamp": "2022-08-12T00:25:45.318000"
        },
        {
            "utterance_id": 14,
            "interlocutor_id": "AZ",
            "text": "Yes, it's exactly the same.",
            "timestamp": "2022-08-12T00:25:57.978000"
        },
        {
            "utterance_id": 15,
            "interlocutor_id": "AC",
            "text": "I wish he would at least boil pasta.",
            "timestamp": "2022-08-12T00:26:05.185000"
        },
        {
            "utterance_id": 16,
            "interlocutor_id": "AZ",
            "text": "I admire husbands who like cooking.",
            "timestamp": "2022-08-12T00:26:29.524000"
        },
        {
            "utterance_id": 17,
            "interlocutor_id": "AC",
            "text": "They're wonderful, aren't they? There are more male chefs, so it seems like it should be doable.",
            "timestamp": "2022-08-12T00:26:43.300000"
        },
        {
            "utterance_id": 18,
            "interlocutor_id": "AZ",
            "text": "That's true. It would be nice to hear, \"I made this for you while you were tired!\"",
            "timestamp": "2022-08-12T00:27:23.655000"
        },
        {
            "utterance_id": 19,
            "interlocutor_id": "AC",
            "text": "That's the best! It would make me fall in love all over again.",
            "timestamp": "2022-08-12T00:27:33.925000"
        },
        {
            "utterance_id": 20,
            "interlocutor_id": "AZ",
            "text": "He’s more of a kind husband than a cooking enthusiast.",
            "timestamp": "2022-08-12T00:27:51.667000"
        },
        {
            "utterance_id": 21,
            "interlocutor_id": "AC",
            "text": "Yes, indeed. Even if he can't cook, he can help wash the dishes after dinner!",
            "timestamp": "2022-08-12T00:28:09.578000"
        },
        {
            "utterance_id": 22,
            "interlocutor_id": "AZ",
            "text": "Ah, really. Just thinking about it makes me angry.",
            "timestamp": "2022-08-12T00:28:34.421000"
        },
        {
            "utterance_id": 23,
            "interlocutor_id": "AC",
            "text": "Oh no, oh no! In times like that, let's order takeout!",
            "timestamp": "2022-08-12T00:28:53.245000"
        },
        {
            "utterance_id": 24,
            "interlocutor_id": "AZ",
            "text": "Sounds good! Do you order it often? Like Uber Eats?",
            "timestamp": "2022-08-12T00:29:27.613000"
        },
        {
            "utterance_id": 25,
            "interlocutor_id": "AC",
            "text": "Our place is close to a shopping street, so we often get takeout!",
            "timestamp": "2022-08-12T00:29:45.346000"
        },
        {
            "utterance_id": 26,
            "interlocutor_id": "AZ",
            "text": "That's nice. I've never ordered from Uber Eats because I'm shocked by the fees.",
            "timestamp": "2022-08-12T00:30:18.783000"
        },
        {
            "utterance_id": 27,
            "interlocutor_id": "AC",
            "text": "Really! Is it that expensive?",
            "timestamp": "2022-08-12T00:30:28.813000"
        },
        {
            "utterance_id": 28,
            "interlocutor_id": "AZ",
            "text": "The delivery fees are outrageous.",
            "timestamp": "2022-08-12T00:31:01.572000"
        },
        {
            "utterance_id": 29,
            "interlocutor_id": "AC",
            "text": "Wow! If it's that much, I'd rather carry it myself! Right!",
            "timestamp": "2022-08-12T00:31:04.477000"
        }
    ],
    "evaluations": [
        {
            "interlocutor_id": "AZ",
            "informativeness": 5,
            "comprehension": 5,
            "familiarity": 5,
            "interest": 5,
            "proactiveness": 5,
            "satisfaction": 5
        },
        {
            "interlocutor_id": "AC",
            "informativeness": 5,
            "comprehension": 5,
            "familiarity": 5,
            "interest": 5,
            "proactiveness": 4,
            "satisfaction": 5
        }
    ]
}