{
    "dialogue_id": 302,
    "interlocutors": [
        "AZ",
        "AC"
    ],
    "utterances": [
        {
            "utterance_id": 0,
            "interlocutor_id": "AZ",
            "text": "Good evening! Nice to meet you.",
            "timestamp": "2022-08-11T23:38:51.827000"
        },
        {
            "utterance_id": 1,
            "interlocutor_id": "AC",
            "text": "Nice to meet you too! Nice to meet you!",
            "timestamp": "2022-08-11T23:38:58.954000"
        },
        {
            "utterance_id": 2,
            "interlocutor_id": "AZ",
            "text": "I have a turtle, what kind of animals do you like?",
            "timestamp": "2022-08-11T23:39:22.235000"
        },
        {
            "utterance_id": 3,
            "interlocutor_id": "AC",
            "text": "Oh! Wait, wait! You have a turtle?",
            "timestamp": "2022-08-11T23:39:33.375000"
        },
        {
            "utterance_id": 4,
            "interlocutor_id": "AZ",
            "text": "Yes! Two of them.",
            "timestamp": "2022-08-11T23:39:52.986000"
        },
        {
            "utterance_id": 5,
            "interlocutor_id": "AC",
            "text": "Wow! You're the first person I've met who has a turtle.",
            "timestamp": "2022-08-11T23:40:04.991000"
        },
        {
            "utterance_id": 6,
            "interlocutor_id": "AZ",
            "text": "Really? I thought it was surprisingly common.",
            "timestamp": "2022-08-11T23:40:25.867000"
        },
        {
            "utterance_id": 7,
            "interlocutor_id": "AC",
            "text": "I've heard of them, but I don't know anyone who actually has one around me. Do you have any turtle friends?",
            "timestamp": "2022-08-11T23:40:46.873000"
        },
        {
            "utterance_id": 8,
            "interlocutor_id": "AZ",
            "text": "Ah, now that you mention it, there aren’t many.",
            "timestamp": "2022-08-11T23:41:12.352000"
        },
        {
            "utterance_id": 9,
            "interlocutor_id": "AC",
            "text": "Right? I used to have a cat, but I've never seen one at the animal hospital either.",
            "timestamp": "2022-08-11T23:41:32.467000"
        },
        {
            "utterance_id": 10,
            "interlocutor_id": "AZ",
            "text": "They probably don't go to the hospital very often, since they aren't a rare breed.",
            "timestamp": "2022-08-11T23:42:04.462000"
        },
        {
            "utterance_id": 11,
            "interlocutor_id": "AC",
            "text": "Is that so! Are they healthy?",
            "timestamp": "2022-08-11T23:42:13.760000"
        },
        {
            "utterance_id": 12,
            "interlocutor_id": "AZ",
            "text": "Mine has never been sick.",
            "timestamp": "2022-08-11T23:42:37.627000"
        },
        {
            "utterance_id": 13,
            "interlocutor_id": "AC",
            "text": "That's great! What do turtles usually eat as their main food?",
            "timestamp": "2022-08-11T23:42:51.613000"
        },
        {
            "utterance_id": 14,
            "interlocutor_id": "AZ",
            "text": "It's an artificial feed called turtle food.",
            "timestamp": "2022-08-11T23:43:21.625000"
        },
        {
            "utterance_id": 15,
            "interlocutor_id": "AC",
            "text": "Oh, so there's something like cat food for turtles too!",
            "timestamp": "2022-08-11T23:43:31.490000"
        },
        {
            "utterance_id": 16,
            "interlocutor_id": "AZ",
            "text": "That's right. In the wild, they are omnivorous, so they probably eat anything.",
            "timestamp": "2022-08-11T23:44:14.043000"
        },
        {
            "utterance_id": 17,
            "interlocutor_id": "AC",
            "text": "I just had this image of them crunching on lettuce.",
            "timestamp": "2022-08-11T23:44:23.434000"
        },
        {
            "utterance_id": 18,
            "interlocutor_id": "AZ",
            "text": "Haha. But they're really cute. Their expressions are just something else.",
            "timestamp": "2022-08-11T23:44:48.648000"
        },
        {
            "utterance_id": 19,
            "interlocutor_id": "AC",
            "text": "They have expressions!",
            "timestamp": "2022-08-11T23:44:59.281000"
        },
        {
            "utterance_id": 20,
            "interlocutor_id": "AZ",
            "text": "Yes, they have those round little eyes too.",
            "timestamp": "2022-08-11T23:45:19.034000"
        },
        {
            "utterance_id": 21,
            "interlocutor_id": "AC",
            "text": "I can kind of understand that. I really like iguanas.",
            "timestamp": "2022-08-11T23:45:27.177000"
        },
        {
            "utterance_id": 22,
            "interlocutor_id": "AZ",
            "text": "Oh! My child loves reptiles too.",
            "timestamp": "2022-08-11T23:45:48.099000"
        },
        {
            "utterance_id": 23,
            "interlocutor_id": "AC",
            "text": "Reptiles have kind of funny faces, don't they?",
            "timestamp": "2022-08-11T23:46:08.553000"
        },
        {
            "utterance_id": 24,
            "interlocutor_id": "AZ",
            "text": "They say they want one, but my husband doesn't like them.",
            "timestamp": "2022-08-11T23:46:42.764000"
        },
        {
            "utterance_id": 25,
            "interlocutor_id": "AC",
            "text": "That's a shame. How's the relationship between your husband and the turtles?",
            "timestamp": "2022-08-11T23:47:00.193000"
        },
        {
            "utterance_id": 26,
            "interlocutor_id": "AZ",
            "text": "At first, he was against it, but once we got them, he became completely smitten.",
            "timestamp": "2022-08-11T23:47:26.180000"
        },
        {
            "utterance_id": 27,
            "interlocutor_id": "AC",
            "text": "Oh, then maybe if you push a bit more, you can get another reptile!",
            "timestamp": "2022-08-11T23:47:43.173000"
        },
        {
            "utterance_id": 28,
            "interlocutor_id": "AZ",
            "text": "Right? But it seems like taking care of them would be a lot of work.",
            "timestamp": "2022-08-11T23:48:04.403000"
        },
        {
            "utterance_id": 29,
            "interlocutor_id": "AC",
            "text": "There's a lot of responsibility! Well, I'll excuse myself here for today.",
            "timestamp": "2022-08-11T23:48:23.461000"
        }
    ],
    "evaluations": [
        {
            "interlocutor_id": "AZ",
            "informativeness": 5,
            "comprehension": 5,
            "familiarity": 5,
            "interest": 5,
            "proactiveness": 5,
            "satisfaction": 5
        },
        {
            "interlocutor_id": "AC",
            "informativeness": 3,
            "comprehension": 4,
            "familiarity": 4,
            "interest": 4,
            "proactiveness": 4,
            "satisfaction": 4
        }
    ]
}