{
    "dialogue_id": 307,
    "interlocutors": [
        "AC",
        "AZ"
    ],
    "utterances": [
        {
            "utterance_id": 0,
            "interlocutor_id": "AC",
            "text": "Good evening! Nice to meet you!",
            "timestamp": "2022-08-12T00:31:50.330000"
        },
        {
            "utterance_id": 1,
            "interlocutor_id": "AZ",
            "text": "Nice to meet you!",
            "timestamp": "2022-08-12T00:32:07.402000"
        },
        {
            "utterance_id": 2,
            "interlocutor_id": "AC",
            "text": "Tomorrow, there is a dinner party at my husband's family home.",
            "timestamp": "2022-08-12T00:32:17.649000"
        },
        {
            "utterance_id": 3,
            "interlocutor_id": "AZ",
            "text": "Is it a celebration or something?",
            "timestamp": "2022-08-12T00:32:39.606000"
        },
        {
            "utterance_id": 4,
            "interlocutor_id": "AC",
            "text": "Since it’s Obon, we gather with nearby relatives.",
            "timestamp": "2022-08-12T00:32:42.852000"
        },
        {
            "utterance_id": 5,
            "interlocutor_id": "AZ",
            "text": "Ah! That sounds like a lot of preparation!",
            "timestamp": "2022-08-12T00:33:00.324000"
        },
        {
            "utterance_id": 6,
            "interlocutor_id": "AC",
            "text": "Oh, my mother-in-law, yes.",
            "timestamp": "2022-08-12T00:33:12.021000"
        },
        {
            "utterance_id": 7,
            "interlocutor_id": "AZ",
            "text": "I see. Is it going to be lively?",
            "timestamp": "2022-08-12T00:33:39.412000"
        },
        {
            "utterance_id": 8,
            "interlocutor_id": "AC",
            "text": "It’ll definitely be a drinking party. I get to be served too!",
            "timestamp": "2022-08-12T00:33:53.595000"
        },
        {
            "utterance_id": 9,
            "interlocutor_id": "AZ",
            "text": "That's enviable! Have fun!",
            "timestamp": "2022-08-12T00:34:25.875000"
        },
        {
            "utterance_id": 10,
            "interlocutor_id": "AC",
            "text": "Yes! Recently, instead of my mother-in-law's homemade dishes, we are ordering sushi, so I’m happy about that!",
            "timestamp": "2022-08-12T00:34:51.167000"
        },
        {
            "utterance_id": 11,
            "interlocutor_id": "AZ",
            "text": "That sounds great! I haven’t had sushi recently.",
            "timestamp": "2022-08-12T00:35:24.841000"
        },
        {
            "utterance_id": 12,
            "interlocutor_id": "AC",
            "text": "Me too, it’s been half a year!",
            "timestamp": "2022-08-12T00:35:33.093000"
        },
        {
            "utterance_id": 13,
            "interlocutor_id": "AZ",
            "text": "What kind of sushi do you like?",
            "timestamp": "2022-08-12T00:35:57.738000"
        },
        {
            "utterance_id": 14,
            "interlocutor_id": "AC",
            "text": "I like hamachi. How about you?",
            "timestamp": "2022-08-12T00:36:04.156000"
        },
        {
            "utterance_id": 15,
            "interlocutor_id": "AZ",
            "text": "Exactly the same! I'm surprised!",
            "timestamp": "2022-08-12T00:36:51.972000"
        },
        {
            "utterance_id": 16,
            "interlocutor_id": "AC",
            "text": "Wow! What a coincidence! Are you perhaps from Kyushu?",
            "timestamp": "2022-08-12T00:36:59.061000"
        },
        {
            "utterance_id": 17,
            "interlocutor_id": "AZ",
            "text": "No, I’m from Kanto, but I’ve loved it since I was young.",
            "timestamp": "2022-08-12T00:37:23.966000"
        },
        {
            "utterance_id": 18,
            "interlocutor_id": "AC",
            "text": "I see! Kyushu has a lot of buri, so when it comes to sashimi, it’s all about buri and hamachi!",
            "timestamp": "2022-08-12T00:37:45.432000"
        },
        {
            "utterance_id": 19,
            "interlocutor_id": "AZ",
            "text": "I love buri, hamachi, and warasa too!",
            "timestamp": "2022-08-12T00:38:14.548000"
        },
        {
            "utterance_id": 20,
            "interlocutor_id": "AC",
            "text": "Warasa! The fact that you can bring up that name shows you're a true buri lover.",
            "timestamp": "2022-08-12T00:38:31.846000"
        },
        {
            "utterance_id": 21,
            "interlocutor_id": "AZ",
            "text": "It’s delicious both raw and cooked. It's the best, isn't it?",
            "timestamp": "2022-08-12T00:39:03.577000"
        },
        {
            "utterance_id": 22,
            "interlocutor_id": "AC",
            "text": "Yes! I rarely eat sushi, but I often buy hamachi or warasa sashimi and marinate it.",
            "timestamp": "2022-08-12T00:39:36.953000"
        },
        {
            "utterance_id": 23,
            "interlocutor_id": "AZ",
            "text": "That sounds nice. If it's good in Kanto, I bet it’s even fresher and tastier in Kyushu.",
            "timestamp": "2022-08-12T00:40:32.513000"
        },
        {
            "utterance_id": 24,
            "interlocutor_id": "AC",
            "text": "Yes. When it’s in season, it becomes really cheap. Many people in Kanto like tuna, don't they?",
            "timestamp": "2022-08-12T00:40:59.156000"
        },
        {
            "utterance_id": 25,
            "interlocutor_id": "AZ",
            "text": "That’s true. I don’t dislike it, but buri is the best!",
            "timestamp": "2022-08-12T00:41:37.851000"
        },
        {
            "utterance_id": 26,
            "interlocutor_id": "AC",
            "text": "I understand! The plump, crunchy texture with the sweet taste of fat!",
            "timestamp": "2022-08-12T00:41:56.923000"
        },
        {
            "utterance_id": 27,
            "interlocutor_id": "AZ",
            "text": "Just imagining it makes my stomach growl.",
            "timestamp": "2022-08-12T00:42:15.113000"
        },
        {
            "utterance_id": 28,
            "interlocutor_id": "AC",
            "text": "It really does! I’m even more looking forward to tomorrow’s dinner party!",
            "timestamp": "2022-08-12T00:42:27.752000"
        },
        {
            "utterance_id": 29,
            "interlocutor_id": "AZ",
            "text": "Enjoy the delicious sushi!",
            "timestamp": "2022-08-12T00:43:00.245000"
        }
    ],
    "evaluations": [
        {
            "interlocutor_id": "AC",
            "informativeness": 5,
            "comprehension": 5,
            "familiarity": 5,
            "interest": 5,
            "proactiveness": 5,
            "satisfaction": 5
        },
        {
            "interlocutor_id": "AZ",
            "informativeness": 5,
            "comprehension": 5,
            "familiarity": 5,
            "interest": 5,
            "proactiveness": 5,
            "satisfaction": 5
        }
    ]
}