{
    "dialogue_id": 313,
    "interlocutors": [
        "AK",
        "AG"
    ],
    "utterances": [
        {
            "utterance_id": 0,
            "interlocutor_id": "AK",
            "text": "Hello!",
            "timestamp": "2022-08-10T15:15:57.496000"
        },
        {
            "utterance_id": 1,
            "interlocutor_id": "AG",
            "text": "Hello! Good afternoon.",
            "timestamp": "2022-08-10T15:16:05.415000"
        },
        {
            "utterance_id": 2,
            "interlocutor_id": "AK",
            "text": "Have you been traveling?",
            "timestamp": "2022-08-10T15:16:14.765000"
        },
        {
            "utterance_id": 3,
            "interlocutor_id": "AG",
            "text": "I don't go often, but I recently went to Iwate.",
            "timestamp": "2022-08-10T15:16:35.730000"
        },
        {
            "utterance_id": 4,
            "interlocutor_id": "AK",
            "text": "Iwate, huh! What was the purpose?",
            "timestamp": "2022-08-10T15:16:48.500000"
        },
        {
            "utterance_id": 5,
            "interlocutor_id": "AG",
            "text": "My grandparents live there. I went to visit them after three years.",
            "timestamp": "2022-08-10T15:17:15.019000"
        },
        {
            "utterance_id": 6,
            "interlocutor_id": "AK",
            "text": "I see. They must have been delighted to see you after such a long time.",
            "timestamp": "2022-08-10T15:17:32.969000"
        },
        {
            "utterance_id": 7,
            "interlocutor_id": "AG",
            "text": "Yes! They were very happy. At first, they said they didn't recognize me because I was wearing a mask.",
            "timestamp": "2022-08-10T15:18:02.823000"
        },
        {
            "utterance_id": 8,
            "interlocutor_id": "AK",
            "text": "It's not a sight they are used to seeing, right? Did you get to relax?",
            "timestamp": "2022-08-10T15:18:22.121000"
        },
        {
            "utterance_id": 9,
            "interlocutor_id": "AG",
            "text": "I went to visit other relatives at once, so it was a whirlwind trip. I packed in quite a bit.",
            "timestamp": "2022-08-10T15:18:58.718000"
        },
        {
            "utterance_id": 10,
            "interlocutor_id": "AK",
            "text": "I see! Thank you for your efforts. Are you from there originally?",
            "timestamp": "2022-08-10T15:19:19.515000"
        },
        {
            "utterance_id": 11,
            "interlocutor_id": "AG",
            "text": "No, I'm originally from Tokyo. So it took three hours by shinkansen.",
            "timestamp": "2022-08-10T15:19:45.079000"
        },
        {
            "utterance_id": 12,
            "interlocutor_id": "AK",
            "text": "Wow, that's quite a long time. Wasn't \"wanko soba\" from Iwate?",
            "timestamp": "2022-08-10T15:20:09.014000"
        },
        {
            "utterance_id": 13,
            "interlocutor_id": "AG",
            "text": "Yes! Also, it seems that cold noodles and \"jajamen\" (a type of noodle dish) are famous too.",
            "timestamp": "2022-08-10T15:20:33.582000"
        },
        {
            "utterance_id": 14,
            "interlocutor_id": "AK",
            "text": "Oh, really! I often hear about Morioka cold noodles. Cold noodles are delicious!",
            "timestamp": "2022-08-10T15:21:00.610000"
        },
        {
            "utterance_id": 15,
            "interlocutor_id": "AG",
            "text": "They are delicious! The unique texture is irresistible!",
            "timestamp": "2022-08-10T15:21:20.016000"
        },
        {
            "utterance_id": 16,
            "interlocutor_id": "AK",
            "text": "I always get confused about the difference between Korean cold noodles and Japanese cold noodles.",
            "timestamp": "2022-08-10T15:21:45.386000"
        },
        {
            "utterance_id": 17,
            "interlocutor_id": "AG",
            "text": "Korean cold noodles use buckwheat flour, right? They have a darker color, while Morioka's are pure white.",
            "timestamp": "2022-08-10T15:22:15.838000"
        },
        {
            "utterance_id": 18,
            "interlocutor_id": "AK",
            "text": "I see! I want to try them again after a long time. It's perfect for this season!",
            "timestamp": "2022-08-10T15:22:43.169000"
        },
        {
            "utterance_id": 19,
            "interlocutor_id": "AG",
            "text": "That's right! On a hot summer afternoon, add some spice, top it with cold vegetables, and it's refreshingly delicious!",
            "timestamp": "2022-08-10T15:23:21.575000"
        },
        {
            "utterance_id": 20,
            "interlocutor_id": "AK",
            "text": "That sounds nice! Did you get to eat it in Morioka?",
            "timestamp": "2022-08-10T15:23:39.297000"
        },
        {
            "utterance_id": 21,
            "interlocutor_id": "AG",
            "text": "Actually, I didn't go to Morioka. But they sell it in other regions, so I had it there.",
            "timestamp": "2022-08-10T15:24:09.937000"
        },
        {
            "utterance_id": 22,
            "interlocutor_id": "AK",
            "text": "There are really various kinds of noodles sold! I want to do some food touring in Iwate!",
            "timestamp": "2022-08-10T15:24:37.997000"
        },
        {
            "utterance_id": 23,
            "interlocutor_id": "AG",
            "text": "Yes! If you get a chance to go, definitely!",
            "timestamp": "2022-08-10T15:24:54.415000"
        },
        {
            "utterance_id": 24,
            "interlocutor_id": "AK",
            "text": "Thank you. Was it crowded at all?",
            "timestamp": "2022-08-10T15:25:07.319000"
        },
        {
            "utterance_id": 25,
            "interlocutor_id": "AG",
            "text": "It wasn't crowded in Iwate, but the shinkansen was packed.",
            "timestamp": "2022-08-10T15:25:25.609000"
        },
        {
            "utterance_id": 26,
            "interlocutor_id": "AK",
            "text": "Wow, I see! But if you can relax in Iwate, it might be nice without the crowd.",
            "timestamp": "2022-08-10T15:25:55.438000"
        },
        {
            "utterance_id": 27,
            "interlocutor_id": "AG",
            "text": "That’s right. I made sure to take infection prevention measures and be careful not to inconvenience anyone there.",
            "timestamp": "2022-08-10T15:26:26.734000"
        },
        {
            "utterance_id": 28,
            "interlocutor_id": "AK",
            "text": "That's certainly true. Please tell me about it when you go again. Thank you!",
            "timestamp": "2022-08-10T15:26:44.130000"
        },
        {
            "utterance_id": 29,
            "interlocutor_id": "AG",
            "text": "Thank you! I was happy to have a fun conversation with you. Thank you!",
            "timestamp": "2022-08-10T15:27:05.501000"
        }
    ],
    "evaluations": [
        {
            "interlocutor_id": "AK",
            "informativeness": 4,
            "comprehension": 5,
            "familiarity": 5,
            "interest": 5,
            "proactiveness": 5,
            "satisfaction": 5
        },
        {
            "interlocutor_id": "AG",
            "informativeness": 5,
            "comprehension": 4,
            "familiarity": 5,
            "interest": 4,
            "proactiveness": 4,
            "satisfaction": 4
        }
    ]
}