{
    "dialogue_id": 310,
    "interlocutors": [
        "AC",
        "AZ"
    ],
    "utterances": [
        {
            "utterance_id": 0,
            "interlocutor_id": "AC",
            "text": "Good evening! Nice to meet you!",
            "timestamp": "2022-08-12T01:06:08.532000"
        },
        {
            "utterance_id": 1,
            "interlocutor_id": "AZ",
            "text": "Likewise, nice to meet you!",
            "timestamp": "2022-08-12T01:06:32.448000"
        },
        {
            "utterance_id": 2,
            "interlocutor_id": "AC",
            "text": "Have you been traveling recently?",
            "timestamp": "2022-08-12T01:06:45.898000"
        },
        {
            "utterance_id": 3,
            "interlocutor_id": "AZ",
            "text": "Not at all since COVID hit. How about you?",
            "timestamp": "2022-08-12T01:07:05.015000"
        },
        {
            "utterance_id": 4,
            "interlocutor_id": "AC",
            "text": "I hardly traveled at all even before COVID. Do you like traveling?",
            "timestamp": "2022-08-12T01:07:25.035000"
        },
        {
            "utterance_id": 5,
            "interlocutor_id": "AZ",
            "text": "I would go about once a year.",
            "timestamp": "2022-08-12T01:07:45.454000"
        },
        {
            "utterance_id": 6,
            "interlocutor_id": "AC",
            "text": "Unless you really love to travel, that's about it, right?",
            "timestamp": "2022-08-12T01:07:58.746000"
        },
        {
            "utterance_id": 7,
            "interlocutor_id": "AZ",
            "text": "Yes. I don't have any countryside to return to, so no homecoming either.",
            "timestamp": "2022-08-12T01:08:17.238000"
        },
        {
            "utterance_id": 8,
            "interlocutor_id": "AC",
            "text": "I see. If you were to go on a trip, would it be domestic?",
            "timestamp": "2022-08-12T01:08:39.442000"
        },
        {
            "utterance_id": 9,
            "interlocutor_id": "AZ",
            "text": "Yes. Moreover, only to nearby places, like hot springs.",
            "timestamp": "2022-08-12T01:09:00.611000"
        },
        {
            "utterance_id": 10,
            "interlocutor_id": "AC",
            "text": "I love hot springs too! I used to go to Atami often.",
            "timestamp": "2022-08-12T01:09:34.739000"
        },
        {
            "utterance_id": 11,
            "interlocutor_id": "AZ",
            "text": "Atami, huh! I used to go there sometimes too. It's become hard to casually go out since COVID.",
            "timestamp": "2022-08-12T01:10:37.469000"
        },
        {
            "utterance_id": 12,
            "interlocutor_id": "AC",
            "text": "That's true. But I heard that before COVID, it was overflowing with Chinese tourists.",
            "timestamp": "2022-08-12T01:11:09.013000"
        },
        {
            "utterance_id": 13,
            "interlocutor_id": "AZ",
            "text": "Is that so? It really is a world where new diseases keep popping up, isn't it?",
            "timestamp": "2022-08-12T01:11:58.091000"
        },
        {
            "utterance_id": 14,
            "interlocutor_id": "AC",
            "text": "Exactly. Speaking of new diseases, I can't even remember the names of the diseases that kids get!",
            "timestamp": "2022-08-12T01:12:31.938000"
        },
        {
            "utterance_id": 15,
            "interlocutor_id": "AZ",
            "text": "Haha. But it's been bad recently, hasn't it? How many types of COVID are there anyway?",
            "timestamp": "2022-08-12T01:13:12.595000"
        },
        {
            "utterance_id": 16,
            "interlocutor_id": "AC",
            "text": "Everyone remembers well, don't they? Those foreign words just don't stick in my head!",
            "timestamp": "2022-08-12T01:13:31.445000"
        },
        {
            "utterance_id": 17,
            "interlocutor_id": "AZ",
            "text": "The types of vaccinations have changed quite a bit as well. I can't remember.",
            "timestamp": "2022-08-12T01:14:09.473000"
        },
        {
            "utterance_id": 18,
            "interlocutor_id": "AC",
            "text": "That's true. It's just that lately, I've somewhat gotten used to it.",
            "timestamp": "2022-08-12T01:14:41.011000"
        },
        {
            "utterance_id": 19,
            "interlocutor_id": "AZ",
            "text": "Somehow, everyone is like \"Oh, here we go again\" about it.",
            "timestamp": "2022-08-12T01:15:10.732000"
        },
        {
            "utterance_id": 20,
            "interlocutor_id": "AC",
            "text": "Yes. Personally, I just think that when I catch COVID, I catch it.",
            "timestamp": "2022-08-12T01:15:35.922000"
        },
        {
            "utterance_id": 21,
            "interlocutor_id": "AZ",
            "text": "That's right. There are significantly more people around me who have caught it now.",
            "timestamp": "2022-08-12T01:16:21.164000"
        },
        {
            "utterance_id": 22,
            "interlocutor_id": "AC",
            "text": "Yes, I have more around me too. Quite a few people have had to stay home because they were close contacts.",
            "timestamp": "2022-08-12T01:16:48.248000"
        },
        {
            "utterance_id": 23,
            "interlocutor_id": "AZ",
            "text": "But it seems that recently, because of that, ambulances have been in quite a difficult situation. That's what worries me.",
            "timestamp": "2022-08-12T01:17:38.096000"
        },
        {
            "utterance_id": 24,
            "interlocutor_id": "AC",
            "text": "Really?! Is that so? Did it suddenly worsen?",
            "timestamp": "2022-08-12T01:17:57.366000"
        },
        {
            "utterance_id": 25,
            "interlocutor_id": "AZ",
            "text": "No, it's mostly COVID and heatstroke, and the other injured or sick people are being passed around.",
            "timestamp": "2022-08-12T01:18:54.797000"
        },
        {
            "utterance_id": 26,
            "interlocutor_id": "AC",
            "text": "Wow, that's terrible! I need to be careful so I don't end up in a situation where I need to call an ambulance.",
            "timestamp": "2022-08-12T01:19:28.953000"
        },
        {
            "utterance_id": 27,
            "interlocutor_id": "AZ",
            "text": "That's true.",
            "timestamp": "2022-08-12T01:19:44.212000"
        },
        {
            "utterance_id": 28,
            "interlocutor_id": "AC",
            "text": "We can prevent heatstroke and injuries if we're careful!",
            "timestamp": "2022-08-12T01:20:02.702000"
        },
        {
            "utterance_id": 29,
            "interlocutor_id": "AZ",
            "text": "Yes! Let's both be careful!",
            "timestamp": "2022-08-12T01:20:27.385000"
        }
    ],
    "evaluations": [
        {
            "interlocutor_id": "AC",
            "informativeness": 3,
            "comprehension": 4,
            "familiarity": 3,
            "interest": 2,
            "proactiveness": 2,
            "satisfaction": 2
        },
        {
            "interlocutor_id": "AZ",
            "informativeness": 5,
            "comprehension": 5,
            "familiarity": 5,
            "interest": 5,
            "proactiveness": 5,
            "satisfaction": 5
        }
    ]
}