{
    "dialogue_id": 314,
    "interlocutors": [
        "AG",
        "AK"
    ],
    "utterances": [
        {
            "utterance_id": 0,
            "interlocutor_id": "AG",
            "text": "Hello. Nice to meet you!",
            "timestamp": "2022-08-10T15:27:38.852000"
        },
        {
            "utterance_id": 1,
            "interlocutor_id": "AK",
            "text": "Hello! Nice to meet you too!",
            "timestamp": "2022-08-10T15:27:46.840000"
        },
        {
            "utterance_id": 2,
            "interlocutor_id": "AG",
            "text": "Suddenly, if you could have a special ability, what kind of ability would you want?",
            "timestamp": "2022-08-10T15:28:14.812000"
        },
        {
            "utterance_id": 3,
            "interlocutor_id": "AK",
            "text": "Oh! I'm in a dilemma. Let me think for a moment.",
            "timestamp": "2022-08-10T15:28:31.417000"
        },
        {
            "utterance_id": 4,
            "interlocutor_id": "AG",
            "text": "Anything is fine. You could fly in the sky or breathe underwater. There are various options.",
            "timestamp": "2022-08-10T15:29:05.008000"
        },
        {
            "utterance_id": 5,
            "interlocutor_id": "AK",
            "text": "With so many options, it's hard to decide. Even though it's not like I'll actually get it, I'm seriously thinking about it.",
            "timestamp": "2022-08-10T15:29:37.789000"
        },
        {
            "utterance_id": 6,
            "interlocutor_id": "AG",
            "text": "Haha! That's true. I also thought about what would be good, like \"this would be nice, and that would be nice,\" and ended up worrying a lot.",
            "timestamp": "2022-08-10T15:30:14.407000"
        },
        {
            "utterance_id": 7,
            "interlocutor_id": "AK",
            "text": "Yes! Being able to see through things is nice, and teleportation is nice too—I'm greedy, aren't I?",
            "timestamp": "2022-08-10T15:30:35.902000"
        },
        {
            "utterance_id": 8,
            "interlocutor_id": "AG",
            "text": "I understand. If you could see through things, what would you want to see?",
            "timestamp": "2022-08-10T15:30:59.457000"
        },
        {
            "utterance_id": 9,
            "interlocutor_id": "AK",
            "text": "Lottery tickets immediately came to mind, but that had nothing to do with the lottery.",
            "timestamp": "2022-08-10T15:31:20.249000"
        },
        {
            "utterance_id": 10,
            "interlocutor_id": "AG",
            "text": "It doesn't say \"win the lottery!\" on it. Speaking of things that say \"win!\", it would be good if it were a raffle.",
            "timestamp": "2022-08-10T15:31:52.463000"
        },
        {
            "utterance_id": 11,
            "interlocutor_id": "AK",
            "text": "Certainly! I want to see through something that could lead to a huge windfall!",
            "timestamp": "2022-08-10T15:32:16.269000"
        },
        {
            "utterance_id": 12,
            "interlocutor_id": "AG",
            "text": "Oh, that would be useful when buying scratch-off tickets!",
            "timestamp": "2022-08-10T15:32:39.428000"
        },
        {
            "utterance_id": 13,
            "interlocutor_id": "AK",
            "text": "I see! That's nice. What do you want?",
            "timestamp": "2022-08-10T15:33:08.301000"
        },
        {
            "utterance_id": 14,
            "interlocutor_id": "AG",
            "text": "I would like to have the ability to talk to animals.",
            "timestamp": "2022-08-10T15:33:26.937000"
        },
        {
            "utterance_id": 15,
            "interlocutor_id": "AK",
            "text": "Do you like animals?",
            "timestamp": "2022-08-10T15:33:35.616000"
        },
        {
            "utterance_id": 16,
            "interlocutor_id": "AG",
            "text": "Yes, I quite like them. But I can't figure out what they're thinking.",
            "timestamp": "2022-08-10T15:33:55.809000"
        },
        {
            "utterance_id": 17,
            "interlocutor_id": "AK",
            "text": "You can't tell, can you? I have pets at home, and I wish I could know what they're thinking.",
            "timestamp": "2022-08-10T15:34:26.595000"
        },
        {
            "utterance_id": 18,
            "interlocutor_id": "AG",
            "text": "I'm always curious about how hungry they are, how they feel, etc.",
            "timestamp": "2022-08-10T15:35:00.125000"
        },
        {
            "utterance_id": 19,
            "interlocutor_id": "AK",
            "text": "I see! It would be great to be able to ask about their well-being. I worry about them a lot.",
            "timestamp": "2022-08-10T15:35:33.141000"
        },
        {
            "utterance_id": 20,
            "interlocutor_id": "AG",
            "text": "That's right. Also, I want to ask wild birds about the weather tomorrow or predictions about earthquakes.",
            "timestamp": "2022-08-10T15:36:01.699000"
        },
        {
            "utterance_id": 21,
            "interlocutor_id": "AK",
            "text": "Oh! That would be beneficial for everyone. It would be great if we could coexist well with wild birds.",
            "timestamp": "2022-08-10T15:36:41.847000"
        },
        {
            "utterance_id": 22,
            "interlocutor_id": "AG",
            "text": "Exactly! Wild animals seem to know those kinds of things well. I'm curious.",
            "timestamp": "2022-08-10T15:37:22.279000"
        },
        {
            "utterance_id": 23,
            "interlocutor_id": "AK",
            "text": "Yes, yes! For some reason, they are sensitive to those matters. If we could know that information, life would become easier.",
            "timestamp": "2022-08-10T15:37:59.168000"
        },
        {
            "utterance_id": 24,
            "interlocutor_id": "AG",
            "text": "I'm also a bit curious about insects. I wonder if they have any thoughts.",
            "timestamp": "2022-08-10T15:38:30.097000"
        },
        {
            "utterance_id": 25,
            "interlocutor_id": "AK",
            "text": "That seems likely. I want to know what they are thinking.",
            "timestamp": "2022-08-10T15:38:52.749000"
        },
        {
            "utterance_id": 26,
            "interlocutor_id": "AG",
            "text": "They are more mysterious than animals, aren't they? Are they loyal to their survival instincts or are they thinking unexpectedly?",
            "timestamp": "2022-08-10T15:39:16.825000"
        },
        {
            "utterance_id": 27,
            "interlocutor_id": "AK",
            "text": "Indeed. It would be interesting if we could learn about it in reality someday, just like in movies.",
            "timestamp": "2022-08-10T15:39:50.978000"
        },
        {
            "utterance_id": 28,
            "interlocutor_id": "AG",
            "text": "That sounds fun! Imagining such an exciting future gets me thrilled.",
            "timestamp": "2022-08-10T15:40:16.938000"
        },
        {
            "utterance_id": 29,
            "interlocutor_id": "AK",
            "text": "I'm glad to hear such interesting stories! I also got excited.",
            "timestamp": "2022-08-10T15:40:34.690000"
        }
    ],
    "evaluations": [
        {
            "interlocutor_id": "AG",
            "informativeness": 5,
            "comprehension": 5,
            "familiarity": 5,
            "interest": 5,
            "proactiveness": 5,
            "satisfaction": 5
        },
        {
            "interlocutor_id": "AK",
            "informativeness": 4,
            "comprehension": 5,
            "familiarity": 5,
            "interest": 5,
            "proactiveness": 4,
            "satisfaction": 5
        }
    ]
}