{
    "dialogue_id": 315,
    "interlocutors": [
        "AK",
        "AG"
    ],
    "utterances": [
        {
            "utterance_id": 0,
            "interlocutor_id": "AK",
            "text": "Hello!",
            "timestamp": "2022-08-10T15:40:53.572000"
        },
        {
            "utterance_id": 1,
            "interlocutor_id": "AG",
            "text": "Hello!",
            "timestamp": "2022-08-10T15:40:59.405000"
        },
        {
            "utterance_id": 2,
            "interlocutor_id": "AK",
            "text": "Have you had any fun lately?",
            "timestamp": "2022-08-10T15:41:08.512000"
        },
        {
            "utterance_id": 3,
            "interlocutor_id": "AG",
            "text": "Well, let me think, did anything happen? I'm trying to remember.",
            "timestamp": "2022-08-10T15:41:37.856000"
        },
        {
            "utterance_id": 4,
            "interlocutor_id": "AK",
            "text": "Even small things are fine. I had a lot of fun playing games with my relative's child.",
            "timestamp": "2022-08-10T15:42:04.868000"
        },
        {
            "utterance_id": 5,
            "interlocutor_id": "AG",
            "text": "That sounds fun! How old was your relative's child?",
            "timestamp": "2022-08-10T15:42:31.034000"
        },
        {
            "utterance_id": 6,
            "interlocutor_id": "AK",
            "text": "He is only 6 years old. It's such a cute age.",
            "timestamp": "2022-08-10T15:42:51.101000"
        },
        {
            "utterance_id": 7,
            "interlocutor_id": "AG",
            "text": "6 years old! It's just the age when they start to understand various things, and conversations become enjoyable!",
            "timestamp": "2022-08-10T15:43:18.312000"
        },
        {
            "utterance_id": 8,
            "interlocutor_id": "AK",
            "text": "It was a lot of fun. I was really touched that he remembered things.",
            "timestamp": "2022-08-10T15:43:37.692000"
        },
        {
            "utterance_id": 9,
            "interlocutor_id": "AG",
            "text": "That’s subtly moving, isn’t it? Listening to small children reminds me of fun times.",
            "timestamp": "2022-08-10T15:44:15.394000"
        },
        {
            "utterance_id": 10,
            "interlocutor_id": "AK",
            "text": "Oh, what is it?",
            "timestamp": "2022-08-10T15:44:24.370000"
        },
        {
            "utterance_id": 11,
            "interlocutor_id": "AG",
            "text": "The other day, I dubbed old videos onto DVD, and the footage was really interesting.",
            "timestamp": "2022-08-10T15:44:55.659000"
        },
        {
            "utterance_id": 12,
            "interlocutor_id": "AK",
            "text": "Oh! Is it a video of yourself? I'm curious!",
            "timestamp": "2022-08-10T15:45:14.317000"
        },
        {
            "utterance_id": 13,
            "interlocutor_id": "AG",
            "text": "Yes, it's from when I was about in elementary school. My grandparents were probably around the age of my parents now. They looked so young.",
            "timestamp": "2022-08-10T15:45:43.805000"
        },
        {
            "utterance_id": 14,
            "interlocutor_id": "AK",
            "text": "Wow. Did you feel nostalgic? It must feel like seeing it for the first time.",
            "timestamp": "2022-08-10T15:46:09.861000"
        },
        {
            "utterance_id": 15,
            "interlocutor_id": "AG",
            "text": "Yes, I did feel nostalgic! The scenes captured in that footage were things I remembered well.",
            "timestamp": "2022-08-10T15:46:43.648000"
        },
        {
            "utterance_id": 16,
            "interlocutor_id": "AK",
            "text": "I see! Are those happy memories?",
            "timestamp": "2022-08-10T15:47:05.305000"
        },
        {
            "utterance_id": 17,
            "interlocutor_id": "AG",
            "text": "Yes, they're memories of a summer fireworks festival, and I remember seeing a lot of shooting stars that day. It was so beautiful.",
            "timestamp": "2022-08-10T15:47:51.334000"
        },
        {
            "utterance_id": 18,
            "interlocutor_id": "AK",
            "text": "Wow! Shooting stars! It's wonderful that the footage remains.",
            "timestamp": "2022-08-10T15:48:13.728000"
        },
        {
            "utterance_id": 19,
            "interlocutor_id": "AG",
            "text": "It really is. I was moved by how well it was kept when it was taken as a video.",
            "timestamp": "2022-08-10T15:48:41.472000"
        },
        {
            "utterance_id": 20,
            "interlocutor_id": "AK",
            "text": "That's nice. Watching it now must give it even more value.",
            "timestamp": "2022-08-10T15:49:01.781000"
        },
        {
            "utterance_id": 21,
            "interlocutor_id": "AG",
            "text": "I think so. Now we can easily take videos with smartphones, but it wasn't like that back then.",
            "timestamp": "2022-08-10T15:49:34.100000"
        },
        {
            "utterance_id": 22,
            "interlocutor_id": "AK",
            "text": "That's true. It feels like it was often just about taking pictures and ending it there. It's not easy to play them back.",
            "timestamp": "2022-08-10T15:49:57.010000"
        },
        {
            "utterance_id": 23,
            "interlocutor_id": "AG",
            "text": "Exactly! It was a bit tedious. But I will make sure to keep the data I've transferred safely.",
            "timestamp": "2022-08-10T15:50:28.314000"
        },
        {
            "utterance_id": 24,
            "interlocutor_id": "AK",
            "text": "Please do! I'm glad you were able to dub it successfully.",
            "timestamp": "2022-08-10T15:50:47.149000"
        },
        {
            "utterance_id": 25,
            "interlocutor_id": "AG",
            "text": "Yes. I was fortunate that the video playback machine worked. Do you have a video player?",
            "timestamp": "2022-08-10T15:51:20.699000"
        },
        {
            "utterance_id": 26,
            "interlocutor_id": "AK",
            "text": "I don't have one! I might not even have a DVD player.",
            "timestamp": "2022-08-10T15:51:44.002000"
        },
        {
            "utterance_id": 27,
            "interlocutor_id": "AG",
            "text": "I see. DVDs have indeed become an older medium now. The world moves quickly, and it's surprising.",
            "timestamp": "2022-08-10T15:52:20.094000"
        },
        {
            "utterance_id": 28,
            "interlocutor_id": "AK",
            "text": "It's certainly fast. Thank you for sharing such a lovely story today!",
            "timestamp": "2022-08-10T15:52:43.456000"
        },
        {
            "utterance_id": 29,
            "interlocutor_id": "AG",
            "text": "Thank you very much too! I had a lot of fun.",
            "timestamp": "2022-08-10T15:52:59.042000"
        }
    ],
    "evaluations": [
        {
            "interlocutor_id": "AK",
            "informativeness": 4,
            "comprehension": 5,
            "familiarity": 5,
            "interest": 5,
            "proactiveness": 5,
            "satisfaction": 4
        },
        {
            "interlocutor_id": "AG",
            "informativeness": 5,
            "comprehension": 5,
            "familiarity": 5,
            "interest": 5,
            "proactiveness": 5,
            "satisfaction": 5
        }
    ]
}