{
    "dialogue_id": 317,
    "interlocutors": [
        "AK",
        "AG"
    ],
    "utterances": [
        {
            "utterance_id": 0,
            "interlocutor_id": "AK",
            "text": "Hello!",
            "timestamp": "2022-08-10T16:05:00.378000"
        },
        {
            "utterance_id": 1,
            "interlocutor_id": "AG",
            "text": "Hello!",
            "timestamp": "2022-08-10T16:05:08.092000"
        },
        {
            "utterance_id": 2,
            "interlocutor_id": "AK",
            "text": "How are you?",
            "timestamp": "2022-08-10T16:05:14.883000"
        },
        {
            "utterance_id": 3,
            "interlocutor_id": "AG",
            "text": "I'm doing well! How about you?",
            "timestamp": "2022-08-10T16:05:31.166000"
        },
        {
            "utterance_id": 4,
            "interlocutor_id": "AK",
            "text": "I’m also doing well! It was a bit hot yesterday, and I didn’t sleep well.",
            "timestamp": "2022-08-10T16:05:50.667000"
        },
        {
            "utterance_id": 5,
            "interlocutor_id": "AG",
            "text": "I understand. It’s hard to sleep well when it's hot.",
            "timestamp": "2022-08-10T16:06:09.308000"
        },
        {
            "utterance_id": 6,
            "interlocutor_id": "AK",
            "text": "I can't sleep. Even if I buy cool fabric bed sheets, it's meaningless now.",
            "timestamp": "2022-08-10T16:06:35.702000"
        },
        {
            "utterance_id": 7,
            "interlocutor_id": "AG",
            "text": "That's true; they really only work in a cool room. They don’t do anything when it’s hot.",
            "timestamp": "2022-08-10T16:07:06.488000"
        },
        {
            "utterance_id": 8,
            "interlocutor_id": "AK",
            "text": "Definitely! Instead, it just becomes steamy and hot. Can't someone invent comfortable sheets for us?",
            "timestamp": "2022-08-10T16:07:55.096000"
        },
        {
            "utterance_id": 9,
            "interlocutor_id": "AG",
            "text": "That's right. I want sheets that are even cooler, feel nice, and let us sleep comfortably!",
            "timestamp": "2022-08-10T16:08:03.024000"
        },
        {
            "utterance_id": 10,
            "interlocutor_id": "AK",
            "text": "I want them! Do you still cover yourself with a blanket even when it's hot? I always end up on the floor.",
            "timestamp": "2022-08-10T16:08:37.842000"
        },
        {
            "utterance_id": 11,
            "interlocutor_id": "AG",
            "text": "I always just cover my stomach with a bath towel.",
            "timestamp": "2022-08-10T16:09:09.838000"
        },
        {
            "utterance_id": 12,
            "interlocutor_id": "AK",
            "text": "A bath towel! That sounds great! It’s easy to wash, too.",
            "timestamp": "2022-08-10T16:09:27.462000"
        },
        {
            "utterance_id": 13,
            "interlocutor_id": "AG",
            "text": "Yes! I often go to bed drenched in sweat, so it's convenient to be able to wash it. I recommend it.",
            "timestamp": "2022-08-10T16:09:59.104000"
        },
        {
            "utterance_id": 14,
            "interlocutor_id": "AK",
            "text": "That's good to know! I was struggling with towel sheets because they're so big and cumbersome.",
            "timestamp": "2022-08-10T16:10:20.502000"
        },
        {
            "utterance_id": 15,
            "interlocutor_id": "AG",
            "text": "Towel sheets are okay when it’s slightly cool, but lately, it’s been questionable.",
            "timestamp": "2022-08-10T16:10:46.924000"
        },
        {
            "utterance_id": 16,
            "interlocutor_id": "AK",
            "text": "It's questionable! It’s usually hot, and we don’t even need towel sheets.",
            "timestamp": "2022-08-10T16:11:15.193000"
        },
        {
            "utterance_id": 17,
            "interlocutor_id": "AG",
            "text": "It seems to be getting hotter and hotter, so maybe it's inevitable. By the way, I was surprised by something in the news today.",
            "timestamp": "2022-08-10T16:11:47.253000"
        },
        {
            "utterance_id": 18,
            "interlocutor_id": "AK",
            "text": "Was there something?",
            "timestamp": "2022-08-10T16:11:58.162000"
        },
        {
            "utterance_id": 19,
            "interlocutor_id": "AG",
            "text": "It seems that due to the heat, the eggs laid by hens at chicken farms are getting smaller.",
            "timestamp": "2022-08-10T16:12:19.113000"
        },
        {
            "utterance_id": 20,
            "interlocutor_id": "AK",
            "text": "Wow! That's a big deal. I can’t believe that’s happening.",
            "timestamp": "2022-08-10T16:12:37.320000"
        },
        {
            "utterance_id": 21,
            "interlocutor_id": "AG",
            "text": "I never expected the heat would affect something like that. It’s surprising!",
            "timestamp": "2022-08-10T16:12:57.979000"
        },
        {
            "utterance_id": 22,
            "interlocutor_id": "AK",
            "text": "It's surprising. I wonder if the chickens are losing their appetite due to heat exhaustion.",
            "timestamp": "2022-08-10T16:13:17.787000"
        },
        {
            "utterance_id": 23,
            "interlocutor_id": "AG",
            "text": "Is it a change in their condition? With prices already rising, I hope this doesn’t continue.",
            "timestamp": "2022-08-10T16:13:49.198000"
        },
        {
            "utterance_id": 24,
            "interlocutor_id": "AK",
            "text": "That’s definitely true. As long as we have eggs, we can cook anything.",
            "timestamp": "2022-08-10T16:14:14.868000"
        },
        {
            "utterance_id": 25,
            "interlocutor_id": "AG",
            "text": "That's right. Eggs are quite versatile, aren’t they?",
            "timestamp": "2022-08-10T16:14:37.240000"
        },
        {
            "utterance_id": 26,
            "interlocutor_id": "AK",
            "text": "They are versatile! They taste good whether raw, boiled, or fried.",
            "timestamp": "2022-08-10T16:15:01.609000"
        },
        {
            "utterance_id": 27,
            "interlocutor_id": "AG",
            "text": "They do taste good! You can also use them to adjust flavors when they’re too rich.",
            "timestamp": "2022-08-10T16:15:30.217000"
        },
        {
            "utterance_id": 28,
            "interlocutor_id": "AK",
            "text": "Indeed! From now on, costs will keep rising, and it will be increasingly tough. Well then, see you again.",
            "timestamp": "2022-08-10T16:16:05.127000"
        },
        {
            "utterance_id": 29,
            "interlocutor_id": "AG",
            "text": "Yes, it’s a tough time, but let’s keep trying our best. See you later.",
            "timestamp": "2022-08-10T16:16:30.663000"
        }
    ],
    "evaluations": [
        {
            "interlocutor_id": "AK",
            "informativeness": 5,
            "comprehension": 5,
            "familiarity": 5,
            "interest": 5,
            "proactiveness": 5,
            "satisfaction": 5
        },
        {
            "interlocutor_id": "AG",
            "informativeness": 5,
            "comprehension": 5,
            "familiarity": 5,
            "interest": 5,
            "proactiveness": 5,
            "satisfaction": 5
        }
    ]
}