{
    "dialogue_id": 325,
    "interlocutors": [
        "AK",
        "AG"
    ],
    "utterances": [
        {
            "utterance_id": 0,
            "interlocutor_id": "AK",
            "text": "Hello!",
            "timestamp": "2022-08-10T17:49:18.590000"
        },
        {
            "utterance_id": 1,
            "interlocutor_id": "AG",
            "text": "Hello!",
            "timestamp": "2022-08-10T17:49:25.834000"
        },
        {
            "utterance_id": 2,
            "interlocutor_id": "AK",
            "text": "I went to a delicious restaurant yesterday!",
            "timestamp": "2022-08-10T17:49:36.692000"
        },
        {
            "utterance_id": 3,
            "interlocutor_id": "AG",
            "text": "I'm curious about the delicious restaurant! What did you eat?",
            "timestamp": "2022-08-10T17:49:57.846000"
        },
        {
            "utterance_id": 4,
            "interlocutor_id": "AK",
            "text": "It was an Italian restaurant, so I had Italian food.",
            "timestamp": "2022-08-10T17:50:23.583000"
        },
        {
            "utterance_id": 5,
            "interlocutor_id": "AG",
            "text": "Italian food, huh! I like it too! Was it pasta or pizza?",
            "timestamp": "2022-08-10T17:50:45.648000"
        },
        {
            "utterance_id": 6,
            "interlocutor_id": "AK",
            "text": "I had pizza! The anchovy pizza was perfectly seasoned and the best.",
            "timestamp": "2022-08-10T17:51:16.366000"
        },
        {
            "utterance_id": 7,
            "interlocutor_id": "AG",
            "text": "Anchovies are great, aren't they? That saltiness is irresistible!",
            "timestamp": "2022-08-10T17:51:39.352000"
        },
        {
            "utterance_id": 8,
            "interlocutor_id": "AK",
            "text": "I think I might get addicted. I also had some wine, and it matched the food perfectly.",
            "timestamp": "2022-08-10T17:52:04.458000"
        },
        {
            "utterance_id": 9,
            "interlocutor_id": "AG",
            "text": "Wine would be a good pairing! Was it red wine?",
            "timestamp": "2022-08-10T17:52:25.373000"
        },
        {
            "utterance_id": 10,
            "interlocutor_id": "AK",
            "text": "I had white sparkling wine. I wanted red too, though.",
            "timestamp": "2022-08-10T17:52:52.135000"
        },
        {
            "utterance_id": 11,
            "interlocutor_id": "AG",
            "text": "Sparkling wine is delicious! I like that as well.",
            "timestamp": "2022-08-10T17:54:21.819000"
        },
        {
            "utterance_id": 12,
            "interlocutor_id": "AK",
            "text": "It's easy to drink and I love it. Also, the scallop carpaccio was really tasty.",
            "timestamp": "2022-08-10T17:53:52.769000"
        },
        {
            "utterance_id": 13,
            "interlocutor_id": "AG",
            "text": "Carpaccio! I haven't had that recently. Everything sounds delicious.",
            "timestamp": "2022-08-10T17:54:24.382000"
        },
        {
            "utterance_id": 14,
            "interlocutor_id": "AK",
            "text": "It was a great time. Do you go out to eat?",
            "timestamp": "2022-08-10T17:54:43.602000"
        },
        {
            "utterance_id": 15,
            "interlocutor_id": "AG",
            "text": "The last restaurant I went to was a yakiniku place.",
            "timestamp": "2022-08-10T17:55:05.043000"
        },
        {
            "utterance_id": 16,
            "interlocutor_id": "AK",
            "text": "Oh, nice! What's your favorite?",
            "timestamp": "2022-08-10T17:55:17.530000"
        },
        {
            "utterance_id": 17,
            "interlocutor_id": "AG",
            "text": "I like everything, but I think tongue is the best!",
            "timestamp": "2022-08-10T17:55:49.847000"
        },
        {
            "utterance_id": 18,
            "interlocutor_id": "AK",
            "text": "I understand! It's expensive, but it's the most delicious.",
            "timestamp": "2022-08-10T17:56:07.037000"
        },
        {
            "utterance_id": 19,
            "interlocutor_id": "AG",
            "text": "That's right. It's thinly sliced and doesn't feel satisfying, yet it's expensive! But it's delicious!",
            "timestamp": "2022-08-10T17:56:32.922000"
        },
        {
            "utterance_id": 20,
            "interlocutor_id": "AK",
            "text": "Exactly! I love thickly sliced tongue too!",
            "timestamp": "2022-08-10T17:56:48.289000"
        },
        {
            "utterance_id": 21,
            "interlocutor_id": "AG",
            "text": "Thick slices are delicious! The last place I went to had slightly thicker slices, so it was satisfying.",
            "timestamp": "2022-08-10T17:57:15.782000"
        },
        {
            "utterance_id": 22,
            "interlocutor_id": "AK",
            "text": "It's nice when there's a good bite. I also love having cold noodles at yakiniku restaurants!",
            "timestamp": "2022-08-10T17:57:44.860000"
        },
        {
            "utterance_id": 23,
            "interlocutor_id": "AG",
            "text": "Yes, cold noodles to finish off! I also like bibimbap.",
            "timestamp": "2022-08-10T17:58:06.215000"
        },
        {
            "utterance_id": 24,
            "interlocutor_id": "AK",
            "text": "Ah, that's nice too! I had stone pot bibimbap recently. The crust was amazing!",
            "timestamp": "2022-08-10T17:58:27.381000"
        },
        {
            "utterance_id": 25,
            "interlocutor_id": "AG",
            "text": "Exactly! It has to have the crust! It doesn't work out well if you make it in a frying pan.",
            "timestamp": "2022-08-10T17:58:58.954000"
        },
        {
            "utterance_id": 26,
            "interlocutor_id": "AK",
            "text": "It's difficult, huh? I guess I'd have to buy a special dish just for that.",
            "timestamp": "2022-08-10T17:59:25.878000"
        },
        {
            "utterance_id": 27,
            "interlocutor_id": "AG",
            "text": "That's true. But it would take up space, so that's something to think about.",
            "timestamp": "2022-08-10T17:59:49.207000"
        },
        {
            "utterance_id": 28,
            "interlocutor_id": "AK",
            "text": "Indeed! Please tell me more next time. Thank you!",
            "timestamp": "2022-08-10T18:00:07.436000"
        },
        {
            "utterance_id": 29,
            "interlocutor_id": "AG",
            "text": "Thank you too!",
            "timestamp": "2022-08-10T18:00:17.199000"
        }
    ],
    "evaluations": [
        {
            "interlocutor_id": "AK",
            "informativeness": 5,
            "comprehension": 5,
            "familiarity": 5,
            "interest": 5,
            "proactiveness": 5,
            "satisfaction": 5
        },
        {
            "interlocutor_id": "AG",
            "informativeness": 5,
            "comprehension": 5,
            "familiarity": 5,
            "interest": 5,
            "proactiveness": 5,
            "satisfaction": 5
        }
    ]
}