{
    "dialogue_id": 328,
    "interlocutors": [
        "AG",
        "AK"
    ],
    "utterances": [
        {
            "utterance_id": 0,
            "interlocutor_id": "AG",
            "text": "Good evening!",
            "timestamp": "2022-08-10T18:27:56.962000"
        },
        {
            "utterance_id": 1,
            "interlocutor_id": "AK",
            "text": "Good evening!",
            "timestamp": "2022-08-10T18:28:01.448000"
        },
        {
            "utterance_id": 2,
            "interlocutor_id": "AG",
            "text": "It's already evening, do you have any plans for tomorrow?",
            "timestamp": "2022-08-10T18:28:20.096000"
        },
        {
            "utterance_id": 3,
            "interlocutor_id": "AK",
            "text": "I have plans for a BBQ at home tomorrow!",
            "timestamp": "2022-08-10T18:28:32.860000"
        },
        {
            "utterance_id": 4,
            "interlocutor_id": "AG",
            "text": "A BBQ, huh! That sounds great. Are you having it in your garden?",
            "timestamp": "2022-08-10T18:28:51.406000"
        },
        {
            "utterance_id": 5,
            "interlocutor_id": "AK",
            "text": "Yes, we'll be doing it in the carport!",
            "timestamp": "2022-08-10T18:29:05.099000"
        },
        {
            "utterance_id": 6,
            "interlocutor_id": "AG",
            "text": "I see! Is it just for your family?",
            "timestamp": "2022-08-10T18:29:23.828000"
        },
        {
            "utterance_id": 7,
            "interlocutor_id": "AK",
            "text": "My husband's colleagues will be coming too. It seems like a lot of preparation.",
            "timestamp": "2022-08-10T18:29:40.578000"
        },
        {
            "utterance_id": 8,
            "interlocutor_id": "AG",
            "text": "I see! It sounds quite a lot of work if there are many people.",
            "timestamp": "2022-08-10T18:30:02.679000"
        },
        {
            "utterance_id": 9,
            "interlocutor_id": "AK",
            "text": "That's right. It also requires a lot of consideration. Do you do BBQs?",
            "timestamp": "2022-08-10T18:30:27.006000"
        },
        {
            "utterance_id": 10,
            "interlocutor_id": "AG",
            "text": "When I was little, my parents used to take me to the river for it. I haven’t done it at all recently.",
            "timestamp": "2022-08-10T18:31:06.153000"
        },
        {
            "utterance_id": 11,
            "interlocutor_id": "AK",
            "text": "I long for BBQs by the river! We have a shichirin at home, and it holds heat well and is easy to clean up!",
            "timestamp": "2022-08-10T18:31:46.571000"
        },
        {
            "utterance_id": 12,
            "interlocutor_id": "AG",
            "text": "Oh! I’ve never tried a shichirin, but it sounds nice. What do you like to grill?",
            "timestamp": "2022-08-10T18:32:20.036000"
        },
        {
            "utterance_id": 13,
            "interlocutor_id": "AK",
            "text": "I love kalbi, sagari, and also hormones!",
            "timestamp": "2022-08-10T18:32:36.925000"
        },
        {
            "utterance_id": 14,
            "interlocutor_id": "AG",
            "text": "Is sagari a type of meat?",
            "timestamp": "2022-08-10T18:32:53.197000"
        },
        {
            "utterance_id": 15,
            "interlocutor_id": "AK",
            "text": "Ah, yes! It’s a part like harami. Sagari is mainstream in Hokkaido.",
            "timestamp": "2022-08-10T18:33:28.311000"
        },
        {
            "utterance_id": 16,
            "interlocutor_id": "AG",
            "text": "Oh! I see! I didn’t know that. I want to try it someday.",
            "timestamp": "2022-08-10T18:33:51.728000"
        },
        {
            "utterance_id": 17,
            "interlocutor_id": "AK",
            "text": "I learned about it after coming to Hokkaido. It’s juicy and super delicious.",
            "timestamp": "2022-08-10T18:34:13.491000"
        },
        {
            "utterance_id": 18,
            "interlocutor_id": "AG",
            "text": "Is it juicy? It sounds absolutely delicious! So you're looking forward to tomorrow!",
            "timestamp": "2022-08-10T18:34:43.716000"
        },
        {
            "utterance_id": 19,
            "interlocutor_id": "AK",
            "text": "I'm looking forward to it! I have to go for shopping in the morning, though.",
            "timestamp": "2022-08-10T18:35:06.169000"
        },
        {
            "utterance_id": 20,
            "interlocutor_id": "AG",
            "text": "Sounds like it's going to be a lot of work in the morning. Are you going to several stores?",
            "timestamp": "2022-08-10T18:35:37.066000"
        },
        {
            "utterance_id": 21,
            "interlocutor_id": "AK",
            "text": "I'm going to a butcher, a BBQ restaurant, and a supermarket. I’ll also buy seafood at the supermarket!",
            "timestamp": "2022-08-10T18:36:06.441000"
        },
        {
            "utterance_id": 22,
            "interlocutor_id": "AG",
            "text": "Wow! That sounds luxurious. I hope you find good meat and seafood!",
            "timestamp": "2022-08-10T18:36:34.457000"
        },
        {
            "utterance_id": 23,
            "interlocutor_id": "AK",
            "text": "Yes. I definitely want to buy scallops, so I’ll look for them!",
            "timestamp": "2022-08-10T18:36:51.331000"
        },
        {
            "utterance_id": 24,
            "interlocutor_id": "AG",
            "text": "Will you grill the scallops? They are delicious, right?",
            "timestamp": "2022-08-10T18:37:11.963000"
        },
        {
            "utterance_id": 25,
            "interlocutor_id": "AK",
            "text": "Yes! Dripping butter and soy sauce on them is just the best!",
            "timestamp": "2022-08-10T18:37:33.840000"
        },
        {
            "utterance_id": 26,
            "interlocutor_id": "AG",
            "text": "Just imagining it makes my mouth water! Anyway, have fun tomorrow!",
            "timestamp": "2022-08-10T18:38:05.491000"
        },
        {
            "utterance_id": 27,
            "interlocutor_id": "AK",
            "text": "Thank you. I'm glad you listened to my story.",
            "timestamp": "2022-08-10T18:38:21.434000"
        },
        {
            "utterance_id": 28,
            "interlocutor_id": "AG",
            "text": "Thank you for sharing such delicious stories!",
            "timestamp": "2022-08-10T18:38:37.327000"
        },
        {
            "utterance_id": 29,
            "interlocutor_id": "AK",
            "text": "No problem!",
            "timestamp": "2022-08-10T18:38:43.564000"
        }
    ],
    "evaluations": [
        {
            "interlocutor_id": "AG",
            "informativeness": 5,
            "comprehension": 5,
            "familiarity": 5,
            "interest": 5,
            "proactiveness": 5,
            "satisfaction": 5
        },
        {
            "interlocutor_id": "AK",
            "informativeness": 5,
            "comprehension": 4,
            "familiarity": 5,
            "interest": 5,
            "proactiveness": 5,
            "satisfaction": 5
        }
    ]
}