{
    "dialogue_id": 320,
    "interlocutors": [
        "AG",
        "AK"
    ],
    "utterances": [
        {
            "utterance_id": 0,
            "interlocutor_id": "AG",
            "text": "Hello! Excuse me for interrupting.",
            "timestamp": "2022-08-10T16:41:19.603000"
        },
        {
            "utterance_id": 1,
            "interlocutor_id": "AK",
            "text": "Hello!",
            "timestamp": "2022-08-10T16:41:28.445000"
        },
        {
            "utterance_id": 2,
            "interlocutor_id": "AG",
            "text": "Right away, is there any food you are currently obsessed with?",
            "timestamp": "2022-08-10T16:41:56.069000"
        },
        {
            "utterance_id": 3,
            "interlocutor_id": "AK",
            "text": "Recently, it's eel! I ate a lot on the day of Doyo no Ushi.",
            "timestamp": "2022-08-10T16:42:15.032000"
        },
        {
            "utterance_id": 4,
            "interlocutor_id": "AG",
            "text": "Oh! Eel! It's delicious, isn't it? Did you go out to eat?",
            "timestamp": "2022-08-10T16:42:37.792000"
        },
        {
            "utterance_id": 5,
            "interlocutor_id": "AK",
            "text": "I bought it at the supermarket and tried cooking it in various ways!",
            "timestamp": "2022-08-10T16:42:58.119000"
        },
        {
            "utterance_id": 6,
            "interlocutor_id": "AG",
            "text": "That sounds interesting! I'd like to hear what kind of cooking methods you used.",
            "timestamp": "2022-08-10T16:43:21.921000"
        },
        {
            "utterance_id": 7,
            "interlocutor_id": "AK",
            "text": "First, I start by washing off the sauce attached to the eel!",
            "timestamp": "2022-08-10T16:43:43.630000"
        },
        {
            "utterance_id": 8,
            "interlocutor_id": "AG",
            "text": "Huh? You wash it off?",
            "timestamp": "2022-08-10T16:43:58.747000"
        },
        {
            "utterance_id": 9,
            "interlocutor_id": "AK",
            "text": "It feels wasteful, but I heard it has preservatives on it, so washing it with water is apparently good!",
            "timestamp": "2022-08-10T16:44:20.946000"
        },
        {
            "utterance_id": 10,
            "interlocutor_id": "AG",
            "text": "Oh! I see! I didn't know that tip!",
            "timestamp": "2022-08-10T16:44:36.928000"
        },
        {
            "utterance_id": 11,
            "interlocutor_id": "AK",
            "text": "After that, you just need to grill it in a frying pan or on a grill!",
            "timestamp": "2022-08-10T16:44:56.617000"
        },
        {
            "utterance_id": 12,
            "interlocutor_id": "AG",
            "text": "Is that so? That was surprisingly easy.",
            "timestamp": "2022-08-10T16:45:11.660000"
        },
        {
            "utterance_id": 13,
            "interlocutor_id": "AK",
            "text": "It's super easy. You can apply the accompanying sauce or a store-bought sauce while grilling!",
            "timestamp": "2022-08-10T16:45:40.810000"
        },
        {
            "utterance_id": 14,
            "interlocutor_id": "AG",
            "text": "It sounds like it's going to be more fragrant than usual. It looks delicious!",
            "timestamp": "2022-08-10T16:46:05.119000"
        },
        {
            "utterance_id": 15,
            "interlocutor_id": "AK",
            "text": "It was actually delicious. It had that fluffy texture like what you would typically eat at a restaurant, and it had a nice roasted aroma!",
            "timestamp": "2022-08-10T16:46:32.409000"
        },
        {
            "utterance_id": 16,
            "interlocutor_id": "AG",
            "text": "Oh! So it becomes fluffy. I guess because it's steamed from being rinsed with water.",
            "timestamp": "2022-08-10T16:46:57.523000"
        },
        {
            "utterance_id": 17,
            "interlocutor_id": "AK",
            "text": "I do rinse it and then pat it dry, but because there's still some moisture left, it might become fluffy!",
            "timestamp": "2022-08-10T16:47:41.060000"
        },
        {
            "utterance_id": 18,
            "interlocutor_id": "AG",
            "text": "That sounds great. Next time I cook, I’ll try that method! Thank you for the good information!",
            "timestamp": "2022-08-10T16:48:14.110000"
        },
        {
            "utterance_id": 19,
            "interlocutor_id": "AK",
            "text": "Definitely! What do you like?",
            "timestamp": "2022-08-10T16:48:28.152000"
        },
        {
            "utterance_id": 20,
            "interlocutor_id": "AG",
            "text": "Recently, I've been into microwaveable curry.",
            "timestamp": "2022-08-10T16:48:50.395000"
        },
        {
            "utterance_id": 21,
            "interlocutor_id": "AK",
            "text": "Is it instant?",
            "timestamp": "2022-08-10T16:49:01.719000"
        },
        {
            "utterance_id": 22,
            "interlocutor_id": "AG",
            "text": "No, it's a curry where you put all the spices and ingredients in a dish and microwave it.",
            "timestamp": "2022-08-10T16:49:28.106000"
        },
        {
            "utterance_id": 23,
            "interlocutor_id": "AK",
            "text": "Wow! It seems authentic but simple!",
            "timestamp": "2022-08-10T16:49:44.204000"
        },
        {
            "utterance_id": 24,
            "interlocutor_id": "AG",
            "text": "Yes. When I first heard about it, I wondered if it could really be done, but I was surprised by how delicious it was.",
            "timestamp": "2022-08-10T16:50:11.306000"
        },
        {
            "utterance_id": 25,
            "interlocutor_id": "AK",
            "text": "Is that so! Is there a recipe on the internet? I'm curious!",
            "timestamp": "2022-08-10T16:50:28.810000"
        },
        {
            "utterance_id": 26,
            "interlocutor_id": "AG",
            "text": "There might be a basic one. The main ingredients are canned tomatoes, fried onions, and spices.",
            "timestamp": "2022-08-10T16:51:01.620000"
        },
        {
            "utterance_id": 27,
            "interlocutor_id": "AK",
            "text": "I see. That sounds convenient! Is the microwaving time short as well?",
            "timestamp": "2022-08-10T16:51:29.455000"
        },
        {
            "utterance_id": 28,
            "interlocutor_id": "AG",
            "text": "It depends on the ingredients, but if they don’t need much cooking, it’s about three minutes. Please try it if you have the chance!",
            "timestamp": "2022-08-10T16:52:08.680000"
        },
        {
            "utterance_id": 29,
            "interlocutor_id": "AK",
            "text": "That sounds good! Thank you for telling me! I will give it a try!",
            "timestamp": "2022-08-10T16:52:27.919000"
        }
    ],
    "evaluations": [
        {
            "interlocutor_id": "AG",
            "informativeness": 5,
            "comprehension": 5,
            "familiarity": 5,
            "interest": 5,
            "proactiveness": 5,
            "satisfaction": 4
        },
        {
            "interlocutor_id": "AK",
            "informativeness": 5,
            "comprehension": 4,
            "familiarity": 5,
            "interest": 5,
            "proactiveness": 5,
            "satisfaction": 5
        }
    ]
}