{
    "dialogue_id": 327,
    "interlocutors": [
        "AK",
        "AG"
    ],
    "utterances": [
        {
            "utterance_id": 0,
            "interlocutor_id": "AK",
            "text": "Good evening!",
            "timestamp": "2022-08-10T18:14:35.403000"
        },
        {
            "utterance_id": 1,
            "interlocutor_id": "AG",
            "text": "Good evening!",
            "timestamp": "2022-08-10T18:14:42.393000"
        },
        {
            "utterance_id": 2,
            "interlocutor_id": "AK",
            "text": "It's getting dark. It's been getting dark earlier lately.",
            "timestamp": "2022-08-10T18:14:56.874000"
        },
        {
            "utterance_id": 3,
            "interlocutor_id": "AG",
            "text": "Is that so? It's still bright here!",
            "timestamp": "2022-08-10T18:15:14.667000"
        },
        {
            "utterance_id": 4,
            "interlocutor_id": "AK",
            "text": "Really? I guess we are quite far apart. It's already at the point where I need to turn the lights on.",
            "timestamp": "2022-08-10T18:15:44.548000"
        },
        {
            "utterance_id": 5,
            "interlocutor_id": "AG",
            "text": "That's true, it's about time for the lights! It's interesting how there are differences even within the same country.",
            "timestamp": "2022-08-10T18:16:23.266000"
        },
        {
            "utterance_id": 6,
            "interlocutor_id": "AK",
            "text": "It is interesting. Japan is small compared to the world, but there is quite a distance.",
            "timestamp": "2022-08-10T18:16:49.036000"
        },
        {
            "utterance_id": 7,
            "interlocutor_id": "AG",
            "text": "There is. When you think about it, countries around the world are really large.",
            "timestamp": "2022-08-10T18:17:11.951000"
        },
        {
            "utterance_id": 8,
            "interlocutor_id": "AK",
            "text": "They are indeed. Have you ever been abroad?",
            "timestamp": "2022-08-10T18:17:31.285000"
        },
        {
            "utterance_id": 9,
            "interlocutor_id": "AG",
            "text": "No, I haven't. How about you?",
            "timestamp": "2022-08-10T18:17:43.508000"
        },
        {
            "utterance_id": 10,
            "interlocutor_id": "AK",
            "text": "I haven't either. I want to go at least once before I die.",
            "timestamp": "2022-08-10T18:18:01.454000"
        },
        {
            "utterance_id": 11,
            "interlocutor_id": "AG",
            "text": "Before you die! That’s true. I want to go too. Where do you want to go?",
            "timestamp": "2022-08-10T18:18:38.267000"
        },
        {
            "utterance_id": 12,
            "interlocutor_id": "AK",
            "text": "Somehow to France. I want to see beautiful streets and castles.",
            "timestamp": "2022-08-10T18:19:12.439000"
        },
        {
            "utterance_id": 13,
            "interlocutor_id": "AG",
            "text": "That sounds nice. Any place you take photos of would probably look great!",
            "timestamp": "2022-08-10T18:19:33.401000"
        },
        {
            "utterance_id": 14,
            "interlocutor_id": "AK",
            "text": "Definitely! I want to take a lot of pictures. Do you have any country you want to visit?",
            "timestamp": "2022-08-10T18:20:06.594000"
        },
        {
            "utterance_id": 15,
            "interlocutor_id": "AG",
            "text": "I want to visit Taiwan. For sightseeing and Chinese tea.",
            "timestamp": "2022-08-10T18:20:55.629000"
        },
        {
            "utterance_id": 16,
            "interlocutor_id": "AK",
            "text": "Do you like Chinese tea?",
            "timestamp": "2022-08-10T18:21:08.586000"
        },
        {
            "utterance_id": 17,
            "interlocutor_id": "AG",
            "text": "Yes! The aroma that comes through the nose when you drink Chinese tea is unique. I love it.",
            "timestamp": "2022-08-10T18:21:44.732000"
        },
        {
            "utterance_id": 18,
            "interlocutor_id": "AK",
            "text": "I see. I had it a long time ago but didn't pay much attention, so I want to try it again.",
            "timestamp": "2022-08-10T18:22:16.541000"
        },
        {
            "utterance_id": 19,
            "interlocutor_id": "AG",
            "text": "It has a fruity taste, often compared to the scent of lychee or pineapple. You should definitely give it a try.",
            "timestamp": "2022-08-10T18:22:53.525000"
        },
        {
            "utterance_id": 20,
            "interlocutor_id": "AK",
            "text": "Wow! It sounds fruity. That must be delicious!",
            "timestamp": "2022-08-10T18:23:16.543000"
        },
        {
            "utterance_id": 21,
            "interlocutor_id": "AG",
            "text": "Fenghuang Danshao is delicious, too. If you come across it, give it a try.",
            "timestamp": "2022-08-10T18:23:47.384000"
        },
        {
            "utterance_id": 22,
            "interlocutor_id": "AK",
            "text": "I’ll remember that! It seems like it would be even more flavorful if I had it in its homeland. Taiwan is close, which is nice!",
            "timestamp": "2022-08-10T18:24:37.043000"
        },
        {
            "utterance_id": 23,
            "interlocutor_id": "AG",
            "text": "That's right! Currently, with the world situation, with COVID and diplomacy, it’s a bit delicate, but I want to go when things settle down.",
            "timestamp": "2022-08-10T18:25:09.839000"
        },
        {
            "utterance_id": 24,
            "interlocutor_id": "AK",
            "text": "True. It seems the most dangerous right now. Travel sounds fun too. I'm sure it's a tourist-friendly city for Japanese people.",
            "timestamp": "2022-08-10T18:25:48.734000"
        },
        {
            "utterance_id": 25,
            "interlocutor_id": "AG",
            "text": "If I go, I’d rather go to a country that’s friendly to Japan.",
            "timestamp": "2022-08-10T18:26:11.584000"
        },
        {
            "utterance_id": 26,
            "interlocutor_id": "AK",
            "text": "Yes! I have a scary image of overseas travel, so I want to go to a safe country.",
            "timestamp": "2022-08-10T18:26:33.367000"
        },
        {
            "utterance_id": 27,
            "interlocutor_id": "AG",
            "text": "That's true. France has a friendly vibe toward Japan, so it seems okay. I hope we both can go someday!",
            "timestamp": "2022-08-10T18:27:03.450000"
        },
        {
            "utterance_id": 28,
            "interlocutor_id": "AK",
            "text": "Yes! If we go, we will share our souvenirs as stories. Let’s talk again!",
            "timestamp": "2022-08-10T18:27:22.199000"
        },
        {
            "utterance_id": 29,
            "interlocutor_id": "AG",
            "text": "I'm looking forward to it!",
            "timestamp": "2022-08-10T18:27:32.146000"
        }
    ],
    "evaluations": [
        {
            "interlocutor_id": "AK",
            "informativeness": 4,
            "comprehension": 5,
            "familiarity": 5,
            "interest": 4,
            "proactiveness": 5,
            "satisfaction": 5
        },
        {
            "interlocutor_id": "AG",
            "informativeness": 5,
            "comprehension": 4,
            "familiarity": 5,
            "interest": 5,
            "proactiveness": 5,
            "satisfaction": 5
        }
    ]
}