{
    "dialogue_id": 326,
    "interlocutors": [
        "AG",
        "AK"
    ],
    "utterances": [
        {
            "utterance_id": 0,
            "interlocutor_id": "AG",
            "text": "Good evening!",
            "timestamp": "2022-08-10T18:00:46.214000"
        },
        {
            "utterance_id": 1,
            "interlocutor_id": "AK",
            "text": "Good evening!",
            "timestamp": "2022-08-10T18:00:53.613000"
        },
        {
            "utterance_id": 2,
            "interlocutor_id": "AG",
            "text": "Recently, is there anything you are really into?",
            "timestamp": "2022-08-10T18:01:15.700000"
        },
        {
            "utterance_id": 3,
            "interlocutor_id": "AK",
            "text": "Well, I’ve been watching dramas at home a lot!",
            "timestamp": "2022-08-10T18:01:33.352000"
        },
        {
            "utterance_id": 4,
            "interlocutor_id": "AG",
            "text": "When you say dramas, are you talking about Japanese terrestrial ones?",
            "timestamp": "2022-08-10T18:01:52.082000"
        },
        {
            "utterance_id": 5,
            "interlocutor_id": "AK",
            "text": "I use streaming services and have been mostly watching foreign dramas.",
            "timestamp": "2022-08-10T18:02:13.854000"
        },
        {
            "utterance_id": 6,
            "interlocutor_id": "AG",
            "text": "There are a lot of people using online streaming these days! What kind of works do you prefer?",
            "timestamp": "2022-08-10T18:02:44.820000"
        },
        {
            "utterance_id": 7,
            "interlocutor_id": "AK",
            "text": "Recently, I have been watching a lot of human drama. I like touching stories.",
            "timestamp": "2022-08-10T18:03:25.027000"
        },
        {
            "utterance_id": 8,
            "interlocutor_id": "AG",
            "text": "I also watch those kinds of works. I don’t watch overseas dramas, but are they different from Japanese ones?",
            "timestamp": "2022-08-10T18:04:13.588000"
        },
        {
            "utterance_id": 9,
            "interlocutor_id": "AK",
            "text": "It’s interesting to see everyday life abroad.",
            "timestamp": "2022-08-10T18:04:56.796000"
        },
        {
            "utterance_id": 10,
            "interlocutor_id": "AG",
            "text": "I see. There is a feeling that you can't experience in Japan, right?",
            "timestamp": "2022-08-10T18:05:29.654000"
        },
        {
            "utterance_id": 11,
            "interlocutor_id": "AK",
            "text": "That's right. Japanese dramas often try to make you cry.",
            "timestamp": "2022-08-10T18:05:56.659000"
        },
        {
            "utterance_id": 12,
            "interlocutor_id": "AG",
            "text": "Haha! That's true. Titles like \"From the Northern Country\" or \"Wataru Seken wa Oni Bakari\" immediately come to mind.",
            "timestamp": "2022-08-10T18:06:26.222000"
        },
        {
            "utterance_id": 13,
            "interlocutor_id": "AK",
            "text": "It definitely feels like a drama. What are you currently into?",
            "timestamp": "2022-08-10T18:07:03.628000"
        },
        {
            "utterance_id": 14,
            "interlocutor_id": "AG",
            "text": "Recently, I've been really into creating my own schedule book.",
            "timestamp": "2022-08-10T18:07:39.277000"
        },
        {
            "utterance_id": 15,
            "interlocutor_id": "AK",
            "text": "Are you doing it by hand?",
            "timestamp": "2022-08-10T18:07:50.774000"
        },
        {
            "utterance_id": 16,
            "interlocutor_id": "AG",
            "text": "Yes. The frames are printed, but I write the dates and decorate them there.",
            "timestamp": "2022-08-10T18:08:17.989000"
        },
        {
            "utterance_id": 17,
            "interlocutor_id": "AK",
            "text": "Wow! You must be quite diligent. If it were me, I’d probably give up after three days.",
            "timestamp": "2022-08-10T18:08:45.003000"
        },
        {
            "utterance_id": 18,
            "interlocutor_id": "AG",
            "text": "I’m not diligent. I just jot down places I've been and deadlines.",
            "timestamp": "2022-08-10T18:09:16.843000"
        },
        {
            "utterance_id": 19,
            "interlocutor_id": "AK",
            "text": "I see. If you make it neatly, it seems it would be easy to read, which is great.",
            "timestamp": "2022-08-10T18:09:36.987000"
        },
        {
            "utterance_id": 20,
            "interlocutor_id": "AG",
            "text": "It’s more that I make it to lift my own spirits. I put stickers on it as well.",
            "timestamp": "2022-08-10T18:10:11.416000"
        },
        {
            "utterance_id": 21,
            "interlocutor_id": "AK",
            "text": "You're even putting stickers on it! I used to do that when I was little, and it really does seem like it would lift your spirits!",
            "timestamp": "2022-08-10T18:10:44.880000"
        },
        {
            "utterance_id": 22,
            "interlocutor_id": "AG",
            "text": "I like stickers, and since my collection keeps growing, I also use them in my schedule book. Don’t you collect stickers?",
            "timestamp": "2022-08-10T18:11:18.573000"
        },
        {
            "utterance_id": 23,
            "interlocutor_id": "AK",
            "text": "Ah, stickers tend to pile up, don’t they? I used to collect them a lot!",
            "timestamp": "2022-08-10T18:11:45.272000"
        },
        {
            "utterance_id": 24,
            "interlocutor_id": "AG",
            "text": "The fact that I used to collect them in the past but am still collecting them now means I haven’t changed since I was a child.",
            "timestamp": "2022-08-10T18:12:15.869000"
        },
        {
            "utterance_id": 25,
            "interlocutor_id": "AK",
            "text": "That sounds nice. There was a time when I collected washi tape! It’s really handy, isn’t it?",
            "timestamp": "2022-08-10T18:12:49.512000"
        },
        {
            "utterance_id": 26,
            "interlocutor_id": "AG",
            "text": "It really is. Apparently, the next trendy thing after washi tape is masking tape.",
            "timestamp": "2022-08-10T18:13:18.670000"
        },
        {
            "utterance_id": 27,
            "interlocutor_id": "AK",
            "text": "Do people use it for things other than disaster prevention?",
            "timestamp": "2022-08-10T18:13:32.681000"
        },
        {
            "utterance_id": 28,
            "interlocutor_id": "AG",
            "text": "It seems there are stylish kinds of masking tape now. It’s interesting how everything is incorporating stylish elements.",
            "timestamp": "2022-08-10T18:14:03.404000"
        },
        {
            "utterance_id": 29,
            "interlocutor_id": "AK",
            "text": "Wow, that’s interesting!",
            "timestamp": "2022-08-10T18:14:17.489000"
        }
    ],
    "evaluations": [
        {
            "interlocutor_id": "AG",
            "informativeness": 5,
            "comprehension": 5,
            "familiarity": 5,
            "interest": 4,
            "proactiveness": 5,
            "satisfaction": 5
        },
        {
            "interlocutor_id": "AK",
            "informativeness": 4,
            "comprehension": 5,
            "familiarity": 5,
            "interest": 5,
            "proactiveness": 5,
            "satisfaction": 4
        }
    ]
}