{
    "dialogue_id": 335,
    "interlocutors": [
        "AE",
        "AD"
    ],
    "utterances": [
        {
            "utterance_id": 0,
            "interlocutor_id": "AE",
            "text": "Hello~ Nice to meet you~",
            "timestamp": "2022-08-21T13:57:39.528000"
        },
        {
            "utterance_id": 1,
            "interlocutor_id": "AD",
            "text": "Nice to meet you!",
            "timestamp": "2022-08-21T13:57:47.342000"
        },
        {
            "utterance_id": 2,
            "interlocutor_id": "AE",
            "text": "It's been hot lately, have you done anything summery?",
            "timestamp": "2022-08-21T13:58:22.749000"
        },
        {
            "utterance_id": 3,
            "interlocutor_id": "AD",
            "text": "The only summery thing I've done is flowing somen in Kyoto.",
            "timestamp": "2022-08-21T13:58:41.333000"
        },
        {
            "utterance_id": 4,
            "interlocutor_id": "AE",
            "text": "Flowing somen sounds nice~",
            "timestamp": "2022-08-21T13:58:55.026000"
        },
        {
            "utterance_id": 5,
            "interlocutor_id": "AD",
            "text": "It was my first time, but it was enjoyable and cool!",
            "timestamp": "2022-08-21T13:59:05.510000"
        },
        {
            "utterance_id": 6,
            "interlocutor_id": "AE",
            "text": "It was your first time, huh? I haven’t done it recently either, so I want to try it...",
            "timestamp": "2022-08-21T14:00:54.280000"
        },
        {
            "utterance_id": 7,
            "interlocutor_id": "AD",
            "text": "That sounds good. I think there’s still time for flowing somen!",
            "timestamp": "2022-08-21T14:02:15.783000"
        },
        {
            "utterance_id": 8,
            "interlocutor_id": "AE",
            "text": "Right! If I get the chance, I'd like to try it!",
            "timestamp": "2022-08-21T14:05:15.002000"
        },
        {
            "utterance_id": 9,
            "interlocutor_id": "AD",
            "text": "Conversely, have you done anything summery?",
            "timestamp": "2022-08-21T14:05:27.927000"
        },
        {
            "utterance_id": 10,
            "interlocutor_id": "AE",
            "text": "Just the other day, I went on a hot spring trip to a cooler place~",
            "timestamp": "2022-08-21T14:07:50.618000"
        },
        {
            "utterance_id": 11,
            "interlocutor_id": "AD",
            "text": "That sounds nice! Did you eat something delicious?",
            "timestamp": "2022-08-21T14:09:19.896000"
        },
        {
            "utterance_id": 12,
            "interlocutor_id": "AE",
            "text": "Since it was the production area for Jersey cattle, I had delicious meat!",
            "timestamp": "2022-08-21T14:10:30.605000"
        },
        {
            "utterance_id": 13,
            "interlocutor_id": "AD",
            "text": "Delicious meat sounds great! The only meat I've had recently was shabu-shabu with warm vegetables.",
            "timestamp": "2022-08-21T14:10:47.455000"
        },
        {
            "utterance_id": 14,
            "interlocutor_id": "AE",
            "text": "Shabu-shabu is nice too~",
            "timestamp": "2022-08-21T14:13:22.868000"
        },
        {
            "utterance_id": 15,
            "interlocutor_id": "AD",
            "text": "Which do you prefer, shabu-shabu or grilled meat?",
            "timestamp": "2022-08-21T14:13:35.796000"
        },
        {
            "utterance_id": 16,
            "interlocutor_id": "AE",
            "text": "It's hard to choose, but lately, I prefer shabu-shabu…?",
            "timestamp": "2022-08-21T14:15:06.489000"
        },
        {
            "utterance_id": 17,
            "interlocutor_id": "AD",
            "text": "I also like shabu-shabu more! Grilled meat is delicious but quite heavy.",
            "timestamp": "2022-08-21T14:15:26.826000"
        },
        {
            "utterance_id": 18,
            "interlocutor_id": "AE",
            "text": "I understand; it's heavy, isn't it...",
            "timestamp": "2022-08-21T14:16:24.046000"
        },
        {
            "utterance_id": 19,
            "interlocutor_id": "AD",
            "text": "Shabu-shabu is easier to eat because it reduces the grease.",
            "timestamp": "2022-08-21T14:16:42.436000"
        },
        {
            "utterance_id": 20,
            "interlocutor_id": "AE",
            "text": "That's right. Grilled meat is delicious too, but the grease starts to feel heavy...",
            "timestamp": "2022-08-21T14:18:56.128000"
        },
        {
            "utterance_id": 21,
            "interlocutor_id": "AD",
            "text": "Is it because of age, I wonder?",
            "timestamp": "2022-08-21T14:19:22.473000"
        },
        {
            "utterance_id": 22,
            "interlocutor_id": "AE",
            "text": "I want to believe it's not, but… is it really...",
            "timestamp": "2022-08-21T14:20:19.926000"
        },
        {
            "utterance_id": 23,
            "interlocutor_id": "AD",
            "text": "Also, grilled meat is easier to eat when wrapped in perilla leaves.",
            "timestamp": "2022-08-21T14:20:38.452000"
        },
        {
            "utterance_id": 24,
            "interlocutor_id": "AE",
            "text": "It's good to eat with perilla leaves.",
            "timestamp": "2022-08-21T14:22:13.170000"
        },
        {
            "utterance_id": 25,
            "interlocutor_id": "AD",
            "text": "Plus, I really like the dessert after grilled meat. It's refreshing.",
            "timestamp": "2022-08-21T14:23:23.276000"
        },
        {
            "utterance_id": 26,
            "interlocutor_id": "AE",
            "text": "Indeed, grilled meat desserts are mostly refreshing.",
            "timestamp": "2022-08-21T14:24:06.093000"
        },
        {
            "utterance_id": 27,
            "interlocutor_id": "AD",
            "text": "I often order sorbet because I like it!",
            "timestamp": "2022-08-21T14:24:42.870000"
        },
        {
            "utterance_id": 28,
            "interlocutor_id": "AE",
            "text": "Sorbet sounds good! I usually order almond tofu~",
            "timestamp": "2022-08-21T14:25:47.533000"
        },
        {
            "utterance_id": 29,
            "interlocutor_id": "AD",
            "text": "Almond tofu is nice too! I think I'll try ordering it next time!",
            "timestamp": "2022-08-21T14:26:24.997000"
        }
    ],
    "evaluations": [
        {
            "interlocutor_id": "AE",
            "informativeness": 5,
            "comprehension": 5,
            "familiarity": 4,
            "interest": 5,
            "proactiveness": 5,
            "satisfaction": 4
        },
        {
            "interlocutor_id": "AD",
            "informativeness": 5,
            "comprehension": 5,
            "familiarity": 5,
            "interest": 5,
            "proactiveness": 5,
            "satisfaction": 5
        }
    ]
}