{
    "dialogue_id": 336,
    "interlocutors": [
        "AD",
        "AE"
    ],
    "utterances": [
        {
            "utterance_id": 0,
            "interlocutor_id": "AD",
            "text": "Good evening, nice to meet you!",
            "timestamp": "2022-08-23T21:00:38.337000"
        },
        {
            "utterance_id": 1,
            "interlocutor_id": "AE",
            "text": "Good evening! Nice to meet you too!",
            "timestamp": "2022-08-23T21:00:57.967000"
        },
        {
            "utterance_id": 2,
            "interlocutor_id": "AD",
            "text": "What did you have for dinner today?",
            "timestamp": "2022-08-23T21:01:07.600000"
        },
        {
            "utterance_id": 3,
            "interlocutor_id": "AE",
            "text": "I had McDonald's today!",
            "timestamp": "2022-08-23T21:01:19.542000"
        },
        {
            "utterance_id": 4,
            "interlocutor_id": "AD",
            "text": "McDonald's is nice! What did you eat?",
            "timestamp": "2022-08-23T21:01:27.657000"
        },
        {
            "utterance_id": 5,
            "interlocutor_id": "AE",
            "text": "I had the limited-time garlic shrimp!",
            "timestamp": "2022-08-23T21:02:00.082000"
        },
        {
            "utterance_id": 6,
            "interlocutor_id": "AD",
            "text": "I always end up ordering the same hamburger, but was it good?",
            "timestamp": "2022-08-23T21:02:21.015000"
        },
        {
            "utterance_id": 7,
            "interlocutor_id": "AE",
            "text": "It was quite delicious!",
            "timestamp": "2022-08-23T21:02:32.998000"
        },
        {
            "utterance_id": 8,
            "interlocutor_id": "AD",
            "text": "Did you order any side menu items?",
            "timestamp": "2022-08-23T21:02:44.880000"
        },
        {
            "utterance_id": 9,
            "interlocutor_id": "AE",
            "text": "Since it was a set, I had fries! Sometimes I just crave them!",
            "timestamp": "2022-08-23T21:04:00.187000"
        },
        {
            "utterance_id": 10,
            "interlocutor_id": "AD",
            "text": "I understand. Don't you think McDonald's fries are the best among fast food?",
            "timestamp": "2022-08-23T21:04:46.960000"
        },
        {
            "utterance_id": 11,
            "interlocutor_id": "AE",
            "text": "Freshly fried, McDonald's is great! I might be a bit different, but I love Mos Burger's onion rings.",
            "timestamp": "2022-08-23T21:05:19.090000"
        },
        {
            "utterance_id": 12,
            "interlocutor_id": "AD",
            "text": "Mos Burger is nice. I've wanted McDonald's so much recently, but I haven't gone, so I'm jealous.",
            "timestamp": "2022-08-23T21:05:53.846000"
        },
        {
            "utterance_id": 13,
            "interlocutor_id": "AE",
            "text": "It would be nice if it were nearby, but when you make a special trip, it can be hard to go...",
            "timestamp": "2022-08-23T21:06:24.407000"
        },
        {
            "utterance_id": 14,
            "interlocutor_id": "AD",
            "text": "I’ve been staying home so much that after work, I think it's better to eat at home.",
            "timestamp": "2022-08-23T21:06:54.225000"
        },
        {
            "utterance_id": 15,
            "interlocutor_id": "AE",
            "text": "Ah, I see. It's true that when you're working from home.",
            "timestamp": "2022-08-23T21:07:16.692000"
        },
        {
            "utterance_id": 16,
            "interlocutor_id": "AD",
            "text": "Uber Eats and McDelivery don’t deliver to my house, so I have to go out of my way to get it, which is tough.",
            "timestamp": "2022-08-23T21:07:53.345000"
        },
        {
            "utterance_id": 17,
            "interlocutor_id": "AE",
            "text": "It's hard to make a trip for it unless it's on the way or for delivery.",
            "timestamp": "2022-08-23T21:08:49.769000"
        },
        {
            "utterance_id": 18,
            "interlocutor_id": "AD",
            "text": "Is McDonald's near you, or do you get it delivered?",
            "timestamp": "2022-08-23T21:09:08.648000"
        },
        {
            "utterance_id": 19,
            "interlocutor_id": "AE",
            "text": "It's on my way home from work, so I stop by occasionally.",
            "timestamp": "2022-08-23T21:09:47.866000"
        },
        {
            "utterance_id": 20,
            "interlocutor_id": "AD",
            "text": "That's nice! Having it on the way makes it easy to stop by. Do you use the drive-thru?",
            "timestamp": "2022-08-23T21:10:34.927000"
        },
        {
            "utterance_id": 21,
            "interlocutor_id": "AE",
            "text": "McDonald's has mobile ordering, so if I pick it up in-store, it's quite smooth!",
            "timestamp": "2022-08-23T21:10:59.103000"
        },
        {
            "utterance_id": 22,
            "interlocutor_id": "AD",
            "text": "You did a mobile order for in-store pickup! Is that faster?",
            "timestamp": "2022-08-23T21:11:10.463000"
        },
        {
            "utterance_id": 23,
            "interlocutor_id": "AE",
            "text": "The drive-thru has a long line, so in-store pickup is made in a separate lane, making it faster!",
            "timestamp": "2022-08-23T21:11:43.060000"
        },
        {
            "utterance_id": 24,
            "interlocutor_id": "AD",
            "text": "Oh, I see! Then mobile ordering is indeed quicker. I'll try it next time.",
            "timestamp": "2022-08-23T21:12:00.342000"
        },
        {
            "utterance_id": 25,
            "interlocutor_id": "AE",
            "text": "Definitely, it feels nice just to swoop in and pick up your order without waiting in line!",
            "timestamp": "2022-08-23T21:12:30.407000"
        },
        {
            "utterance_id": 26,
            "interlocutor_id": "AD",
            "text": "Being able to pick it up without waiting in line is great! I've installed the app but only used it for coupons and didn't fully utilize it.",
            "timestamp": "2022-08-23T21:13:16.954000"
        },
        {
            "utterance_id": 27,
            "interlocutor_id": "AE",
            "text": "I started using it relatively recently too and found it convenient. Please do try it out!",
            "timestamp": "2022-08-23T21:15:00.044000"
        },
        {
            "utterance_id": 28,
            "interlocutor_id": "AD",
            "text": "I'll try using it for more than just coupons, thank you!",
            "timestamp": "2022-08-23T21:15:18.749000"
        },
        {
            "utterance_id": 29,
            "interlocutor_id": "AE",
            "text": "Thank you!",
            "timestamp": "2022-08-23T21:15:29.989000"
        }
    ],
    "evaluations": [
        {
            "interlocutor_id": "AD",
            "informativeness": 5,
            "comprehension": 5,
            "familiarity": 5,
            "interest": 5,
            "proactiveness": 5,
            "satisfaction": 5
        },
        {
            "interlocutor_id": "AE",
            "informativeness": 4,
            "comprehension": 5,
            "familiarity": 4,
            "interest": 4,
            "proactiveness": 4,
            "satisfaction": 5
        }
    ]
}