{
    "dialogue_id": 334,
    "interlocutors": [
        "AD",
        "AE"
    ],
    "utterances": [
        {
            "utterance_id": 0,
            "interlocutor_id": "AD",
            "text": "Hello, nice to meet you!",
            "timestamp": "2022-08-21T13:39:50.545000"
        },
        {
            "utterance_id": 1,
            "interlocutor_id": "AE",
            "text": "Nice to meet you too!",
            "timestamp": "2022-08-21T13:39:57.663000"
        },
        {
            "utterance_id": 2,
            "interlocutor_id": "AD",
            "text": "Do you have any exciting plans coming up?",
            "timestamp": "2022-08-21T13:40:19.163000"
        },
        {
            "utterance_id": 3,
            "interlocutor_id": "AE",
            "text": "Well... I basically don't have long vacations, so I look forward to what I can do on my weekly days off.",
            "timestamp": "2022-08-21T13:40:46.557000"
        },
        {
            "utterance_id": 4,
            "interlocutor_id": "AD",
            "text": "What do you usually do on your days off?",
            "timestamp": "2022-08-21T13:41:03.453000"
        },
        {
            "utterance_id": 5,
            "interlocutor_id": "AE",
            "text": "Since I don't really feel like going out much during the pandemic, I basically just stay home and play games or relax.",
            "timestamp": "2022-08-21T13:41:36.697000"
        },
        {
            "utterance_id": 6,
            "interlocutor_id": "AD",
            "text": "It's understandable to be scared of crowds. Relaxing and playing games sounds nice! What kind of games do you play?",
            "timestamp": "2022-08-21T13:42:12.547000"
        },
        {
            "utterance_id": 7,
            "interlocutor_id": "AE",
            "text": "Recently, I have been playing Monster Hunter.",
            "timestamp": "2022-08-21T13:42:36.679000"
        },
        {
            "utterance_id": 8,
            "interlocutor_id": "AD",
            "text": "Monster Hunter sounds great! I used to admire it, so I bought Monster Hunter Rise, but it didn't seem to suit me.",
            "timestamp": "2022-08-21T13:43:11.315000"
        },
        {
            "utterance_id": 9,
            "interlocutor_id": "AE",
            "text": "Oh dear... some people really like it, but if it doesn't suit you, there's nothing you can do...",
            "timestamp": "2022-08-21T13:43:51.748000"
        },
        {
            "utterance_id": 10,
            "interlocutor_id": "AD",
            "text": "It makes me sleepy once I start playing.",
            "timestamp": "2022-08-21T13:45:13.571000"
        },
        {
            "utterance_id": 11,
            "interlocutor_id": "AE",
            "text": "Ah, I understand that. There are surprisingly many things to do before fighting monsters.",
            "timestamp": "2022-08-21T13:45:44.461000"
        },
        {
            "utterance_id": 12,
            "interlocutor_id": "AD",
            "text": "Also, the controls are quite difficult. Aren't there a lot of buttons to press?",
            "timestamp": "2022-08-21T13:46:14.599000"
        },
        {
            "utterance_id": 13,
            "interlocutor_id": "AE",
            "text": "That's true. I still sometimes mess up the button controls...",
            "timestamp": "2022-08-21T13:47:05.921000"
        },
        {
            "utterance_id": 14,
            "interlocutor_id": "AD",
            "text": "That part gets all mixed up, and I can't help but feel a sense of incompetence.",
            "timestamp": "2022-08-21T13:47:23.944000"
        },
        {
            "utterance_id": 15,
            "interlocutor_id": "AE",
            "text": "Since there are games that suit some people and don’t suit others, it can't be helped. What kind of games do you play?",
            "timestamp": "2022-08-21T13:48:24.816000"
        },
        {
            "utterance_id": 16,
            "interlocutor_id": "AD",
            "text": "I haven't been playing many games recently. I occasionally play tag games.",
            "timestamp": "2022-08-21T13:48:59.324000"
        },
        {
            "utterance_id": 17,
            "interlocutor_id": "AE",
            "text": "Tag games? I'm curious!",
            "timestamp": "2022-08-21T13:49:41.564000"
        },
        {
            "utterance_id": 18,
            "interlocutor_id": "AD",
            "text": "Do you know a game called Dead by Daylight?",
            "timestamp": "2022-08-21T13:49:52.200000"
        },
        {
            "utterance_id": 19,
            "interlocutor_id": "AE",
            "text": "Oh! I know it! It's definitely like a tag game.",
            "timestamp": "2022-08-21T13:50:29.090000"
        },
        {
            "utterance_id": 20,
            "interlocutor_id": "AD",
            "text": "Yes! I've been playing as the killer lately.",
            "timestamp": "2022-08-21T13:51:04.761000"
        },
        {
            "utterance_id": 21,
            "interlocutor_id": "AE",
            "text": "I've also started playing as the killer a bit recently! Which killer do you use?",
            "timestamp": "2022-08-21T13:51:29.616000"
        },
        {
            "utterance_id": 22,
            "interlocutor_id": "AD",
            "text": "I've been practicing with Nurse recently! I usually use Legion.",
            "timestamp": "2022-08-21T13:51:40.556000"
        },
        {
            "utterance_id": 23,
            "interlocutor_id": "AE",
            "text": "I often use Nurse too! I don’t use Legion much, but what's it like?",
            "timestamp": "2022-08-21T13:52:24.401000"
        },
        {
            "utterance_id": 24,
            "interlocutor_id": "AD",
            "text": "Legion is fast. I like the rush of frenzy.",
            "timestamp": "2022-08-21T13:52:36.066000"
        },
        {
            "utterance_id": 25,
            "interlocutor_id": "AE",
            "text": "Ah, I see! I usually use a rush killer, but Legion seems good too.",
            "timestamp": "2022-08-21T13:53:02.626000"
        },
        {
            "utterance_id": 26,
            "interlocutor_id": "AD",
            "text": "If you like the rush, how about Hillbilly? I've never used him though.",
            "timestamp": "2022-08-21T13:53:33.425000"
        },
        {
            "utterance_id": 27,
            "interlocutor_id": "AE",
            "text": "That’s true! I've used him a few times, but he doesn’t run in the direction I aim properly...",
            "timestamp": "2022-08-21T13:53:55.683000"
        },
        {
            "utterance_id": 28,
            "interlocutor_id": "AD",
            "text": "It seems difficult. I thought Bright would also be a good choice.",
            "timestamp": "2022-08-21T13:54:25.124000"
        },
        {
            "utterance_id": 29,
            "interlocutor_id": "AE",
            "text": "Bright is difficult too...",
            "timestamp": "2022-08-21T13:56:01.357000"
        }
    ],
    "evaluations": [
        {
            "interlocutor_id": "AD",
            "informativeness": 5,
            "comprehension": 5,
            "familiarity": 5,
            "interest": 5,
            "proactiveness": 5,
            "satisfaction": 5
        },
        {
            "interlocutor_id": "AE",
            "informativeness": 4,
            "comprehension": 5,
            "familiarity": 4,
            "interest": 4,
            "proactiveness": 5,
            "satisfaction": 4
        }
    ]
}