{
    "dialogue_id": 337,
    "interlocutors": [
        "AE",
        "AD"
    ],
    "utterances": [
        {
            "utterance_id": 0,
            "interlocutor_id": "AE",
            "text": "Good evening~ You must be tired after a long day today!",
            "timestamp": "2022-08-23T21:17:12.828000"
        },
        {
            "utterance_id": 1,
            "interlocutor_id": "AD",
            "text": "Good evening! Thank you for your hard work!",
            "timestamp": "2022-08-23T21:17:20.551000"
        },
        {
            "utterance_id": 2,
            "interlocutor_id": "AE",
            "text": "Did anything unusual happen today?",
            "timestamp": "2022-08-23T21:17:33.860000"
        },
        {
            "utterance_id": 3,
            "interlocutor_id": "AD",
            "text": "No, not particularly. Did you have anything happen?",
            "timestamp": "2022-08-23T21:17:46.791000"
        },
        {
            "utterance_id": 4,
            "interlocutor_id": "AE",
            "text": "I just worked today too... but I have a day off tomorrow!",
            "timestamp": "2022-08-23T21:18:05.484000"
        },
        {
            "utterance_id": 5,
            "interlocutor_id": "AD",
            "text": "It's nice that you have a day off tomorrow! I was working from home today, but I have to go to the office tomorrow.",
            "timestamp": "2022-08-23T21:18:32.537000"
        },
        {
            "utterance_id": 6,
            "interlocutor_id": "AE",
            "text": "Working from home makes the office days seem tough, doesn’t it…",
            "timestamp": "2022-08-23T21:18:54.257000"
        },
        {
            "utterance_id": 7,
            "interlocutor_id": "AD",
            "text": "It really does. Do you have any plans for your day off tomorrow?",
            "timestamp": "2022-08-23T21:19:08.291000"
        },
        {
            "utterance_id": 8,
            "interlocutor_id": "AE",
            "text": "I plan to go out to the morning market and then relax in the afternoon~",
            "timestamp": "2022-08-23T21:19:43.472000"
        },
        {
            "utterance_id": 9,
            "interlocutor_id": "AD",
            "text": "The morning market sounds great! Is there something specific you’re looking for?",
            "timestamp": "2022-08-23T21:19:55.278000"
        },
        {
            "utterance_id": 10,
            "interlocutor_id": "AE",
            "text": "Ah, sorry, I mean the very early morning market…",
            "timestamp": "2022-08-23T21:20:28.789000"
        },
        {
            "utterance_id": 11,
            "interlocutor_id": "AD",
            "text": "Oh, the early morning market! Are you going out for shopping?",
            "timestamp": "2022-08-23T21:20:39.093000"
        },
        {
            "utterance_id": 12,
            "interlocutor_id": "AE",
            "text": "I’m planning to do shopping and household chores all at once.",
            "timestamp": "2022-08-23T21:21:14.639000"
        },
        {
            "utterance_id": 13,
            "interlocutor_id": "AD",
            "text": "That’s impressive. Good luck! Are you going to relax at home in the afternoon?",
            "timestamp": "2022-08-23T21:21:27.176000"
        },
        {
            "utterance_id": 14,
            "interlocutor_id": "AE",
            "text": "Yes, since I only have tomorrow off, I think I'll take it easy.",
            "timestamp": "2022-08-23T21:21:59.976000"
        },
        {
            "utterance_id": 15,
            "interlocutor_id": "AD",
            "text": "Having just one day off tomorrow is tough. You'll be working for a week after that?",
            "timestamp": "2022-08-23T21:22:14.493000"
        },
        {
            "utterance_id": 16,
            "interlocutor_id": "AE",
            "text": "Yes… I really want at least two days off.",
            "timestamp": "2022-08-23T21:22:42.977000"
        },
        {
            "utterance_id": 17,
            "interlocutor_id": "AD",
            "text": "I want two days. But if I'm being greedy, I would want three days off.",
            "timestamp": "2022-08-23T21:23:09.461000"
        },
        {
            "utterance_id": 18,
            "interlocutor_id": "AE",
            "text": "That sounds nice… I’ve heard some companies have three-day weekends, I wonder what that's like…",
            "timestamp": "2022-08-23T21:23:49.927000"
        },
        {
            "utterance_id": 19,
            "interlocutor_id": "AD",
            "text": "It seems like the salary might get reduced for that, though. Also, the daily working hours might extend.",
            "timestamp": "2022-08-23T21:24:29.161000"
        },
        {
            "utterance_id": 20,
            "interlocutor_id": "AE",
            "text": "I see… if the working hours per day are extended, that’s something to think about...",
            "timestamp": "2022-08-23T21:25:06.419000"
        },
        {
            "utterance_id": 21,
            "interlocutor_id": "AD",
            "text": "Which do you prefer? Two days off a week or three days off? Considering daily working hours and other factors.",
            "timestamp": "2022-08-23T21:25:47.898000"
        },
        {
            "utterance_id": 22,
            "interlocutor_id": "AE",
            "text": "If it’s just one hour longer, then definitely three-day weekends! What about you?",
            "timestamp": "2022-08-23T21:26:40.697000"
        },
        {
            "utterance_id": 23,
            "interlocutor_id": "AD",
            "text": "I think I would prefer three days off too if it's just one hour longer, maybe? It's a tough choice.",
            "timestamp": "2022-08-23T21:27:26.547000"
        },
        {
            "utterance_id": 24,
            "interlocutor_id": "AE",
            "text": "If it drastically reduces what we can do on weekdays due to longer working hours, I would definitely have to think it over…",
            "timestamp": "2022-08-23T21:28:06.358000"
        },
        {
            "utterance_id": 25,
            "interlocutor_id": "AD",
            "text": "That’s true. It might be fine with two days off a week and no overtime, too.",
            "timestamp": "2022-08-23T21:28:49.218000"
        },
        {
            "utterance_id": 26,
            "interlocutor_id": "AE",
            "text": "That’s right…",
            "timestamp": "2022-08-23T21:29:53.720000"
        },
        {
            "utterance_id": 27,
            "interlocutor_id": "AD",
            "text": "Enjoy your day off tomorrow!",
            "timestamp": "2022-08-23T21:30:09.615000"
        },
        {
            "utterance_id": 28,
            "interlocutor_id": "AE",
            "text": "Thank you! You do your best at work too!",
            "timestamp": "2022-08-23T21:30:27.229000"
        },
        {
            "utterance_id": 29,
            "interlocutor_id": "AD",
            "text": "Thank you very much!",
            "timestamp": "2022-08-23T21:30:41.231000"
        }
    ],
    "evaluations": [
        {
            "interlocutor_id": "AE",
            "informativeness": 4,
            "comprehension": 5,
            "familiarity": 5,
            "interest": 5,
            "proactiveness": 4,
            "satisfaction": 4
        },
        {
            "interlocutor_id": "AD",
            "informativeness": 5,
            "comprehension": 5,
            "familiarity": 5,
            "interest": 5,
            "proactiveness": 5,
            "satisfaction": 5
        }
    ]
}