{
    "dialogue_id": 339,
    "interlocutors": [
        "AE",
        "AD"
    ],
    "utterances": [
        {
            "utterance_id": 0,
            "interlocutor_id": "AE",
            "text": "Good evening~ I'm looking forward to working with you~",
            "timestamp": "2022-08-23T21:47:38.468000"
        },
        {
            "utterance_id": 1,
            "interlocutor_id": "AD",
            "text": "Good evening! I'm looking forward to working with you.",
            "timestamp": "2022-08-23T21:48:16.796000"
        },
        {
            "utterance_id": 2,
            "interlocutor_id": "AE",
            "text": "Suddenly, do you sleep well at night?",
            "timestamp": "2022-08-23T21:48:23.904000"
        },
        {
            "utterance_id": 3,
            "interlocutor_id": "AD",
            "text": "Recently, I haven't been sleeping well.",
            "timestamp": "2022-08-23T21:48:31.129000"
        },
        {
            "utterance_id": 4,
            "interlocutor_id": "AE",
            "text": "I see... It seems I also have shallow sleep, and I get sleepy during the day...",
            "timestamp": "2022-08-23T21:48:51.029000"
        },
        {
            "utterance_id": 5,
            "interlocutor_id": "AD",
            "text": "I understand. No matter how early I go to bed, I really feel sleepy during work in the daytime, and it's troubling.",
            "timestamp": "2022-08-23T21:49:43.474000"
        },
        {
            "utterance_id": 6,
            "interlocutor_id": "AE",
            "text": "Is there anything you do for good sleep?",
            "timestamp": "2022-08-23T21:50:22.466000"
        },
        {
            "utterance_id": 7,
            "interlocutor_id": "AD",
            "text": "Not particularly at the moment. I used to drink Yakult 1000, though.",
            "timestamp": "2022-08-23T21:50:36.704000"
        },
        {
            "utterance_id": 8,
            "interlocutor_id": "AE",
            "text": "I've heard that Yakult 1000 is good, but I wonder if it really has an effect...?",
            "timestamp": "2022-08-23T21:50:57.390000"
        },
        {
            "utterance_id": 9,
            "interlocutor_id": "AD",
            "text": "I tried it for a month, and my falling asleep and waking up improved. However, I still feel sleepy during the day.",
            "timestamp": "2022-08-23T21:51:19.736000"
        },
        {
            "utterance_id": 10,
            "interlocutor_id": "AE",
            "text": "Oh, I see! But you still feel sleepy during the day...",
            "timestamp": "2022-08-23T21:51:41.172000"
        },
        {
            "utterance_id": 11,
            "interlocutor_id": "AD",
            "text": "Yes, I do. That's why I'm troubled about what to do.",
            "timestamp": "2022-08-23T21:52:08.734000"
        },
        {
            "utterance_id": 12,
            "interlocutor_id": "AE",
            "text": "I see... I'm trying mouthpieces, but I'm not sure if they work or not...",
            "timestamp": "2022-08-23T21:53:13.263000"
        },
        {
            "utterance_id": 13,
            "interlocutor_id": "AD",
            "text": "A mouthpiece? Do you wear it while sleeping?",
            "timestamp": "2022-08-23T21:53:28.398000"
        },
        {
            "utterance_id": 14,
            "interlocutor_id": "AE",
            "text": "Yes, I do.",
            "timestamp": "2022-08-23T21:54:28.059000"
        },
        {
            "utterance_id": 15,
            "interlocutor_id": "AD",
            "text": "Isn't it uncomfortable when you wear it to sleep?",
            "timestamp": "2022-08-23T21:54:35.763000"
        },
        {
            "utterance_id": 16,
            "interlocutor_id": "AE",
            "text": "It was so uncomfortable that I stopped using it immediately...",
            "timestamp": "2022-08-23T21:55:22.764000"
        },
        {
            "utterance_id": 17,
            "interlocutor_id": "AD",
            "text": "I thought so. I can't really believe it would be effective for good sleep...",
            "timestamp": "2022-08-23T21:55:38.270000"
        },
        {
            "utterance_id": 18,
            "interlocutor_id": "AE",
            "text": "I thought if I were to do it, I'd need to go to a doctor and get their recommendation...",
            "timestamp": "2022-08-23T21:56:58.959000"
        },
        {
            "utterance_id": 19,
            "interlocutor_id": "AD",
            "text": "I see. You started using the mouthpiece on your own initiative.",
            "timestamp": "2022-08-23T21:57:06.650000"
        },
        {
            "utterance_id": 20,
            "interlocutor_id": "AE",
            "text": "I didn't actually verify it, but I thought I might be grinding my teeth, so I tried it out anyway...",
            "timestamp": "2022-08-23T21:58:07.843000"
        },
        {
            "utterance_id": 21,
            "interlocutor_id": "AD",
            "text": "Is that so? I previously tried using aromatherapy, but I don't know if it actually had any effect...",
            "timestamp": "2022-08-23T21:58:29.835000"
        },
        {
            "utterance_id": 22,
            "interlocutor_id": "AE",
            "text": "That's right, it's quite rare to actually feel an effect...",
            "timestamp": "2022-08-23T21:59:22.158000"
        },
        {
            "utterance_id": 23,
            "interlocutor_id": "AD",
            "text": "Oh, but I might really recommend the \"steaming eye mask\"!",
            "timestamp": "2022-08-23T21:59:52.100000"
        },
        {
            "utterance_id": 24,
            "interlocutor_id": "AE",
            "text": "Oh, I use it occasionally, and it's nice, isn't it?",
            "timestamp": "2022-08-23T22:00:26.404000"
        },
        {
            "utterance_id": 25,
            "interlocutor_id": "AD",
            "text": "It's nice! When I use it, I can fall asleep quickly! Though the shallow sleep hasn’t changed...",
            "timestamp": "2022-08-23T22:00:42.285000"
        },
        {
            "utterance_id": 26,
            "interlocutor_id": "AE",
            "text": "I'm measuring my sleep with an app, and when I get deep sleep, I'm not sleepy during the day, but I don't know why.",
            "timestamp": "2022-08-23T22:01:56.398000"
        },
        {
            "utterance_id": 27,
            "interlocutor_id": "AD",
            "text": "I wonder what causes deep sleep? Maybe you're especially tired that day?",
            "timestamp": "2022-08-23T22:02:17.480000"
        },
        {
            "utterance_id": 28,
            "interlocutor_id": "AE",
            "text": "My falling asleep is relatively good, but I'm not sure what's going on...",
            "timestamp": "2022-08-23T22:02:40.986000"
        },
        {
            "utterance_id": 29,
            "interlocutor_id": "AD",
            "text": "I'm curious too. I hope we both can clear up our questions.",
            "timestamp": "2022-08-23T22:02:53.158000"
        }
    ],
    "evaluations": [
        {
            "interlocutor_id": "AE",
            "informativeness": 4,
            "comprehension": 5,
            "familiarity": 4,
            "interest": 5,
            "proactiveness": 5,
            "satisfaction": 4
        },
        {
            "interlocutor_id": "AD",
            "informativeness": 5,
            "comprehension": 5,
            "familiarity": 5,
            "interest": 5,
            "proactiveness": 5,
            "satisfaction": 5
        }
    ]
}