{
    "dialogue_id": 333,
    "interlocutors": [
        "AE",
        "AD"
    ],
    "utterances": [
        {
            "utterance_id": 0,
            "interlocutor_id": "AE",
            "text": "Hello! Nice to meet you!",
            "timestamp": "2022-08-21T13:23:13.737000"
        },
        {
            "utterance_id": 1,
            "interlocutor_id": "AD",
            "text": "Hello, nice to meet you!",
            "timestamp": "2022-08-21T13:23:21.165000"
        },
        {
            "utterance_id": 2,
            "interlocutor_id": "AE",
            "text": "It's already Sunday afternoon, but did you do anything during your time off this week?",
            "timestamp": "2022-08-21T13:23:54.307000"
        },
        {
            "utterance_id": 3,
            "interlocutor_id": "AD",
            "text": "Yesterday, I went out to a place that serves the tantanmen I wanted to eat.",
            "timestamp": "2022-08-21T13:24:11.189000"
        },
        {
            "utterance_id": 4,
            "interlocutor_id": "AE",
            "text": "Tantanmen sounds great!",
            "timestamp": "2022-08-21T13:24:27.876000"
        },
        {
            "utterance_id": 5,
            "interlocutor_id": "AD",
            "text": "It was near my previous workplace, and since it seemed to have moved, I thought I should go!",
            "timestamp": "2022-08-21T13:24:37.710000"
        },
        {
            "utterance_id": 6,
            "interlocutor_id": "AE",
            "text": "Ah, I see, it became far away?",
            "timestamp": "2022-08-21T13:25:30.111000"
        },
        {
            "utterance_id": 7,
            "interlocutor_id": "AD",
            "text": "It used to be close to the station, but it seems to have moved away from the station, so now I can’t go unless I drive.",
            "timestamp": "2022-08-21T13:25:48.366000"
        },
        {
            "utterance_id": 8,
            "interlocutor_id": "AE",
            "text": "I see. But is it so delicious that you want to go even by car?",
            "timestamp": "2022-08-21T13:26:12.399000"
        },
        {
            "utterance_id": 9,
            "interlocutor_id": "AD",
            "text": "The tantanmen is delicious, but the soup dumplings are incredibly good!",
            "timestamp": "2022-08-21T13:26:26.529000"
        },
        {
            "utterance_id": 10,
            "interlocutor_id": "AE",
            "text": "Soup dumplings are delicious too. I want to eat them!",
            "timestamp": "2022-08-21T13:26:59.377000"
        },
        {
            "utterance_id": 11,
            "interlocutor_id": "AD",
            "text": "So I went in the evening, but maybe due to the pandemic, they weren’t open at night and had only been doing lunch for a while.",
            "timestamp": "2022-08-21T13:27:33.223000"
        },
        {
            "utterance_id": 12,
            "interlocutor_id": "AE",
            "text": "I see... But I'm glad they continued to operate even after relocating.",
            "timestamp": "2022-08-21T13:28:40.100000"
        },
        {
            "utterance_id": 13,
            "interlocutor_id": "AD",
            "text": "You're right. There were a few other places I liked that have closed down, so…",
            "timestamp": "2022-08-21T13:29:09.311000"
        },
        {
            "utterance_id": 14,
            "interlocutor_id": "AE",
            "text": "I want to enjoy life without worrying about the pandemic soon…",
            "timestamp": "2022-08-21T13:29:37.116000"
        },
        {
            "utterance_id": 15,
            "interlocutor_id": "AD",
            "text": "That's really true. Right now, it feels like Japan has the highest infection numbers in the world, so I really hope things settle down.",
            "timestamp": "2022-08-21T13:29:53.140000"
        },
        {
            "utterance_id": 16,
            "interlocutor_id": "AE",
            "text": "Yeah. By the way, do you have any plans for this afternoon?",
            "timestamp": "2022-08-21T13:31:49.384000"
        },
        {
            "utterance_id": 17,
            "interlocutor_id": "AD",
            "text": "I think I’ll play games with friends in the afternoon.",
            "timestamp": "2022-08-21T13:32:00.007000"
        },
        {
            "utterance_id": 18,
            "interlocutor_id": "AE",
            "text": "Games sound good too! I'm planning to relax from the afternoon as well.",
            "timestamp": "2022-08-21T13:32:36.928000"
        },
        {
            "utterance_id": 19,
            "interlocutor_id": "AD",
            "text": "That sounds nice. Since it's a well-deserved break, let's take it easy.",
            "timestamp": "2022-08-21T13:33:17.019000"
        },
        {
            "utterance_id": 20,
            "interlocutor_id": "AE",
            "text": "Let's do that!",
            "timestamp": "2022-08-21T13:34:06.750000"
        },
        {
            "utterance_id": 21,
            "interlocutor_id": "AD",
            "text": "Do you have to go back to work tomorrow?",
            "timestamp": "2022-08-21T13:34:23.789000"
        },
        {
            "utterance_id": 22,
            "interlocutor_id": "AE",
            "text": "Yes, back to work... How about you?",
            "timestamp": "2022-08-21T13:35:02.246000"
        },
        {
            "utterance_id": 23,
            "interlocutor_id": "AD",
            "text": "I also have work. Thinking about having to work for a whole week is tough.",
            "timestamp": "2022-08-21T13:35:13.955000"
        },
        {
            "utterance_id": 24,
            "interlocutor_id": "AE",
            "text": "Isn’t it...",
            "timestamp": "2022-08-21T13:35:27.036000"
        },
        {
            "utterance_id": 25,
            "interlocutor_id": "AD",
            "text": "Do you have any fun things planned for after work? I'm looking forward to my summer vacation starting from September 3rd.",
            "timestamp": "2022-08-21T13:35:56.313000"
        },
        {
            "utterance_id": 26,
            "interlocutor_id": "AE",
            "text": "That sounds nice! Is your summer vacation long?",
            "timestamp": "2022-08-21T13:37:36.821000"
        },
        {
            "utterance_id": 27,
            "interlocutor_id": "AD",
            "text": "It will be a 9-day holiday.",
            "timestamp": "2022-08-21T13:38:21.951000"
        },
        {
            "utterance_id": 28,
            "interlocutor_id": "AE",
            "text": "A 9-day holiday!? That sounds great! Just a little more until the break, let’s do our best at work!",
            "timestamp": "2022-08-21T13:38:55.798000"
        },
        {
            "utterance_id": 29,
            "interlocutor_id": "AD",
            "text": "Yes, let’s both do our best!",
            "timestamp": "2022-08-21T13:39:03.558000"
        }
    ],
    "evaluations": [
        {
            "interlocutor_id": "AE",
            "informativeness": 4,
            "comprehension": 4,
            "familiarity": 4,
            "interest": 4,
            "proactiveness": 4,
            "satisfaction": 5
        },
        {
            "interlocutor_id": "AD",
            "informativeness": 5,
            "comprehension": 5,
            "familiarity": 5,
            "interest": 5,
            "proactiveness": 5,
            "satisfaction": 5
        }
    ]
}