{
    "dialogue_id": 342,
    "interlocutors": [
        "AD",
        "AE"
    ],
    "utterances": [
        {
            "utterance_id": 0,
            "interlocutor_id": "AD",
            "text": "Hello! Nice to meet you.",
            "timestamp": "2022-08-30T14:52:44.010000"
        },
        {
            "utterance_id": 1,
            "interlocutor_id": "AE",
            "text": "Hello~ nice to meet you!",
            "timestamp": "2022-08-30T14:52:53.093000"
        },
        {
            "utterance_id": 2,
            "interlocutor_id": "AD",
            "text": "Have you had an event recently that made you cry?",
            "timestamp": "2022-08-30T14:53:04.462000"
        },
        {
            "utterance_id": 3,
            "interlocutor_id": "AE",
            "text": "Not recently... how about you?",
            "timestamp": "2022-08-30T14:53:29.374000"
        },
        {
            "utterance_id": 4,
            "interlocutor_id": "AD",
            "text": "I have. I cried during an emotional scene in a game.",
            "timestamp": "2022-08-30T14:53:49.710000"
        },
        {
            "utterance_id": 5,
            "interlocutor_id": "AE",
            "text": "There are a lot of games with good stories, aren't there?",
            "timestamp": "2022-08-30T14:54:39.531000"
        },
        {
            "utterance_id": 6,
            "interlocutor_id": "AD",
            "text": "There are many games that are quite moving. You really can't underestimate games.",
            "timestamp": "2022-08-30T14:55:19.604000"
        },
        {
            "utterance_id": 7,
            "interlocutor_id": "AE",
            "text": "That's right!",
            "timestamp": "2022-08-30T14:56:01.076000"
        },
        {
            "utterance_id": 8,
            "interlocutor_id": "AD",
            "text": "Do you not watch many movies or dramas?",
            "timestamp": "2022-08-30T14:56:23.296000"
        },
        {
            "utterance_id": 9,
            "interlocutor_id": "AE",
            "text": "I haven't been watching much TV lately... I still watch more on YouTube or something.",
            "timestamp": "2022-08-30T14:56:58.029000"
        },
        {
            "utterance_id": 10,
            "interlocutor_id": "AD",
            "text": "I see. I was wondering if you cry at movies too.",
            "timestamp": "2022-08-30T14:57:13.239000"
        },
        {
            "utterance_id": 11,
            "interlocutor_id": "AE",
            "text": "When it comes to videos, I sometimes get teary watching pets reunite with their owners after being apart.",
            "timestamp": "2022-08-30T14:58:24.557000"
        },
        {
            "utterance_id": 12,
            "interlocutor_id": "AD",
            "text": "Are you weak when it comes to animal-related things?",
            "timestamp": "2022-08-30T14:58:31.833000"
        },
        {
            "utterance_id": 13,
            "interlocutor_id": "AE",
            "text": "It's not specifically animal-related, but when I think about the feelings of the owner or pet at that moment, I get moved.",
            "timestamp": "2022-08-30T14:59:19.752000"
        },
        {
            "utterance_id": 14,
            "interlocutor_id": "AD",
            "text": "You're an easy type to empathize with.",
            "timestamp": "2022-08-30T14:59:30.367000"
        },
        {
            "utterance_id": 15,
            "interlocutor_id": "AE",
            "text": "What things make you emotional?",
            "timestamp": "2022-08-30T15:00:02.875000"
        },
        {
            "utterance_id": 16,
            "interlocutor_id": "AD",
            "text": "When I see grandfathers and grandmothers, I usually don’t want to watch because I know I’ll cry.",
            "timestamp": "2022-08-30T15:00:29.779000"
        },
        {
            "utterance_id": 17,
            "interlocutor_id": "AE",
            "text": "I see... I feel like I would also cry when it comes to stories about death or the people left behind.",
            "timestamp": "2022-08-30T15:01:45.789000"
        },
        {
            "utterance_id": 18,
            "interlocutor_id": "AD",
            "text": "The drama \"Unnatural\" almost makes me cry in every episode.",
            "timestamp": "2022-08-30T15:02:13.283000"
        },
        {
            "utterance_id": 19,
            "interlocutor_id": "AE",
            "text": "I feel like I can’t really watch that one because it seems weak...",
            "timestamp": "2022-08-30T15:02:56.794000"
        },
        {
            "utterance_id": 20,
            "interlocutor_id": "AD",
            "text": "I really want you to see it. It's very touching.",
            "timestamp": "2022-08-30T15:03:12.045000"
        },
        {
            "utterance_id": 21,
            "interlocutor_id": "AE",
            "text": "I'll try to watch it if I get the chance.",
            "timestamp": "2022-08-30T15:03:55.093000"
        },
        {
            "utterance_id": 22,
            "interlocutor_id": "AD",
            "text": "It's available on Amazon Prime, so definitely watch it when you have time.",
            "timestamp": "2022-08-30T15:04:05.708000"
        },
        {
            "utterance_id": 23,
            "interlocutor_id": "AE",
            "text": "I'm not subscribed to Amazon Prime... I’m a bit hesitant because there are various benefits.",
            "timestamp": "2022-08-30T15:05:00.745000"
        },
        {
            "utterance_id": 24,
            "interlocutor_id": "AD",
            "text": "If you often shop on Amazon, I recommend it. If not, it might be good to think about it.",
            "timestamp": "2022-08-30T15:05:37.972000"
        },
        {
            "utterance_id": 25,
            "interlocutor_id": "AE",
            "text": "I see... I’ll think about it a bit!",
            "timestamp": "2022-08-30T15:06:33.550000"
        },
        {
            "utterance_id": 26,
            "interlocutor_id": "AD",
            "text": "Yes. Watching dramas that make you cry can be refreshing, so I definitely want you to see some tear-jerkers as well.",
            "timestamp": "2022-08-30T15:07:12.155000"
        },
        {
            "utterance_id": 27,
            "interlocutor_id": "AE",
            "text": "It's true that crying can be refreshing. I want to try various things!",
            "timestamp": "2022-08-30T15:07:36.647000"
        },
        {
            "utterance_id": 28,
            "interlocutor_id": "AD",
            "text": "Thank you very much.",
            "timestamp": "2022-08-30T15:07:42.489000"
        },
        {
            "utterance_id": 29,
            "interlocutor_id": "AE",
            "text": "Thank you!",
            "timestamp": "2022-08-30T15:07:55.022000"
        }
    ],
    "evaluations": [
        {
            "interlocutor_id": "AD",
            "informativeness": 5,
            "comprehension": 4,
            "familiarity": 4,
            "interest": 4,
            "proactiveness": 4,
            "satisfaction": 5
        },
        {
            "interlocutor_id": "AE",
            "informativeness": 4,
            "comprehension": 5,
            "familiarity": 4,
            "interest": 5,
            "proactiveness": 4,
            "satisfaction": 4
        }
    ]
}