{
    "dialogue_id": 345,
    "interlocutors": [
        "AE",
        "AD"
    ],
    "utterances": [
        {
            "utterance_id": 0,
            "interlocutor_id": "AE",
            "text": "Hello! Nice to meet you~",
            "timestamp": "2022-08-30T15:41:21.549000"
        },
        {
            "utterance_id": 1,
            "interlocutor_id": "AD",
            "text": "Nice to meet you!",
            "timestamp": "2022-08-30T15:41:56.220000"
        },
        {
            "utterance_id": 2,
            "interlocutor_id": "AE",
            "text": "Recently, when I watch animal videos, I want to have one, but do you have a favorite animal?",
            "timestamp": "2022-08-30T15:42:28.442000"
        },
        {
            "utterance_id": 3,
            "interlocutor_id": "AD",
            "text": "It's a chinchilla.",
            "timestamp": "2022-08-30T15:42:37.558000"
        },
        {
            "utterance_id": 4,
            "interlocutor_id": "AE",
            "text": "A chinchilla, huh? They're cute, aren't they? Have you ever had one?",
            "timestamp": "2022-08-30T15:43:14.112000"
        },
        {
            "utterance_id": 5,
            "interlocutor_id": "AD",
            "text": "I have never had a pet because I have animal allergies.",
            "timestamp": "2022-08-30T15:43:32.713000"
        },
        {
            "utterance_id": 6,
            "interlocutor_id": "AE",
            "text": "I see...",
            "timestamp": "2022-08-30T15:43:51.220000"
        },
        {
            "utterance_id": 7,
            "interlocutor_id": "AD",
            "text": "Have you ever had any pets?",
            "timestamp": "2022-08-30T15:43:59.133000"
        },
        {
            "utterance_id": 8,
            "interlocutor_id": "AE",
            "text": "I used to have a dog.",
            "timestamp": "2022-08-30T15:44:17.288000"
        },
        {
            "utterance_id": 9,
            "interlocutor_id": "AD",
            "text": "What breed was it?",
            "timestamp": "2022-08-30T15:44:21.700000"
        },
        {
            "utterance_id": 10,
            "interlocutor_id": "AE",
            "text": "It was a mix that looked like a Shiba. It was mischievous but very cute.",
            "timestamp": "2022-08-30T15:44:52.828000"
        },
        {
            "utterance_id": 11,
            "interlocutor_id": "AD",
            "text": "That sounds nice. I like Shiba Inus too. If I could overcome my allergies, they would be my number one choice for a dog.",
            "timestamp": "2022-08-30T15:45:15.364000"
        },
        {
            "utterance_id": 12,
            "interlocutor_id": "AE",
            "text": "They have a friendly image and are cute, right?",
            "timestamp": "2022-08-30T15:46:03.560000"
        },
        {
            "utterance_id": 13,
            "interlocutor_id": "AD",
            "text": "I like the brown Shiba Inus more. How about you?",
            "timestamp": "2022-08-30T15:46:15.206000"
        },
        {
            "utterance_id": 14,
            "interlocutor_id": "AE",
            "text": "I like both brown and black!",
            "timestamp": "2022-08-30T15:46:51.884000"
        },
        {
            "utterance_id": 15,
            "interlocutor_id": "AD",
            "text": "You like them all, huh? What color was the one you had?",
            "timestamp": "2022-08-30T15:47:01.967000"
        },
        {
            "utterance_id": 16,
            "interlocutor_id": "AE",
            "text": "I think it was brown... I would like to have one again if circumstances allowed.",
            "timestamp": "2022-08-30T15:47:45.176000"
        },
        {
            "utterance_id": 17,
            "interlocutor_id": "AD",
            "text": "That's nice. Is it difficult to have one now?",
            "timestamp": "2022-08-30T15:48:02.002000"
        },
        {
            "utterance_id": 18,
            "interlocutor_id": "AE",
            "text": "I'm not home during the day because of work, so it's quite tough...",
            "timestamp": "2022-08-30T15:48:23.753000"
        },
        {
            "utterance_id": 19,
            "interlocutor_id": "AD",
            "text": "Indeed, it's sad to leave them alone if you're not home during the day.",
            "timestamp": "2022-08-30T15:48:50.462000"
        },
        {
            "utterance_id": 20,
            "interlocutor_id": "AE",
            "text": "That's true... Just because they're cute, I can’t easily decide to have one...",
            "timestamp": "2022-08-30T15:49:30.072000"
        },
        {
            "utterance_id": 21,
            "interlocutor_id": "AD",
            "text": "We must take responsibility since we're dealing with lives.",
            "timestamp": "2022-08-30T15:50:01.630000"
        },
        {
            "utterance_id": 22,
            "interlocutor_id": "AE",
            "text": "Exactly. That's why I want to go to a Mameshiba cafe.",
            "timestamp": "2022-08-30T15:50:43.099000"
        },
        {
            "utterance_id": 23,
            "interlocutor_id": "AD",
            "text": "A Mameshiba cafe sounds great. I want to go too.",
            "timestamp": "2022-08-30T15:50:57.950000"
        },
        {
            "utterance_id": 24,
            "interlocutor_id": "AE",
            "text": "I've been once, and they were tiny and cute!",
            "timestamp": "2022-08-30T15:51:41.779000"
        },
        {
            "utterance_id": 25,
            "interlocutor_id": "AD",
            "text": "I've never touched an animal before, but I want to try it next time.",
            "timestamp": "2022-08-30T15:52:03.968000"
        },
        {
            "utterance_id": 26,
            "interlocutor_id": "AE",
            "text": "Absolutely, but at animal cafes, there are some rules like no touching unless they come to you, so be careful.",
            "timestamp": "2022-08-30T15:52:36.594000"
        },
        {
            "utterance_id": 27,
            "interlocutor_id": "AD",
            "text": "Thank you! I'll go with someone knowledgeable.",
            "timestamp": "2022-08-30T15:53:01.065000"
        },
        {
            "utterance_id": 28,
            "interlocutor_id": "AE",
            "text": "Stay safe with your allergies and have fun!",
            "timestamp": "2022-08-30T15:53:21.625000"
        },
        {
            "utterance_id": 29,
            "interlocutor_id": "AD",
            "text": "Thank you!",
            "timestamp": "2022-08-30T15:53:25.992000"
        }
    ],
    "evaluations": [
        {
            "interlocutor_id": "AE",
            "informativeness": 5,
            "comprehension": 4,
            "familiarity": 5,
            "interest": 4,
            "proactiveness": 4,
            "satisfaction": 4
        },
        {
            "interlocutor_id": "AD",
            "informativeness": 5,
            "comprehension": 5,
            "familiarity": 5,
            "interest": 5,
            "proactiveness": 5,
            "satisfaction": 5
        }
    ]
}