{
    "dialogue_id": 340,
    "interlocutors": [
        "AD",
        "AE"
    ],
    "utterances": [
        {
            "utterance_id": 0,
            "interlocutor_id": "AD",
            "text": "Good evening! Nice to meet you.",
            "timestamp": "2022-08-23T22:03:53.758000"
        },
        {
            "utterance_id": 1,
            "interlocutor_id": "AE",
            "text": "Good evening! Nice to meet you too!",
            "timestamp": "2022-08-23T22:04:07.282000"
        },
        {
            "utterance_id": 2,
            "interlocutor_id": "AD",
            "text": "What happy thing has happened recently?",
            "timestamp": "2022-08-23T22:04:21.244000"
        },
        {
            "utterance_id": 3,
            "interlocutor_id": "AE",
            "text": "It might be a small thing, but my friend sent me my favorite pears.",
            "timestamp": "2022-08-23T22:05:00.298000"
        },
        {
            "utterance_id": 4,
            "interlocutor_id": "AD",
            "text": "Oh, that sounds nice. It's just the right season for them, isn't it? Are they sweet?",
            "timestamp": "2022-08-23T22:05:17.905000"
        },
        {
            "utterance_id": 5,
            "interlocutor_id": "AE",
            "text": "They are sweet, juicy, and delicious, and above all, I love the crunchy texture!",
            "timestamp": "2022-08-23T22:05:43.220000"
        },
        {
            "utterance_id": 6,
            "interlocutor_id": "AD",
            "text": "I think pears and apples are quite similar, do you like apples as well?",
            "timestamp": "2022-08-23T22:05:57.918000"
        },
        {
            "utterance_id": 7,
            "interlocutor_id": "AE",
            "text": "I do like apples, but the texture is definitely different from pears.",
            "timestamp": "2022-08-23T22:06:31.413000"
        },
        {
            "utterance_id": 8,
            "interlocutor_id": "AD",
            "text": "That's true, the texture is a bit different, isn't it? Pears seem to have more moisture.",
            "timestamp": "2022-08-23T22:07:04.645000"
        },
        {
            "utterance_id": 9,
            "interlocutor_id": "AE",
            "text": "They do seem to, don't they? Do you have any favorite fruits?",
            "timestamp": "2022-08-23T22:09:06.844000"
        },
        {
            "utterance_id": 10,
            "interlocutor_id": "AD",
            "text": "I love all fruits and eat anything. It's not that I have particular favorites; I just love them all!",
            "timestamp": "2022-08-23T22:09:36.490000"
        },
        {
            "utterance_id": 11,
            "interlocutor_id": "AE",
            "text": "That's great! It's nice to have so many things you like!",
            "timestamp": "2022-08-23T22:11:10.752000"
        },
        {
            "utterance_id": 12,
            "interlocutor_id": "AD",
            "text": "Recently, I've eaten Kyoho grapes, Shine Muscat, and pears.",
            "timestamp": "2022-08-23T22:11:58.230000"
        },
        {
            "utterance_id": 13,
            "interlocutor_id": "AE",
            "text": "That sounds good! I also like grapes and muscats!!",
            "timestamp": "2022-08-23T22:13:02.550000"
        },
        {
            "utterance_id": 14,
            "interlocutor_id": "AD",
            "text": "I used to often eat kiwi fruit for breakfast.",
            "timestamp": "2022-08-23T22:13:34.735000"
        },
        {
            "utterance_id": 15,
            "interlocutor_id": "AE",
            "text": "That sounds healthy.",
            "timestamp": "2022-08-23T22:14:23.192000"
        },
        {
            "utterance_id": 16,
            "interlocutor_id": "AD",
            "text": "I heard that it's better to eat fruit in the morning rather than at night. If I eat them, I think it's better to have them for breakfast!",
            "timestamp": "2022-08-23T22:15:05.014000"
        },
        {
            "utterance_id": 17,
            "interlocutor_id": "AE",
            "text": "I've heard that too. In the past, I used to eat yogurt with banana for breakfast.",
            "timestamp": "2022-08-23T22:15:52.241000"
        },
        {
            "utterance_id": 18,
            "interlocutor_id": "AD",
            "text": "That sounds nice! I also used to make smoothies with banana and soy milk.",
            "timestamp": "2022-08-23T22:16:09.115000"
        },
        {
            "utterance_id": 19,
            "interlocutor_id": "AE",
            "text": "Smoothies are nice too!",
            "timestamp": "2022-08-23T22:17:15.115000"
        },
        {
            "utterance_id": 20,
            "interlocutor_id": "AD",
            "text": "Nowadays, there are a lot of fruit juice shops, aren't there? I buy them right away when I see them!",
            "timestamp": "2022-08-23T22:17:30.226000"
        },
        {
            "utterance_id": 21,
            "interlocutor_id": "AE",
            "text": "There's one in my neighborhood too, and it's really delicious, so I can't help but buy it as well.",
            "timestamp": "2022-08-23T22:18:09.935000"
        },
        {
            "utterance_id": 22,
            "interlocutor_id": "AD",
            "text": "That sounds nice. What do you usually buy for fruit juice?",
            "timestamp": "2022-08-23T22:18:21.774000"
        },
        {
            "utterance_id": 23,
            "interlocutor_id": "AE",
            "text": "I often order banana smoothies. I like the slightly thick texture!",
            "timestamp": "2022-08-23T22:19:21.164000"
        },
        {
            "utterance_id": 24,
            "interlocutor_id": "AD",
            "text": "I understand! I always end up ordering banana smoothies too.",
            "timestamp": "2022-08-23T22:19:44.901000"
        },
        {
            "utterance_id": 25,
            "interlocutor_id": "AE",
            "text": "They have a great aftertaste, don't they?",
            "timestamp": "2022-08-23T22:20:26.119000"
        },
        {
            "utterance_id": 26,
            "interlocutor_id": "AD",
            "text": "Plus, aren't banana smoothies cheaper compared to others?",
            "timestamp": "2022-08-23T22:20:36.675000"
        },
        {
            "utterance_id": 27,
            "interlocutor_id": "AE",
            "text": "That's true. They're delicious and cheap, so I tend to choose them...",
            "timestamp": "2022-08-23T22:21:34.659000"
        },
        {
            "utterance_id": 28,
            "interlocutor_id": "AD",
            "text": "It's easy on the wallet and delicious, so I can’t help but keep ordering banana smoothies.",
            "timestamp": "2022-08-23T22:21:47.549000"
        },
        {
            "utterance_id": 29,
            "interlocutor_id": "AE",
            "text": "Yes, thank you very much!",
            "timestamp": "2022-08-23T22:22:17.182000"
        }
    ],
    "evaluations": [
        {
            "interlocutor_id": "AD",
            "informativeness": 5,
            "comprehension": 5,
            "familiarity": 5,
            "interest": 5,
            "proactiveness": 5,
            "satisfaction": 5
        },
        {
            "interlocutor_id": "AE",
            "informativeness": 5,
            "comprehension": 5,
            "familiarity": 4,
            "interest": 4,
            "proactiveness": 4,
            "satisfaction": 4
        }
    ]
}