{
    "dialogue_id": 348,
    "interlocutors": [
        "AK",
        "AN"
    ],
    "utterances": [
        {
            "utterance_id": 0,
            "interlocutor_id": "AK",
            "text": "Hello!",
            "timestamp": "2022-08-10T12:16:46.901000"
        },
        {
            "utterance_id": 1,
            "interlocutor_id": "AN",
            "text": "Hello!",
            "timestamp": "2022-08-10T12:16:54.459000"
        },
        {
            "utterance_id": 2,
            "interlocutor_id": "AK",
            "text": "Do you have any plans for today?",
            "timestamp": "2022-08-10T12:17:02.024000"
        },
        {
            "utterance_id": 3,
            "interlocutor_id": "AN",
            "text": "I plan to play with dolls with my child later today.",
            "timestamp": "2022-08-10T12:17:25.190000"
        },
        {
            "utterance_id": 4,
            "interlocutor_id": "AK",
            "text": "Is your child a girl?",
            "timestamp": "2022-08-10T12:17:41.617000"
        },
        {
            "utterance_id": 5,
            "interlocutor_id": "AN",
            "text": "Yes, I have sisters.",
            "timestamp": "2022-08-10T12:17:54.576000"
        },
        {
            "utterance_id": 6,
            "interlocutor_id": "AK",
            "text": "Sisters, huh? They must be cute.",
            "timestamp": "2022-08-10T12:18:03.563000"
        },
        {
            "utterance_id": 7,
            "interlocutor_id": "AN",
            "text": "They are cute. Sometimes they play tricks that are devilish.",
            "timestamp": "2022-08-10T12:18:22.317000"
        },
        {
            "utterance_id": 8,
            "interlocutor_id": "AK",
            "text": "Is that so?! What kind of tricks?",
            "timestamp": "2022-08-10T12:18:43.723000"
        },
        {
            "utterance_id": 9,
            "interlocutor_id": "AN",
            "text": "The other day, they drew on the floor and wall with crayons.",
            "timestamp": "2022-08-10T12:19:02.503000"
        },
        {
            "utterance_id": 10,
            "interlocutor_id": "AK",
            "text": "Wow! That's the worst! Crayon marks don’t come off, do they?",
            "timestamp": "2022-08-10T12:19:24.705000"
        },
        {
            "utterance_id": 11,
            "interlocutor_id": "AN",
            "text": "Fortunately, they used washable crayons, so I was able to clean it up somehow.",
            "timestamp": "2022-08-10T12:19:49.097000"
        },
        {
            "utterance_id": 12,
            "interlocutor_id": "AK",
            "text": "Wow. That’s good to hear. But that must have been nerve-wracking.",
            "timestamp": "2022-08-10T12:20:14.470000"
        },
        {
            "utterance_id": 13,
            "interlocutor_id": "AN",
            "text": "It really was nerve-wracking. I was kind of crying about what I would do if it didn’t come off.",
            "timestamp": "2022-08-10T12:20:38.491000"
        },
        {
            "utterance_id": 14,
            "interlocutor_id": "AK",
            "text": "That would make anyone cry. Has that trick happened again since then?",
            "timestamp": "2022-08-10T12:21:04.186000"
        },
        {
            "utterance_id": 15,
            "interlocutor_id": "AN",
            "text": "No, for now, there haven't been any drawings on the walls or floors!",
            "timestamp": "2022-08-10T12:21:28.758000"
        },
        {
            "utterance_id": 16,
            "interlocutor_id": "AK",
            "text": "That’s good to hear. Why do kids like to doodle all over the place?",
            "timestamp": "2022-08-10T12:21:55.971000"
        },
        {
            "utterance_id": 17,
            "interlocutor_id": "AN",
            "text": "Maybe it looks like a big canvas to them?",
            "timestamp": "2022-08-10T12:22:25.708000"
        },
        {
            "utterance_id": 18,
            "interlocutor_id": "AK",
            "text": "Maybe. Recently I saw someone posting such doodles as art on Twitter.",
            "timestamp": "2022-08-10T12:22:57.213000"
        },
        {
            "utterance_id": 19,
            "interlocutor_id": "AN",
            "text": "That sounds amazing! I don’t have any talent for drawing, so I respect people who can draw.",
            "timestamp": "2022-08-10T12:23:42.572000"
        },
        {
            "utterance_id": 20,
            "interlocutor_id": "AK",
            "text": "No, no, it was just regular doodles, but they humorously posted it with a photo of the suspect.",
            "timestamp": "2022-08-10T12:24:15.817000"
        },
        {
            "utterance_id": 21,
            "interlocutor_id": "AN",
            "text": "Suspect?",
            "timestamp": "2022-08-10T12:24:45.498000"
        },
        {
            "utterance_id": 22,
            "interlocutor_id": "AK",
            "text": "The perpetrator of the doodling. They published a photo of the child with their face masked.",
            "timestamp": "2022-08-10T12:25:20.173000"
        },
        {
            "utterance_id": 23,
            "interlocutor_id": "AN",
            "text": "Ah! I see! That’s funny!",
            "timestamp": "2022-08-10T12:25:39.700000"
        },
        {
            "utterance_id": 24,
            "interlocutor_id": "AK",
            "text": "Even though one would normally be angry, they were so relaxed that it went viral.",
            "timestamp": "2022-08-10T12:25:56.095000"
        },
        {
            "utterance_id": 25,
            "interlocutor_id": "AN",
            "text": "Indeed, they do seem relaxed. I also want to aim for a parenting style where I can laugh off such pranks.",
            "timestamp": "2022-08-10T12:26:33.135000"
        },
        {
            "utterance_id": 26,
            "interlocutor_id": "AK",
            "text": "That seems unlikely to be normal. I think the natural response would be to be angry.",
            "timestamp": "2022-08-10T12:26:58.627000"
        },
        {
            "utterance_id": 27,
            "interlocutor_id": "AN",
            "text": "That’s true, but getting angry consumes energy and makes you tired.",
            "timestamp": "2022-08-10T12:27:21.110000"
        },
        {
            "utterance_id": 28,
            "interlocutor_id": "AK",
            "text": "That’s very true. Try to relax a bit. Let’s talk again!",
            "timestamp": "2022-08-10T12:28:00.674000"
        },
        {
            "utterance_id": 29,
            "interlocutor_id": "AN",
            "text": "Yes, thank you for today! See you!",
            "timestamp": "2022-08-10T12:28:11.082000"
        }
    ],
    "evaluations": [
        {
            "interlocutor_id": "AK",
            "informativeness": 4,
            "comprehension": 4,
            "familiarity": 4,
            "interest": 4,
            "proactiveness": 4,
            "satisfaction": 5
        },
        {
            "interlocutor_id": "AN",
            "informativeness": 5,
            "comprehension": 5,
            "familiarity": 4,
            "interest": 5,
            "proactiveness": 5,
            "satisfaction": 5
        }
    ]
}