{
    "dialogue_id": 358,
    "interlocutors": [
        "BA",
        "AI"
    ],
    "utterances": [
        {
            "utterance_id": 0,
            "interlocutor_id": "BA",
            "text": "Hello",
            "timestamp": "2022-08-08T09:49:03.022000"
        },
        {
            "utterance_id": 1,
            "interlocutor_id": "AI",
            "text": "Hello",
            "timestamp": "2022-08-08T09:49:08.533000"
        },
        {
            "utterance_id": 2,
            "interlocutor_id": "BA",
            "text": "Have you had a lot of business trips?",
            "timestamp": "2022-08-08T09:49:21.050000"
        },
        {
            "utterance_id": 3,
            "interlocutor_id": "AI",
            "text": "In the past, I had a lot of business trips.",
            "timestamp": "2022-08-08T09:49:32.114000"
        },
        {
            "utterance_id": 4,
            "interlocutor_id": "BA",
            "text": "I see—are you thinking of starting them again soon?",
            "timestamp": "2022-08-08T09:49:47.399000"
        },
        {
            "utterance_id": 5,
            "interlocutor_id": "AI",
            "text": "Well, I’m not sure.",
            "timestamp": "2022-08-08T09:49:55.583000"
        },
        {
            "utterance_id": 6,
            "interlocutor_id": "BA",
            "text": "Have you ever thought, after visiting various places, \"Oh, I want to live here forever!\"?",
            "timestamp": "2022-08-08T09:50:12.850000"
        },
        {
            "utterance_id": 7,
            "interlocutor_id": "AI",
            "text": "I have many places I want to live permanently.",
            "timestamp": "2022-08-08T09:50:21.290000"
        },
        {
            "utterance_id": 8,
            "interlocutor_id": "BA",
            "text": "But you haven't thought about actually living there?",
            "timestamp": "2022-08-08T09:50:45.578000"
        },
        {
            "utterance_id": 9,
            "interlocutor_id": "AI",
            "text": "I'm still active, so I'll think about it once I retire.",
            "timestamp": "2022-08-08T09:51:00.201000"
        },
        {
            "utterance_id": 10,
            "interlocutor_id": "BA",
            "text": "Which countries are in your candidate list after retirement?",
            "timestamp": "2022-08-08T09:51:17.344000"
        },
        {
            "utterance_id": 11,
            "interlocutor_id": "AI",
            "text": "I have several candidates in mind.",
            "timestamp": "2022-08-08T09:51:26.079000"
        },
        {
            "utterance_id": 12,
            "interlocutor_id": "BA",
            "text": "For example?",
            "timestamp": "2022-08-08T09:51:35.153000"
        },
        {
            "utterance_id": 13,
            "interlocutor_id": "AI",
            "text": "If I consider three factors: low cost of living, decent safety, and good alcohol,",
            "timestamp": "2022-08-08T09:51:57.432000"
        },
        {
            "utterance_id": 14,
            "interlocutor_id": "BA",
            "text": "Yes",
            "timestamp": "2022-08-08T09:52:21.935000"
        },
        {
            "utterance_id": 15,
            "interlocutor_id": "AI",
            "text": "The Czech Republic, Portugal, and some islands in Spain are my main choices.",
            "timestamp": "2022-08-08T09:52:17.980000"
        },
        {
            "utterance_id": 16,
            "interlocutor_id": "BA",
            "text": "I see—",
            "timestamp": "2022-08-08T09:52:25.141000"
        },
        {
            "utterance_id": 17,
            "interlocutor_id": "AI",
            "text": "The alternatives would be Shenzhen in China, and places like Thailand and Vietnam.",
            "timestamp": "2022-08-08T09:52:43.972000"
        },
        {
            "utterance_id": 18,
            "interlocutor_id": "BA",
            "text": "The only Spanish island I can think of is Ibiza.",
            "timestamp": "2022-08-08T09:53:02.327000"
        },
        {
            "utterance_id": 19,
            "interlocutor_id": "AI",
            "text": "There are various islands, but the main candidate would be the Canary Islands.",
            "timestamp": "2022-08-08T09:53:19.977000"
        },
        {
            "utterance_id": 20,
            "interlocutor_id": "BA",
            "text": "Is it still difficult to find a job with a local company while being active?",
            "timestamp": "2022-08-08T09:53:41.424000"
        },
        {
            "utterance_id": 21,
            "interlocutor_id": "AI",
            "text": "It's a matter of whether it's worth giving up my current position or not.",
            "timestamp": "2022-08-08T09:53:59.334000"
        },
        {
            "utterance_id": 22,
            "interlocutor_id": "BA",
            "text": "I see—now that remote work is common, I thought the barriers might be lower.",
            "timestamp": "2022-08-08T09:55:30.584000"
        },
        {
            "utterance_id": 23,
            "interlocutor_id": "AI",
            "text": "It seems like there's a trend toward not hiring foreigners at high costs.",
            "timestamp": "2022-08-08T09:55:00.385000"
        },
        {
            "utterance_id": 24,
            "interlocutor_id": "BA",
            "text": "Really? It’s not easy to live casually in the countries you want to live in.",
            "timestamp": "2022-08-08T09:55:16.909000"
        },
        {
            "utterance_id": 25,
            "interlocutor_id": "AI",
            "text": "There might be an atmosphere that suggests we don’t really need business trips anymore.",
            "timestamp": "2022-08-08T09:55:32.716000"
        },
        {
            "utterance_id": 26,
            "interlocutor_id": "BA",
            "text": "Oh, that’s shocking.",
            "timestamp": "2022-08-08T09:55:39.029000"
        },
        {
            "utterance_id": 27,
            "interlocutor_id": "AI",
            "text": "Once they stopped, it accidentally started working well.",
            "timestamp": "2022-08-08T09:55:56.563000"
        },
        {
            "utterance_id": 28,
            "interlocutor_id": "BA",
            "text": "I see—",
            "timestamp": "2022-08-08T09:56:03.254000"
        },
        {
            "utterance_id": 29,
            "interlocutor_id": "AI",
            "text": "It’s incredibly effective for cost-cutting.",
            "timestamp": "2022-08-08T09:56:23.647000"
        }
    ],
    "evaluations": [
        {
            "interlocutor_id": "BA",
            "informativeness": 5,
            "comprehension": 5,
            "familiarity": 5,
            "interest": 5,
            "proactiveness": 5,
            "satisfaction": 5
        },
        {
            "interlocutor_id": "AI",
            "informativeness": 5,
            "comprehension": 5,
            "familiarity": 5,
            "interest": 5,
            "proactiveness": 5,
            "satisfaction": 5
        }
    ]
}