{
    "dialogue_id": 353,
    "interlocutors": [
        "AN",
        "AK"
    ],
    "utterances": [
        {
            "utterance_id": 0,
            "interlocutor_id": "AN",
            "text": "Hello there.",
            "timestamp": "2022-08-10T13:17:05.036000"
        },
        {
            "utterance_id": 1,
            "interlocutor_id": "AK",
            "text": "Hello there!",
            "timestamp": "2022-08-10T13:17:11.157000"
        },
        {
            "utterance_id": 2,
            "interlocutor_id": "AN",
            "text": "Starting tomorrow, my husband will be on summer vacation.",
            "timestamp": "2022-08-10T13:17:37.815000"
        },
        {
            "utterance_id": 3,
            "interlocutor_id": "AK",
            "text": "Oh, that's nice. Are you planning to take it easy?",
            "timestamp": "2022-08-10T13:17:58.960000"
        },
        {
            "utterance_id": 4,
            "interlocutor_id": "AN",
            "text": "Yes, I'm planning to relax. Do you have any plans for the Obon holiday?",
            "timestamp": "2022-08-10T13:18:22.617000"
        },
        {
            "utterance_id": 5,
            "interlocutor_id": "AK",
            "text": "I usually work during Obon, but I took a day off the day after tomorrow for my husband's birthday!",
            "timestamp": "2022-08-10T13:18:53.169000"
        },
        {
            "utterance_id": 6,
            "interlocutor_id": "AN",
            "text": "Oh! Happy birthday to your husband!",
            "timestamp": "2022-08-10T13:19:07.768000"
        },
        {
            "utterance_id": 7,
            "interlocutor_id": "AK",
            "text": "Thank you. I'm thinking of making him some delicious food.",
            "timestamp": "2022-08-10T13:19:41.847000"
        },
        {
            "utterance_id": 8,
            "interlocutor_id": "AN",
            "text": "That's kind! What are you going to make?",
            "timestamp": "2022-08-10T13:19:54.290000"
        },
        {
            "utterance_id": 9,
            "interlocutor_id": "AK",
            "text": "I haven't decided yet. I have plans to eat meat the day before, so I wonder how my stomach will feel.",
            "timestamp": "2022-08-10T13:20:26.201000"
        },
        {
            "utterance_id": 10,
            "interlocutor_id": "AN",
            "text": "I see. It depends on how your stomach is feeling on the day.",
            "timestamp": "2022-08-10T13:20:58.683000"
        },
        {
            "utterance_id": 11,
            "interlocutor_id": "AK",
            "text": "That's right. I actually wanted to make a cake too, but since my husband is off, it won't be a surprise, so I'm thinking of skipping it.",
            "timestamp": "2022-08-10T13:21:32.143000"
        },
        {
            "utterance_id": 12,
            "interlocutor_id": "AN",
            "text": "I understand. In any case, your husband must be very happy to be thought of like this!",
            "timestamp": "2022-08-10T13:22:09.428000"
        },
        {
            "utterance_id": 13,
            "interlocutor_id": "AK",
            "text": "I wonder about that. Do you celebrate birthdays?",
            "timestamp": "2022-08-10T13:22:29.434000"
        },
        {
            "utterance_id": 14,
            "interlocutor_id": "AN",
            "text": "Yes. I prepare a cake and presents.",
            "timestamp": "2022-08-10T13:22:45.537000"
        },
        {
            "utterance_id": 15,
            "interlocutor_id": "AK",
            "text": "That sounds nice! Are the presents a surprise or do you ask for requests?",
            "timestamp": "2022-08-10T13:23:13.457000"
        },
        {
            "utterance_id": 16,
            "interlocutor_id": "AN",
            "text": "I'm not good with surprises, so I ask for requests and prepare from there!",
            "timestamp": "2022-08-10T13:23:36.900000"
        },
        {
            "utterance_id": 17,
            "interlocutor_id": "AK",
            "text": "That's great since it won't go to waste. My husband and I don't exchange gifts.",
            "timestamp": "2022-08-10T13:23:59.967000"
        },
        {
            "utterance_id": 18,
            "interlocutor_id": "AN",
            "text": "Is that so? It's the thought that counts rather than the presents!",
            "timestamp": "2022-08-10T13:24:44.932000"
        },
        {
            "utterance_id": 19,
            "interlocutor_id": "AK",
            "text": "Well, there's not much thought in it. I only get \"happy birthday\" a few times a year. It's lonely, isn't it?",
            "timestamp": "2022-08-10T13:25:13.138000"
        },
        {
            "utterance_id": 20,
            "interlocutor_id": "AN",
            "text": "That is lonely! Don't you think men can be a bit lacking in words?",
            "timestamp": "2022-08-10T13:25:49.436000"
        },
        {
            "utterance_id": 21,
            "interlocutor_id": "AK",
            "text": "That’s true. I think it's nice to treasure such anniversaries.",
            "timestamp": "2022-08-10T13:26:23.202000"
        },
        {
            "utterance_id": 22,
            "interlocutor_id": "AN",
            "text": "Hearing that makes me think my husband might be a romantic.",
            "timestamp": "2022-08-10T13:26:55.641000"
        },
        {
            "utterance_id": 23,
            "interlocutor_id": "AK",
            "text": "That’s wonderful! Please keep cherishing him. It’s something to be grateful for.",
            "timestamp": "2022-08-10T13:27:30.532000"
        },
        {
            "utterance_id": 24,
            "interlocutor_id": "AN",
            "text": "Yes, I will make sure not to forget words of gratitude and my attitude.",
            "timestamp": "2022-08-10T13:27:57.759000"
        },
        {
            "utterance_id": 25,
            "interlocutor_id": "AK",
            "text": "That’s important. My husband may need some re-education.",
            "timestamp": "2022-08-10T13:28:42.660000"
        },
        {
            "utterance_id": 26,
            "interlocutor_id": "AN",
            "text": "It would be nice if there's someone who can influence your husband.",
            "timestamp": "2022-08-10T13:29:25.578000"
        },
        {
            "utterance_id": 27,
            "interlocutor_id": "AK",
            "text": "That’s right. But first, I’ll try to reach out myself.",
            "timestamp": "2022-08-10T13:29:53.991000"
        },
        {
            "utterance_id": 28,
            "interlocutor_id": "AN",
            "text": "Yes. Good luck! I’m cheering for you.",
            "timestamp": "2022-08-10T13:30:06.249000"
        },
        {
            "utterance_id": 29,
            "interlocutor_id": "AK",
            "text": "Thank you for listening to me.",
            "timestamp": "2022-08-10T13:30:22.904000"
        },
        {
            "utterance_id": 30,
            "interlocutor_id": "AN",
            "text": "Thank you as well.",
            "timestamp": "2022-08-10T13:30:32.357000"
        }
    ],
    "evaluations": [
        {
            "interlocutor_id": "AN",
            "informativeness": 5,
            "comprehension": 4,
            "familiarity": 4,
            "interest": 4,
            "proactiveness": 3,
            "satisfaction": 5
        },
        {
            "interlocutor_id": "AK",
            "informativeness": 4,
            "comprehension": 4,
            "familiarity": 4,
            "interest": 4,
            "proactiveness": 5,
            "satisfaction": 5
        }
    ]
}