{
    "dialogue_id": 356,
    "interlocutors": [
        "BA",
        "AI"
    ],
    "utterances": [
        {
            "utterance_id": 0,
            "interlocutor_id": "BA",
            "text": "Hello",
            "timestamp": "2022-08-08T09:35:35.703000"
        },
        {
            "utterance_id": 1,
            "interlocutor_id": "AI",
            "text": "Hello",
            "timestamp": "2022-08-08T09:35:47.051000"
        },
        {
            "utterance_id": 2,
            "interlocutor_id": "BA",
            "text": "What are you going to eat for lunch?",
            "timestamp": "2022-08-08T09:35:54.150000"
        },
        {
            "utterance_id": 3,
            "interlocutor_id": "AI",
            "text": "I haven't decided yet",
            "timestamp": "2022-08-08T09:36:02.007000"
        },
        {
            "utterance_id": 4,
            "interlocutor_id": "BA",
            "text": "Are you cooking for yourself? Usually",
            "timestamp": "2022-08-08T09:36:11.426000"
        },
        {
            "utterance_id": 5,
            "interlocutor_id": "AI",
            "text": "Given the circumstances, I'm trying to cook at home as much as possible",
            "timestamp": "2022-08-08T09:36:23.946000"
        },
        {
            "utterance_id": 6,
            "interlocutor_id": "BA",
            "text": "I see!",
            "timestamp": "2022-08-08T09:36:36.661000"
        },
        {
            "utterance_id": 7,
            "interlocutor_id": "AI",
            "text": "But yesterday I had lunch out",
            "timestamp": "2022-08-08T09:36:51.922000"
        },
        {
            "utterance_id": 8,
            "interlocutor_id": "BA",
            "text": "What did you eat?",
            "timestamp": "2022-08-08T09:36:59.066000"
        },
        {
            "utterance_id": 9,
            "interlocutor_id": "AI",
            "text": "I went to a fish restaurant yesterday",
            "timestamp": "2022-08-08T09:37:18.509000"
        },
        {
            "utterance_id": 10,
            "interlocutor_id": "BA",
            "text": "A fish restaurant? Grilled fish or something?",
            "timestamp": "2022-08-08T09:37:33.538000"
        },
        {
            "utterance_id": 11,
            "interlocutor_id": "AI",
            "text": "Bingo, I had grilled barramundi",
            "timestamp": "2022-08-08T09:37:48.243000"
        },
        {
            "utterance_id": 12,
            "interlocutor_id": "BA",
            "text": "That sounds nice, looks delicious",
            "timestamp": "2022-08-08T09:37:58.122000"
        },
        {
            "utterance_id": 13,
            "interlocutor_id": "AI",
            "text": "I'm from Shikoku, so I love barramundi",
            "timestamp": "2022-08-08T09:38:13.445000"
        },
        {
            "utterance_id": 14,
            "interlocutor_id": "BA",
            "text": "Shikoku is known for barramundi?! I had no idea",
            "timestamp": "2022-08-08T09:38:27.613000"
        },
        {
            "utterance_id": 15,
            "interlocutor_id": "AI",
            "text": "You can really tell the fish handling of a region by what they eat on New Year's",
            "timestamp": "2022-08-08T09:38:53.620000"
        },
        {
            "utterance_id": 16,
            "interlocutor_id": "BA",
            "text": "Oh wow, you eat barramundi on New Year's!",
            "timestamp": "2022-08-08T09:39:10.187000"
        },
        {
            "utterance_id": 17,
            "interlocutor_id": "AI",
            "text": "By the way, what kind of fish do you have at New Year's where you are?",
            "timestamp": "2022-08-08T09:39:28.262000"
        },
        {
            "utterance_id": 18,
            "interlocutor_id": "BA",
            "text": "I'm from Tokyo, and my parents are from Tokyo too, so I didn't really like fish as a kid, and I have no idea",
            "timestamp": "2022-08-08T09:40:00.861000"
        },
        {
            "utterance_id": 19,
            "interlocutor_id": "AI",
            "text": "In Tokyo, there’s octopus or a pattern with hase in ozoni",
            "timestamp": "2022-08-08T09:40:16.394000"
        },
        {
            "utterance_id": 20,
            "interlocutor_id": "BA",
            "text": "Ozoni has chicken broth",
            "timestamp": "2022-08-08T09:40:31.294000"
        },
        {
            "utterance_id": 21,
            "interlocutor_id": "AI",
            "text": "And, typically for Tokyo, tuna",
            "timestamp": "2022-08-08T09:40:44.818000"
        },
        {
            "utterance_id": 22,
            "interlocutor_id": "BA",
            "text": "I see...",
            "timestamp": "2022-08-08T09:40:47.449000"
        },
        {
            "utterance_id": 23,
            "interlocutor_id": "AI",
            "text": "I wonder if it depends on the house, haha, ours was barramundi",
            "timestamp": "2022-08-08T09:41:11.180000"
        },
        {
            "utterance_id": 24,
            "interlocutor_id": "BA",
            "text": "I've never been to Shikoku",
            "timestamp": "2022-08-08T09:41:18.672000"
        },
        {
            "utterance_id": 25,
            "interlocutor_id": "AI",
            "text": "Each of the four prefectures in Shikoku has a different character",
            "timestamp": "2022-08-08T09:41:33.216000"
        },
        {
            "utterance_id": 26,
            "interlocutor_id": "BA",
            "text": "Really? Which one?",
            "timestamp": "2022-08-08T09:41:43.244000"
        },
        {
            "utterance_id": 27,
            "interlocutor_id": "AI",
            "text": "My family is from Ehime",
            "timestamp": "2022-08-08T09:41:51.108000"
        },
        {
            "utterance_id": 28,
            "interlocutor_id": "BA",
            "text": "Citrus fruits?",
            "timestamp": "2022-08-08T09:42:01.799000"
        },
        {
            "utterance_id": 29,
            "interlocutor_id": "AI",
            "text": "Yes, it's the land of mandarins.",
            "timestamp": "2022-08-08T09:42:16.880000"
        }
    ],
    "evaluations": [
        {
            "interlocutor_id": "BA",
            "informativeness": 5,
            "comprehension": 5,
            "familiarity": 5,
            "interest": 5,
            "proactiveness": 5,
            "satisfaction": 5
        },
        {
            "interlocutor_id": "AI",
            "informativeness": 5,
            "comprehension": 5,
            "familiarity": 5,
            "interest": 5,
            "proactiveness": 5,
            "satisfaction": 5
        }
    ]
}