{
    "dialogue_id": 359,
    "interlocutors": [
        "AI",
        "BA"
    ],
    "utterances": [
        {
            "utterance_id": 0,
            "interlocutor_id": "AI",
            "text": "Hello",
            "timestamp": "2022-08-08T09:56:43.018000"
        },
        {
            "utterance_id": 1,
            "interlocutor_id": "BA",
            "text": "Hello",
            "timestamp": "2022-08-08T09:56:49.615000"
        },
        {
            "utterance_id": 2,
            "interlocutor_id": "AI",
            "text": "By the way, what time is the boundary between \"hello\" and \"good morning\"?",
            "timestamp": "2022-08-08T09:57:01.960000"
        },
        {
            "utterance_id": 3,
            "interlocutor_id": "BA",
            "text": "Around 10 o'clock?",
            "timestamp": "2022-08-08T09:57:08.001000"
        },
        {
            "utterance_id": 4,
            "interlocutor_id": "AI",
            "text": "Well, strictly speaking, this moment is technically \"good morning.\"",
            "timestamp": "2022-08-08T09:57:20.930000"
        },
        {
            "utterance_id": 5,
            "interlocutor_id": "BA",
            "text": "Just a little longer until it's \"hello.\"",
            "timestamp": "2022-08-08T09:57:31.825000"
        },
        {
            "utterance_id": 6,
            "interlocutor_id": "AI",
            "text": "Or we can round it up to \"hello.\"",
            "timestamp": "2022-08-08T09:57:39.428000"
        },
        {
            "utterance_id": 7,
            "interlocutor_id": "BA",
            "text": "Interesting",
            "timestamp": "2022-08-08T09:57:46.116000"
        },
        {
            "utterance_id": 8,
            "interlocutor_id": "AI",
            "text": "So, is it 9:31 by that logic?",
            "timestamp": "2022-08-08T09:57:54.857000"
        },
        {
            "utterance_id": 9,
            "interlocutor_id": "BA",
            "text": "I wonder what it is",
            "timestamp": "2022-08-08T09:58:20.510000"
        },
        {
            "utterance_id": 10,
            "interlocutor_id": "AI",
            "text": "By the way, it's always \"good morning\" at the company.",
            "timestamp": "2022-08-08T09:58:35.120000"
        },
        {
            "utterance_id": 11,
            "interlocutor_id": "BA",
            "text": "Is the first greeting \"good morning\"?",
            "timestamp": "2022-08-08T09:58:46.731000"
        },
        {
            "utterance_id": 12,
            "interlocutor_id": "AI",
            "text": "No matter what time it is, it's \"good morning.\"",
            "timestamp": "2022-08-08T09:58:53.684000"
        },
        {
            "utterance_id": 13,
            "interlocutor_id": "BA",
            "text": "Even at 20:00?",
            "timestamp": "2022-08-08T09:59:02.573000"
        },
        {
            "utterance_id": 14,
            "interlocutor_id": "AI",
            "text": "Yes, the opening greeting for drinking parties is also \"good morning.\"",
            "timestamp": "2022-08-08T09:59:17.257000"
        },
        {
            "utterance_id": 15,
            "interlocutor_id": "BA",
            "text": "Are you having a drinking party?",
            "timestamp": "2022-08-08T09:59:26.453000"
        },
        {
            "utterance_id": 16,
            "interlocutor_id": "AI",
            "text": "Ah, not recently, but it's a story from the past.",
            "timestamp": "2022-08-08T09:59:34.412000"
        },
        {
            "utterance_id": 17,
            "interlocutor_id": "BA",
            "text": "I see.",
            "timestamp": "2022-08-08T09:59:39.793000"
        },
        {
            "utterance_id": 18,
            "interlocutor_id": "AI",
            "text": "One good thing about this lifestyle is that drinking parties have disappeared.",
            "timestamp": "2022-08-08T09:59:59.425000"
        },
        {
            "utterance_id": 19,
            "interlocutor_id": "BA",
            "text": "I see! COVID really changed quite a bit of our lifestyle!",
            "timestamp": "2022-08-08T10:00:14.795000"
        },
        {
            "utterance_id": 20,
            "interlocutor_id": "AI",
            "text": "It has changed a lot; many of the absurdities I took for granted have mostly disappeared.",
            "timestamp": "2022-08-08T10:00:31.505000"
        },
        {
            "utterance_id": 21,
            "interlocutor_id": "BA",
            "text": "That's good to hear.",
            "timestamp": "2022-08-08T10:00:38.972000"
        },
        {
            "utterance_id": 22,
            "interlocutor_id": "AI",
            "text": "Packed trains are incomprehensible, right?",
            "timestamp": "2022-08-08T10:00:49.763000"
        },
        {
            "utterance_id": 23,
            "interlocutor_id": "BA",
            "text": "It seems like Tokyo is getting back to that packed train feeling, though.",
            "timestamp": "2022-08-08T10:01:08.901000"
        },
        {
            "utterance_id": 24,
            "interlocutor_id": "AI",
            "text": "Really?",
            "timestamp": "2022-08-08T10:01:15.819000"
        },
        {
            "utterance_id": 25,
            "interlocutor_id": "BA",
            "text": "Yes, seriously.",
            "timestamp": "2022-08-08T10:01:21.920000"
        },
        {
            "utterance_id": 26,
            "interlocutor_id": "AI",
            "text": "Is it the law of inertia?",
            "timestamp": "2022-08-08T10:01:41.042000"
        },
        {
            "utterance_id": 27,
            "interlocutor_id": "BA",
            "text": "It seems so—there seem to be very few companies continuing telework.",
            "timestamp": "2022-08-08T10:02:07.470000"
        },
        {
            "utterance_id": 28,
            "interlocutor_id": "AI",
            "text": "Oh, is that so? I hope it continues, though.",
            "timestamp": "2022-08-08T10:02:24.811000"
        },
        {
            "utterance_id": 29,
            "interlocutor_id": "BA",
            "text": "I don't like packed trains either.",
            "timestamp": "2022-08-08T10:02:33.942000"
        }
    ],
    "evaluations": [
        {
            "interlocutor_id": "AI",
            "informativeness": 5,
            "comprehension": 5,
            "familiarity": 5,
            "interest": 5,
            "proactiveness": 5,
            "satisfaction": 5
        },
        {
            "interlocutor_id": "BA",
            "informativeness": 5,
            "comprehension": 5,
            "familiarity": 5,
            "interest": 5,
            "proactiveness": 5,
            "satisfaction": 5
        }
    ]
}