{
    "dialogue_id": 354,
    "interlocutors": [
        "AK",
        "AN"
    ],
    "utterances": [
        {
            "utterance_id": 0,
            "interlocutor_id": "AK",
            "text": "Hello!",
            "timestamp": "2022-08-10T13:30:46.589000"
        },
        {
            "utterance_id": 1,
            "interlocutor_id": "AN",
            "text": "Hello!",
            "timestamp": "2022-08-10T13:30:52.502000"
        },
        {
            "utterance_id": 2,
            "interlocutor_id": "AK",
            "text": "How do you spend your days?",
            "timestamp": "2022-08-10T13:31:03.976000"
        },
        {
            "utterance_id": 3,
            "interlocutor_id": "AN",
            "text": "I often finish housework all at once in the morning and then relax in the afternoon.",
            "timestamp": "2022-08-10T13:31:30.893000"
        },
        {
            "utterance_id": 4,
            "interlocutor_id": "AK",
            "text": "That sounds nice! Are you the type to get unpleasant tasks done first?",
            "timestamp": "2022-08-10T13:31:48.651000"
        },
        {
            "utterance_id": 5,
            "interlocutor_id": "AN",
            "text": "Yes. If I don’t finish unpleasant tasks first, I get anxious and can’t move.",
            "timestamp": "2022-08-10T13:32:13.432000"
        },
        {
            "utterance_id": 6,
            "interlocutor_id": "AK",
            "text": "Wow. I understand that feeling of anxiety! I tend to procrastinate and leave things undone.",
            "timestamp": "2022-08-10T13:32:48.377000"
        },
        {
            "utterance_id": 7,
            "interlocutor_id": "AN",
            "text": "Is that so? How do you usually spend your days?",
            "timestamp": "2022-08-10T13:33:26.630000"
        },
        {
            "utterance_id": 8,
            "interlocutor_id": "AK",
            "text": "I tend to laze around at home and often rush to finish housework when my husband comes home.",
            "timestamp": "2022-08-10T13:33:51.135000"
        },
        {
            "utterance_id": 9,
            "interlocutor_id": "AN",
            "text": "So you manage to finish your housework well before your husband comes back. That's impressive!",
            "timestamp": "2022-08-10T13:34:19.012000"
        },
        {
            "utterance_id": 10,
            "interlocutor_id": "AK",
            "text": "Is that so? When my husband comes home, I think I’ll try to listen to him.",
            "timestamp": "2022-08-10T13:34:52.666000"
        },
        {
            "utterance_id": 11,
            "interlocutor_id": "AN",
            "text": "That’s really kind of you! Some mom friends say they hardly talk to their husbands at all.",
            "timestamp": "2022-08-10T13:35:35.547000"
        },
        {
            "utterance_id": 12,
            "interlocutor_id": "AK",
            "text": "Is that so? I’m always listening to complaints. I’m often made to look at work emails too.",
            "timestamp": "2022-08-10T13:36:05.444000"
        },
        {
            "utterance_id": 13,
            "interlocutor_id": "AN",
            "text": "Sounds like you’re dealing with a lot of stress.",
            "timestamp": "2022-08-10T13:36:20.917000"
        },
        {
            "utterance_id": 14,
            "interlocutor_id": "AK",
            "text": "I might just be a venting outlet for him. He often asks me what I think about things too.",
            "timestamp": "2022-08-10T13:36:45.140000"
        },
        {
            "utterance_id": 15,
            "interlocutor_id": "AN",
            "text": "Oh, so he seeks your opinion.",
            "timestamp": "2022-08-10T13:37:04.268000"
        },
        {
            "utterance_id": 16,
            "interlocutor_id": "AK",
            "text": "Yes, he does. I think it’s because we used to work in the same industry, and he wants reassurance that he’s not wrong.",
            "timestamp": "2022-08-10T13:37:38.655000"
        },
        {
            "utterance_id": 17,
            "interlocutor_id": "AN",
            "text": "I see. You must be a strong support for your husband.",
            "timestamp": "2022-08-10T13:38:11.142000"
        },
        {
            "utterance_id": 18,
            "interlocutor_id": "AK",
            "text": "I wonder about that. But I think I’ll make time to listen to him when I get home.",
            "timestamp": "2022-08-10T13:38:40.516000"
        },
        {
            "utterance_id": 19,
            "interlocutor_id": "AN",
            "text": "That's a wonderful mindset. I tend to talk only about my own things, so I could learn from you.",
            "timestamp": "2022-08-10T13:39:43.516000"
        },
        {
            "utterance_id": 20,
            "interlocutor_id": "AK",
            "text": "Is that so? But does your husband listen to you?",
            "timestamp": "2022-08-10T13:40:11.902000"
        },
        {
            "utterance_id": 21,
            "interlocutor_id": "AN",
            "text": "Yes, he does. I wonder if I’m putting a burden on him?",
            "timestamp": "2022-08-10T13:41:00.511000"
        },
        {
            "utterance_id": 22,
            "interlocutor_id": "AK",
            "text": "I don't think you are. You're very kind. My husband seems like he doesn’t listen to me at all. Wait, that’s strange.",
            "timestamp": "2022-08-10T13:41:36.857000"
        },
        {
            "utterance_id": 23,
            "interlocutor_id": "AN",
            "text": "It can be tough to find balance.",
            "timestamp": "2022-08-10T13:42:30.736000"
        },
        {
            "utterance_id": 24,
            "interlocutor_id": "AK",
            "text": "It is tough. If you both are okay with that, then there's no problem. I’m fine with it too.",
            "timestamp": "2022-08-10T13:42:57.347000"
        },
        {
            "utterance_id": 25,
            "interlocutor_id": "AN",
            "text": "That’s true. Speaking of which, my husband complained about work the other day after a long time.",
            "timestamp": "2022-08-10T13:43:28.401000"
        },
        {
            "utterance_id": 26,
            "interlocutor_id": "AK",
            "text": "He usually doesn’t complain much, does he?",
            "timestamp": "2022-08-10T13:43:42.620000"
        },
        {
            "utterance_id": 27,
            "interlocutor_id": "AN",
            "text": "Right. So, I’m a little worried.",
            "timestamp": "2022-08-10T13:44:00.826000"
        },
        {
            "utterance_id": 28,
            "interlocutor_id": "AK",
            "text": "It'll be okay. Please listen to him occasionally. How about trying it tonight?",
            "timestamp": "2022-08-10T13:44:20.734000"
        },
        {
            "utterance_id": 29,
            "interlocutor_id": "AN",
            "text": "That’s a good idea. I’ll make sure to listen to him a lot tonight. Thank you for the advice.",
            "timestamp": "2022-08-10T13:44:43.533000"
        },
        {
            "utterance_id": 30,
            "interlocutor_id": "AK",
            "text": "Thank you too!",
            "timestamp": "2022-08-10T13:44:49.589000"
        }
    ],
    "evaluations": [
        {
            "interlocutor_id": "AK",
            "informativeness": 4,
            "comprehension": 4,
            "familiarity": 4,
            "interest": 4,
            "proactiveness": 4,
            "satisfaction": 5
        },
        {
            "interlocutor_id": "AN",
            "informativeness": 5,
            "comprehension": 5,
            "familiarity": 5,
            "interest": 5,
            "proactiveness": 3,
            "satisfaction": 5
        }
    ]
}