{
    "dialogue_id": 352,
    "interlocutors": [
        "AK",
        "AN"
    ],
    "utterances": [
        {
            "utterance_id": 0,
            "interlocutor_id": "AK",
            "text": "Hello!",
            "timestamp": "2022-08-10T13:06:21.473000"
        },
        {
            "utterance_id": 1,
            "interlocutor_id": "AN",
            "text": "Hello!",
            "timestamp": "2022-08-10T13:06:27.116000"
        },
        {
            "utterance_id": 2,
            "interlocutor_id": "AK",
            "text": "Have you laughed at anything recently?",
            "timestamp": "2022-08-10T13:06:34.536000"
        },
        {
            "utterance_id": 3,
            "interlocutor_id": "AN",
            "text": "I often laugh because my child does silly things every day.",
            "timestamp": "2022-08-10T13:06:56.528000"
        },
        {
            "utterance_id": 4,
            "interlocutor_id": "AK",
            "text": "Your child sounds funny. It must be nice to be made to laugh.",
            "timestamp": "2022-08-10T13:07:18.118000"
        },
        {
            "utterance_id": 5,
            "interlocutor_id": "AN",
            "text": "Yes. Today, while I was cooling down my husband's lunch, I caught him nibbling on the side dishes, which made me laugh.",
            "timestamp": "2022-08-10T13:07:46.702000"
        },
        {
            "utterance_id": 6,
            "interlocutor_id": "AK",
            "text": "You laughed? That seems like a moment that could make you angry.",
            "timestamp": "2022-08-10T13:08:03.117000"
        },
        {
            "utterance_id": 7,
            "interlocutor_id": "AN",
            "text": "He seemed to think he was sneaking a bite, and the way he was doing it was so funny that I couldn't stop laughing.",
            "timestamp": "2022-08-10T13:08:28.982000"
        },
        {
            "utterance_id": 8,
            "interlocutor_id": "AK",
            "text": "I see. Sneaking just a small amount. That sounds adorable.",
            "timestamp": "2022-08-10T13:08:45.009000"
        },
        {
            "utterance_id": 9,
            "interlocutor_id": "AN",
            "text": "Yes. I thought he was using his wits in his own way. Have you laughed at anything recently?",
            "timestamp": "2022-08-10T13:09:15.296000"
        },
        {
            "utterance_id": 10,
            "interlocutor_id": "AK",
            "text": "I laughed because the vegetables in my home garden have grown too big.",
            "timestamp": "2022-08-10T13:09:40.553000"
        },
        {
            "utterance_id": 11,
            "interlocutor_id": "AN",
            "text": "Did they grow quite large?",
            "timestamp": "2022-08-10T13:10:02.387000"
        },
        {
            "utterance_id": 12,
            "interlocutor_id": "AK",
            "text": "It seems like I harvested the zucchini too late, and it had grown to about four times its usual size.",
            "timestamp": "2022-08-10T13:10:34.383000"
        },
        {
            "utterance_id": 13,
            "interlocutor_id": "AN",
            "text": "Wow! That's a giant zucchini!",
            "timestamp": "2022-08-10T13:10:45.357000"
        },
        {
            "utterance_id": 14,
            "interlocutor_id": "AK",
            "text": "Yes. It was so funny that I burst out laughing by myself.",
            "timestamp": "2022-08-10T13:11:02.594000"
        },
        {
            "utterance_id": 15,
            "interlocutor_id": "AN",
            "text": "It's rare for them to grow that big, isn't it?",
            "timestamp": "2022-08-10T13:11:24.108000"
        },
        {
            "utterance_id": 16,
            "interlocutor_id": "AK",
            "text": "It would have been fine if I had checked on them every day, but it kept raining, and the harvest was delayed.",
            "timestamp": "2022-08-10T13:11:49.281000"
        },
        {
            "utterance_id": 17,
            "interlocutor_id": "AN",
            "text": "I see. Was the taste the same as a normal zucchini?",
            "timestamp": "2022-08-10T13:12:09.538000"
        },
        {
            "utterance_id": 18,
            "interlocutor_id": "AK",
            "text": "I gave it to my grandmother, so I don't know the taste.",
            "timestamp": "2022-08-10T13:12:24.606000"
        },
        {
            "utterance_id": 19,
            "interlocutor_id": "AN",
            "text": "I see. Are you growing various things in your home garden?",
            "timestamp": "2022-08-10T13:12:57.928000"
        },
        {
            "utterance_id": 20,
            "interlocutor_id": "AK",
            "text": "Yes, I have eggplant, bell peppers, tomatoes, cucumbers, and more.",
            "timestamp": "2022-08-10T13:13:30.285000"
        },
        {
            "utterance_id": 21,
            "interlocutor_id": "AN",
            "text": "That's a lot of summer vegetables! It's the harvest season!",
            "timestamp": "2022-08-10T13:14:03.654000"
        },
        {
            "utterance_id": 22,
            "interlocutor_id": "AK",
            "text": "Yes, right now is the best time for harvesting. But this year, for some reason, I haven't been able to get many eggplants, which is disappointing.",
            "timestamp": "2022-08-10T13:14:32.598000"
        },
        {
            "utterance_id": 23,
            "interlocutor_id": "AN",
            "text": "Is that so? Was there something different from previous years?",
            "timestamp": "2022-08-10T13:14:52.598000"
        },
        {
            "utterance_id": 24,
            "interlocutor_id": "AK",
            "text": "I wonder. I'm not sure if it’s because I slacked on the fertilizer or if it's the heat.",
            "timestamp": "2022-08-10T13:15:20.127000"
        },
        {
            "utterance_id": 25,
            "interlocutor_id": "AN",
            "text": "Hmm. I really admire you because I'm terrible at growing plants!",
            "timestamp": "2022-08-10T13:15:48.447000"
        },
        {
            "utterance_id": 26,
            "interlocutor_id": "AK",
            "text": "Oh, is that so? Do you often end up killing them?",
            "timestamp": "2022-08-10T13:16:01.896000"
        },
        {
            "utterance_id": 27,
            "interlocutor_id": "AN",
            "text": "That's right; I often end up killing them.",
            "timestamp": "2022-08-10T13:16:14.841000"
        },
        {
            "utterance_id": 28,
            "interlocutor_id": "AK",
            "text": "Oh, that’s unfortunate. But please don’t give up and keep trying! See you again!",
            "timestamp": "2022-08-10T13:16:40.487000"
        },
        {
            "utterance_id": 29,
            "interlocutor_id": "AN",
            "text": "Yes, I'll try again! See you!",
            "timestamp": "2022-08-10T13:16:54.912000"
        }
    ],
    "evaluations": [
        {
            "interlocutor_id": "AK",
            "informativeness": 4,
            "comprehension": 5,
            "familiarity": 5,
            "interest": 5,
            "proactiveness": 5,
            "satisfaction": 5
        },
        {
            "interlocutor_id": "AN",
            "informativeness": 5,
            "comprehension": 4,
            "familiarity": 5,
            "interest": 5,
            "proactiveness": 4,
            "satisfaction": 5
        }
    ]
}