{
    "dialogue_id": 364,
    "interlocutors": [
        "BC",
        "BB"
    ],
    "utterances": [
        {
            "utterance_id": 0,
            "interlocutor_id": "BC",
            "text": "Good evening, nice to meet you!",
            "timestamp": "2022-08-15T20:28:41.920000"
        },
        {
            "utterance_id": 1,
            "interlocutor_id": "BB",
            "text": "Good evening! Nice to meet you!",
            "timestamp": "2022-08-15T20:28:45.888000"
        },
        {
            "utterance_id": 2,
            "interlocutor_id": "BC",
            "text": "Have you been shopping online lately?",
            "timestamp": "2022-08-15T20:28:56.613000"
        },
        {
            "utterance_id": 3,
            "interlocutor_id": "BB",
            "text": "I often end up clicking to buy. Recently I bought cosmetics.",
            "timestamp": "2022-08-15T20:29:13.603000"
        },
        {
            "utterance_id": 4,
            "interlocutor_id": "BC",
            "text": "You can’t help but click, right? It's easy to buy. What site did you use for cosmetics?",
            "timestamp": "2022-08-15T20:29:40.427000"
        },
        {
            "utterance_id": 5,
            "interlocutor_id": "BB",
            "text": "I’ve been interested in Korean cosmetics lately. I bought them on a site called Qoo10.",
            "timestamp": "2022-08-15T20:30:09.334000"
        },
        {
            "utterance_id": 6,
            "interlocutor_id": "BC",
            "text": "Oh! I also use Qoo10 quite a lot. It's a good deal, right?",
            "timestamp": "2022-08-15T20:30:32.498000"
        },
        {
            "utterance_id": 7,
            "interlocutor_id": "BB",
            "text": "This was my first time using it, and I was surprised at how cheap it was!",
            "timestamp": "2022-08-15T20:30:49.690000"
        },
        {
            "utterance_id": 8,
            "interlocutor_id": "BC",
            "text": "It’s really cheap, isn’t it? What did you buy?",
            "timestamp": "2022-08-15T20:31:10.670000"
        },
        {
            "utterance_id": 9,
            "interlocutor_id": "BB",
            "text": "I tried buying eye cream. It's from a brand called AHC.",
            "timestamp": "2022-08-15T20:31:36.373000"
        },
        {
            "utterance_id": 10,
            "interlocutor_id": "BC",
            "text": "Eye cream! I also bought some on Qoo10 the other day! There are so many options, it’s hard to choose.",
            "timestamp": "2022-08-15T20:32:22.928000"
        },
        {
            "utterance_id": 11,
            "interlocutor_id": "BB",
            "text": "There are so many kinds, right? But I’m not used to using it yet, so I ended up choosing the one with higher shipping costs.",
            "timestamp": "2022-08-15T20:33:02.480000"
        },
        {
            "utterance_id": 12,
            "interlocutor_id": "BC",
            "text": "Shipping, flash sales, timing, and prices vary quite a bit depending on the shop, so it’s something to keep an eye on!",
            "timestamp": "2022-08-15T20:33:38.474000"
        },
        {
            "utterance_id": 13,
            "interlocutor_id": "BB",
            "text": "Even if it says free shipping, it might still charge for shipping on the final page, which is kind of a mystery.",
            "timestamp": "2022-08-15T20:34:02.975000"
        },
        {
            "utterance_id": 14,
            "interlocutor_id": "BC",
            "text": "That really is a mystery. Maybe they offer points back for shipping fees?",
            "timestamp": "2022-08-15T20:34:26.188000"
        },
        {
            "utterance_id": 15,
            "interlocutor_id": "BB",
            "text": "Is that so? I’ve seen cases in Japan where shipping fees vary by region as well.",
            "timestamp": "2022-08-15T20:34:46.478000"
        },
        {
            "utterance_id": 16,
            "interlocutor_id": "BC",
            "text": "It's somewhat tricky, isn’t it? Shipping costs can differ based on the purchase amount.",
            "timestamp": "2022-08-15T20:35:28.346000"
        },
        {
            "utterance_id": 17,
            "interlocutor_id": "BB",
            "text": "That’s true, there were cases like that! But there are a lot of good deals, so I think I’ll continue using it in the future.",
            "timestamp": "2022-08-15T20:35:52.450000"
        },
        {
            "utterance_id": 18,
            "interlocutor_id": "BC",
            "text": "There are good timing deals, so I recommend Qoo10. Depending on your member rank, you can also get coupons.",
            "timestamp": "2022-08-15T20:36:29.223000"
        },
        {
            "utterance_id": 19,
            "interlocutor_id": "BB",
            "text": "Thank you for the great information! Are you quite a heavy user?",
            "timestamp": "2022-08-15T20:36:54.225000"
        },
        {
            "utterance_id": 20,
            "interlocutor_id": "BC",
            "text": "I might be quite heavy. I buy things 1 to 2 times a month. I always get face masks from Qoo10!",
            "timestamp": "2022-08-15T20:37:27.064000"
        },
        {
            "utterance_id": 21,
            "interlocutor_id": "BB",
            "text": "Face masks also had a lot of varieties and were cheap, right? Do you have any recommendations for face masks?",
            "timestamp": "2022-08-15T20:37:47.660000"
        },
        {
            "utterance_id": 22,
            "interlocutor_id": "BC",
            "text": "They're really inexpensive. The ones from Nature Republic have great capacity and feel amazing to use.",
            "timestamp": "2022-08-15T20:38:17.099000"
        },
        {
            "utterance_id": 23,
            "interlocutor_id": "BB",
            "text": "Ah, I’ve heard of that! It’s a brand that has a natural vibe, right?",
            "timestamp": "2022-08-15T20:38:36.160000"
        },
        {
            "utterance_id": 24,
            "interlocutor_id": "BC",
            "text": "Yes! They promote things like aloe and CICA, which are quite natural. Maybe that’s why they don’t sting.",
            "timestamp": "2022-08-15T20:39:10.548000"
        },
        {
            "utterance_id": 25,
            "interlocutor_id": "BB",
            "text": "That’s important! Nature Republic, I need to check it out.",
            "timestamp": "2022-08-15T20:39:28.408000"
        },
        {
            "utterance_id": 26,
            "interlocutor_id": "BC",
            "text": "Definitely check it out! The green-packaged ones are particularly recommended.",
            "timestamp": "2022-08-15T20:39:53.298000"
        },
        {
            "utterance_id": 27,
            "interlocutor_id": "BB",
            "text": "Thank you so much for everything! I’ll check it out right away today!",
            "timestamp": "2022-08-15T20:40:14.728000"
        },
        {
            "utterance_id": 28,
            "interlocutor_id": "BC",
            "text": "I think I’ll go shopping later too!",
            "timestamp": "2022-08-15T20:40:28.831000"
        },
        {
            "utterance_id": 29,
            "interlocutor_id": "BB",
            "text": "Please tell me more things later!",
            "timestamp": "2022-08-15T20:40:36.922000"
        }
    ],
    "evaluations": [
        {
            "interlocutor_id": "BC",
            "informativeness": 5,
            "comprehension": 5,
            "familiarity": 5,
            "interest": 5,
            "proactiveness": 5,
            "satisfaction": 5
        },
        {
            "interlocutor_id": "BB",
            "informativeness": 5,
            "comprehension": 5,
            "familiarity": 5,
            "interest": 5,
            "proactiveness": 5,
            "satisfaction": 5
        }
    ]
}