{
    "dialogue_id": 367,
    "interlocutors": [
        "BB",
        "BC"
    ],
    "utterances": [
        {
            "utterance_id": 0,
            "interlocutor_id": "BB",
            "text": "Hello! Nice to meet you!",
            "timestamp": "2022-08-15T21:11:40.441000"
        },
        {
            "utterance_id": 1,
            "interlocutor_id": "BC",
            "text": "Hello! Nice to meet you!",
            "timestamp": "2022-08-15T21:11:52.443000"
        },
        {
            "utterance_id": 2,
            "interlocutor_id": "BB",
            "text": "Have you been getting a health check every year, <BC>?",
            "timestamp": "2022-08-15T21:12:07.367000"
        },
        {
            "utterance_id": 3,
            "interlocutor_id": "BC",
            "text": "Well, I do get checked at the company every year!",
            "timestamp": "2022-08-15T21:12:19.304000"
        },
        {
            "utterance_id": 4,
            "interlocutor_id": "BB",
            "text": "It's nice that you can get it done at the company. Since I resigned, I haven't been able to go for my own check-up yet.",
            "timestamp": "2022-08-15T21:12:43.180000"
        },
        {
            "utterance_id": 5,
            "interlocutor_id": "BC",
            "text": "It's true that going by oneself can be a bit of a hassle.",
            "timestamp": "2022-08-15T21:13:05.911000"
        },
        {
            "utterance_id": 6,
            "interlocutor_id": "BB",
            "text": "That's right. I go for my gynecological check-up every year, but a general health check-up is quite bothersome.",
            "timestamp": "2022-08-15T21:13:28.973000"
        },
        {
            "utterance_id": 7,
            "interlocutor_id": "BC",
            "text": "On the contrary, I’ve never gone for a gynecological check!",
            "timestamp": "2022-08-15T21:13:47.785000"
        },
        {
            "utterance_id": 8,
            "interlocutor_id": "BB",
            "text": "I see! It might be a bit of a hurdle, for sure.",
            "timestamp": "2022-08-15T21:14:03.014000"
        },
        {
            "utterance_id": 9,
            "interlocutor_id": "BC",
            "text": "Now that I’m over 30, I think I should go, but somehow I don’t have the courage.",
            "timestamp": "2022-08-15T21:14:28.971000"
        },
        {
            "utterance_id": 10,
            "interlocutor_id": "BB",
            "text": "That's very true. I have a hospital nearby where I received care during my childbirth; the doctor is nice, so I go there often.",
            "timestamp": "2022-08-15T21:14:53.943000"
        },
        {
            "utterance_id": 11,
            "interlocutor_id": "BC",
            "text": "I see, it's reassuring to have a familiar doctor.",
            "timestamp": "2022-08-15T21:15:12.347000"
        },
        {
            "utterance_id": 12,
            "interlocutor_id": "BB",
            "text": "That's right. It's an old doctor, but he is even more delicate than female doctors, which makes me feel secure.",
            "timestamp": "2022-08-15T21:15:37.768000"
        },
        {
            "utterance_id": 13,
            "interlocutor_id": "BC",
            "text": "You've met a wonderful doctor!",
            "timestamp": "2022-08-15T21:15:54.062000"
        },
        {
            "utterance_id": 14,
            "interlocutor_id": "BB",
            "text": "Before I met this doctor, I was not good with gynecology and didn't go often.",
            "timestamp": "2022-08-15T21:16:14.949000"
        },
        {
            "utterance_id": 15,
            "interlocutor_id": "BC",
            "text": "It's great that you found a good place during childbirth. I respect you for having experienced childbirth.",
            "timestamp": "2022-08-15T21:16:53.068000"
        },
        {
            "utterance_id": 16,
            "interlocutor_id": "BB",
            "text": "I felt the same way before giving birth! But when it actually comes to yourself, it seems everyone manages somehow.",
            "timestamp": "2022-08-15T21:17:35.016000"
        },
        {
            "utterance_id": 17,
            "interlocutor_id": "BC",
            "text": "All my friends who have given birth say the same! But it’s really amazing!",
            "timestamp": "2022-08-15T21:18:05.497000"
        },
        {
            "utterance_id": 18,
            "interlocutor_id": "BB",
            "text": "One thing's for sure, it was a pain I had never experienced in my life.",
            "timestamp": "2022-08-15T21:18:28.188000"
        },
        {
            "utterance_id": 19,
            "interlocutor_id": "BC",
            "text": "Wow. They often say it’s like giving birth through your nose to a watermelon. I can't imagine that.",
            "timestamp": "2022-08-15T21:19:06.463000"
        },
        {
            "utterance_id": 20,
            "interlocutor_id": "BB",
            "text": "For those who usually have menstrual pain, it's said that the particularly painful areas during menstruation can become quite tough during childbirth too.",
            "timestamp": "2022-08-15T21:19:36.476000"
        },
        {
            "utterance_id": 21,
            "interlocutor_id": "BC",
            "text": "Really!? Is that so?",
            "timestamp": "2022-08-15T21:19:48.967000"
        },
        {
            "utterance_id": 22,
            "interlocutor_id": "BB",
            "text": "For me, it was my lower back. It felt like pain trying to tear and pull from both sides.",
            "timestamp": "2022-08-15T21:20:17.208000"
        },
        {
            "utterance_id": 23,
            "interlocutor_id": "BC",
            "text": "Just imagining it makes me weak!",
            "timestamp": "2022-08-15T21:20:41.612000"
        },
        {
            "utterance_id": 24,
            "interlocutor_id": "BB",
            "text": "If there are areas that usually hurt, it might be good to take care of them before childbirth.",
            "timestamp": "2022-08-15T21:21:15.440000"
        },
        {
            "utterance_id": 25,
            "interlocutor_id": "BC",
            "text": "What kind of care methods are there?",
            "timestamp": "2022-08-15T21:22:14.925000"
        },
        {
            "utterance_id": 26,
            "interlocutor_id": "BB",
            "text": "If you have back pain, it would be good to go to chiropractic, and if your stomach hurts unusually, make sure to have a gynecological check-up.",
            "timestamp": "2022-08-15T21:22:20.391000"
        },
        {
            "utterance_id": 27,
            "interlocutor_id": "BC",
            "text": "Indeed, having a check-up in advance is important.",
            "timestamp": "2022-08-15T21:22:26.968000"
        },
        {
            "utterance_id": 28,
            "interlocutor_id": "BB",
            "text": "Not just gynecology, but it’s best to be able to prevent everything in advance.",
            "timestamp": "2022-08-15T21:22:48.763000"
        },
        {
            "utterance_id": 29,
            "interlocutor_id": "BC",
            "text": "I really thought that I should go for check-ups without being lazy!",
            "timestamp": "2022-08-15T21:23:04.574000"
        }
    ],
    "evaluations": [
        {
            "interlocutor_id": "BB",
            "informativeness": 5,
            "comprehension": 5,
            "familiarity": 5,
            "interest": 5,
            "proactiveness": 5,
            "satisfaction": 5
        },
        {
            "interlocutor_id": "BC",
            "informativeness": 4,
            "comprehension": 4,
            "familiarity": 4,
            "interest": 4,
            "proactiveness": 4,
            "satisfaction": 4
        }
    ]
}