{
    "dialogue_id": 365,
    "interlocutors": [
        "BB",
        "BC"
    ],
    "utterances": [
        {
            "utterance_id": 0,
            "interlocutor_id": "BB",
            "text": "Good evening!",
            "timestamp": "2022-08-15T20:41:18.344000"
        },
        {
            "utterance_id": 1,
            "interlocutor_id": "BC",
            "text": "Good evening!",
            "timestamp": "2022-08-15T20:41:23.810000"
        },
        {
            "utterance_id": 2,
            "interlocutor_id": "BB",
            "text": "It was hot today, wasn't it? Recently, it feels too hot and my skin doesn't seem to be doing well.",
            "timestamp": "2022-08-15T20:41:39.972000"
        },
        {
            "utterance_id": 3,
            "interlocutor_id": "BC",
            "text": "It was hot, and with the air conditioning drying me out, the UV rays, and sweat, my skin is in chaos.",
            "timestamp": "2022-08-15T20:42:12.122000"
        },
        {
            "utterance_id": 4,
            "interlocutor_id": "BB",
            "text": "Moreover, since I'm also wearing a mask, my skin gets tired easily.",
            "timestamp": "2022-08-15T20:42:30.983000"
        },
        {
            "utterance_id": 5,
            "interlocutor_id": "BC",
            "text": "That's so true! Putting on and taking off a mask constantly. Are you taking any measures?",
            "timestamp": "2022-08-15T20:42:58.834000"
        },
        {
            "utterance_id": 6,
            "interlocutor_id": "BB",
            "text": "Anyway, I apply sunscreen frequently and try to do a pack almost every night.",
            "timestamp": "2022-08-15T20:43:21.811000"
        },
        {
            "utterance_id": 7,
            "interlocutor_id": "BC",
            "text": "Sunscreen is important, isn't it? But there are so many kinds that I don't know which one is good. I'm a sunscreen gypsy.",
            "timestamp": "2022-08-15T20:43:56.403000"
        },
        {
            "utterance_id": 8,
            "interlocutor_id": "BB",
            "text": "What type of sunscreen do you prefer?",
            "timestamp": "2022-08-15T20:44:10.773000"
        },
        {
            "utterance_id": 9,
            "interlocutor_id": "BC",
            "text": "I like ones that are fairly light and provide a little tone-up, that's the best.",
            "timestamp": "2022-08-15T20:44:37.957000"
        },
        {
            "utterance_id": 10,
            "interlocutor_id": "BB",
            "text": "That's exactly the ideal sunscreen. I've been using Biore for about 10 years now.",
            "timestamp": "2022-08-15T20:45:01.077000"
        },
        {
            "utterance_id": 11,
            "interlocutor_id": "BC",
            "text": "Biore has various types, right? What kind do you use?",
            "timestamp": "2022-08-15T20:45:32.574000"
        },
        {
            "utterance_id": 12,
            "interlocutor_id": "BB",
            "text": "I use the pink one for the face and a gel type that's light for the body!",
            "timestamp": "2022-08-15T20:46:06.327000"
        },
        {
            "utterance_id": 13,
            "interlocutor_id": "BC",
            "text": "I might be using the same one for the body! Gel types feel nice to apply, right?",
            "timestamp": "2022-08-15T20:46:43.406000"
        },
        {
            "utterance_id": 14,
            "interlocutor_id": "BB",
            "text": "Gel types spread well, so they're easy to apply on legs and such!",
            "timestamp": "2022-08-15T20:47:00.356000"
        },
        {
            "utterance_id": 15,
            "interlocutor_id": "BC",
            "text": "Yes, but when I apply it to my neck, it gets a bit on my hair and makes it feel dry, which I don’t like.",
            "timestamp": "2022-08-15T20:47:42.664000"
        },
        {
            "utterance_id": 16,
            "interlocutor_id": "BB",
            "text": "It has that feeling where it dries after a bit, right? I understand!",
            "timestamp": "2022-08-15T20:47:59.380000"
        },
        {
            "utterance_id": 17,
            "interlocutor_id": "BC",
            "text": "Exactly! Recent sunscreens are light and don’t have that dry feeling, they’re excellent.",
            "timestamp": "2022-08-15T20:48:58.921000"
        },
        {
            "utterance_id": 18,
            "interlocutor_id": "BB",
            "text": "It's nice that they aren't sticky, but it’s a problem when it gets on other places.",
            "timestamp": "2022-08-15T20:49:33.669000"
        },
        {
            "utterance_id": 19,
            "interlocutor_id": "BC",
            "text": "That's true. I often stain my clothes.",
            "timestamp": "2022-08-15T20:50:01.718000"
        },
        {
            "utterance_id": 20,
            "interlocutor_id": "BB",
            "text": "Me too! Before I know it, I sweat, and especially on the back of my neck, it's easy to get stains.",
            "timestamp": "2022-08-15T20:50:26.497000"
        },
        {
            "utterance_id": 21,
            "interlocutor_id": "BC",
            "text": "I can relate! I really want to find a way to deal with sweating in the summer.",
            "timestamp": "2022-08-15T20:50:55.570000"
        },
        {
            "utterance_id": 22,
            "interlocutor_id": "BB",
            "text": "So lately, I've been trying a stick sunscreen specifically for my neck. It's transparent.",
            "timestamp": "2022-08-15T20:51:15.226000"
        },
        {
            "utterance_id": 23,
            "interlocutor_id": "BC",
            "text": "Wait! Is there something like that?",
            "timestamp": "2022-08-15T20:51:28.550000"
        },
        {
            "utterance_id": 24,
            "interlocutor_id": "BB",
            "text": "It’s a foreign brand, so I’m not familiar with the manufacturers, but there was something that looked like a moisturizing stick!",
            "timestamp": "2022-08-15T20:51:55.965000"
        },
        {
            "utterance_id": 25,
            "interlocutor_id": "BC",
            "text": "Is it one of those twist-up types?",
            "timestamp": "2022-08-15T20:52:38.334000"
        },
        {
            "utterance_id": 26,
            "interlocutor_id": "BB",
            "text": "Something like that!",
            "timestamp": "2022-08-15T20:52:41.763000"
        },
        {
            "utterance_id": 27,
            "interlocutor_id": "BC",
            "text": "I’m really curious, I’ll look it up!",
            "timestamp": "2022-08-15T20:52:53.479000"
        },
        {
            "utterance_id": 28,
            "interlocutor_id": "BB",
            "text": "If you search for \"sunstick\" on Rakuten, you should find several types!",
            "timestamp": "2022-08-15T20:53:18.369000"
        },
        {
            "utterance_id": 29,
            "interlocutor_id": "BC",
            "text": "Oh, thank you! I got some good information!",
            "timestamp": "2022-08-15T20:53:31.145000"
        }
    ],
    "evaluations": [
        {
            "interlocutor_id": "BB",
            "informativeness": 5,
            "comprehension": 4,
            "familiarity": 5,
            "interest": 5,
            "proactiveness": 5,
            "satisfaction": 5
        },
        {
            "interlocutor_id": "BC",
            "informativeness": 4,
            "comprehension": 4,
            "familiarity": 4,
            "interest": 4,
            "proactiveness": 4,
            "satisfaction": 4
        }
    ]
}