{
    "dialogue_id": 361,
    "interlocutors": [
        "BB",
        "BC"
    ],
    "utterances": [
        {
            "utterance_id": 0,
            "interlocutor_id": "BB",
            "text": "Good evening!",
            "timestamp": "2022-08-15T19:52:58.138000"
        },
        {
            "utterance_id": 1,
            "interlocutor_id": "BC",
            "text": "Good evening! Nice to meet you!",
            "timestamp": "2022-08-15T19:53:09.024000"
        },
        {
            "utterance_id": 2,
            "interlocutor_id": "BB",
            "text": "Nice to meet you too. Did you have a relaxing time during the Obon holiday?",
            "timestamp": "2022-08-15T19:53:15.536000"
        },
        {
            "utterance_id": 3,
            "interlocutor_id": "BC",
            "text": "Actually, I had to work during Obon, but I got sick, so it was quite hard!",
            "timestamp": "2022-08-15T19:53:38.595000"
        },
        {
            "utterance_id": 4,
            "interlocutor_id": "BB",
            "text": "Oh dear, that sounds unfortunate. Are you feeling better now?",
            "timestamp": "2022-08-15T19:53:55.344000"
        },
        {
            "utterance_id": 5,
            "interlocutor_id": "BC",
            "text": "I'm completely better now! It's really unpleasant to get sick in summer.",
            "timestamp": "2022-08-15T19:54:12.655000"
        },
        {
            "utterance_id": 6,
            "interlocutor_id": "BB",
            "text": "When you have a fever in summer, it makes you even more tired. It feels a bit strange too.",
            "timestamp": "2022-08-15T19:54:33.824000"
        },
        {
            "utterance_id": 7,
            "interlocutor_id": "BC",
            "text": "That’s right. The air conditioning can be rough as well. Did you have a relaxing time during Obon?",
            "timestamp": "2022-08-15T19:54:58.699000"
        },
        {
            "utterance_id": 8,
            "interlocutor_id": "BB",
            "text": "I planned to relax, but I ended up going out a lot and got a bit tired.",
            "timestamp": "2022-08-15T19:55:16.622000"
        },
        {
            "utterance_id": 9,
            "interlocutor_id": "BC",
            "text": "Wow! It sounds like you had an active holiday! Where did you go?",
            "timestamp": "2022-08-15T19:55:36.198000"
        },
        {
            "utterance_id": 10,
            "interlocutor_id": "BB",
            "text": "I just went out for some meals nearby and saw a ballet performance.",
            "timestamp": "2022-08-15T19:55:59.744000"
        },
        {
            "utterance_id": 11,
            "interlocutor_id": "BC",
            "text": "I’m envious that you have fun places nearby!",
            "timestamp": "2022-08-15T19:56:24.311000"
        },
        {
            "utterance_id": 12,
            "interlocutor_id": "BB",
            "text": "The area I live in is a complete residential neighborhood, but there’s a shopping district relatively close, which is helpful.",
            "timestamp": "2022-08-15T19:56:42.940000"
        },
        {
            "utterance_id": 13,
            "interlocutor_id": "BC",
            "text": "That’s nice, it seems like the transportation is convenient too.",
            "timestamp": "2022-08-15T19:57:05.370000"
        },
        {
            "utterance_id": 14,
            "interlocutor_id": "BB",
            "text": "It’s close to the station, so I often go out by train.",
            "timestamp": "2022-08-15T19:57:15.504000"
        },
        {
            "utterance_id": 15,
            "interlocutor_id": "BC",
            "text": "The access to the station is good too! That definitely encourages going out.",
            "timestamp": "2022-08-15T19:57:35.205000"
        },
        {
            "utterance_id": 16,
            "interlocutor_id": "BB",
            "text": "Do you usually go out by train or by car?",
            "timestamp": "2022-08-15T19:57:59.626000"
        },
        {
            "utterance_id": 17,
            "interlocutor_id": "BC",
            "text": "I don’t have a license, so I mostly use trains and subways.",
            "timestamp": "2022-08-15T19:58:22.734000"
        },
        {
            "utterance_id": 18,
            "interlocutor_id": "BB",
            "text": "I can’t drive either! Even just by train, you can go to many places, so it’s not too inconvenient.",
            "timestamp": "2022-08-15T19:58:56.164000"
        },
        {
            "utterance_id": 19,
            "interlocutor_id": "BC",
            "text": "Oh! We’re in the same boat! That’s right. Unless I have a lot of luggage or I’m going skiing or somewhere for leisure, it's not inconvenient!",
            "timestamp": "2022-08-15T19:59:46.611000"
        },
        {
            "utterance_id": 20,
            "interlocutor_id": "BB",
            "text": "If I were in America, I think I would have had to get a license, but it's great that traffic is convenient in Japan.",
            "timestamp": "2022-08-15T20:00:13.596000"
        },
        {
            "utterance_id": 21,
            "interlocutor_id": "BC",
            "text": "Certainly! There really are trains running everywhere underground, and you can walk a station's distance.",
            "timestamp": "2022-08-15T20:00:57.419000"
        },
        {
            "utterance_id": 22,
            "interlocutor_id": "BB",
            "text": "Indeed! There are often cases where a station is really close.",
            "timestamp": "2022-08-15T20:01:19.564000"
        },
        {
            "utterance_id": 23,
            "interlocutor_id": "BC",
            "text": "Sometimes I try to walk for exercise, though I don’t keep it up for long!",
            "timestamp": "2022-08-15T20:01:47.453000"
        },
        {
            "utterance_id": 24,
            "interlocutor_id": "BB",
            "text": "Saying this is probably proof that both of us live in urban areas.",
            "timestamp": "2022-08-15T20:02:09.566000"
        },
        {
            "utterance_id": 25,
            "interlocutor_id": "BC",
            "text": "I’m sure that's true. We might actually be close to each other!",
            "timestamp": "2022-08-15T20:02:34.356000"
        },
        {
            "utterance_id": 26,
            "interlocutor_id": "BB",
            "text": "That might be the case! My husband, who is from the countryside, seems to have gotten his driver's license pretty early.",
            "timestamp": "2022-08-15T20:03:07.809000"
        },
        {
            "utterance_id": 27,
            "interlocutor_id": "BC",
            "text": "Ah, that's right! If you’re in the countryside, you might not even be able to go to the supermarket without a car.",
            "timestamp": "2022-08-15T20:03:40.898000"
        },
        {
            "utterance_id": 28,
            "interlocutor_id": "BB",
            "text": "It really does vary depending on where you live.",
            "timestamp": "2022-08-15T20:03:56.466000"
        },
        {
            "utterance_id": 29,
            "interlocutor_id": "BC",
            "text": "That’s true, but I’d like to try getting a license someday!",
            "timestamp": "2022-08-15T20:04:16.306000"
        }
    ],
    "evaluations": [
        {
            "interlocutor_id": "BB",
            "informativeness": 5,
            "comprehension": 4,
            "familiarity": 5,
            "interest": 5,
            "proactiveness": 5,
            "satisfaction": 5
        },
        {
            "interlocutor_id": "BC",
            "informativeness": 4,
            "comprehension": 4,
            "familiarity": 4,
            "interest": 4,
            "proactiveness": 4,
            "satisfaction": 4
        }
    ]
}