{
    "dialogue_id": 368,
    "interlocutors": [
        "BC",
        "BB"
    ],
    "utterances": [
        {
            "utterance_id": 0,
            "interlocutor_id": "BC",
            "text": "Hello!",
            "timestamp": "2022-08-15T21:23:51.969000"
        },
        {
            "utterance_id": 1,
            "interlocutor_id": "BB",
            "text": "Nice to meet you!",
            "timestamp": "2022-08-15T21:23:57.982000"
        },
        {
            "utterance_id": 2,
            "interlocutor_id": "BC",
            "text": "Recently, I was invited to a fortune-telling by a friend. Have you ever been to one?",
            "timestamp": "2022-08-15T21:24:21.062000"
        },
        {
            "utterance_id": 3,
            "interlocutor_id": "BB",
            "text": "I went a few years ago! How was the result?",
            "timestamp": "2022-08-15T21:24:37.629000"
        },
        {
            "utterance_id": 4,
            "interlocutor_id": "BC",
            "text": "I had my past life read, and it was really interesting!",
            "timestamp": "2022-08-15T21:24:55.857000"
        },
        {
            "utterance_id": 5,
            "interlocutor_id": "BB",
            "text": "It's the type of fortune-telling that looks at past lives, right? I'm interested in that.",
            "timestamp": "2022-08-15T21:25:07.594000"
        },
        {
            "utterance_id": 6,
            "interlocutor_id": "BC",
            "text": "Apparently, my past life was someone who made cars around Germany! I laughed a bit.",
            "timestamp": "2022-08-15T21:25:33.786000"
        },
        {
            "utterance_id": 7,
            "interlocutor_id": "BB",
            "text": "Germany, huh! And cars! Do you still like cars?",
            "timestamp": "2022-08-15T21:25:53.565000"
        },
        {
            "utterance_id": 8,
            "interlocutor_id": "BC",
            "text": "Actually, my husband works for a car manufacturer.",
            "timestamp": "2022-08-15T21:26:09.779000"
        },
        {
            "utterance_id": 9,
            "interlocutor_id": "BB",
            "text": "Oh, I feel like there's some kind of fate at play.",
            "timestamp": "2022-08-15T21:26:20.303000"
        },
        {
            "utterance_id": 10,
            "interlocutor_id": "BC",
            "text": "I really felt something like that. So, the power spot is said to be around Germany.",
            "timestamp": "2022-08-15T21:26:48.579000"
        },
        {
            "utterance_id": 11,
            "interlocutor_id": "BB",
            "text": "Once COVID is over, it might be nice to travel to Germany!",
            "timestamp": "2022-08-15T21:27:09.997000"
        },
        {
            "utterance_id": 12,
            "interlocutor_id": "BC",
            "text": "Right! I definitely want to go. What types of fortune-telling have you done in the past?",
            "timestamp": "2022-08-15T21:27:34.334000"
        },
        {
            "utterance_id": 13,
            "interlocutor_id": "BB",
            "text": "I had my future read. I was struggling with work at the time.",
            "timestamp": "2022-08-15T21:27:51.962000"
        },
        {
            "utterance_id": 14,
            "interlocutor_id": "BC",
            "text": "Sometimes fortune-telling can give you a push, right? What was the result?",
            "timestamp": "2022-08-15T21:28:20.639000"
        },
        {
            "utterance_id": 15,
            "interlocutor_id": "BB",
            "text": "It was an astrology reading based on my birth stars, and I was quite surprised that my personality and upbringing matched pretty well.",
            "timestamp": "2022-08-15T21:28:52.224000"
        },
        {
            "utterance_id": 16,
            "interlocutor_id": "BC",
            "text": "Wow, that's amazing! It's a bit shocking when they hit the mark.",
            "timestamp": "2022-08-15T21:29:15.185000"
        },
        {
            "utterance_id": 17,
            "interlocutor_id": "BB",
            "text": "Yes. However, the key parts about the future were off. But the fortune-teller was very easy to talk to.",
            "timestamp": "2022-08-15T21:29:37.253000"
        },
        {
            "utterance_id": 18,
            "interlocutor_id": "BC",
            "text": "Fortune-telling is mainly about conversation; they must have had excellent insight.",
            "timestamp": "2022-08-15T21:30:27.718000"
        },
        {
            "utterance_id": 19,
            "interlocutor_id": "BB",
            "text": "Thanks to that fortune-telling, I was able to decide to change jobs, and I feel like I was able to safely conceive and give birth.",
            "timestamp": "2022-08-15T21:30:52.975000"
        },
        {
            "utterance_id": 20,
            "interlocutor_id": "BC",
            "text": "So you changed jobs! That was a significant turning point, huh?",
            "timestamp": "2022-08-15T21:31:11.205000"
        },
        {
            "utterance_id": 21,
            "interlocutor_id": "BB",
            "text": "Yes, it was. In the end, I might have just wanted someone to give me a little push.",
            "timestamp": "2022-08-15T21:31:29.830000"
        },
        {
            "utterance_id": 22,
            "interlocutor_id": "BC",
            "text": "I totally understand that. Because it's easier to get pushed by someone else.",
            "timestamp": "2022-08-15T21:32:00.292000"
        },
        {
            "utterance_id": 23,
            "interlocutor_id": "BB",
            "text": "No matter how good the fortune-telling results are, in the end, it's up to yourself.",
            "timestamp": "2022-08-15T21:32:23.834000"
        },
        {
            "utterance_id": 24,
            "interlocutor_id": "BC",
            "text": "That's true! I tend to interpret the results of fortune-telling quite conveniently.",
            "timestamp": "2022-08-15T21:32:52.437000"
        },
        {
            "utterance_id": 25,
            "interlocutor_id": "BB",
            "text": "But if that gives you the courage to take a step forward, that's a good thing.",
            "timestamp": "2022-08-15T21:33:17.228000"
        },
        {
            "utterance_id": 26,
            "interlocutor_id": "BC",
            "text": "Exactly! Even with morning TV fortune-telling, when I'm number one, I cheerfully think \"Yay, I'm number one!\"",
            "timestamp": "2022-08-15T21:33:49.547000"
        },
        {
            "utterance_id": 27,
            "interlocutor_id": "BB",
            "text": "I think that kind of mindset is the most important!",
            "timestamp": "2022-08-15T21:34:11.788000"
        },
        {
            "utterance_id": 28,
            "interlocutor_id": "BC",
            "text": "But no matter what rank you are tomorrow, I hope your day is enjoyable!",
            "timestamp": "2022-08-15T21:34:41.832000"
        },
        {
            "utterance_id": 29,
            "interlocutor_id": "BB",
            "text": "I usually don't check it, but I will definitely check it tomorrow!",
            "timestamp": "2022-08-15T21:34:55.986000"
        }
    ],
    "evaluations": [
        {
            "interlocutor_id": "BC",
            "informativeness": 4,
            "comprehension": 4,
            "familiarity": 4,
            "interest": 4,
            "proactiveness": 4,
            "satisfaction": 4
        },
        {
            "interlocutor_id": "BB",
            "informativeness": 5,
            "comprehension": 5,
            "familiarity": 5,
            "interest": 5,
            "proactiveness": 5,
            "satisfaction": 5
        }
    ]
}