{
    "dialogue_id": 379,
    "interlocutors": [
        "BE",
        "AQ"
    ],
    "utterances": [
        {
            "utterance_id": 0,
            "interlocutor_id": "BE",
            "text": "Hello!",
            "timestamp": "2022-08-08T12:49:29.671000"
        },
        {
            "utterance_id": 1,
            "interlocutor_id": "AQ",
            "text": "Hello.",
            "timestamp": "2022-08-08T12:49:39.949000"
        },
        {
            "utterance_id": 2,
            "interlocutor_id": "BE",
            "text": "What are your hobbies, <AQ>?",
            "timestamp": "2022-08-08T12:49:45.027000"
        },
        {
            "utterance_id": 3,
            "interlocutor_id": "AQ",
            "text": "Self-taught piano.",
            "timestamp": "2022-08-08T12:49:54.317000"
        },
        {
            "utterance_id": 4,
            "interlocutor_id": "BE",
            "text": "That’s amazing! And you learned it by yourself?",
            "timestamp": "2022-08-08T12:50:08.717000"
        },
        {
            "utterance_id": 5,
            "interlocutor_id": "AQ",
            "text": "It's not that impressive.",
            "timestamp": "2022-08-08T12:50:16.320000"
        },
        {
            "utterance_id": 6,
            "interlocutor_id": "BE",
            "text": "I had piano classes, but I was terrible at it.",
            "timestamp": "2022-08-08T12:50:39.137000"
        },
        {
            "utterance_id": 7,
            "interlocutor_id": "AQ",
            "text": "It’s tough if you haven't learned.",
            "timestamp": "2022-08-08T12:50:48.848000"
        },
        {
            "utterance_id": 8,
            "interlocutor_id": "BE",
            "text": "First of all, I can't read notes instantly.",
            "timestamp": "2022-08-08T12:51:01.008000"
        },
        {
            "utterance_id": 9,
            "interlocutor_id": "AQ",
            "text": "Even I might not be able to read them right away.",
            "timestamp": "2022-08-08T12:51:13.530000"
        },
        {
            "utterance_id": 10,
            "interlocutor_id": "BE",
            "text": "I used to count and write the notes one by one.",
            "timestamp": "2022-08-08T12:51:31.762000"
        },
        {
            "utterance_id": 11,
            "interlocutor_id": "AQ",
            "text": "Yeah, that's enough. Do you have any hobbies?",
            "timestamp": "2022-08-08T12:51:46.827000"
        },
        {
            "utterance_id": 12,
            "interlocutor_id": "BE",
            "text": "Maybe reading?",
            "timestamp": "2022-08-08T12:52:00.779000"
        },
        {
            "utterance_id": 13,
            "interlocutor_id": "AQ",
            "text": "That's intellectual!",
            "timestamp": "2022-08-08T12:52:08.417000"
        },
        {
            "utterance_id": 14,
            "interlocutor_id": "BE",
            "text": "It feels similar to manga!",
            "timestamp": "2022-08-08T12:52:22.229000"
        },
        {
            "utterance_id": 15,
            "interlocutor_id": "AQ",
            "text": "No, no! I'm the type who can't stay still.",
            "timestamp": "2022-08-08T12:52:35.585000"
        },
        {
            "utterance_id": 16,
            "interlocutor_id": "BE",
            "text": "Don't you stay still when playing the piano?",
            "timestamp": "2022-08-08T12:52:58.929000"
        },
        {
            "utterance_id": 17,
            "interlocutor_id": "AQ",
            "text": "Oh, you're right!",
            "timestamp": "2022-08-08T12:53:05.934000"
        },
        {
            "utterance_id": 18,
            "interlocutor_id": "BE",
            "text": "I thought you played while moving, haha.",
            "timestamp": "2022-08-08T12:53:18.012000"
        },
        {
            "utterance_id": 19,
            "interlocutor_id": "AQ",
            "text": "That was a sharp comment!",
            "timestamp": "2022-08-08T12:53:27.239000"
        },
        {
            "utterance_id": 20,
            "interlocutor_id": "BE",
            "text": "I thought it was the one thing you must stay still for, haha.",
            "timestamp": "2022-08-08T12:53:42.721000"
        },
        {
            "utterance_id": 21,
            "interlocutor_id": "AQ",
            "text": "That's true! <BE>, you're smart!",
            "timestamp": "2022-08-08T12:53:54.445000"
        },
        {
            "utterance_id": 22,
            "interlocutor_id": "BE",
            "text": "Not really...!",
            "timestamp": "2022-08-08T12:54:16.680000"
        },
        {
            "utterance_id": 23,
            "interlocutor_id": "AQ",
            "text": "Are you into cultural activities?",
            "timestamp": "2022-08-08T12:54:23.160000"
        },
        {
            "utterance_id": 24,
            "interlocutor_id": "BE",
            "text": "Yes, I pride myself on that.",
            "timestamp": "2022-08-08T12:54:38.168000"
        },
        {
            "utterance_id": 25,
            "interlocutor_id": "AQ",
            "text": "I got that impression.",
            "timestamp": "2022-08-08T12:54:50.221000"
        },
        {
            "utterance_id": 26,
            "interlocutor_id": "BE",
            "text": "You're probably not very active.",
            "timestamp": "2022-08-08T12:55:06.376000"
        },
        {
            "utterance_id": 27,
            "interlocutor_id": "AQ",
            "text": "So you’re more of an indoor person?",
            "timestamp": "2022-08-08T12:55:14.936000"
        },
        {
            "utterance_id": 28,
            "interlocutor_id": "BE",
            "text": "I’m a true indoor person.",
            "timestamp": "2022-08-08T12:55:25.208000"
        },
        {
            "utterance_id": 29,
            "interlocutor_id": "AQ",
            "text": "I see. Let’s talk again.",
            "timestamp": "2022-08-08T12:55:32.318000"
        }
    ],
    "evaluations": [
        {
            "interlocutor_id": "BE",
            "informativeness": 5,
            "comprehension": 5,
            "familiarity": 5,
            "interest": 5,
            "proactiveness": 5,
            "satisfaction": 5
        },
        {
            "interlocutor_id": "AQ",
            "informativeness": 4,
            "comprehension": 4,
            "familiarity": 4,
            "interest": 4,
            "proactiveness": 4,
            "satisfaction": 4
        }
    ]
}