{
    "dialogue_id": 376,
    "interlocutors": [
        "AQ",
        "BE"
    ],
    "utterances": [
        {
            "utterance_id": 0,
            "interlocutor_id": "AQ",
            "text": "Hello.",
            "timestamp": "2022-08-08T12:28:08.494000"
        },
        {
            "utterance_id": 1,
            "interlocutor_id": "BE",
            "text": "Hello!",
            "timestamp": "2022-08-08T12:28:14.855000"
        },
        {
            "utterance_id": 2,
            "interlocutor_id": "AQ",
            "text": "Have you had lunch?",
            "timestamp": "2022-08-08T12:28:21.289000"
        },
        {
            "utterance_id": 3,
            "interlocutor_id": "BE",
            "text": "I had takoyaki!",
            "timestamp": "2022-08-08T12:28:30.878000"
        },
        {
            "utterance_id": 4,
            "interlocutor_id": "AQ",
            "text": "That sounds delicious!",
            "timestamp": "2022-08-08T12:28:35.633000"
        },
        {
            "utterance_id": 5,
            "interlocutor_id": "BE",
            "text": "It's leftover from last night, though...",
            "timestamp": "2022-08-08T12:28:47.584000"
        },
        {
            "utterance_id": 6,
            "interlocutor_id": "AQ",
            "text": "Is it homemade?",
            "timestamp": "2022-08-08T12:28:55.834000"
        },
        {
            "utterance_id": 7,
            "interlocutor_id": "BE",
            "text": "Yes, it is! I tend to make a lot.",
            "timestamp": "2022-08-08T12:29:07.496000"
        },
        {
            "utterance_id": 8,
            "interlocutor_id": "AQ",
            "text": "That's impressive! I haven't made it in a while.",
            "timestamp": "2022-08-08T12:29:16.847000"
        },
        {
            "utterance_id": 9,
            "interlocutor_id": "BE",
            "text": "It surprisingly takes time, doesn't it?",
            "timestamp": "2022-08-08T12:29:44.587000"
        },
        {
            "utterance_id": 10,
            "interlocutor_id": "AQ",
            "text": "Yes, it does. Are the ingredients just octopus?",
            "timestamp": "2022-08-08T12:29:55.314000"
        },
        {
            "utterance_id": 11,
            "interlocutor_id": "BE",
            "text": "Sometimes I add corn too!",
            "timestamp": "2022-08-08T12:30:08.308000"
        },
        {
            "utterance_id": 12,
            "interlocutor_id": "AQ",
            "text": "That sounds nice! We used to have takoyaki parties in school.",
            "timestamp": "2022-08-08T12:30:21.375000"
        },
        {
            "utterance_id": 13,
            "interlocutor_id": "BE",
            "text": "We often did that during our student days!",
            "timestamp": "2022-08-08T12:30:41.349000"
        },
        {
            "utterance_id": 14,
            "interlocutor_id": "AQ",
            "text": "It's nostalgic, isn't it? I used to add chikuwa.",
            "timestamp": "2022-08-08T12:30:54.813000"
        },
        {
            "utterance_id": 15,
            "interlocutor_id": "BE",
            "text": "That's the first I've heard of adding chikuwa.",
            "timestamp": "2022-08-08T12:31:12.535000"
        },
        {
            "utterance_id": 16,
            "interlocutor_id": "AQ",
            "text": "I used to enjoy adding unexpected ingredients.",
            "timestamp": "2022-08-08T12:31:25.483000"
        },
        {
            "utterance_id": 17,
            "interlocutor_id": "BE",
            "text": "Sausages are quite common, aren't they?",
            "timestamp": "2022-08-08T12:31:35.680000"
        },
        {
            "utterance_id": 18,
            "interlocutor_id": "AQ",
            "text": "That's right. And also mochi.",
            "timestamp": "2022-08-08T12:31:48.794000"
        },
        {
            "utterance_id": 19,
            "interlocutor_id": "BE",
            "text": "Mochi is great! It keeps you full!",
            "timestamp": "2022-08-08T12:32:03.124000"
        },
        {
            "utterance_id": 20,
            "interlocutor_id": "AQ",
            "text": "Yes, and sometimes I add mayonnaise as well.",
            "timestamp": "2022-08-08T12:32:15.155000"
        },
        {
            "utterance_id": 21,
            "interlocutor_id": "BE",
            "text": "So you put it in, not just on top?",
            "timestamp": "2022-08-08T12:32:29.012000"
        },
        {
            "utterance_id": 22,
            "interlocutor_id": "AQ",
            "text": "I put it inside.",
            "timestamp": "2022-08-08T12:32:35.109000"
        },
        {
            "utterance_id": 23,
            "interlocutor_id": "BE",
            "text": "Does it change the taste compared to just putting it on top?",
            "timestamp": "2022-08-08T12:32:51.179000"
        },
        {
            "utterance_id": 24,
            "interlocutor_id": "AQ",
            "text": "It does change. But it's incredibly hot.",
            "timestamp": "2022-08-08T12:33:01.864000"
        },
        {
            "utterance_id": 25,
            "interlocutor_id": "BE",
            "text": "That's dangerous... haha",
            "timestamp": "2022-08-08T12:33:11.288000"
        },
        {
            "utterance_id": 26,
            "interlocutor_id": "AQ",
            "text": "You could get burned.",
            "timestamp": "2022-08-08T12:33:21.674000"
        },
        {
            "utterance_id": 27,
            "interlocutor_id": "BE",
            "text": "When it's freshly made, getting burned is unavoidable.",
            "timestamp": "2022-08-08T12:33:37.449000"
        },
        {
            "utterance_id": 28,
            "interlocutor_id": "AQ",
            "text": "Indeed. Let's meet again.",
            "timestamp": "2022-08-08T12:33:45.682000"
        },
        {
            "utterance_id": 29,
            "interlocutor_id": "BE",
            "text": "Yes!",
            "timestamp": "2022-08-08T12:33:55.345000"
        }
    ],
    "evaluations": [
        {
            "interlocutor_id": "AQ",
            "informativeness": 4,
            "comprehension": 4,
            "familiarity": 4,
            "interest": 4,
            "proactiveness": 4,
            "satisfaction": 4
        },
        {
            "interlocutor_id": "BE",
            "informativeness": 4,
            "comprehension": 5,
            "familiarity": 5,
            "interest": 5,
            "proactiveness": 5,
            "satisfaction": 5
        }
    ]
}