{
    "dialogue_id": 375,
    "interlocutors": [
        "BD",
        "AB"
    ],
    "utterances": [
        {
            "utterance_id": 0,
            "interlocutor_id": "BD",
            "text": "Hello",
            "timestamp": "2022-08-08T10:59:41.912000"
        },
        {
            "utterance_id": 1,
            "interlocutor_id": "AB",
            "text": "Hello!",
            "timestamp": "2022-08-08T10:59:58.748000"
        },
        {
            "utterance_id": 2,
            "interlocutor_id": "BD",
            "text": "Do you usually watch TV?",
            "timestamp": "2022-08-08T11:00:16.992000"
        },
        {
            "utterance_id": 3,
            "interlocutor_id": "AB",
            "text": "I mostly watch recorded videos, like morning variety shows. Or YouTube.",
            "timestamp": "2022-08-08T11:00:48.554000"
        },
        {
            "utterance_id": 4,
            "interlocutor_id": "BD",
            "text": "I see. What kind of things do you watch on YouTube?",
            "timestamp": "2022-08-08T11:01:24.755000"
        },
        {
            "utterance_id": 5,
            "interlocutor_id": "AB",
            "text": "My hobby is baking bread, so I watch recipe introduction videos.",
            "timestamp": "2022-08-08T11:01:51.520000"
        },
        {
            "utterance_id": 6,
            "interlocutor_id": "BD",
            "text": "That's a lovely hobby! Do you have an oven at home?",
            "timestamp": "2022-08-08T11:02:27.727000"
        },
        {
            "utterance_id": 7,
            "interlocutor_id": "AB",
            "text": "Yes, I do. I also have a bread maker.",
            "timestamp": "2022-08-08T11:02:41.290000"
        },
        {
            "utterance_id": 8,
            "interlocutor_id": "BD",
            "text": "That's nice! I admire that.",
            "timestamp": "2022-08-08T11:02:56.681000"
        },
        {
            "utterance_id": 9,
            "interlocutor_id": "AB",
            "text": "Do you watch TV?",
            "timestamp": "2022-08-08T11:03:05.751000"
        },
        {
            "utterance_id": 10,
            "interlocutor_id": "BD",
            "text": "I'm currently watching a drama called \"Teppachi\"!",
            "timestamp": "2022-08-08T11:03:33.420000"
        },
        {
            "utterance_id": 11,
            "interlocutor_id": "AB",
            "text": "I'm watching it too! The one with Machida-kun.",
            "timestamp": "2022-08-08T11:03:45.039000"
        },
        {
            "utterance_id": 12,
            "interlocutor_id": "BD",
            "text": "Really? Everyone is cool, right?",
            "timestamp": "2022-08-08T11:04:04.375000"
        },
        {
            "utterance_id": 13,
            "interlocutor_id": "AB",
            "text": "They're cool. It’s a treat for the eyes.",
            "timestamp": "2022-08-08T11:04:39.385000"
        },
        {
            "utterance_id": 14,
            "interlocutor_id": "BD",
            "text": "I started watching it for Sano-kun, but it's interesting and I look forward to it every week.",
            "timestamp": "2022-08-08T11:05:30.530000"
        },
        {
            "utterance_id": 15,
            "interlocutor_id": "AB",
            "text": "I like Machida-kun and... who was the other one from the same EXILE theater troupe? I ended up liking that person too this time.",
            "timestamp": "2022-08-08T11:06:16.738000"
        },
        {
            "utterance_id": 16,
            "interlocutor_id": "BD",
            "text": "I see! I also started to be interested in Machida-kun this time.",
            "timestamp": "2022-08-08T11:07:15.376000"
        },
        {
            "utterance_id": 17,
            "interlocutor_id": "AB",
            "text": "He really has a beautiful face!",
            "timestamp": "2022-08-08T11:07:36.764000"
        },
        {
            "utterance_id": 18,
            "interlocutor_id": "BD",
            "text": "I just found out that he's a member of the EXILE theater troupe! So he’s probably good at dancing, right?",
            "timestamp": "2022-08-08T11:08:20.511000"
        },
        {
            "utterance_id": 19,
            "interlocutor_id": "AB",
            "text": "I haven't seen it, but I think he's good. I hope he is!",
            "timestamp": "2022-08-08T11:08:55.315000"
        },
        {
            "utterance_id": 20,
            "interlocutor_id": "BD",
            "text": "That's right! Are there any other dramas you're watching?",
            "timestamp": "2022-08-08T11:09:24.184000"
        },
        {
            "utterance_id": 21,
            "interlocutor_id": "AB",
            "text": "I'm watching \"Ishiko to Haneo.\"",
            "timestamp": "2022-08-08T11:09:47.860000"
        },
        {
            "utterance_id": 22,
            "interlocutor_id": "BD",
            "text": "Arimura Kasumi is in that, right? What's it about?",
            "timestamp": "2022-08-08T11:10:22.075000"
        },
        {
            "utterance_id": 23,
            "interlocutor_id": "AB",
            "text": "It's a double leading role with Nakamura Tomoya, and it's about a lawyer and a paralegal struggling.",
            "timestamp": "2022-08-08T11:11:05.226000"
        },
        {
            "utterance_id": 24,
            "interlocutor_id": "BD",
            "text": "I haven't seen it, so I think I'll check it out on Tver!",
            "timestamp": "2022-08-08T11:11:56.696000"
        },
        {
            "utterance_id": 25,
            "interlocutor_id": "AB",
            "text": "Tver is really convenient, right?",
            "timestamp": "2022-08-08T11:12:11.519000"
        },
        {
            "utterance_id": 26,
            "interlocutor_id": "BD",
            "text": "It's convenient! It’s great to be able to watch things that weren’t available in my broadcasting area.",
            "timestamp": "2022-08-08T11:12:47.679000"
        },
        {
            "utterance_id": 27,
            "interlocutor_id": "AB",
            "text": "Right! If you have any other recommended dramas, please let me know!",
            "timestamp": "2022-08-08T11:13:07.938000"
        },
        {
            "utterance_id": 28,
            "interlocutor_id": "BD",
            "text": "Yes! I'm also watching \"Tomodachi Game,\" and I recommend it.",
            "timestamp": "2022-08-08T11:13:49.485000"
        },
        {
            "utterance_id": 29,
            "interlocutor_id": "AB",
            "text": "Thank you! See you again.",
            "timestamp": "2022-08-08T11:13:58.238000"
        }
    ],
    "evaluations": [
        {
            "interlocutor_id": "BD",
            "informativeness": 5,
            "comprehension": 5,
            "familiarity": 5,
            "interest": 5,
            "proactiveness": 5,
            "satisfaction": 5
        },
        {
            "interlocutor_id": "AB",
            "informativeness": 5,
            "comprehension": 5,
            "familiarity": 5,
            "interest": 5,
            "proactiveness": 5,
            "satisfaction": 5
        }
    ]
}