{
    "dialogue_id": 372,
    "interlocutors": [
        "AB",
        "BD"
    ],
    "utterances": [
        {
            "utterance_id": 0,
            "interlocutor_id": "AB",
            "text": "Good morning!",
            "timestamp": "2022-08-08T10:23:47.681000"
        },
        {
            "utterance_id": 1,
            "interlocutor_id": "BD",
            "text": "Good morning!",
            "timestamp": "2022-08-08T10:23:59.798000"
        },
        {
            "utterance_id": 2,
            "interlocutor_id": "AB",
            "text": "Did you have a proper breakfast?",
            "timestamp": "2022-08-08T10:24:12.241000"
        },
        {
            "utterance_id": 3,
            "interlocutor_id": "BD",
            "text": "Yes, I had toast and yogurt today!",
            "timestamp": "2022-08-08T10:24:34.487000"
        },
        {
            "utterance_id": 4,
            "interlocutor_id": "AB",
            "text": "Are you a bread person?",
            "timestamp": "2022-08-08T10:24:43.021000"
        },
        {
            "utterance_id": 5,
            "interlocutor_id": "BD",
            "text": "Yes, how about you?",
            "timestamp": "2022-08-08T10:24:58.263000"
        },
        {
            "utterance_id": 6,
            "interlocutor_id": "AB",
            "text": "I'm also a bread person. I had toast and banana juice.",
            "timestamp": "2022-08-08T10:25:14.437000"
        },
        {
            "utterance_id": 7,
            "interlocutor_id": "BD",
            "text": "Is the banana juice homemade?",
            "timestamp": "2022-08-08T10:25:37.518000"
        },
        {
            "utterance_id": 8,
            "interlocutor_id": "AB",
            "text": "Yes! I make it with banana, yogurt, and milk.",
            "timestamp": "2022-08-08T10:26:07.475000"
        },
        {
            "utterance_id": 9,
            "interlocutor_id": "BD",
            "text": "You also put yogurt in it! That's healthy!",
            "timestamp": "2022-08-08T10:26:28.183000"
        },
        {
            "utterance_id": 10,
            "interlocutor_id": "AB",
            "text": "Yes! I didn't eat it before I got married, but my husband is a huge banana fan.",
            "timestamp": "2022-08-08T10:26:50.843000"
        },
        {
            "utterance_id": 11,
            "interlocutor_id": "BD",
            "text": "I see, actually, I'm not good with bananas.",
            "timestamp": "2022-08-08T10:27:26.654000"
        },
        {
            "utterance_id": 12,
            "interlocutor_id": "AB",
            "text": "Is that so? Do you dislike the texture?",
            "timestamp": "2022-08-08T10:27:39.309000"
        },
        {
            "utterance_id": 13,
            "interlocutor_id": "BD",
            "text": "It's the texture, and I'm also not a fan of the smell.",
            "timestamp": "2022-08-08T10:28:04.733000"
        },
        {
            "utterance_id": 14,
            "interlocutor_id": "AB",
            "text": "I see. That's the first time I've heard that.",
            "timestamp": "2022-08-08T10:28:13.372000"
        },
        {
            "utterance_id": 15,
            "interlocutor_id": "BD",
            "text": "There really aren't many people who dislike bananas.",
            "timestamp": "2022-08-08T10:28:37.375000"
        },
        {
            "utterance_id": 16,
            "interlocutor_id": "AB",
            "text": "That's true. Do you have anything else you dislike?",
            "timestamp": "2022-08-08T10:28:52.122000"
        },
        {
            "utterance_id": 17,
            "interlocutor_id": "BD",
            "text": "I'm also not good with raisins.",
            "timestamp": "2022-08-08T10:29:09.971000"
        },
        {
            "utterance_id": 18,
            "interlocutor_id": "AB",
            "text": "Is it the smell too?",
            "timestamp": "2022-08-08T10:29:30.583000"
        },
        {
            "utterance_id": 19,
            "interlocutor_id": "BD",
            "text": "With raisins, it's the taste that I dislike.",
            "timestamp": "2022-08-08T10:29:52.439000"
        },
        {
            "utterance_id": 20,
            "interlocutor_id": "AB",
            "text": "Oh, I see. There are quite a few, aren't there? I'm not good with cilantro.",
            "timestamp": "2022-08-08T10:30:13.594000"
        },
        {
            "utterance_id": 21,
            "interlocutor_id": "BD",
            "text": "Cilantro, I don't particularly enjoy it either.",
            "timestamp": "2022-08-08T10:30:33.593000"
        },
        {
            "utterance_id": 22,
            "interlocutor_id": "AB",
            "text": "Didn't cilantro get popular for a while?",
            "timestamp": "2022-08-08T10:30:49.122000"
        },
        {
            "utterance_id": 23,
            "interlocutor_id": "BD",
            "text": "It did, right? I couldn't understand it at all.",
            "timestamp": "2022-08-08T10:31:11.071000"
        },
        {
            "utterance_id": 24,
            "interlocutor_id": "AB",
            "text": "Me too. I didn't feel excited about it at all.",
            "timestamp": "2022-08-08T10:31:28.788000"
        },
        {
            "utterance_id": 25,
            "interlocutor_id": "BD",
            "text": "It really does divide people’s tastes.",
            "timestamp": "2022-08-08T10:31:44.071000"
        },
        {
            "utterance_id": 26,
            "interlocutor_id": "AB",
            "text": "Right? I only want to eat things I like, so I'll never eat them.",
            "timestamp": "2022-08-08T10:32:13.892000"
        },
        {
            "utterance_id": 27,
            "interlocutor_id": "BD",
            "text": "I think that's perfectly fine!",
            "timestamp": "2022-08-08T10:32:30.874000"
        },
        {
            "utterance_id": 28,
            "interlocutor_id": "AB",
            "text": "I'm going to eat my favorite things for lunch today! See you later.",
            "timestamp": "2022-08-08T10:32:54.140000"
        },
        {
            "utterance_id": 29,
            "interlocutor_id": "BD",
            "text": "See you! Thank you!",
            "timestamp": "2022-08-08T10:33:15.973000"
        }
    ],
    "evaluations": [
        {
            "interlocutor_id": "AB",
            "informativeness": 5,
            "comprehension": 5,
            "familiarity": 5,
            "interest": 5,
            "proactiveness": 5,
            "satisfaction": 5
        },
        {
            "interlocutor_id": "BD",
            "informativeness": 5,
            "comprehension": 5,
            "familiarity": 5,
            "interest": 5,
            "proactiveness": 5,
            "satisfaction": 5
        }
    ]
}