{
    "dialogue_id": 371,
    "interlocutors": [
        "BD",
        "AB"
    ],
    "utterances": [
        {
            "utterance_id": 0,
            "interlocutor_id": "BD",
            "text": "Nice to meet you! I look forward to working with you.",
            "timestamp": "2022-08-08T10:12:41.419000"
        },
        {
            "utterance_id": 1,
            "interlocutor_id": "AB",
            "text": "Nice to meet you too, I look forward to working with you!",
            "timestamp": "2022-08-08T10:12:52.277000"
        },
        {
            "utterance_id": 2,
            "interlocutor_id": "BD",
            "text": "How have you been lately?",
            "timestamp": "2022-08-08T10:13:09.191000"
        },
        {
            "utterance_id": 3,
            "interlocutor_id": "AB",
            "text": "It's really hot, so I've been exercising indoors.",
            "timestamp": "2022-08-08T10:13:31.638000"
        },
        {
            "utterance_id": 4,
            "interlocutor_id": "BD",
            "text": "It is hot, isn't it? Are you doing strength training or something?",
            "timestamp": "2022-08-08T10:13:53.206000"
        },
        {
            "utterance_id": 5,
            "interlocutor_id": "AB",
            "text": "Do you know Ring Fit?",
            "timestamp": "2022-08-08T10:14:03.721000"
        },
        {
            "utterance_id": 6,
            "interlocutor_id": "BD",
            "text": "It's the one for the Switch, right?",
            "timestamp": "2022-08-08T10:14:17.194000"
        },
        {
            "utterance_id": 7,
            "interlocutor_id": "AB",
            "text": "Yes, yes! I hadn't done it for about a year, but I started again recently.",
            "timestamp": "2022-08-08T10:14:38.665000"
        },
        {
            "utterance_id": 8,
            "interlocutor_id": "BD",
            "text": "That sounds great! How long do you do it each day?",
            "timestamp": "2022-08-08T10:15:10.362000"
        },
        {
            "utterance_id": 9,
            "interlocutor_id": "AB",
            "text": "About an hour. I really sweat a lot.",
            "timestamp": "2022-08-08T10:15:19.747000"
        },
        {
            "utterance_id": 10,
            "interlocutor_id": "BD",
            "text": "An hour is long! That's amazing!",
            "timestamp": "2022-08-08T10:15:39.200000"
        },
        {
            "utterance_id": 11,
            "interlocutor_id": "AB",
            "text": "Recently, I've been feeling that I'm lacking in exercise and my stamina is decreasing.",
            "timestamp": "2022-08-08T10:16:01.347000"
        },
        {
            "utterance_id": 12,
            "interlocutor_id": "BD",
            "text": "I haven't been exercising much either.",
            "timestamp": "2022-08-08T10:16:27.900000"
        },
        {
            "utterance_id": 13,
            "interlocutor_id": "AB",
            "text": "Do you go outside much?",
            "timestamp": "2022-08-08T10:16:41.466000"
        },
        {
            "utterance_id": 14,
            "interlocutor_id": "BD",
            "text": "Not really, I only dance at home occasionally.",
            "timestamp": "2022-08-08T10:17:11.721000"
        },
        {
            "utterance_id": 15,
            "interlocutor_id": "AB",
            "text": "Dancing! Do you do it while watching videos?",
            "timestamp": "2022-08-08T10:17:22.751000"
        },
        {
            "utterance_id": 16,
            "interlocutor_id": "BD",
            "text": "I watch the music videos of songs I like while dancing!",
            "timestamp": "2022-08-08T10:18:27.196000"
        },
        {
            "utterance_id": 17,
            "interlocutor_id": "AB",
            "text": "Are you good at dancing?",
            "timestamp": "2022-08-08T10:18:30.482000"
        },
        {
            "utterance_id": 18,
            "interlocutor_id": "BD",
            "text": "I'm self-taught, so it's more of a hobby.",
            "timestamp": "2022-08-08T10:19:15.719000"
        },
        {
            "utterance_id": 19,
            "interlocutor_id": "AB",
            "text": "That's impressive! I lack rhythm, so I admire people who can dance.",
            "timestamp": "2022-08-08T10:19:35.185000"
        },
        {
            "utterance_id": 20,
            "interlocutor_id": "BD",
            "text": "It’s fun to move your body, so you should give dancing a try!",
            "timestamp": "2022-08-08T10:20:11.887000"
        },
        {
            "utterance_id": 21,
            "interlocutor_id": "AB",
            "text": "Mmm, I’m not good at it. But I’m working out to the rhythm in Fit Adventure.",
            "timestamp": "2022-08-08T10:20:30.566000"
        },
        {
            "utterance_id": 22,
            "interlocutor_id": "BD",
            "text": "I see! There’s that too!",
            "timestamp": "2022-08-08T10:20:52.792000"
        },
        {
            "utterance_id": 23,
            "interlocutor_id": "AB",
            "text": "It seems to be a feature that was added recently!",
            "timestamp": "2022-08-08T10:21:07.607000"
        },
        {
            "utterance_id": 24,
            "interlocutor_id": "BD",
            "text": "That sounds interesting! I'm curious about it.",
            "timestamp": "2022-08-08T10:21:22.999000"
        },
        {
            "utterance_id": 25,
            "interlocutor_id": "AB",
            "text": "When you're moving to the rhythm, time flies by quite fast.",
            "timestamp": "2022-08-08T10:21:38.718000"
        },
        {
            "utterance_id": 26,
            "interlocutor_id": "BD",
            "text": "I see, maybe I should consider buying Ring Fit too.",
            "timestamp": "2022-08-08T10:22:03.470000"
        },
        {
            "utterance_id": 27,
            "interlocutor_id": "AB",
            "text": "I recommend it. It's hot today too, so let's get fit.",
            "timestamp": "2022-08-08T10:22:19.574000"
        },
        {
            "utterance_id": 28,
            "interlocutor_id": "BD",
            "text": "Please be careful of heat stroke!",
            "timestamp": "2022-08-08T10:22:36.974000"
        },
        {
            "utterance_id": 29,
            "interlocutor_id": "AB",
            "text": "Yes! Thank you very much.",
            "timestamp": "2022-08-08T10:22:49.450000"
        }
    ],
    "evaluations": [
        {
            "interlocutor_id": "BD",
            "informativeness": 5,
            "comprehension": 5,
            "familiarity": 5,
            "interest": 5,
            "proactiveness": 5,
            "satisfaction": 4
        },
        {
            "interlocutor_id": "AB",
            "informativeness": 5,
            "comprehension": 5,
            "familiarity": 5,
            "interest": 5,
            "proactiveness": 5,
            "satisfaction": 5
        }
    ]
}