{
    "dialogue_id": 385,
    "interlocutors": [
        "BE",
        "AQ"
    ],
    "utterances": [
        {
            "utterance_id": 0,
            "interlocutor_id": "BE",
            "text": "Hello",
            "timestamp": "2022-08-08T13:32:36.185000"
        },
        {
            "utterance_id": 1,
            "interlocutor_id": "AQ",
            "text": "Hello.",
            "timestamp": "2022-08-08T13:32:42.673000"
        },
        {
            "utterance_id": 2,
            "interlocutor_id": "BE",
            "text": "Do you have any pets?",
            "timestamp": "2022-08-08T13:32:51.576000"
        },
        {
            "utterance_id": 3,
            "interlocutor_id": "AQ",
            "text": "No, I don’t have any.",
            "timestamp": "2022-08-08T13:32:57.938000"
        },
        {
            "utterance_id": 4,
            "interlocutor_id": "BE",
            "text": "We have two cats and a hamster.",
            "timestamp": "2022-08-08T13:33:14.689000"
        },
        {
            "utterance_id": 5,
            "interlocutor_id": "AQ",
            "text": "Oh! That sounds lively.",
            "timestamp": "2022-08-08T13:33:24.255000"
        },
        {
            "utterance_id": 6,
            "interlocutor_id": "BE",
            "text": "I have two cats, but they always fight.",
            "timestamp": "2022-08-08T13:33:46.468000"
        },
        {
            "utterance_id": 7,
            "interlocutor_id": "AQ",
            "text": "Do you keep them indoors?",
            "timestamp": "2022-08-08T13:33:56.774000"
        },
        {
            "utterance_id": 8,
            "interlocutor_id": "BE",
            "text": "Yes, indoors! Since I live in an apartment.",
            "timestamp": "2022-08-08T13:34:09.028000"
        },
        {
            "utterance_id": 9,
            "interlocutor_id": "AQ",
            "text": "I see. The fights must be intense.",
            "timestamp": "2022-08-08T13:34:19.933000"
        },
        {
            "utterance_id": 10,
            "interlocutor_id": "BE",
            "text": "After their fights, fur is often flying around.",
            "timestamp": "2022-08-08T13:34:36.986000"
        },
        {
            "utterance_id": 11,
            "interlocutor_id": "AQ",
            "text": "Haha, they really go at it.",
            "timestamp": "2022-08-08T13:34:46.669000"
        },
        {
            "utterance_id": 12,
            "interlocutor_id": "BE",
            "text": "They eat each other's fur, it's scary.",
            "timestamp": "2022-08-08T13:35:03.121000"
        },
        {
            "utterance_id": 13,
            "interlocutor_id": "AQ",
            "text": "Really?! Are they male and female?",
            "timestamp": "2022-08-08T13:35:18.743000"
        },
        {
            "utterance_id": 14,
            "interlocutor_id": "BE",
            "text": "They are male and female!",
            "timestamp": "2022-08-08T13:35:31.759000"
        },
        {
            "utterance_id": 15,
            "interlocutor_id": "AQ",
            "text": "If they're male and female, wouldn't they get along well?",
            "timestamp": "2022-08-08T13:35:45.140000"
        },
        {
            "utterance_id": 16,
            "interlocutor_id": "BE",
            "text": "There's no sign of them being lovey-dovey...",
            "timestamp": "2022-08-08T13:35:52.840000"
        },
        {
            "utterance_id": 17,
            "interlocutor_id": "AQ",
            "text": "Haha! I wonder if they're just both feisty.",
            "timestamp": "2022-08-08T13:36:03.170000"
        },
        {
            "utterance_id": 18,
            "interlocutor_id": "BE",
            "text": "That’s true; it seems they won’t get along.",
            "timestamp": "2022-08-08T13:36:33.479000"
        },
        {
            "utterance_id": 19,
            "interlocutor_id": "AQ",
            "text": "They might suddenly become friends one day.",
            "timestamp": "2022-08-08T13:36:46"
        },
        {
            "utterance_id": 20,
            "interlocutor_id": "BE",
            "text": "That might be scary in itself.",
            "timestamp": "2022-08-08T13:38:15.148000"
        },
        {
            "utterance_id": 21,
            "interlocutor_id": "AQ",
            "text": "Haha. I'm looking forward to how they behave from now on.",
            "timestamp": "2022-08-08T13:37:09.044000"
        },
        {
            "utterance_id": 22,
            "interlocutor_id": "BE",
            "text": "I’ll hope they become friends by a few years from now.",
            "timestamp": "2022-08-08T13:37:41.585000"
        },
        {
            "utterance_id": 23,
            "interlocutor_id": "AQ",
            "text": "That's right! Do you have just one hamster?",
            "timestamp": "2022-08-08T13:37:55.306000"
        },
        {
            "utterance_id": 24,
            "interlocutor_id": "BE",
            "text": "I have two hamsters!",
            "timestamp": "2022-08-08T13:38:09.279000"
        },
        {
            "utterance_id": 25,
            "interlocutor_id": "AQ",
            "text": "I see. They aren't fighting, are they?",
            "timestamp": "2022-08-08T13:38:19.035000"
        },
        {
            "utterance_id": 26,
            "interlocutor_id": "BE",
            "text": "They have separate cages, so there's no fighting!",
            "timestamp": "2022-08-08T13:38:34.813000"
        },
        {
            "utterance_id": 27,
            "interlocutor_id": "AQ",
            "text": "I see! If they were fighting, that would be a mess.",
            "timestamp": "2022-08-08T13:38:47.342000"
        },
        {
            "utterance_id": 28,
            "interlocutor_id": "BE",
            "text": "They say hamster fights are serious, right?",
            "timestamp": "2022-08-08T13:39:05.922000"
        },
        {
            "utterance_id": 29,
            "interlocutor_id": "AQ",
            "text": "That’s true! Let's talk again later.",
            "timestamp": "2022-08-08T13:39:18.442000"
        }
    ],
    "evaluations": [
        {
            "interlocutor_id": "BE",
            "informativeness": 5,
            "comprehension": 5,
            "familiarity": 5,
            "interest": 5,
            "proactiveness": 5,
            "satisfaction": 5
        },
        {
            "interlocutor_id": "AQ",
            "informativeness": 5,
            "comprehension": 5,
            "familiarity": 5,
            "interest": 5,
            "proactiveness": 5,
            "satisfaction": 5
        }
    ]
}