{
    "dialogue_id": 380,
    "interlocutors": [
        "AQ",
        "BE"
    ],
    "utterances": [
        {
            "utterance_id": 0,
            "interlocutor_id": "AQ",
            "text": "Hello.",
            "timestamp": "2022-08-08T12:56:15.242000"
        },
        {
            "utterance_id": 1,
            "interlocutor_id": "BE",
            "text": "Hello!",
            "timestamp": "2022-08-08T12:56:21.732000"
        },
        {
            "utterance_id": 2,
            "interlocutor_id": "AQ",
            "text": "Have you been out anywhere recently?",
            "timestamp": "2022-08-08T12:56:30.088000"
        },
        {
            "utterance_id": 3,
            "interlocutor_id": "BE",
            "text": "I went out for a meeting about building a house.",
            "timestamp": "2022-08-08T12:56:51.215000"
        },
        {
            "utterance_id": 4,
            "interlocutor_id": "AQ",
            "text": "Oh, are you building a house?",
            "timestamp": "2022-08-08T12:57:04.977000"
        },
        {
            "utterance_id": 5,
            "interlocutor_id": "BE",
            "text": "Yes, that's right!",
            "timestamp": "2022-08-08T12:57:13.077000"
        },
        {
            "utterance_id": 6,
            "interlocutor_id": "AQ",
            "text": "That's a big dream.",
            "timestamp": "2022-08-08T12:57:18.310000"
        },
        {
            "utterance_id": 7,
            "interlocutor_id": "BE",
            "text": "I'm not really interested in that, though.",
            "timestamp": "2022-08-08T12:57:30.245000"
        },
        {
            "utterance_id": 8,
            "interlocutor_id": "AQ",
            "text": "Sorry for my comment like \"Is that so?\"",
            "timestamp": "2022-08-08T12:57:42.092000"
        },
        {
            "utterance_id": 9,
            "interlocutor_id": "BE",
            "text": "I think as long as it's livable, any house is fine (laughs).",
            "timestamp": "2022-08-08T12:58:04.815000"
        },
        {
            "utterance_id": 10,
            "interlocutor_id": "AQ",
            "text": "That's a really easy-going way of thinking! Did your husband start saying that?",
            "timestamp": "2022-08-08T12:58:21.444000"
        },
        {
            "utterance_id": 11,
            "interlocutor_id": "BE",
            "text": "Yes, it feels like an impulse buy.",
            "timestamp": "2022-08-08T12:58:43.830000"
        },
        {
            "utterance_id": 12,
            "interlocutor_id": "AQ",
            "text": "I want to comment, can you really buy it on impulse?",
            "timestamp": "2022-08-08T12:58:58.880000"
        },
        {
            "utterance_id": 13,
            "interlocutor_id": "BE",
            "text": "I agree, as long as you can get a loan, anything is possible.",
            "timestamp": "2022-08-08T12:59:26.181000"
        },
        {
            "utterance_id": 14,
            "interlocutor_id": "AQ",
            "text": "Good to hear, I thought you were going to purchase it in cash.",
            "timestamp": "2022-08-08T12:59:37.048000"
        },
        {
            "utterance_id": 15,
            "interlocutor_id": "BE",
            "text": "I wonder what kind of person can buy a house in cash...",
            "timestamp": "2022-08-08T12:59:54.890000"
        },
        {
            "utterance_id": 16,
            "interlocutor_id": "AQ",
            "text": "I have a friend who can! He's a company president.",
            "timestamp": "2022-08-08T13:00:06.513000"
        },
        {
            "utterance_id": 17,
            "interlocutor_id": "BE",
            "text": "Wow, that's impressive! He's really cool.",
            "timestamp": "2022-08-08T13:00:23.029000"
        },
        {
            "utterance_id": 18,
            "interlocutor_id": "AQ",
            "text": "Right? It's hard to imagine.",
            "timestamp": "2022-08-08T13:00:32.112000"
        },
        {
            "utterance_id": 19,
            "interlocutor_id": "BE",
            "text": "I'd like to experience what kind of life he has.",
            "timestamp": "2022-08-08T13:00:49.784000"
        },
        {
            "utterance_id": 20,
            "interlocutor_id": "AQ",
            "text": "From what I've heard, he lives quite modestly.",
            "timestamp": "2022-08-08T13:01:02.639000"
        },
        {
            "utterance_id": 21,
            "interlocutor_id": "BE",
            "text": "He's a wonderful type of president!",
            "timestamp": "2022-08-08T13:01:27.477000"
        },
        {
            "utterance_id": 22,
            "interlocutor_id": "AQ",
            "text": "He's a really nice person. Even though he's a man.",
            "timestamp": "2022-08-08T13:01:34.285000"
        },
        {
            "utterance_id": 23,
            "interlocutor_id": "BE",
            "text": "Such people must be successful.",
            "timestamp": "2022-08-08T13:01:45.791000"
        },
        {
            "utterance_id": 24,
            "interlocutor_id": "AQ",
            "text": "I think so. Yet, he's currently looking for a girlfriend.",
            "timestamp": "2022-08-08T13:01:58.005000"
        },
        {
            "utterance_id": 25,
            "interlocutor_id": "BE",
            "text": "He seems like he would be popular.",
            "timestamp": "2022-08-08T13:02:11.060000"
        },
        {
            "utterance_id": 26,
            "interlocutor_id": "AQ",
            "text": "He is! He's good-looking and tall.",
            "timestamp": "2022-08-08T13:02:22.154000"
        },
        {
            "utterance_id": 27,
            "interlocutor_id": "BE",
            "text": "I wonder what kind of flaws he has...",
            "timestamp": "2022-08-08T13:02:37.200000"
        },
        {
            "utterance_id": 28,
            "interlocutor_id": "AQ",
            "text": "He has high standards. Well then, see you!",
            "timestamp": "2022-08-08T13:02:48.586000"
        },
        {
            "utterance_id": 29,
            "interlocutor_id": "BE",
            "text": "Yes, see you!",
            "timestamp": "2022-08-08T13:02:53.512000"
        }
    ],
    "evaluations": [
        {
            "interlocutor_id": "AQ",
            "informativeness": 5,
            "comprehension": 5,
            "familiarity": 5,
            "interest": 5,
            "proactiveness": 4,
            "satisfaction": 5
        },
        {
            "interlocutor_id": "BE",
            "informativeness": 5,
            "comprehension": 5,
            "familiarity": 5,
            "interest": 5,
            "proactiveness": 5,
            "satisfaction": 5
        }
    ]
}