{
    "dialogue_id": 382,
    "interlocutors": [
        "AQ",
        "BE"
    ],
    "utterances": [
        {
            "utterance_id": 0,
            "interlocutor_id": "AQ",
            "text": "Hello.",
            "timestamp": "2022-08-08T13:10:22.904000"
        },
        {
            "utterance_id": 1,
            "interlocutor_id": "BE",
            "text": "Hello.",
            "timestamp": "2022-08-08T13:10:28.406000"
        },
        {
            "utterance_id": 2,
            "interlocutor_id": "AQ",
            "text": "I had tomato curry for lunch today.",
            "timestamp": "2022-08-08T13:10:36.472000"
        },
        {
            "utterance_id": 3,
            "interlocutor_id": "BE",
            "text": "That sounds delicious!",
            "timestamp": "2022-08-08T13:10:50.488000"
        },
        {
            "utterance_id": 4,
            "interlocutor_id": "AQ",
            "text": "My parents are farmers, and they give me the B-grade tomatoes.",
            "timestamp": "2022-08-08T13:11:07.379000"
        },
        {
            "utterance_id": 5,
            "interlocutor_id": "BE",
            "text": "I'm jealous! Farming is cool.",
            "timestamp": "2022-08-08T13:11:30.326000"
        },
        {
            "utterance_id": 6,
            "interlocutor_id": "AQ",
            "text": "I want to express that to my parents.",
            "timestamp": "2022-08-08T13:11:42.992000"
        },
        {
            "utterance_id": 7,
            "interlocutor_id": "BE",
            "text": "It seems like a job that requires a lot of knowledge.",
            "timestamp": "2022-08-08T13:12:07.417000"
        },
        {
            "utterance_id": 8,
            "interlocutor_id": "AQ",
            "text": "That's true. Experience and determination are also needed.",
            "timestamp": "2022-08-08T13:12:21.744000"
        },
        {
            "utterance_id": 9,
            "interlocutor_id": "BE",
            "text": "Gaining experience seems tough.",
            "timestamp": "2022-08-08T13:12:36.764000"
        },
        {
            "utterance_id": 10,
            "interlocutor_id": "AQ",
            "text": "They've been doing it for decades, so it's amazing.",
            "timestamp": "2022-08-08T13:12:55.826000"
        },
        {
            "utterance_id": 11,
            "interlocutor_id": "BE",
            "text": "They're already veterans.",
            "timestamp": "2022-08-08T13:13:11.895000"
        },
        {
            "utterance_id": 12,
            "interlocutor_id": "AQ",
            "text": "That's right. But I worry because they might be overdoing it.",
            "timestamp": "2022-08-08T13:13:27.665000"
        },
        {
            "utterance_id": 13,
            "interlocutor_id": "BE",
            "text": "They need to be careful of heatstroke!",
            "timestamp": "2022-08-08T13:13:56.552000"
        },
        {
            "utterance_id": 14,
            "interlocutor_id": "AQ",
            "text": "That's really true. Do your parents work?",
            "timestamp": "2022-08-08T13:14:07.412000"
        },
        {
            "utterance_id": 15,
            "interlocutor_id": "BE",
            "text": "My father works in civil engineering.",
            "timestamp": "2022-08-08T13:14:26.815000"
        },
        {
            "utterance_id": 16,
            "interlocutor_id": "AQ",
            "text": "Wow! That's really impressive!",
            "timestamp": "2022-08-08T13:14:41.426000"
        },
        {
            "utterance_id": 17,
            "interlocutor_id": "BE",
            "text": "In summer, he gets really tanned.",
            "timestamp": "2022-08-08T13:14:54.035000"
        },
        {
            "utterance_id": 18,
            "interlocutor_id": "AQ",
            "text": "He's basically like charcoal.",
            "timestamp": "2022-08-08T13:15:14.174000"
        },
        {
            "utterance_id": 19,
            "interlocutor_id": "BE",
            "text": "His skin must be burned, truly.",
            "timestamp": "2022-08-08T13:15:30.355000"
        },
        {
            "utterance_id": 20,
            "interlocutor_id": "AQ",
            "text": "It's scary if you get too burned now.",
            "timestamp": "2022-08-08T13:15:45.845000"
        },
        {
            "utterance_id": 21,
            "interlocutor_id": "BE",
            "text": "They say it can lead to skin cancer.",
            "timestamp": "2022-08-08T13:15:57.354000"
        },
        {
            "utterance_id": 22,
            "interlocutor_id": "AQ",
            "text": "That's true. I bet his body is toned, right?",
            "timestamp": "2022-08-08T13:16:12.127000"
        },
        {
            "utterance_id": 23,
            "interlocutor_id": "BE",
            "text": "Actually, it's not like that at all.",
            "timestamp": "2022-08-08T13:16:22.987000"
        },
        {
            "utterance_id": 24,
            "interlocutor_id": "AQ",
            "text": "Oh, I see!",
            "timestamp": "2022-08-08T13:16:31.261000"
        },
        {
            "utterance_id": 25,
            "interlocutor_id": "BE",
            "text": "You can't win against age, can you?",
            "timestamp": "2022-08-08T13:16:44.640000"
        },
        {
            "utterance_id": 26,
            "interlocutor_id": "AQ",
            "text": "I see. I thought for sure he would have a six-pack.",
            "timestamp": "2022-08-08T13:16:58.614000"
        },
        {
            "utterance_id": 27,
            "interlocutor_id": "BE",
            "text": "It would be great if he were like that!",
            "timestamp": "2022-08-08T13:17:09.778000"
        },
        {
            "utterance_id": 28,
            "interlocutor_id": "AQ",
            "text": "Haha. See you again!",
            "timestamp": "2022-08-08T13:17:16.598000"
        },
        {
            "utterance_id": 29,
            "interlocutor_id": "BE",
            "text": "See you!",
            "timestamp": "2022-08-08T13:17:21.345000"
        }
    ],
    "evaluations": [
        {
            "interlocutor_id": "AQ",
            "informativeness": 4,
            "comprehension": 4,
            "familiarity": 4,
            "interest": 4,
            "proactiveness": 4,
            "satisfaction": 5
        },
        {
            "interlocutor_id": "BE",
            "informativeness": 5,
            "comprehension": 5,
            "familiarity": 5,
            "interest": 5,
            "proactiveness": 5,
            "satisfaction": 5
        }
    ]
}