{
    "dialogue_id": 388,
    "interlocutors": [
        "AQ",
        "BE"
    ],
    "utterances": [
        {
            "utterance_id": 0,
            "interlocutor_id": "AQ",
            "text": "Hello.",
            "timestamp": "2022-08-08T13:59:20.024000"
        },
        {
            "utterance_id": 1,
            "interlocutor_id": "BE",
            "text": "Hello.",
            "timestamp": "2022-08-08T13:59:25.291000"
        },
        {
            "utterance_id": 2,
            "interlocutor_id": "AQ",
            "text": "Do you often go to cafes?",
            "timestamp": "2022-08-08T13:59:31.280000"
        },
        {
            "utterance_id": 3,
            "interlocutor_id": "BE",
            "text": "Yes, I do!",
            "timestamp": "2022-08-08T13:59:42.410000"
        },
        {
            "utterance_id": 4,
            "interlocutor_id": "AQ",
            "text": "I see. Is it to drink coffee?",
            "timestamp": "2022-08-08T13:59:50.983000"
        },
        {
            "utterance_id": 5,
            "interlocutor_id": "BE",
            "text": "Sometimes to drink coffee and sometimes to eat meals.",
            "timestamp": "2022-08-08T14:00:14.724000"
        },
        {
            "utterance_id": 6,
            "interlocutor_id": "AQ",
            "text": "Yeah, it's easy to linger there.",
            "timestamp": "2022-08-08T14:00:23.788000"
        },
        {
            "utterance_id": 7,
            "interlocutor_id": "BE",
            "text": "How long can you stay with just one cup of coffee? Haha.",
            "timestamp": "2022-08-08T14:00:51.523000"
        },
        {
            "utterance_id": 8,
            "interlocutor_id": "AQ",
            "text": "Hmm, with friends, maybe four hours?",
            "timestamp": "2022-08-08T14:01:04.729000"
        },
        {
            "utterance_id": 9,
            "interlocutor_id": "BE",
            "text": "If I'm with someone, I think I could last around four hours.",
            "timestamp": "2022-08-08T14:01:32.108000"
        },
        {
            "utterance_id": 10,
            "interlocutor_id": "AQ",
            "text": "Right? I might feel bad and order some cake in between.",
            "timestamp": "2022-08-08T14:01:54.126000"
        },
        {
            "utterance_id": 11,
            "interlocutor_id": "BE",
            "text": "When I feel bad, I end up ordering extra!",
            "timestamp": "2022-08-08T14:02:35.252000"
        },
        {
            "utterance_id": 12,
            "interlocutor_id": "AQ",
            "text": "That's true. Girl talk is endless, isn't it?",
            "timestamp": "2022-08-08T14:02:45.484000"
        },
        {
            "utterance_id": 13,
            "interlocutor_id": "BE",
            "text": "I feel like we can talk about one topic for ages.",
            "timestamp": "2022-08-08T14:03:12.171000"
        },
        {
            "utterance_id": 14,
            "interlocutor_id": "AQ",
            "text": "Exactly, we're not really talking about anything significant, though.",
            "timestamp": "2022-08-08T14:03:23.060000"
        },
        {
            "utterance_id": 15,
            "interlocutor_id": "BE",
            "text": "Usually, it lacks substance, right?",
            "timestamp": "2022-08-08T14:03:36.525000"
        },
        {
            "utterance_id": 16,
            "interlocutor_id": "AQ",
            "text": "That's true. That's just how women are.",
            "timestamp": "2022-08-08T14:03:46.643000"
        },
        {
            "utterance_id": 17,
            "interlocutor_id": "BE",
            "text": "Can you talk to men for a long time?",
            "timestamp": "2022-08-08T14:04:23.429000"
        },
        {
            "utterance_id": 18,
            "interlocutor_id": "AQ",
            "text": "With certain friends, I can talk for five hours.",
            "timestamp": "2022-08-08T14:04:38.097000"
        },
        {
            "utterance_id": 19,
            "interlocutor_id": "BE",
            "text": "I see. What about with men you meet for the first time?",
            "timestamp": "2022-08-08T14:05:01.817000"
        },
        {
            "utterance_id": 20,
            "interlocutor_id": "AQ",
            "text": "I don't think I could manage that.",
            "timestamp": "2022-08-08T14:05:08.854000"
        },
        {
            "utterance_id": 21,
            "interlocutor_id": "BE",
            "text": "Topics with men can be tricky, right?",
            "timestamp": "2022-08-08T14:05:33.153000"
        },
        {
            "utterance_id": 22,
            "interlocutor_id": "AQ",
            "text": "They can be, but I can talk endlessly with close male friends.",
            "timestamp": "2022-08-08T14:05:53.418000"
        },
        {
            "utterance_id": 23,
            "interlocutor_id": "BE",
            "text": "It's tough to get to that point, though.",
            "timestamp": "2022-08-08T14:06:13.593000"
        },
        {
            "utterance_id": 24,
            "interlocutor_id": "AQ",
            "text": "Yeah, that's true. Also, I think it's easier for them to talk to me because I have a more boyish personality.",
            "timestamp": "2022-08-08T14:06:30.021000"
        },
        {
            "utterance_id": 25,
            "interlocutor_id": "BE",
            "text": "Boyish women are wonderful.",
            "timestamp": "2022-08-08T14:06:47.788000"
        },
        {
            "utterance_id": 26,
            "interlocutor_id": "AQ",
            "text": "Is that so? Haha.",
            "timestamp": "2022-08-08T14:06:52.545000"
        },
        {
            "utterance_id": 27,
            "interlocutor_id": "BE",
            "text": "I'm not fond of a bubbly atmosphere.",
            "timestamp": "2022-08-08T14:07:11.987000"
        },
        {
            "utterance_id": 28,
            "interlocutor_id": "AQ",
            "text": "Ah, that's definitely something to joke about. See you later!",
            "timestamp": "2022-08-08T14:07:24.545000"
        },
        {
            "utterance_id": 29,
            "interlocutor_id": "BE",
            "text": "Yes!",
            "timestamp": "2022-08-08T14:07:30.300000"
        }
    ],
    "evaluations": [
        {
            "interlocutor_id": "AQ",
            "informativeness": 4,
            "comprehension": 4,
            "familiarity": 4,
            "interest": 5,
            "proactiveness": 4,
            "satisfaction": 4
        },
        {
            "interlocutor_id": "BE",
            "informativeness": 5,
            "comprehension": 5,
            "familiarity": 5,
            "interest": 5,
            "proactiveness": 5,
            "satisfaction": 5
        }
    ]
}