{
    "dialogue_id": 395,
    "interlocutors": [
        "BE",
        "AQ"
    ],
    "utterances": [
        {
            "utterance_id": 0,
            "interlocutor_id": "BE",
            "text": "Hello",
            "timestamp": "2022-08-08T14:56:09.842000"
        },
        {
            "utterance_id": 1,
            "interlocutor_id": "AQ",
            "text": "Hello.",
            "timestamp": "2022-08-08T14:56:13.061000"
        },
        {
            "utterance_id": 2,
            "interlocutor_id": "BE",
            "text": "Do you have a break during Obon?",
            "timestamp": "2022-08-08T14:56:21.213000"
        },
        {
            "utterance_id": 3,
            "interlocutor_id": "AQ",
            "text": "Yes, I do.",
            "timestamp": "2022-08-08T14:56:27.470000"
        },
        {
            "utterance_id": 4,
            "interlocutor_id": "BE",
            "text": "Are you going anywhere?",
            "timestamp": "2022-08-08T14:56:37.873000"
        },
        {
            "utterance_id": 5,
            "interlocutor_id": "AQ",
            "text": "I'm thinking of going to the pool.",
            "timestamp": "2022-08-08T14:56:47.346000"
        },
        {
            "utterance_id": 6,
            "interlocutor_id": "BE",
            "text": "That sounds good! It's a summer-like outing place.",
            "timestamp": "2022-08-08T14:57:02.358000"
        },
        {
            "utterance_id": 7,
            "interlocutor_id": "AQ",
            "text": "Are you going somewhere?",
            "timestamp": "2022-08-08T14:57:08.902000"
        },
        {
            "utterance_id": 8,
            "interlocutor_id": "BE",
            "text": "My husband is working, so I don't think I'm going anywhere.",
            "timestamp": "2022-08-08T14:57:28.647000"
        },
        {
            "utterance_id": 9,
            "interlocutor_id": "AQ",
            "text": "I see. It's a busy time, so I hope you can go out when it calms down.",
            "timestamp": "2022-08-08T14:57:46.991000"
        },
        {
            "utterance_id": 10,
            "interlocutor_id": "BE",
            "text": "That's true. I love being at home, so I don't mind not going out!",
            "timestamp": "2022-08-08T14:58:28.616000"
        },
        {
            "utterance_id": 11,
            "interlocutor_id": "AQ",
            "text": "I see. Don't you go to Komeda Coffee with friends?",
            "timestamp": "2022-08-08T14:58:51.277000"
        },
        {
            "utterance_id": 12,
            "interlocutor_id": "BE",
            "text": "I haven't been going much lately.",
            "timestamp": "2022-08-08T14:59:09.725000"
        },
        {
            "utterance_id": 13,
            "interlocutor_id": "AQ",
            "text": "Do you have male friends?",
            "timestamp": "2022-08-08T14:59:20.505000"
        },
        {
            "utterance_id": 14,
            "interlocutor_id": "BE",
            "text": "Yes, I do!",
            "timestamp": "2022-08-08T14:59:34.668000"
        },
        {
            "utterance_id": 15,
            "interlocutor_id": "AQ",
            "text": "Do you still contact them now?",
            "timestamp": "2022-08-08T14:59:41.069000"
        },
        {
            "utterance_id": 16,
            "interlocutor_id": "BE",
            "text": "I do.",
            "timestamp": "2022-08-08T14:59:57.378000"
        },
        {
            "utterance_id": 17,
            "interlocutor_id": "AQ",
            "text": "I see. Does your husband mind?",
            "timestamp": "2022-08-08T15:00:06.859000"
        },
        {
            "utterance_id": 18,
            "interlocutor_id": "BE",
            "text": "He does, so I keep it a secret.",
            "timestamp": "2022-08-08T15:00:26.047000"
        },
        {
            "utterance_id": 19,
            "interlocutor_id": "AQ",
            "text": "That makes sense. I feel the same way. Since my husband started working away, I have the freedom to do what I want.",
            "timestamp": "2022-08-08T15:00:54.467000"
        },
        {
            "utterance_id": 20,
            "interlocutor_id": "BE",
            "text": "That’s how it is.",
            "timestamp": "2022-08-08T15:01:07.665000"
        },
        {
            "utterance_id": 21,
            "interlocutor_id": "AQ",
            "text": "I have a male friend who is a businessman, and we once talked for six hours. I feel bad for my husband, though.",
            "timestamp": "2022-08-08T15:01:34.031000"
        },
        {
            "utterance_id": 22,
            "interlocutor_id": "BE",
            "text": "If it's just talking, I don't think it’s bad!",
            "timestamp": "2022-08-08T15:02:05.181000"
        },
        {
            "utterance_id": 23,
            "interlocutor_id": "AQ",
            "text": "It's helpful to hear you say that. It's not a weird relationship; we just get along well as friends.",
            "timestamp": "2022-08-08T15:02:27.786000"
        },
        {
            "utterance_id": 24,
            "interlocutor_id": "BE",
            "text": "Friends that you get along with are precious, so you want to cherish them.",
            "timestamp": "2022-08-08T15:02:53.795000"
        },
        {
            "utterance_id": 25,
            "interlocutor_id": "AQ",
            "text": "That's true. We both have passionate personalities, so we often have deep conversations.",
            "timestamp": "2022-08-08T15:03:12.405000"
        },
        {
            "utterance_id": 26,
            "interlocutor_id": "BE",
            "text": "Isn't your husband passionate?",
            "timestamp": "2022-08-08T15:03:40.436000"
        },
        {
            "utterance_id": 27,
            "interlocutor_id": "AQ",
            "text": "No, he’s more cool-headed.",
            "timestamp": "2022-08-08T15:03:48.992000"
        },
        {
            "utterance_id": 28,
            "interlocutor_id": "BE",
            "text": "So he has a cold personality?",
            "timestamp": "2022-08-08T15:04:02.699000"
        },
        {
            "utterance_id": 29,
            "interlocutor_id": "AQ",
            "text": "It's not that kind of coldness, though. Well then, see you again!",
            "timestamp": "2022-08-08T15:04:16.736000"
        }
    ],
    "evaluations": [
        {
            "interlocutor_id": "BE",
            "informativeness": 5,
            "comprehension": 5,
            "familiarity": 5,
            "interest": 5,
            "proactiveness": 5,
            "satisfaction": 5
        },
        {
            "interlocutor_id": "AQ",
            "informativeness": 5,
            "comprehension": 5,
            "familiarity": 5,
            "interest": 5,
            "proactiveness": 5,
            "satisfaction": 5
        }
    ]
}