{
    "dialogue_id": 392,
    "interlocutors": [
        "AQ",
        "BE"
    ],
    "utterances": [
        {
            "utterance_id": 0,
            "interlocutor_id": "AQ",
            "text": "Hello.",
            "timestamp": "2022-08-08T14:31:05.903000"
        },
        {
            "utterance_id": 1,
            "interlocutor_id": "BE",
            "text": "Hello.",
            "timestamp": "2022-08-08T14:31:10.615000"
        },
        {
            "utterance_id": 2,
            "interlocutor_id": "AQ",
            "text": "Did you eat kakigori this year?",
            "timestamp": "2022-08-08T14:31:20.215000"
        },
        {
            "utterance_id": 3,
            "interlocutor_id": "BE",
            "text": "Yes, I did! At Komeda!",
            "timestamp": "2022-08-08T14:31:31.801000"
        },
        {
            "utterance_id": 4,
            "interlocutor_id": "AQ",
            "text": "Oh! Lucky you. Was it delicious?",
            "timestamp": "2022-08-08T14:31:40.171000"
        },
        {
            "utterance_id": 5,
            "interlocutor_id": "BE",
            "text": "It was delicious. But a bug was crushed and got in it.",
            "timestamp": "2022-08-08T14:32:02.428000"
        },
        {
            "utterance_id": 6,
            "interlocutor_id": "AQ",
            "text": "What!!",
            "timestamp": "2022-08-08T14:32:22.768000"
        },
        {
            "utterance_id": 7,
            "interlocutor_id": "BE",
            "text": "So, I reported it to the staff.",
            "timestamp": "2022-08-08T14:32:36.601000"
        },
        {
            "utterance_id": 8,
            "interlocutor_id": "AQ",
            "text": "Yeah, yeah, that's shocking, isn't it!",
            "timestamp": "2022-08-08T14:32:49.813000"
        },
        {
            "utterance_id": 9,
            "interlocutor_id": "BE",
            "text": "I had eaten about half when it came out from inside.",
            "timestamp": "2022-08-08T14:33:17.435000"
        },
        {
            "utterance_id": 10,
            "interlocutor_id": "AQ",
            "text": "Really!! That's bad.",
            "timestamp": "2022-08-08T14:33:26.560000"
        },
        {
            "utterance_id": 11,
            "interlocutor_id": "BE",
            "text": "Then they exchanged it for another huge bowl of kakigori.",
            "timestamp": "2022-08-08T14:33:55.596000"
        },
        {
            "utterance_id": 12,
            "interlocutor_id": "AQ",
            "text": "Haha! That's hilarious.",
            "timestamp": "2022-08-08T14:34:02.080000"
        },
        {
            "utterance_id": 13,
            "interlocutor_id": "BE",
            "text": "Since they exchanged it for me, I couldn't leave any behind, so it was tough.",
            "timestamp": "2022-08-08T14:34:27.095000"
        },
        {
            "utterance_id": 14,
            "interlocutor_id": "AQ",
            "text": "I wanted to comment that you were being so serious about it.",
            "timestamp": "2022-08-08T14:34:37.086000"
        },
        {
            "utterance_id": 15,
            "interlocutor_id": "BE",
            "text": "I get fixated on those kinds of things.",
            "timestamp": "2022-08-08T14:34:59.724000"
        },
        {
            "utterance_id": 16,
            "interlocutor_id": "AQ",
            "text": "That's commendable. You ate it all, didn't you?",
            "timestamp": "2022-08-08T14:35:06.443000"
        },
        {
            "utterance_id": 17,
            "interlocutor_id": "BE",
            "text": "I ate it all and ended up with a stomachache.",
            "timestamp": "2022-08-08T14:35:18.677000"
        },
        {
            "utterance_id": 18,
            "interlocutor_id": "AQ",
            "text": "I laughed out loud. Stop it!",
            "timestamp": "2022-08-08T14:35:29.015000"
        },
        {
            "utterance_id": 19,
            "interlocutor_id": "BE",
            "text": "I regretted that I should have stopped eating when the bug came out.",
            "timestamp": "2022-08-08T14:35:54.921000"
        },
        {
            "utterance_id": 20,
            "interlocutor_id": "AQ",
            "text": "Haha! Was that your first kakigori of the year?",
            "timestamp": "2022-08-08T14:36:06.859000"
        },
        {
            "utterance_id": 21,
            "interlocutor_id": "BE",
            "text": "Yes, it became quite a memorable experience.",
            "timestamp": "2022-08-08T14:36:30.102000"
        },
        {
            "utterance_id": 22,
            "interlocutor_id": "AQ",
            "text": "That turned out to be a memorable kakigori, didn't it?",
            "timestamp": "2022-08-08T14:36:42.242000"
        },
        {
            "utterance_id": 23,
            "interlocutor_id": "BE",
            "text": "But Komeda's kakigori is delicious, so I recommend it!",
            "timestamp": "2022-08-08T14:37:02.566000"
        },
        {
            "utterance_id": 24,
            "interlocutor_id": "AQ",
            "text": "You summarized that well.",
            "timestamp": "2022-08-08T14:37:12.212000"
        },
        {
            "utterance_id": 25,
            "interlocutor_id": "BE",
            "text": "If I don't follow up, <AQ> might not be able to eat Komeda's kakigori.",
            "timestamp": "2022-08-08T14:37:44.030000"
        },
        {
            "utterance_id": 26,
            "interlocutor_id": "AQ",
            "text": "It's already impossible! I remember <BE>'s story.",
            "timestamp": "2022-08-08T14:37:58.285000"
        },
        {
            "utterance_id": 27,
            "interlocutor_id": "BE",
            "text": "It seems like I went off on a tangent...",
            "timestamp": "2022-08-08T14:38:16.374000"
        },
        {
            "utterance_id": 28,
            "interlocutor_id": "AQ",
            "text": "Just kidding. Thank you for the interesting story.",
            "timestamp": "2022-08-08T14:38:26.971000"
        },
        {
            "utterance_id": 29,
            "interlocutor_id": "BE",
            "text": "See you again!",
            "timestamp": "2022-08-08T14:38:38.488000"
        }
    ],
    "evaluations": [
        {
            "interlocutor_id": "AQ",
            "informativeness": 5,
            "comprehension": 5,
            "familiarity": 5,
            "interest": 5,
            "proactiveness": 5,
            "satisfaction": 5
        },
        {
            "interlocutor_id": "BE",
            "informativeness": 5,
            "comprehension": 5,
            "familiarity": 5,
            "interest": 5,
            "proactiveness": 5,
            "satisfaction": 5
        }
    ]
}