{
    "dialogue_id": 390,
    "interlocutors": [
        "AQ",
        "BE"
    ],
    "utterances": [
        {
            "utterance_id": 0,
            "interlocutor_id": "AQ",
            "text": "Hello.",
            "timestamp": "2022-08-08T14:15:22.582000"
        },
        {
            "utterance_id": 1,
            "interlocutor_id": "BE",
            "text": "Hello!",
            "timestamp": "2022-08-08T14:15:26.681000"
        },
        {
            "utterance_id": 2,
            "interlocutor_id": "AQ",
            "text": "Are you going to have breakfast?",
            "timestamp": "2022-08-08T14:15:38.370000"
        },
        {
            "utterance_id": 3,
            "interlocutor_id": "BE",
            "text": "Not at all.",
            "timestamp": "2022-08-08T14:15:53.728000"
        },
        {
            "utterance_id": 4,
            "interlocutor_id": "AQ",
            "text": "I see you're not going!",
            "timestamp": "2022-08-08T14:15:58.952000"
        },
        {
            "utterance_id": 5,
            "interlocutor_id": "BE",
            "text": "I do want to go.",
            "timestamp": "2022-08-08T14:16:09.488000"
        },
        {
            "utterance_id": 6,
            "interlocutor_id": "AQ",
            "text": "Then let's go!",
            "timestamp": "2022-08-08T14:16:16.604000"
        },
        {
            "utterance_id": 7,
            "interlocutor_id": "BE",
            "text": "Breakfast time ends pretty early, doesn't it?",
            "timestamp": "2022-08-08T14:16:36.836000"
        },
        {
            "utterance_id": 8,
            "interlocutor_id": "AQ",
            "text": "Sorry for being so blunt. Until when do they serve breakfast?",
            "timestamp": "2022-08-08T14:16:56.681000"
        },
        {
            "utterance_id": 9,
            "interlocutor_id": "BE",
            "text": "Do they usually serve it until around 10 o'clock?",
            "timestamp": "2022-08-08T14:17:23.802000"
        },
        {
            "utterance_id": 10,
            "interlocutor_id": "AQ",
            "text": "Is that so? I recently went for breakfast.",
            "timestamp": "2022-08-08T14:17:44.012000"
        },
        {
            "utterance_id": 11,
            "interlocutor_id": "BE",
            "text": "Oh! How was it!",
            "timestamp": "2022-08-08T14:17:54.845000"
        },
        {
            "utterance_id": 12,
            "interlocutor_id": "AQ",
            "text": "It was at Komeda Coffee. Have you ever been?",
            "timestamp": "2022-08-08T14:18:08.901000"
        },
        {
            "utterance_id": 13,
            "interlocutor_id": "BE",
            "text": "Komeda! I go there often.",
            "timestamp": "2022-08-08T14:18:25.736000"
        },
        {
            "utterance_id": 14,
            "interlocutor_id": "AQ",
            "text": "The breakfast is good too!",
            "timestamp": "2022-08-08T14:18:36.726000"
        },
        {
            "utterance_id": 15,
            "interlocutor_id": "BE",
            "text": "I was just thinking I want to eat that volcano-like bread that came out recently.",
            "timestamp": "2022-08-08T14:19:03.035000"
        },
        {
            "utterance_id": 16,
            "interlocutor_id": "AQ",
            "text": "Volcano?",
            "timestamp": "2022-08-08T14:19:11.626000"
        },
        {
            "utterance_id": 17,
            "interlocutor_id": "BE",
            "text": "Isn't there a bread that's pointy like a volcano?",
            "timestamp": "2022-08-08T14:19:26.623000"
        },
        {
            "utterance_id": 18,
            "interlocutor_id": "AQ",
            "text": "I see! I'll check it out later.",
            "timestamp": "2022-08-08T14:19:38.732000"
        },
        {
            "utterance_id": 19,
            "interlocutor_id": "BE",
            "text": "What did you eat for breakfast?",
            "timestamp": "2022-08-08T14:19:56.954000"
        },
        {
            "utterance_id": 20,
            "interlocutor_id": "AQ",
            "text": "What did I eat again? Maybe a teriyaki chicken sandwich?",
            "timestamp": "2022-08-08T14:20:14.582000"
        },
        {
            "utterance_id": 21,
            "interlocutor_id": "BE",
            "text": "That’s delicious! And the volcano-like one was just my imagination.",
            "timestamp": "2022-08-08T14:20:33.329000"
        },
        {
            "utterance_id": 22,
            "interlocutor_id": "AQ",
            "text": "Volcano!! I can't stop laughing.",
            "timestamp": "2022-08-08T14:20:50.400000"
        },
        {
            "utterance_id": 23,
            "interlocutor_id": "BE",
            "text": "It was a loaf bread.",
            "timestamp": "2022-08-08T14:21:08.552000"
        },
        {
            "utterance_id": 24,
            "interlocutor_id": "AQ",
            "text": "Haha! I was wondering what a volcano-like bread was.",
            "timestamp": "2022-08-08T14:21:20.828000"
        },
        {
            "utterance_id": 25,
            "interlocutor_id": "BE",
            "text": "Sometimes there’s bread that's cut in a cross, right?",
            "timestamp": "2022-08-08T14:21:54.161000"
        },
        {
            "utterance_id": 26,
            "interlocutor_id": "AQ",
            "text": "There might be. <BE> Are you a natural?",
            "timestamp": "2022-08-08T14:22:06.581000"
        },
        {
            "utterance_id": 27,
            "interlocutor_id": "BE",
            "text": "Am I a natural?",
            "timestamp": "2022-08-08T14:22:19.585000"
        },
        {
            "utterance_id": 28,
            "interlocutor_id": "AQ",
            "text": "I think you are. See you again!",
            "timestamp": "2022-08-08T14:22:29.619000"
        },
        {
            "utterance_id": 29,
            "interlocutor_id": "BE",
            "text": "See you!",
            "timestamp": "2022-08-08T14:22:34.266000"
        }
    ],
    "evaluations": [
        {
            "interlocutor_id": "AQ",
            "informativeness": 5,
            "comprehension": 4,
            "familiarity": 4,
            "interest": 5,
            "proactiveness": 5,
            "satisfaction": 5
        },
        {
            "interlocutor_id": "BE",
            "informativeness": 5,
            "comprehension": 5,
            "familiarity": 5,
            "interest": 5,
            "proactiveness": 5,
            "satisfaction": 5
        }
    ]
}