{
    "dialogue_id": 393,
    "interlocutors": [
        "BE",
        "AQ"
    ],
    "utterances": [
        {
            "utterance_id": 0,
            "interlocutor_id": "BE",
            "text": "Hello",
            "timestamp": "2022-08-08T14:39:23.056000"
        },
        {
            "utterance_id": 1,
            "interlocutor_id": "AQ",
            "text": "Hello.",
            "timestamp": "2022-08-08T14:39:28.206000"
        },
        {
            "utterance_id": 2,
            "interlocutor_id": "BE",
            "text": "Are you good at sitting on a chair?",
            "timestamp": "2022-08-08T14:39:44.900000"
        },
        {
            "utterance_id": 3,
            "interlocutor_id": "AQ",
            "text": "A chair, huh?",
            "timestamp": "2022-08-08T14:39:50.223000"
        },
        {
            "utterance_id": 4,
            "interlocutor_id": "BE",
            "text": "It's about sitting on chairs or sofas.",
            "timestamp": "2022-08-08T14:40:10.194000"
        },
        {
            "utterance_id": 5,
            "interlocutor_id": "AQ",
            "text": "Ahaha! I don't know how to answer such an unexpected question.",
            "timestamp": "2022-08-08T14:40:30.385000"
        },
        {
            "utterance_id": 6,
            "interlocutor_id": "BE",
            "text": "When I sit on a chair, I end up with my knees up.",
            "timestamp": "2022-08-08T14:41:00.326000"
        },
        {
            "utterance_id": 7,
            "interlocutor_id": "AQ",
            "text": "I see, there are people like that.",
            "timestamp": "2022-08-08T14:41:12.835000"
        },
        {
            "utterance_id": 8,
            "interlocutor_id": "BE",
            "text": "I think it's amazing how some people can sit elegantly.",
            "timestamp": "2022-08-08T14:41:49.803000"
        },
        {
            "utterance_id": 9,
            "interlocutor_id": "AQ",
            "text": "I bet you could do it if you tried!",
            "timestamp": "2022-08-08T14:42:02.058000"
        },
        {
            "utterance_id": 10,
            "interlocutor_id": "BE",
            "text": "Before I know it, I'm hugging my knees.",
            "timestamp": "2022-08-08T14:42:19.394000"
        },
        {
            "utterance_id": 11,
            "interlocutor_id": "AQ",
            "text": "Then what do you do when you eat?",
            "timestamp": "2022-08-08T14:42:27.619000"
        },
        {
            "utterance_id": 12,
            "interlocutor_id": "BE",
            "text": "I sit cross-legged on the chair.",
            "timestamp": "2022-08-08T14:42:57.593000"
        },
        {
            "utterance_id": 13,
            "interlocutor_id": "AQ",
            "text": "I see, maybe it’s better to eat sitting down rather than on the floor.",
            "timestamp": "2022-08-08T14:43:14.818000"
        },
        {
            "utterance_id": 14,
            "interlocutor_id": "BE",
            "text": "When I eat out, I try hard to sit.",
            "timestamp": "2022-08-08T14:43:35.203000"
        },
        {
            "utterance_id": 15,
            "interlocutor_id": "AQ",
            "text": "You're really trying!",
            "timestamp": "2022-08-08T14:43:42.817000"
        },
        {
            "utterance_id": 16,
            "interlocutor_id": "BE",
            "text": "If I can't manage, I secretly sit cross-legged on the chair.",
            "timestamp": "2022-08-08T14:44:05.663000"
        },
        {
            "utterance_id": 17,
            "interlocutor_id": "AQ",
            "text": "Ahaha! Stop it!",
            "timestamp": "2022-08-08T14:44:14.212000"
        },
        {
            "utterance_id": 18,
            "interlocutor_id": "BE",
            "text": "I want to sit properly though.",
            "timestamp": "2022-08-08T14:44:32.476000"
        },
        {
            "utterance_id": 19,
            "interlocutor_id": "AQ",
            "text": "On the contrary, I’m not good at sitting seiza (traditional Japanese sitting position).",
            "timestamp": "2022-08-08T14:44:44.078000"
        },
        {
            "utterance_id": 20,
            "interlocutor_id": "BE",
            "text": "Do your legs go numb?",
            "timestamp": "2022-08-08T14:44:51.926000"
        },
        {
            "utterance_id": 21,
            "interlocutor_id": "AQ",
            "text": "They go numb right away.",
            "timestamp": "2022-08-08T14:44:57.921000"
        },
        {
            "utterance_id": 22,
            "interlocutor_id": "BE",
            "text": "That must be tough during memorial services.",
            "timestamp": "2022-08-08T14:45:13.730000"
        },
        {
            "utterance_id": 23,
            "interlocutor_id": "AQ",
            "text": "That's right. Are you okay?",
            "timestamp": "2022-08-08T14:45:32.245000"
        },
        {
            "utterance_id": 24,
            "interlocutor_id": "BE",
            "text": "I think I'm relatively okay with it.",
            "timestamp": "2022-08-08T14:45:58.013000"
        },
        {
            "utterance_id": 25,
            "interlocutor_id": "AQ",
            "text": "If you have that advantage, then let’s call it good.",
            "timestamp": "2022-08-08T14:46:12.030000"
        },
        {
            "utterance_id": 26,
            "interlocutor_id": "BE",
            "text": "I'm honored that you say so.",
            "timestamp": "2022-08-08T14:46:34.300000"
        },
        {
            "utterance_id": 27,
            "interlocutor_id": "AQ",
            "text": "I'm starting to lose track of whether that was a compliment or not.",
            "timestamp": "2022-08-08T14:46:50.533000"
        },
        {
            "utterance_id": 28,
            "interlocutor_id": "BE",
            "text": "Let’s talk again!",
            "timestamp": "2022-08-08T14:47:03.659000"
        },
        {
            "utterance_id": 29,
            "interlocutor_id": "AQ",
            "text": "Yes, let’s!",
            "timestamp": "2022-08-08T14:47:09.269000"
        }
    ],
    "evaluations": [
        {
            "interlocutor_id": "BE",
            "informativeness": 5,
            "comprehension": 5,
            "familiarity": 5,
            "interest": 5,
            "proactiveness": 5,
            "satisfaction": 5
        },
        {
            "interlocutor_id": "AQ",
            "informativeness": 5,
            "comprehension": 5,
            "familiarity": 5,
            "interest": 5,
            "proactiveness": 5,
            "satisfaction": 5
        }
    ]
}