{
    "dialogue_id": 408,
    "interlocutors": [
        "BH",
        "AN"
    ],
    "utterances": [
        {
            "utterance_id": 0,
            "interlocutor_id": "BH",
            "text": "Hello!",
            "timestamp": "2022-08-08T14:52:21.130000"
        },
        {
            "utterance_id": 1,
            "interlocutor_id": "AN",
            "text": "Hello!",
            "timestamp": "2022-08-08T14:52:32.041000"
        },
        {
            "utterance_id": 2,
            "interlocutor_id": "BH",
            "text": "Do you have any plans for summer vacation?",
            "timestamp": "2022-08-08T14:52:43.747000"
        },
        {
            "utterance_id": 3,
            "interlocutor_id": "AN",
            "text": "I had some plans, but due to the resurgence of COVID-19, everything has fallen through.",
            "timestamp": "2022-08-08T14:53:04.528000"
        },
        {
            "utterance_id": 4,
            "interlocutor_id": "BH",
            "text": "It really increased suddenly, didn't it?",
            "timestamp": "2022-08-08T14:53:12.629000"
        },
        {
            "utterance_id": 5,
            "interlocutor_id": "AN",
            "text": "Yes, because of that, all local events have been canceled.",
            "timestamp": "2022-08-08T14:53:31.236000"
        },
        {
            "utterance_id": 6,
            "interlocutor_id": "BH",
            "text": "Our local events are also canceled. I'm really disappointed that there will be no elementary school festival.",
            "timestamp": "2022-08-08T14:53:56.896000"
        },
        {
            "utterance_id": 7,
            "interlocutor_id": "AN",
            "text": "Same here. I haven't been to a festival in three years.",
            "timestamp": "2022-08-08T14:54:12.069000"
        },
        {
            "utterance_id": 8,
            "interlocutor_id": "BH",
            "text": "That's true. Fireworks festivals are being held here and there, though.",
            "timestamp": "2022-08-08T14:54:25.960000"
        },
        {
            "utterance_id": 9,
            "interlocutor_id": "AN",
            "text": "That's right. It seems like there will be one a bit far from here this year.",
            "timestamp": "2022-08-08T14:54:52.311000"
        },
        {
            "utterance_id": 10,
            "interlocutor_id": "BH",
            "text": "I see. I want to see it, but I’m also worried about the huge crowd that might gather.",
            "timestamp": "2022-08-08T14:55:16.523000"
        },
        {
            "utterance_id": 11,
            "interlocutor_id": "AN",
            "text": "Indeed, since it's been a few years since the last one, it seems like a lot of people will come.",
            "timestamp": "2022-08-08T14:55:40.534000"
        },
        {
            "utterance_id": 12,
            "interlocutor_id": "BH",
            "text": "I've heard that there are some places holding events with fewer food stalls.",
            "timestamp": "2022-08-08T14:56:04.435000"
        },
        {
            "utterance_id": 13,
            "interlocutor_id": "AN",
            "text": "Is that so? It's a bit sad, but I guess it can't be helped.",
            "timestamp": "2022-08-08T14:56:20.864000"
        },
        {
            "utterance_id": 14,
            "interlocutor_id": "BH",
            "text": "It's worrying when we take off our masks.",
            "timestamp": "2022-08-08T14:56:32.438000"
        },
        {
            "utterance_id": 15,
            "interlocutor_id": "AN",
            "text": "That's true. Masks have become a part of our lives.",
            "timestamp": "2022-08-08T14:56:46.752000"
        },
        {
            "utterance_id": 16,
            "interlocutor_id": "BH",
            "text": "Yes. I didn't like it at first, but I've gotten used to it.",
            "timestamp": "2022-08-08T14:57:03.058000"
        },
        {
            "utterance_id": 17,
            "interlocutor_id": "AN",
            "text": "But when it's this hot, don’t you feel like you want to live without a mask?",
            "timestamp": "2022-08-08T14:57:25.063000"
        },
        {
            "utterance_id": 18,
            "interlocutor_id": "BH",
            "text": "Indeed. But I still see people wearing masks even in places where it's okay to take them off.",
            "timestamp": "2022-08-08T14:57:42.533000"
        },
        {
            "utterance_id": 19,
            "interlocutor_id": "AN",
            "text": "I take mine off when I walk in less crowded areas.",
            "timestamp": "2022-08-08T14:58:08.755000"
        },
        {
            "utterance_id": 20,
            "interlocutor_id": "BH",
            "text": "It's said that it's fine to take them off if you’re alone or riding a bicycle.",
            "timestamp": "2022-08-08T14:58:27.956000"
        },
        {
            "utterance_id": 21,
            "interlocutor_id": "AN",
            "text": "With the outside temperature being this high, it feels like leaving the mask on would lead to heatstroke.",
            "timestamp": "2022-08-08T14:58:51.183000"
        },
        {
            "utterance_id": 22,
            "interlocutor_id": "BH",
            "text": "I really think so. I get worried when I see elderly people wearing masks outside.",
            "timestamp": "2022-08-08T14:59:13.463000"
        },
        {
            "utterance_id": 23,
            "interlocutor_id": "AN",
            "text": "Right? Also, I wonder about people who are turning off their air conditioning to save energy in this heat.",
            "timestamp": "2022-08-08T14:59:51.186000"
        },
        {
            "utterance_id": 24,
            "interlocutor_id": "BH",
            "text": "They can't possibly get by like that. I wish they would use it properly.",
            "timestamp": "2022-08-08T15:00:09.653000"
        },
        {
            "utterance_id": 25,
            "interlocutor_id": "AN",
            "text": "Getting heatstroke costs money and is painful, after all.",
            "timestamp": "2022-08-08T15:00:29.464000"
        },
        {
            "utterance_id": 26,
            "interlocutor_id": "BH",
            "text": "Exactly. My parents' house has their air conditioning running full blast. I wonder if that's also okay.",
            "timestamp": "2022-08-08T15:00:53.149000"
        },
        {
            "utterance_id": 27,
            "interlocutor_id": "AN",
            "text": "If it's too strong, it can cool the body too much, right?",
            "timestamp": "2022-08-08T15:01:09.625000"
        },
        {
            "utterance_id": 28,
            "interlocutor_id": "BH",
            "text": "That's true. As we age, we start to worry about various things.",
            "timestamp": "2022-08-08T15:01:22.780000"
        },
        {
            "utterance_id": 29,
            "interlocutor_id": "AN",
            "text": "Yes, I hope our parents stay healthy for a long time. Thank you for today.",
            "timestamp": "2022-08-08T15:01:49.097000"
        },
        {
            "utterance_id": 30,
            "interlocutor_id": "BH",
            "text": "Thank you very much.",
            "timestamp": "2022-08-08T15:01:59.757000"
        }
    ],
    "evaluations": [
        {
            "interlocutor_id": "BH",
            "informativeness": 5,
            "comprehension": 4,
            "familiarity": 5,
            "interest": 5,
            "proactiveness": 5,
            "satisfaction": 5
        },
        {
            "interlocutor_id": "AN",
            "informativeness": 5,
            "comprehension": 5,
            "familiarity": 5,
            "interest": 5,
            "proactiveness": 3,
            "satisfaction": 5
        }
    ]
}