{
    "dialogue_id": 402,
    "interlocutors": [
        "BG",
        "AF"
    ],
    "utterances": [
        {
            "utterance_id": 0,
            "interlocutor_id": "BG",
            "text": "Hello, do you have any plans to go out today?",
            "timestamp": "2022-08-08T13:53:11.617000"
        },
        {
            "utterance_id": 1,
            "interlocutor_id": "AF",
            "text": "Hello, today I only have to pick up my child in the evening.",
            "timestamp": "2022-08-08T13:53:30.810000"
        },
        {
            "utterance_id": 2,
            "interlocutor_id": "BG",
            "text": "I see. The wind is very strong in my area, so a lot of things are being blown away.",
            "timestamp": "2022-08-08T13:53:53.553000"
        },
        {
            "utterance_id": 3,
            "interlocutor_id": "AF",
            "text": "Like what kind of things?",
            "timestamp": "2022-08-08T13:54:16.413000"
        },
        {
            "utterance_id": 4,
            "interlocutor_id": "BG",
            "text": "Small things, like clothespins or light square patches of grass.",
            "timestamp": "2022-08-08T13:54:40.577000"
        },
        {
            "utterance_id": 5,
            "interlocutor_id": "AF",
            "text": "It looks like after a typhoon.",
            "timestamp": "2022-08-08T13:54:56.734000"
        },
        {
            "utterance_id": 6,
            "interlocutor_id": "BG",
            "text": "It's like a little typhoon. But the sun is shining brightly!",
            "timestamp": "2022-08-08T13:55:15.289000"
        },
        {
            "utterance_id": 7,
            "interlocutor_id": "AF",
            "text": "That's right, the laundry dried in the morning!",
            "timestamp": "2022-08-08T13:56:41.241000"
        },
        {
            "utterance_id": 8,
            "interlocutor_id": "BG",
            "text": "Yes, it dried so well that it's crispy.",
            "timestamp": "2022-08-08T13:56:52.997000"
        },
        {
            "utterance_id": 9,
            "interlocutor_id": "AF",
            "text": "Does it get crispy? I was wondering if it's because of my washing machine.",
            "timestamp": "2022-08-08T13:56:40.247000"
        },
        {
            "utterance_id": 10,
            "interlocutor_id": "BG",
            "text": "No, I might be exaggerating a bit; it dried well and feels nice!",
            "timestamp": "2022-08-08T13:56:29.248000"
        },
        {
            "utterance_id": 11,
            "interlocutor_id": "AF",
            "text": "That's true, it's pleasant because it dries crisp at this time of year.",
            "timestamp": "2022-08-08T13:56:51.510000"
        },
        {
            "utterance_id": 12,
            "interlocutor_id": "BG",
            "text": "Towels that are washed frequently do feel a bit crispy though.",
            "timestamp": "2022-08-08T13:57:15.774000"
        },
        {
            "utterance_id": 13,
            "interlocutor_id": "AF",
            "text": "Right, once towels get stiff, do they ever go back to being soft?",
            "timestamp": "2022-08-08T13:57:45.504000"
        },
        {
            "utterance_id": 14,
            "interlocutor_id": "BG",
            "text": "Hmm, I might have never experienced that.",
            "timestamp": "2022-08-08T13:58:04.229000"
        },
        {
            "utterance_id": 15,
            "interlocutor_id": "AF",
            "text": "Is it that families that keep their towels fluffy use a lot of fabric softener?",
            "timestamp": "2022-08-08T13:58:33.184000"
        },
        {
            "utterance_id": 16,
            "interlocutor_id": "BG",
            "text": "That must be it. I’m not a fan of strong fabric softeners.",
            "timestamp": "2022-08-08T13:58:58.842000"
        },
        {
            "utterance_id": 17,
            "interlocutor_id": "AF",
            "text": "I'm not a fan either. There are people whose fabric softener smells like perfume, right?",
            "timestamp": "2022-08-08T13:59:27.029000"
        },
        {
            "utterance_id": 18,
            "interlocutor_id": "BG",
            "text": "Exactly. I’ve heard it’s called “fragrance harm.” It makes me feel nauseous.",
            "timestamp": "2022-08-08T13:59:51.606000"
        },
        {
            "utterance_id": 19,
            "interlocutor_id": "AF",
            "text": "I think the smell of fabric softener is so strong that I can even recognize it when wearing a mask.",
            "timestamp": "2022-08-08T14:00:15.237000"
        },
        {
            "utterance_id": 20,
            "interlocutor_id": "BG",
            "text": "It really is! It must be overwhelming at their homes.",
            "timestamp": "2022-08-08T14:00:31.786000"
        },
        {
            "utterance_id": 21,
            "interlocutor_id": "AF",
            "text": "But I like aromatherapy scents, so I have a diffuser by my entrance.",
            "timestamp": "2022-08-08T14:00:55.462000"
        },
        {
            "utterance_id": 22,
            "interlocutor_id": "BG",
            "text": "The subtle scent of aromatherapy is lovely. Your home sounds stylish, that's nice!",
            "timestamp": "2022-08-08T14:01:17.210000"
        },
        {
            "utterance_id": 23,
            "interlocutor_id": "AF",
            "text": "I have a fish tank near the entrance, so it’s to mask that smell.",
            "timestamp": "2022-08-08T14:01:41.217000"
        },
        {
            "utterance_id": 24,
            "interlocutor_id": "BG",
            "text": "Ah, I see. Fish tanks can emit odors, right? Do you have tropical fish?",
            "timestamp": "2022-08-08T14:02:05.304000"
        },
        {
            "utterance_id": 25,
            "interlocutor_id": "AF",
            "text": "Yes, that's right. I also have a ton of deodorizing beads.",
            "timestamp": "2022-08-08T14:02:22.300000"
        },
        {
            "utterance_id": 26,
            "interlocutor_id": "BG",
            "text": "I’ve kept them in the past too. They’re cute!",
            "timestamp": "2022-08-08T14:02:38.843000"
        },
        {
            "utterance_id": 27,
            "interlocutor_id": "AF",
            "text": "Fish tanks are a hassle to clean, but they’re so soothing.",
            "timestamp": "2022-08-08T14:03:00.081000"
        },
        {
            "utterance_id": 28,
            "interlocutor_id": "BG",
            "text": "Especially around this time of year, it feels refreshing to see them swimming.",
            "timestamp": "2022-08-08T14:03:21.239000"
        },
        {
            "utterance_id": 29,
            "interlocutor_id": "AF",
            "text": "It makes me want to go to the beach! Well then, I’ll take my leave here.",
            "timestamp": "2022-08-08T14:03:57.012000"
        }
    ],
    "evaluations": [
        {
            "interlocutor_id": "BG",
            "informativeness": 3,
            "comprehension": 3,
            "familiarity": 4,
            "interest": 3,
            "proactiveness": 3,
            "satisfaction": 4
        },
        {
            "interlocutor_id": "AF",
            "informativeness": 4,
            "comprehension": 3,
            "familiarity": 4,
            "interest": 4,
            "proactiveness": 4,
            "satisfaction": 4
        }
    ]
}