{
    "dialogue_id": 409,
    "interlocutors": [
        "AN",
        "BH"
    ],
    "utterances": [
        {
            "utterance_id": 0,
            "interlocutor_id": "AN",
            "text": "Hello, how are you?",
            "timestamp": "2022-08-08T15:01:52.251000"
        },
        {
            "utterance_id": 1,
            "interlocutor_id": "BH",
            "text": "Hello!",
            "timestamp": "2022-08-08T15:02:28.272000"
        },
        {
            "utterance_id": 2,
            "interlocutor_id": "AN",
            "text": "It's already snack time, isn't it?",
            "timestamp": "2022-08-08T15:02:42.542000"
        },
        {
            "utterance_id": 3,
            "interlocutor_id": "BH",
            "text": "Oh, it's past 3 o'clock, isn't it?",
            "timestamp": "2022-08-08T15:02:53.010000"
        },
        {
            "utterance_id": 4,
            "interlocutor_id": "AN",
            "text": "Time flies by so quickly.",
            "timestamp": "2022-08-08T15:03:06.613000"
        },
        {
            "utterance_id": 5,
            "interlocutor_id": "BH",
            "text": "Yes, it does. Are you going to have a snack?",
            "timestamp": "2022-08-08T15:03:26.290000"
        },
        {
            "utterance_id": 6,
            "interlocutor_id": "AN",
            "text": "I have chilled watermelon, so I'll have that.",
            "timestamp": "2022-08-08T15:03:44.455000"
        },
        {
            "utterance_id": 7,
            "interlocutor_id": "BH",
            "text": "Sounds good! I love watermelon.",
            "timestamp": "2022-08-08T15:03:52.027000"
        },
        {
            "utterance_id": 8,
            "interlocutor_id": "AN",
            "text": "Do you put salt on it?",
            "timestamp": "2022-08-08T15:04:05.152000"
        },
        {
            "utterance_id": 9,
            "interlocutor_id": "BH",
            "text": "I usually don't.",
            "timestamp": "2022-08-08T15:04:14.985000"
        },
        {
            "utterance_id": 10,
            "interlocutor_id": "AN",
            "text": "I also don't put much salt on it. Watermelons are quite sweet nowadays, so you don't really need salt, do you?",
            "timestamp": "2022-08-08T15:04:39.931000"
        },
        {
            "utterance_id": 11,
            "interlocutor_id": "BH",
            "text": "Is that for making it sweeter? I never really understood that.",
            "timestamp": "2022-08-08T15:04:56.123000"
        },
        {
            "utterance_id": 12,
            "interlocutor_id": "AN",
            "text": "I thought it was to enhance the sweetness!",
            "timestamp": "2022-08-08T15:05:11.637000"
        },
        {
            "utterance_id": 13,
            "interlocutor_id": "BH",
            "text": "I see. I've learned something new.",
            "timestamp": "2022-08-08T15:05:20.177000"
        },
        {
            "utterance_id": 14,
            "interlocutor_id": "AN",
            "text": "I'm sorry if I'm wrong!",
            "timestamp": "2022-08-08T15:05:45.988000"
        },
        {
            "utterance_id": 15,
            "interlocutor_id": "BH",
            "text": "No, no. It's totally fine. I thought so too.",
            "timestamp": "2022-08-08T15:06:01.830000"
        },
        {
            "utterance_id": 16,
            "interlocutor_id": "AN",
            "text": "By the way, how have you been spending your summer vacation?",
            "timestamp": "2022-08-08T15:06:26.061000"
        },
        {
            "utterance_id": 17,
            "interlocutor_id": "BH",
            "text": "Well, I've been watching recorded dramas and playing games.",
            "timestamp": "2022-08-08T15:06:44.679000"
        },
        {
            "utterance_id": 18,
            "interlocutor_id": "AN",
            "text": "Games are great! What games are you playing now?",
            "timestamp": "2022-08-08T15:07:03.932000"
        },
        {
            "utterance_id": 19,
            "interlocutor_id": "BH",
            "text": "I’m playing Nyanko Daisensou on my phone. I sometimes play on my Switch too.",
            "timestamp": "2022-08-08T15:07:20.438000"
        },
        {
            "utterance_id": 20,
            "interlocutor_id": "AN",
            "text": "The Switch is nice. I've been thinking about buying one.",
            "timestamp": "2022-08-08T15:07:46.291000"
        },
        {
            "utterance_id": 21,
            "interlocutor_id": "BH",
            "text": "It's great! There are many free games!",
            "timestamp": "2022-08-08T15:08:01.523000"
        },
        {
            "utterance_id": 22,
            "interlocutor_id": "AN",
            "text": "There are even free games? Maybe I should buy it then.",
            "timestamp": "2022-08-08T15:08:23.241000"
        },
        {
            "utterance_id": 23,
            "interlocutor_id": "BH",
            "text": "I recommend it. You might lose track of time and want to do chores, though.",
            "timestamp": "2022-08-08T15:08:36.539000"
        },
        {
            "utterance_id": 24,
            "interlocutor_id": "AN",
            "text": "Games really make you lose track of time, don't they?",
            "timestamp": "2022-08-08T15:08:59.677000"
        },
        {
            "utterance_id": 25,
            "interlocutor_id": "BH",
            "text": "They do. Suddenly realizing an hour has gone by is scary.",
            "timestamp": "2022-08-08T15:09:16.456000"
        },
        {
            "utterance_id": 26,
            "interlocutor_id": "AN",
            "text": "Time really just melts away. I have a PS5 and I often lose track of time on that.",
            "timestamp": "2022-08-08T15:09:42.798000"
        },
        {
            "utterance_id": 27,
            "interlocutor_id": "BH",
            "text": "The graphics are beautiful, aren’t they?",
            "timestamp": "2022-08-08T15:09:54.913000"
        },
        {
            "utterance_id": 28,
            "interlocutor_id": "AN",
            "text": "Yes, they were surprisingly beautiful.",
            "timestamp": "2022-08-08T15:10:07.279000"
        },
        {
            "utterance_id": 29,
            "interlocutor_id": "BH",
            "text": "The kids love playing it!",
            "timestamp": "2022-08-08T15:10:17.706000"
        },
        {
            "utterance_id": 30,
            "interlocutor_id": "AN",
            "text": "It's nice that parents and kids can enjoy it together. Thank you for chatting with me today!",
            "timestamp": "2022-08-08T15:10:47.814000"
        },
        {
            "utterance_id": 31,
            "interlocutor_id": "BH",
            "text": "Thank you!",
            "timestamp": "2022-08-08T15:11:00.409000"
        }
    ],
    "evaluations": [
        {
            "interlocutor_id": "AN",
            "informativeness": 5,
            "comprehension": 5,
            "familiarity": 5,
            "interest": 5,
            "proactiveness": 5,
            "satisfaction": 5
        },
        {
            "interlocutor_id": "BH",
            "informativeness": 5,
            "comprehension": 4,
            "familiarity": 5,
            "interest": 5,
            "proactiveness": 5,
            "satisfaction": 5
        }
    ]
}