{
    "dialogue_id": 418,
    "interlocutors": [
        "AC",
        "AG"
    ],
    "utterances": [
        {
            "utterance_id": 0,
            "interlocutor_id": "AC",
            "text": "Good evening! Nice to meet you!",
            "timestamp": "2022-08-09T00:42:33.603000"
        },
        {
            "utterance_id": 1,
            "interlocutor_id": "AG",
            "text": "Good evening! Nice to meet you too.",
            "timestamp": "2022-08-09T00:42:57.498000"
        },
        {
            "utterance_id": 2,
            "interlocutor_id": "AC",
            "text": "By the way, do you have any experiences of unrequited love or mutual love from your school days?",
            "timestamp": "2022-08-09T00:43:25.105000"
        },
        {
            "utterance_id": 3,
            "interlocutor_id": "AG",
            "text": "Not really. I've never been very interested in romance since a long time ago.",
            "timestamp": "2022-08-09T00:43:56.673000"
        },
        {
            "utterance_id": 4,
            "interlocutor_id": "AC",
            "text": "Oh, I see! Didn't you get excited about love stories when you were in middle school or high school?",
            "timestamp": "2022-08-09T00:44:25.133000"
        },
        {
            "utterance_id": 5,
            "interlocutor_id": "AG",
            "text": "My friends around me were excited about it. I heard the stories, but felt like I couldn't participate.",
            "timestamp": "2022-08-09T00:45:03.094000"
        },
        {
            "utterance_id": 6,
            "interlocutor_id": "AC",
            "text": "I see. Were you the quiet type, then?",
            "timestamp": "2022-08-09T00:45:19.204000"
        },
        {
            "utterance_id": 7,
            "interlocutor_id": "AG",
            "text": "I wasn't quiet, but I guess I was too curious about other things, so I neglected that area.",
            "timestamp": "2022-08-09T00:46:00.562000"
        },
        {
            "utterance_id": 8,
            "interlocutor_id": "AC",
            "text": "Oh! What were you more interested in than romance?",
            "timestamp": "2022-08-09T00:46:25.697000"
        },
        {
            "utterance_id": 9,
            "interlocutor_id": "AG",
            "text": "Music, manga, movies, novels, crafts - my interests are quite broad.",
            "timestamp": "2022-08-09T00:47:19.028000"
        },
        {
            "utterance_id": 10,
            "interlocutor_id": "AC",
            "text": "That's a diverse range of interests! If you had to pick one that you were most into back then?",
            "timestamp": "2022-08-09T00:47:44.693000"
        },
        {
            "utterance_id": 11,
            "interlocutor_id": "AG",
            "text": "Music. From middle school to university, I was always listening to it, even if I wasn't playing. How about you? What were you into?",
            "timestamp": "2022-08-09T00:48:28.928000"
        },
        {
            "utterance_id": 12,
            "interlocutor_id": "AC",
            "text": "I was into club activities, I suppose. I also listened to music a lot in the club room!",
            "timestamp": "2022-08-09T00:48:46.988000"
        },
        {
            "utterance_id": 13,
            "interlocutor_id": "AG",
            "text": "That's nice! What club activities did you participate in?",
            "timestamp": "2022-08-09T00:49:05.802000"
        },
        {
            "utterance_id": 14,
            "interlocutor_id": "AC",
            "text": "I was in the theater club. Though it wasn't very serious.",
            "timestamp": "2022-08-09T00:49:20.541000"
        },
        {
            "utterance_id": 15,
            "interlocutor_id": "AG",
            "text": "The theater club! That's cool. I admire it because I'm not good at acting.",
            "timestamp": "2022-08-09T00:49:52.630000"
        },
        {
            "utterance_id": 16,
            "interlocutor_id": "AC",
            "text": "I wasn't into acting either; I worked on stage props, you could say? Kind of like carpentry.",
            "timestamp": "2022-08-09T00:50:14.640000"
        },
        {
            "utterance_id": 17,
            "interlocutor_id": "AG",
            "text": "Ah! So, you were in charge of props and set pieces? I see, that makes sense.",
            "timestamp": "2022-08-09T00:50:47.026000"
        },
        {
            "utterance_id": 18,
            "interlocutor_id": "AC",
            "text": "Yes, exactly! When we were working on that, we always played music.",
            "timestamp": "2022-08-09T00:51:07.452000"
        },
        {
            "utterance_id": 19,
            "interlocutor_id": "AG",
            "text": "That sounds like a good memory. Listening to the songs from that time must bring back those青春 memories.",
            "timestamp": "2022-08-09T00:51:39.067000"
        },
        {
            "utterance_id": 20,
            "interlocutor_id": "AC",
            "text": "It definitely does! Songs like \"Yureru Omoi\" by ZARD and \"Kahlua Milk\" by Yasukiyo Okamura.",
            "timestamp": "2022-08-09T00:52:06.741000"
        },
        {
            "utterance_id": 21,
            "interlocutor_id": "AG",
            "text": "Yasukiyo Okamura! He's recently resumed his activities, and his songs really capture the atmosphere of that time, don't they?",
            "timestamp": "2022-08-09T00:52:56.876000"
        },
        {
            "utterance_id": 22,
            "interlocutor_id": "AC",
            "text": "Oh! Wait a minute! Okamura Yasukiyo has resumed?",
            "timestamp": "2022-08-09T00:53:10.969000"
        },
        {
            "utterance_id": 23,
            "interlocutor_id": "AG",
            "text": "Yes. There have been various things, but he's currently active again! He's also released a few albums.",
            "timestamp": "2022-08-09T00:53:48.653000"
        },
        {
            "utterance_id": 24,
            "interlocutor_id": "AC",
            "text": "Wow! I mean, you're really knowledgeable about music! It's impressive that you know Okamura Yasukiyo.",
            "timestamp": "2022-08-09T00:54:09.891000"
        },
        {
            "utterance_id": 25,
            "interlocutor_id": "AG",
            "text": "If you like music, you can't avoid Okamura Yasukiyo. Many other artists respect him too.",
            "timestamp": "2022-08-09T00:54:48.118000"
        },
        {
            "utterance_id": 26,
            "interlocutor_id": "AC",
            "text": "I see! It's true that when I listen to songs with a similar style, I think of him.",
            "timestamp": "2022-08-09T00:55:22.118000"
        },
        {
            "utterance_id": 27,
            "interlocutor_id": "AG",
            "text": "After all, that singing ability and dance are one of a kind. I think many people admire him.",
            "timestamp": "2022-08-09T00:56:03.763000"
        },
        {
            "utterance_id": 28,
            "interlocutor_id": "AC",
            "text": "Oh, really? Now I feel like I want to listen to him again. Wait for me, Yasukiyo-chan!",
            "timestamp": "2022-08-09T00:56:25.400000"
        },
        {
            "utterance_id": 29,
            "interlocutor_id": "AG",
            "text": "Please do! You should definitely check out his recent songs! They’re fresh and interesting compared to before.",
            "timestamp": "2022-08-09T00:56:52.203000"
        },
        {
            "utterance_id": 30,
            "interlocutor_id": "AC",
            "text": "I'll do that! Well then!",
            "timestamp": "2022-08-09T00:57:18.184000"
        }
    ],
    "evaluations": [
        {
            "interlocutor_id": "AC",
            "informativeness": 5,
            "comprehension": 5,
            "familiarity": 5,
            "interest": 5,
            "proactiveness": 5,
            "satisfaction": 5
        },
        {
            "interlocutor_id": "AG",
            "informativeness": 5,
            "comprehension": 5,
            "familiarity": 5,
            "interest": 5,
            "proactiveness": 5,
            "satisfaction": 5
        }
    ]
}