{
    "dialogue_id": 413,
    "interlocutors": [
        "AC",
        "AG"
    ],
    "utterances": [
        {
            "utterance_id": 0,
            "interlocutor_id": "AC",
            "text": "Good evening!",
            "timestamp": "2022-08-08T23:41:07.012000"
        },
        {
            "utterance_id": 1,
            "interlocutor_id": "AG",
            "text": "Good evening! I'm sorry to intrude.",
            "timestamp": "2022-08-08T23:41:18.802000"
        },
        {
            "utterance_id": 2,
            "interlocutor_id": "AC",
            "text": "How have you been? It seems that Abenomics has passed, but are you doing any financial techniques?",
            "timestamp": "2022-08-08T23:41:36.001000"
        },
        {
            "utterance_id": 3,
            "interlocutor_id": "AG",
            "text": "I haven't been able to do any financial techniques at all. What about you?",
            "timestamp": "2022-08-08T23:42:00.621000"
        },
        {
            "utterance_id": 4,
            "interlocutor_id": "AC",
            "text": "I've started iDeCo, just in case.",
            "timestamp": "2022-08-08T23:42:15.691000"
        },
        {
            "utterance_id": 5,
            "interlocutor_id": "AG",
            "text": "That's impressive! It's definitely better to start when you think about the future.",
            "timestamp": "2022-08-08T23:42:43.477000"
        },
        {
            "utterance_id": 6,
            "interlocutor_id": "AC",
            "text": "I thought so too, but honestly, my anxiety has increased.",
            "timestamp": "2022-08-08T23:42:55.967000"
        },
        {
            "utterance_id": 7,
            "interlocutor_id": "AG",
            "text": "Really? Is that so? Why is that?",
            "timestamp": "2022-08-08T23:43:10.935000"
        },
        {
            "utterance_id": 8,
            "interlocutor_id": "AC",
            "text": "Until now, I've been mainly saving, but now it's high-risk investment without capital guarantee!",
            "timestamp": "2022-08-08T23:43:31.595000"
        },
        {
            "utterance_id": 9,
            "interlocutor_id": "AG",
            "text": "That's true; there is a risk involved. But is it really that high-risk?",
            "timestamp": "2022-08-08T23:44:01.684000"
        },
        {
            "utterance_id": 10,
            "interlocutor_id": "AC",
            "text": "As a product, it's a normal financial product, so yes, it's high-risk.",
            "timestamp": "2022-08-08T23:44:18.164000"
        },
        {
            "utterance_id": 11,
            "interlocutor_id": "AG",
            "text": "I see. With high risk, is it possible for your original assets to be halved or something?",
            "timestamp": "2022-08-08T23:45:01.448000"
        },
        {
            "utterance_id": 12,
            "interlocutor_id": "AC",
            "text": "Yes! That can happen. You need to secure your profits while you're in the green.",
            "timestamp": "2022-08-08T23:45:18.149000"
        },
        {
            "utterance_id": 13,
            "interlocutor_id": "AG",
            "text": "Is it really that risky!? I guess you need to check it daily.",
            "timestamp": "2022-08-08T23:45:41.149000"
        },
        {
            "utterance_id": 14,
            "interlocutor_id": "AC",
            "text": "Exactly! It's always in the back of my mind, thinking about iDeCo every day.",
            "timestamp": "2022-08-08T23:46:00.296000"
        },
        {
            "utterance_id": 15,
            "interlocutor_id": "AG",
            "text": "Wow, that sounds tough. It adds a lot of stress, doesn't it?",
            "timestamp": "2022-08-08T23:46:23.120000"
        },
        {
            "utterance_id": 16,
            "interlocutor_id": "AC",
            "text": "It really does. Moreover, once you start iDeCo, you can't quit.",
            "timestamp": "2022-08-08T23:46:50.691000"
        },
        {
            "utterance_id": 17,
            "interlocutor_id": "AG",
            "text": "What? You can't quit? Can’t you withdraw everything?",
            "timestamp": "2022-08-08T23:47:21.740000"
        },
        {
            "utterance_id": 18,
            "interlocutor_id": "AC",
            "text": "No, you can't! You can't withdraw until you start receiving pension payments!",
            "timestamp": "2022-08-08T23:47:40.225000"
        },
        {
            "utterance_id": 19,
            "interlocutor_id": "AG",
            "text": "Ah! So that's how it works! That's frightening!",
            "timestamp": "2022-08-08T23:48:00.570000"
        },
        {
            "utterance_id": 20,
            "interlocutor_id": "AC",
            "text": "Right? It feels like I've been trapped by the government.",
            "timestamp": "2022-08-08T23:48:18.172000"
        },
        {
            "utterance_id": 21,
            "interlocutor_id": "AG",
            "text": "That's true. The government has its own investment policy for individuals. I wish they would explain more about the risks.",
            "timestamp": "2022-08-08T23:48:54.355000"
        },
        {
            "utterance_id": 22,
            "interlocutor_id": "AC",
            "text": "Right! How about you? Do you invest?",
            "timestamp": "2022-08-08T23:49:08.369000"
        },
        {
            "utterance_id": 23,
            "interlocutor_id": "AG",
            "text": "Not at all. I'm getting used to point investments, but I'm disappointed in my lack of talent.",
            "timestamp": "2022-08-08T23:49:40.071000"
        },
        {
            "utterance_id": 24,
            "interlocutor_id": "AC",
            "text": "Oh, like Rakuten points!",
            "timestamp": "2022-08-08T23:49:49.280000"
        },
        {
            "utterance_id": 25,
            "interlocutor_id": "AG",
            "text": "Yes. There are various points to try out, but right now, they keep going down.",
            "timestamp": "2022-08-08T23:50:13.678000"
        },
        {
            "utterance_id": 26,
            "interlocutor_id": "AC",
            "text": "The time to buy is when prices are falling!",
            "timestamp": "2022-08-08T23:50:27.297000"
        },
        {
            "utterance_id": 27,
            "interlocutor_id": "AG",
            "text": "That's right! So I've been trying to buy, but they just keep declining... I hope they go up soon.",
            "timestamp": "2022-08-08T23:50:58.127000"
        },
        {
            "utterance_id": 28,
            "interlocutor_id": "AC",
            "text": "True. Come on, good economy, come!",
            "timestamp": "2022-08-08T23:51:19.900000"
        },
        {
            "utterance_id": 29,
            "interlocutor_id": "AG",
            "text": "Come! I wish for that too!",
            "timestamp": "2022-08-08T23:51:36.321000"
        }
    ],
    "evaluations": [
        {
            "interlocutor_id": "AC",
            "informativeness": 5,
            "comprehension": 3,
            "familiarity": 5,
            "interest": 4,
            "proactiveness": 5,
            "satisfaction": 5
        },
        {
            "interlocutor_id": "AG",
            "informativeness": 4,
            "comprehension": 5,
            "familiarity": 5,
            "interest": 4,
            "proactiveness": 4,
            "satisfaction": 4
        }
    ]
}