{
    "dialogue_id": 416,
    "interlocutors": [
        "AC",
        "AG"
    ],
    "utterances": [
        {
            "utterance_id": 0,
            "interlocutor_id": "AC",
            "text": "Good evening!",
            "timestamp": "2022-08-09T00:17:29.569000"
        },
        {
            "utterance_id": 1,
            "interlocutor_id": "AG",
            "text": "Good evening!",
            "timestamp": "2022-08-09T00:17:40.276000"
        },
        {
            "utterance_id": 2,
            "interlocutor_id": "AC",
            "text": "What was for dinner today?",
            "timestamp": "2022-08-09T00:17:48.796000"
        },
        {
            "utterance_id": 3,
            "interlocutor_id": "AG",
            "text": "For dinner today, I had pangasius.",
            "timestamp": "2022-08-09T00:18:07.023000"
        },
        {
            "utterance_id": 4,
            "interlocutor_id": "AC",
            "text": "Ah! That mysterious white fish that I've been seeing a lot in supermarkets lately.",
            "timestamp": "2022-08-09T00:18:21.976000"
        },
        {
            "utterance_id": 5,
            "interlocutor_id": "AG",
            "text": "Oh! I haven’t met many people who know it, but yes, that’s it.",
            "timestamp": "2022-08-09T00:18:42.434000"
        },
        {
            "utterance_id": 6,
            "interlocutor_id": "AC",
            "text": "Just from the name, it gives off a South American vibe, but where is that fish from...?",
            "timestamp": "2022-08-09T00:19:04.429000"
        },
        {
            "utterance_id": 7,
            "interlocutor_id": "AG",
            "text": "I'm not sure. However, I like it because it's delicious.",
            "timestamp": "2022-08-09T00:19:21.638000"
        },
        {
            "utterance_id": 8,
            "interlocutor_id": "AC",
            "text": "It's delicious, huh!?",
            "timestamp": "2022-08-09T00:19:29.192000"
        },
        {
            "utterance_id": 9,
            "interlocutor_id": "AG",
            "text": "Yes! It's a lightly flavored, fluffy white fish, but once you season it, the flavor really seeps in.",
            "timestamp": "2022-08-09T00:20:09.714000"
        },
        {
            "utterance_id": 10,
            "interlocutor_id": "AC",
            "text": "Oh, that sounds delicious. I haven't tried it yet.",
            "timestamp": "2022-08-09T00:20:23.136000"
        },
        {
            "utterance_id": 11,
            "interlocutor_id": "AG",
            "text": "Is that so? Please do try it next time. It's also recommended for meunière and fried dishes.",
            "timestamp": "2022-08-09T00:20:51.205000"
        },
        {
            "utterance_id": 12,
            "interlocutor_id": "AC",
            "text": "Meunière sounds good! Recently, Japanese white fish has become very expensive.",
            "timestamp": "2022-08-09T00:21:10.640000"
        },
        {
            "utterance_id": 13,
            "interlocutor_id": "AG",
            "text": "You're right. Japanese white fish has a distinct flavor and is delicious, so I enjoy that too.",
            "timestamp": "2022-08-09T00:21:59.446000"
        },
        {
            "utterance_id": 14,
            "interlocutor_id": "AC",
            "text": "Ah, I get it! Fried horse mackerel is incredibly tasty.",
            "timestamp": "2022-08-09T00:22:17.339000"
        },
        {
            "utterance_id": 15,
            "interlocutor_id": "AG",
            "text": "It's delicious! The flavor of horse mackerel is truly wonderful.",
            "timestamp": "2022-08-09T00:22:38.982000"
        },
        {
            "utterance_id": 16,
            "interlocutor_id": "AC",
            "text": "It is, isn't it? I didn't used to like it as a child, but I've grown to love it in recent years.",
            "timestamp": "2022-08-09T00:23:01.382000"
        },
        {
            "utterance_id": 17,
            "interlocutor_id": "AG",
            "text": "It's interesting how as adults, we come to appreciate the quality of ingredients.",
            "timestamp": "2022-08-09T00:23:24.986000"
        },
        {
            "utterance_id": 18,
            "interlocutor_id": "AC",
            "text": "That's true. However, there aren't many ingredients that you first eat as an adult.",
            "timestamp": "2022-08-09T00:23:51.570000"
        },
        {
            "utterance_id": 19,
            "interlocutor_id": "AG",
            "text": "First time, huh? That might be true. I might have eaten pangasius without realizing it.",
            "timestamp": "2022-08-09T00:24:25.286000"
        },
        {
            "utterance_id": 20,
            "interlocutor_id": "AC",
            "text": "Ah, that could happen. Even the McDonald's Fillet-O-Fish, who knows what kind of fish it is.",
            "timestamp": "2022-08-09T00:24:46.803000"
        },
        {
            "utterance_id": 21,
            "interlocutor_id": "AG",
            "text": "That might be the case! Also, I've heard that sushi toppings in conveyor belt sushi might be substitute fish.",
            "timestamp": "2022-08-09T00:25:21.518000"
        },
        {
            "utterance_id": 22,
            "interlocutor_id": "AC",
            "text": "Really!? Since it's sushi, I thought all the fish must be from Japan.",
            "timestamp": "2022-08-09T00:25:41.332000"
        },
        {
            "utterance_id": 23,
            "interlocutor_id": "AG",
            "text": "What was it called again? There should be something like red sunfish.",
            "timestamp": "2022-08-09T00:26:14.778000"
        },
        {
            "utterance_id": 24,
            "interlocutor_id": "AC",
            "text": "I’ve eaten sunfish without realizing it.",
            "timestamp": "2022-08-09T00:26:23.496000"
        },
        {
            "utterance_id": 25,
            "interlocutor_id": "AG",
            "text": "Was it a substitute for tuna? That's surprising.",
            "timestamp": "2022-08-09T00:26:42.734000"
        },
        {
            "utterance_id": 26,
            "interlocutor_id": "AC",
            "text": "That's shocking! Sunfish that tastes like tuna!?",
            "timestamp": "2022-08-09T00:27:01.602000"
        },
        {
            "utterance_id": 27,
            "interlocutor_id": "AG",
            "text": "In that case, they should just call it sunfish sushi instead of tuna!",
            "timestamp": "2022-08-09T00:27:32.484000"
        },
        {
            "utterance_id": 28,
            "interlocutor_id": "AC",
            "text": "The sound of sunfish sushi! Thank you for the very interesting conversation today!",
            "timestamp": "2022-08-09T00:27:53.234000"
        },
        {
            "utterance_id": 29,
            "interlocutor_id": "AG",
            "text": "I also enjoyed our chat. Thank you!",
            "timestamp": "2022-08-09T00:28:11.609000"
        }
    ],
    "evaluations": [
        {
            "interlocutor_id": "AC",
            "informativeness": 5,
            "comprehension": 5,
            "familiarity": 5,
            "interest": 5,
            "proactiveness": 5,
            "satisfaction": 5
        },
        {
            "interlocutor_id": "AG",
            "informativeness": 5,
            "comprehension": 5,
            "familiarity": 5,
            "interest": 5,
            "proactiveness": 5,
            "satisfaction": 4
        }
    ]
}