{
    "dialogue_id": 412,
    "interlocutors": [
        "AC",
        "AG"
    ],
    "utterances": [
        {
            "utterance_id": 0,
            "interlocutor_id": "AC",
            "text": "Good evening!",
            "timestamp": "2022-08-08T23:29:57.989000"
        },
        {
            "utterance_id": 1,
            "interlocutor_id": "AG",
            "text": "Good evening! How are you?",
            "timestamp": "2022-08-08T23:30:07.328000"
        },
        {
            "utterance_id": 2,
            "interlocutor_id": "AC",
            "text": "What did you do today?",
            "timestamp": "2022-08-08T23:30:18.031000"
        },
        {
            "utterance_id": 3,
            "interlocutor_id": "AG",
            "text": "Today, I went to Costco for my mother's sudden shopping needs.",
            "timestamp": "2022-08-08T23:30:39.314000"
        },
        {
            "utterance_id": 4,
            "interlocutor_id": "AC",
            "text": "Costco! That's nice! You're a member, right?",
            "timestamp": "2022-08-08T23:30:49.926000"
        },
        {
            "utterance_id": 5,
            "interlocutor_id": "AG",
            "text": "Yes. Since I had heavy bags, I was tasked with carrying the items.",
            "timestamp": "2022-08-08T23:31:17.364000"
        },
        {
            "utterance_id": 6,
            "interlocutor_id": "AC",
            "text": "Thank you for carrying the bags! Did you find anything good?",
            "timestamp": "2022-08-08T23:31:43.473000"
        },
        {
            "utterance_id": 7,
            "interlocutor_id": "AG",
            "text": "There was a lot, but the one thing I was aiming for wasn't there.",
            "timestamp": "2022-08-08T23:32:13.336000"
        },
        {
            "utterance_id": 8,
            "interlocutor_id": "AC",
            "text": "Oh no. What were you aiming for?",
            "timestamp": "2022-08-08T23:32:32.706000"
        },
        {
            "utterance_id": 9,
            "interlocutor_id": "AG",
            "text": "Do you know Singha beer? I think it's from Singapore?",
            "timestamp": "2022-08-08T23:32:57.411000"
        },
        {
            "utterance_id": 10,
            "interlocutor_id": "AC",
            "text": "Oh! Do you usually drink it as your favorite?",
            "timestamp": "2022-08-08T23:33:11.960000"
        },
        {
            "utterance_id": 11,
            "interlocutor_id": "AG",
            "text": "No, actually, it was my first time shopping for it. The advertisement came today saying it was half price, so I was going to try and buy it.",
            "timestamp": "2022-08-08T23:33:53.402000"
        },
        {
            "utterance_id": 12,
            "interlocutor_id": "AC",
            "text": "Oh! If it was half price, it probably sold out, right?",
            "timestamp": "2022-08-08T23:34:09.748000"
        },
        {
            "utterance_id": 13,
            "interlocutor_id": "AG",
            "text": "I thought so too, but it seems they didn't restock in time, which is disappointing. They said it would come in next time.",
            "timestamp": "2022-08-08T23:34:42.879000"
        },
        {
            "utterance_id": 14,
            "interlocutor_id": "AC",
            "text": "I see. I'm looking forward to when it arrives next time.",
            "timestamp": "2022-08-08T23:34:59.077000"
        },
        {
            "utterance_id": 15,
            "interlocutor_id": "AG",
            "text": "Yes. If it's not cheap, I can't really indulge in foreign beer.",
            "timestamp": "2022-08-08T23:35:21.959000"
        },
        {
            "utterance_id": 16,
            "interlocutor_id": "AC",
            "text": "That's true. The taste is completely different with foreign beers.",
            "timestamp": "2022-08-08T23:35:36.735000"
        },
        {
            "utterance_id": 17,
            "interlocutor_id": "AG",
            "text": "It seems so. I've heard that Singha is a light and refreshing beer, suitable for summer.",
            "timestamp": "2022-08-08T23:36:04.324000"
        },
        {
            "utterance_id": 18,
            "interlocutor_id": "AC",
            "text": "Oh, that's lovely! Since it's from a hot country, it makes sense to enjoy it in the summer.",
            "timestamp": "2022-08-08T23:36:28.429000"
        },
        {
            "utterance_id": 19,
            "interlocutor_id": "AG",
            "text": "Exactly! And if it's half price, even if it doesn't suit my taste, I can accept it.",
            "timestamp": "2022-08-08T23:37:00.199000"
        },
        {
            "utterance_id": 20,
            "interlocutor_id": "AC",
            "text": "That makes sense! Speaking of which, lately, real beer has been too expensive.",
            "timestamp": "2022-08-08T23:37:13.716000"
        },
        {
            "utterance_id": 21,
            "interlocutor_id": "AG",
            "text": "It is expensive! It feels like the prices keep rising.",
            "timestamp": "2022-08-08T23:37:41.133000"
        },
        {
            "utterance_id": 22,
            "interlocutor_id": "AC",
            "text": "Yes, yes. Third beer seems to be increasing in price too.",
            "timestamp": "2022-08-08T23:37:57.721000"
        },
        {
            "utterance_id": 23,
            "interlocutor_id": "AG",
            "text": "Even the third one? If it’s not cheap, its value decreases.",
            "timestamp": "2022-08-08T23:38:23.060000"
        },
        {
            "utterance_id": 24,
            "interlocutor_id": "AC",
            "text": "I think so too! Recently, I've mostly been drinking non-alcoholic beer.",
            "timestamp": "2022-08-08T23:38:41.976000"
        },
        {
            "utterance_id": 25,
            "interlocutor_id": "AG",
            "text": "It seems that non-alcoholic and low-alcohol products are doing well! Non-alcoholic options are tasty these days too.",
            "timestamp": "2022-08-08T23:39:15.867000"
        },
        {
            "utterance_id": 26,
            "interlocutor_id": "AC",
            "text": "Yes! I actually quite like them!",
            "timestamp": "2022-08-08T23:39:33.640000"
        },
        {
            "utterance_id": 27,
            "interlocutor_id": "AG",
            "text": "In the past, they had weird flavors, but now they taste just fine. The companies have really worked hard.",
            "timestamp": "2022-08-08T23:39:58.128000"
        },
        {
            "utterance_id": 28,
            "interlocutor_id": "AC",
            "text": "That's true! Oh, talking about this makes me want to drink now.",
            "timestamp": "2022-08-08T23:40:15.938000"
        },
        {
            "utterance_id": 29,
            "interlocutor_id": "AG",
            "text": "Me too! I had fun discussing alcohol.",
            "timestamp": "2022-08-08T23:40:43.606000"
        }
    ],
    "evaluations": [
        {
            "interlocutor_id": "AC",
            "informativeness": 5,
            "comprehension": 5,
            "familiarity": 5,
            "interest": 5,
            "proactiveness": 5,
            "satisfaction": 5
        },
        {
            "interlocutor_id": "AG",
            "informativeness": 4,
            "comprehension": 4,
            "familiarity": 5,
            "interest": 4,
            "proactiveness": 4,
            "satisfaction": 4
        }
    ]
}