{
    "dialogue_id": 415,
    "interlocutors": [
        "AC",
        "AG"
    ],
    "utterances": [
        {
            "utterance_id": 0,
            "interlocutor_id": "AC",
            "text": "Good evening! How are you?",
            "timestamp": "2022-08-09T00:04:13.159000"
        },
        {
            "utterance_id": 1,
            "interlocutor_id": "AG",
            "text": "Good evening!",
            "timestamp": "2022-08-09T00:04:22.648000"
        },
        {
            "utterance_id": 2,
            "interlocutor_id": "AC",
            "text": "I've been wondering recently why I get hungry when I use my brain.",
            "timestamp": "2022-08-09T00:04:45.684000"
        },
        {
            "utterance_id": 3,
            "interlocutor_id": "AG",
            "text": "I understand. It makes sense when you use your body, but you also wonder if it's the same for your brain, right?",
            "timestamp": "2022-08-09T00:05:14.005000"
        },
        {
            "utterance_id": 4,
            "interlocutor_id": "AC",
            "text": "Exactly! Even though I’m not moving at all, I feel hungry.",
            "timestamp": "2022-08-09T00:05:29.552000"
        },
        {
            "utterance_id": 5,
            "interlocutor_id": "AG",
            "text": "I've heard that the brain consumes glucose and other sugars to function, could that be the reason?",
            "timestamp": "2022-08-09T00:06:01.296000"
        },
        {
            "utterance_id": 6,
            "interlocutor_id": "AC",
            "text": "I’ve heard that too. So, when I feel hungry without exercising, would juice be good?",
            "timestamp": "2022-08-09T00:06:29.717000"
        },
        {
            "utterance_id": 7,
            "interlocutor_id": "AG",
            "text": "Juice does provide sugar. But there's something about juice that doesn't seem to satisfy my hunger.",
            "timestamp": "2022-08-09T00:07:11.603000"
        },
        {
            "utterance_id": 8,
            "interlocutor_id": "AC",
            "text": "It really doesn’t! Not at all!",
            "timestamp": "2022-08-09T00:07:19.477000"
        },
        {
            "utterance_id": 9,
            "interlocutor_id": "AG",
            "text": "The extreme would be, should I just lick sugar?",
            "timestamp": "2022-08-09T00:07:45.056000"
        },
        {
            "utterance_id": 10,
            "interlocutor_id": "AC",
            "text": "That's true! I wonder if sugar wouldn’t turn into fat?",
            "timestamp": "2022-08-09T00:08:07.864000"
        },
        {
            "utterance_id": 11,
            "interlocutor_id": "AG",
            "text": "I think sugar can also turn into fat. Or if it overflows in the blood, it can lead to diabetes.",
            "timestamp": "2022-08-09T00:09:05.148000"
        },
        {
            "utterance_id": 12,
            "interlocutor_id": "AC",
            "text": "Diabetes! I’m really worried about that.",
            "timestamp": "2022-08-09T00:09:20.502000"
        },
        {
            "utterance_id": 13,
            "interlocutor_id": "AG",
            "text": "It seems like there are quite a few people with diabetes, and it seems largely due to lifestyle choices.",
            "timestamp": "2022-08-09T00:09:53.570000"
        },
        {
            "utterance_id": 14,
            "interlocutor_id": "AC",
            "text": "Ouch! This is hard to hear!",
            "timestamp": "2022-08-09T00:10:04.002000"
        },
        {
            "utterance_id": 15,
            "interlocutor_id": "AG",
            "text": "Of course, there are also genetic factors and other reasons... I'm worried too.",
            "timestamp": "2022-08-09T00:10:38.615000"
        },
        {
            "utterance_id": 16,
            "interlocutor_id": "AC",
            "text": "Do you not exercise much?",
            "timestamp": "2022-08-09T00:10:50.088000"
        },
        {
            "utterance_id": 17,
            "interlocutor_id": "AG",
            "text": "Not really. I mostly stay at home and don’t move much even there!",
            "timestamp": "2022-08-09T00:11:17.743000"
        },
        {
            "utterance_id": 18,
            "interlocutor_id": "AC",
            "text": "Me too! I wonder if I should buy some exercise equipment that I can use at home.",
            "timestamp": "2022-08-09T00:11:32.563000"
        },
        {
            "utterance_id": 19,
            "interlocutor_id": "AG",
            "text": "I hope the exercise equipment would be something I stick with... I have quite a few things that I’ve never used at home.",
            "timestamp": "2022-08-09T00:12:04.116000"
        },
        {
            "utterance_id": 20,
            "interlocutor_id": "AC",
            "text": "Things you haven’t used? Like what?",
            "timestamp": "2022-08-09T00:12:18.759000"
        },
        {
            "utterance_id": 21,
            "interlocutor_id": "AG",
            "text": "Like a stability ball. I’ve kept it deflated for years, so I’m anxious about using it next time.",
            "timestamp": "2022-08-09T00:12:53.848000"
        },
        {
            "utterance_id": 22,
            "interlocutor_id": "AC",
            "text": "That's dangerous; you should replace it! It might just pop when you sit on it!",
            "timestamp": "2022-08-09T00:13:17.664000"
        },
        {
            "utterance_id": 23,
            "interlocutor_id": "AG",
            "text": "That's true! Since it's rubber, that's the scariest part. Do you have any equipment?",
            "timestamp": "2022-08-09T00:13:44.309000"
        },
        {
            "utterance_id": 24,
            "interlocutor_id": "AC",
            "text": "I’ve never bought any. I do have some interests, though.",
            "timestamp": "2022-08-09T00:14:07.293000"
        },
        {
            "utterance_id": 25,
            "interlocutor_id": "AG",
            "text": "Is that so? But that might be the right choice. Walking seems to be the cheapest form of exercise.",
            "timestamp": "2022-08-09T00:14:42.355000"
        },
        {
            "utterance_id": 26,
            "interlocutor_id": "AC",
            "text": "Ugh. Honestly, I’m considering spending a lot of money on electric muscle stimulators for my six-pack plan.",
            "timestamp": "2022-08-09T00:15:21.229000"
        },
        {
            "utterance_id": 27,
            "interlocutor_id": "AG",
            "text": "Ah! That's true; those seem easy! If they actually work, that would be great!",
            "timestamp": "2022-08-09T00:15:54.883000"
        },
        {
            "utterance_id": 28,
            "interlocutor_id": "AC",
            "text": "Yes! They’re super expensive, though. If you ever buy one, let me know how it works!",
            "timestamp": "2022-08-09T00:16:16.894000"
        },
        {
            "utterance_id": 29,
            "interlocutor_id": "AG",
            "text": "If I get to try it, I'll talk to you about it again!",
            "timestamp": "2022-08-09T00:16:45.410000"
        }
    ],
    "evaluations": [
        {
            "interlocutor_id": "AC",
            "informativeness": 5,
            "comprehension": 5,
            "familiarity": 5,
            "interest": 5,
            "proactiveness": 5,
            "satisfaction": 5
        },
        {
            "interlocutor_id": "AG",
            "informativeness": 5,
            "comprehension": 4,
            "familiarity": 5,
            "interest": 4,
            "proactiveness": 4,
            "satisfaction": 4
        }
    ]
}