{
    "dialogue_id": 423,
    "interlocutors": [
        "AC",
        "BF"
    ],
    "utterances": [
        {
            "utterance_id": 0,
            "interlocutor_id": "AC",
            "text": "Hello! How are you?",
            "timestamp": "2022-08-10T09:21:59.651000"
        },
        {
            "utterance_id": 1,
            "interlocutor_id": "BF",
            "text": "Thank you!",
            "timestamp": "2022-08-10T09:22:11.356000"
        },
        {
            "utterance_id": 2,
            "interlocutor_id": "AC",
            "text": "The day before yesterday, I kind of messed up a bit.",
            "timestamp": "2022-08-10T09:22:23.977000"
        },
        {
            "utterance_id": 3,
            "interlocutor_id": "BF",
            "text": "Oh, what did you do?",
            "timestamp": "2022-08-10T09:22:43.221000"
        },
        {
            "utterance_id": 4,
            "interlocutor_id": "AC",
            "text": "I bumped my little toe on the furniture. It was like a gag from the Showa era.",
            "timestamp": "2022-08-10T09:23:09.717000"
        },
        {
            "utterance_id": 5,
            "interlocutor_id": "BF",
            "text": "Ouch! Are you okay?",
            "timestamp": "2022-08-10T09:23:27.281000"
        },
        {
            "utterance_id": 6,
            "interlocutor_id": "AC",
            "text": "It was the kind of pain that made me unable to scream. And my little toenail came off.",
            "timestamp": "2022-08-10T09:23:45.530000"
        },
        {
            "utterance_id": 7,
            "interlocutor_id": "BF",
            "text": "Wow, just hearing that gives me chills.",
            "timestamp": "2022-08-10T09:24:09.842000"
        },
        {
            "utterance_id": 8,
            "interlocutor_id": "AC",
            "text": "At that moment, I felt like I was being interrogated or something.",
            "timestamp": "2022-08-10T09:24:25.953000"
        },
        {
            "utterance_id": 9,
            "interlocutor_id": "BF",
            "text": "It’s understated but really painful, isn’t it?",
            "timestamp": "2022-08-10T09:25:15.955000"
        },
        {
            "utterance_id": 10,
            "interlocutor_id": "AC",
            "text": "It hurts! Did you know? They say aliens are secretly hiding during those times.",
            "timestamp": "2022-08-10T09:25:35.328000"
        },
        {
            "utterance_id": 11,
            "interlocutor_id": "BF",
            "text": "Huh? Huh? What does that mean?",
            "timestamp": "2022-08-10T09:25:51.850000"
        },
        {
            "utterance_id": 12,
            "interlocutor_id": "AC",
            "text": "Apparently, aliens distort space so that we accidentally bump into things on purpose as an attack.",
            "timestamp": "2022-08-10T09:26:09.851000"
        },
        {
            "utterance_id": 13,
            "interlocutor_id": "BF",
            "text": "What the heck! So it was the aliens' doing...",
            "timestamp": "2022-08-10T09:26:26.897000"
        },
        {
            "utterance_id": 14,
            "interlocutor_id": "AC",
            "text": "A subtle yet cruel attack.",
            "timestamp": "2022-08-10T09:26:48.158000"
        },
        {
            "utterance_id": 15,
            "interlocutor_id": "BF",
            "text": "I often bump my head, but is it possible the aliens are behind that too!?",
            "timestamp": "2022-08-10T09:27:11.516000"
        },
        {
            "utterance_id": 16,
            "interlocutor_id": "AC",
            "text": "Really? I can't imagine how you bump your head!",
            "timestamp": "2022-08-10T09:27:22.116000"
        },
        {
            "utterance_id": 17,
            "interlocutor_id": "BF",
            "text": "Haha! I get told that often!",
            "timestamp": "2022-08-10T09:28:03.948000"
        },
        {
            "utterance_id": 18,
            "interlocutor_id": "AC",
            "text": "But when it hurts for no reason, the theory of aliens becomes more plausible!",
            "timestamp": "2022-08-10T09:28:22.298000"
        },
        {
            "utterance_id": 19,
            "interlocutor_id": "BF",
            "text": "Hearing that makes me feel a bit relieved.",
            "timestamp": "2022-08-10T09:28:42.528000"
        },
        {
            "utterance_id": 20,
            "interlocutor_id": "AC",
            "text": "Why relieved?",
            "timestamp": "2022-08-10T09:28:57.523000"
        },
        {
            "utterance_id": 21,
            "interlocutor_id": "BF",
            "text": "I thought I was just clumsy, but it turns out I wasn't!",
            "timestamp": "2022-08-10T09:29:25.653000"
        },
        {
            "utterance_id": 22,
            "interlocutor_id": "AC",
            "text": "That's what it is! Of course, we're not clumsy at all! We are victims of an intergalactic war!",
            "timestamp": "2022-08-10T09:29:52.482000"
        },
        {
            "utterance_id": 23,
            "interlocutor_id": "BF",
            "text": "Haha! From now on, I want to act proud even when I bump my head!",
            "timestamp": "2022-08-10T09:30:24.376000"
        },
        {
            "utterance_id": 24,
            "interlocutor_id": "AC",
            "text": "Yeah, me too! But the attacks are so subtle that it feels like it never ends.",
            "timestamp": "2022-08-10T09:30:46.615000"
        },
        {
            "utterance_id": 25,
            "interlocutor_id": "BF",
            "text": "That's true. But I feel like if I act hurt or make a big fuss, it would be a loss.",
            "timestamp": "2022-08-10T09:31:23.759000"
        },
        {
            "utterance_id": 26,
            "interlocutor_id": "AC",
            "text": "I see! No wonder I couldn't make a sound. It's in my DNA to stay silent!",
            "timestamp": "2022-08-10T09:32:00.362000"
        },
        {
            "utterance_id": 27,
            "interlocutor_id": "BF",
            "text": "What, at a genetic level! It seems like the battles will continue.",
            "timestamp": "2022-08-10T09:32:30.426000"
        },
        {
            "utterance_id": 28,
            "interlocutor_id": "AC",
            "text": "I won’t lose! Commander, let’s fight through this together!",
            "timestamp": "2022-08-10T09:32:54.361000"
        },
        {
            "utterance_id": 29,
            "interlocutor_id": "BF",
            "text": "Yes! Let’s do our best! Thank you for today!",
            "timestamp": "2022-08-10T09:33:14.064000"
        }
    ],
    "evaluations": [
        {
            "interlocutor_id": "AC",
            "informativeness": 5,
            "comprehension": 5,
            "familiarity": 5,
            "interest": 5,
            "proactiveness": 5,
            "satisfaction": 5
        },
        {
            "interlocutor_id": "BF",
            "informativeness": 5,
            "comprehension": 5,
            "familiarity": 5,
            "interest": 4,
            "proactiveness": 4,
            "satisfaction": 4
        }
    ]
}