{
    "dialogue_id": 420,
    "interlocutors": [
        "AC",
        "AG"
    ],
    "utterances": [
        {
            "utterance_id": 0,
            "interlocutor_id": "AC",
            "text": "How are you? Nice to meet you!",
            "timestamp": "2022-08-09T01:12:49.688000"
        },
        {
            "utterance_id": 1,
            "interlocutor_id": "AG",
            "text": "Likewise! Nice to meet you!",
            "timestamp": "2022-08-09T01:13:04.962000"
        },
        {
            "utterance_id": 2,
            "interlocutor_id": "AC",
            "text": "Shall we talk about our school days?",
            "timestamp": "2022-08-09T01:13:19.109000"
        },
        {
            "utterance_id": 3,
            "interlocutor_id": "AG",
            "text": "Sounds good! What topic shall we discuss?",
            "timestamp": "2022-08-09T01:13:35.963000"
        },
        {
            "utterance_id": 4,
            "interlocutor_id": "AC",
            "text": "Well then, where did you go for your school trip?",
            "timestamp": "2022-08-09T01:13:50.656000"
        },
        {
            "utterance_id": 5,
            "interlocutor_id": "AG",
            "text": "When I was in high school, I went to Kyushu and Okinawa. It was a fun time in a new place.",
            "timestamp": "2022-08-09T01:14:26.099000"
        },
        {
            "utterance_id": 6,
            "interlocutor_id": "AC",
            "text": "Oh! Did you go to two places for your high school trip?",
            "timestamp": "2022-08-09T01:14:48.281000"
        },
        {
            "utterance_id": 7,
            "interlocutor_id": "AG",
            "text": "Yes. It was Nagasaki, Kumamoto, and then Okinawa. That's how it was.",
            "timestamp": "2022-08-09T01:15:19.972000"
        },
        {
            "utterance_id": 8,
            "interlocutor_id": "AC",
            "text": "That's a fulfilling route!",
            "timestamp": "2022-08-09T01:15:29.770000"
        },
        {
            "utterance_id": 9,
            "interlocutor_id": "AG",
            "text": "Indeed! I really enjoyed it! How about you, where did you go?",
            "timestamp": "2022-08-09T01:15:50.923000"
        },
        {
            "utterance_id": 10,
            "interlocutor_id": "AC",
            "text": "I went to Hokkaido when I was in high school.",
            "timestamp": "2022-08-09T01:16:00.336000"
        },
        {
            "utterance_id": 11,
            "interlocutor_id": "AG",
            "text": "Hokkaido! That's nice! I've never been there, so I admire it.",
            "timestamp": "2022-08-09T01:16:17.601000"
        },
        {
            "utterance_id": 12,
            "interlocutor_id": "AC",
            "text": "More than being fun, I only remember how delicious it was.",
            "timestamp": "2022-08-09T01:16:37.337000"
        },
        {
            "utterance_id": 13,
            "interlocutor_id": "AG",
            "text": "Haha! Indeed, when it comes to Hokkaido, gourmet food is a must.",
            "timestamp": "2022-08-09T01:16:58.577000"
        },
        {
            "utterance_id": 14,
            "interlocutor_id": "AC",
            "text": "Yes. I remember eating a lot!",
            "timestamp": "2022-08-09T01:17:13.454000"
        },
        {
            "utterance_id": 15,
            "interlocutor_id": "AG",
            "text": "What was the most delicious thing?",
            "timestamp": "2022-08-09T01:17:26.896000"
        },
        {
            "utterance_id": 16,
            "interlocutor_id": "AC",
            "text": "It was the three-color bowl. Ikura, salmon, and crab!",
            "timestamp": "2022-08-09T01:17:51.388000"
        },
        {
            "utterance_id": 17,
            "interlocutor_id": "AG",
            "text": "Splendid! And was it one that was loaded?",
            "timestamp": "2022-08-09T01:18:16.945000"
        },
        {
            "utterance_id": 18,
            "interlocutor_id": "AC",
            "text": "Of course! And it also cost quite a bit!",
            "timestamp": "2022-08-09T01:18:37.741000"
        },
        {
            "utterance_id": 19,
            "interlocutor_id": "AG",
            "text": "So it was expensive, huh? But it seems like you would be very satisfied after eating that much.",
            "timestamp": "2022-08-09T01:19:10.928000"
        },
        {
            "utterance_id": 20,
            "interlocutor_id": "AC",
            "text": "Yes. If I went now, I would probably hold back a bit, but back then, I didn't understand the value of money.",
            "timestamp": "2022-08-09T01:19:39.224000"
        },
        {
            "utterance_id": 21,
            "interlocutor_id": "AG",
            "text": "Haha! I get it. When you're a student, you spend your allowance without thinking twice.",
            "timestamp": "2022-08-09T01:20:08.340000"
        },
        {
            "utterance_id": 22,
            "interlocutor_id": "AC",
            "text": "Exactly! Spending 2000 yen on ramen is impossible now!",
            "timestamp": "2022-08-09T01:20:24.060000"
        },
        {
            "utterance_id": 23,
            "interlocutor_id": "AG",
            "text": "2000 yen for ramen! That’s some high-end ramen, right? Seafood or something?",
            "timestamp": "2022-08-09T01:20:48.384000"
        },
        {
            "utterance_id": 24,
            "interlocutor_id": "AC",
            "text": "Well, it had crab legs in it, but even butter corn ramen was over 1000 yen back then.",
            "timestamp": "2022-08-09T01:21:23.875000"
        },
        {
            "utterance_id": 25,
            "interlocutor_id": "AG",
            "text": "Really!? Was it from a place with a special reputation?",
            "timestamp": "2022-08-09T01:22:02.835000"
        },
        {
            "utterance_id": 26,
            "interlocutor_id": "AC",
            "text": "No, I think it was just the tourist spot prices!",
            "timestamp": "2022-08-09T01:22:15.102000"
        },
        {
            "utterance_id": 27,
            "interlocutor_id": "AG",
            "text": "Ah, I see! Tourist spots can be quite scary! Students are easy targets...",
            "timestamp": "2022-08-09T01:22:42.556000"
        },
        {
            "utterance_id": 28,
            "interlocutor_id": "AC",
            "text": "Exactly! Our school trip was a trip where we got completely taken advantage of. But I want to go again!",
            "timestamp": "2022-08-09T01:22:57.762000"
        },
        {
            "utterance_id": 29,
            "interlocutor_id": "AG",
            "text": "So true. It was fun because we were free back then. Thank you for sharing those precious memories!",
            "timestamp": "2022-08-09T01:23:37.548000"
        },
        {
            "utterance_id": 30,
            "interlocutor_id": "AC",
            "text": "Thank you too!",
            "timestamp": "2022-08-09T01:23:45.384000"
        }
    ],
    "evaluations": [
        {
            "interlocutor_id": "AC",
            "informativeness": 5,
            "comprehension": 3,
            "familiarity": 5,
            "interest": 5,
            "proactiveness": 5,
            "satisfaction": 5
        },
        {
            "interlocutor_id": "AG",
            "informativeness": 5,
            "comprehension": 5,
            "familiarity": 5,
            "interest": 4,
            "proactiveness": 5,
            "satisfaction": 4
        }
    ]
}