{
    "dialogue_id": 424,
    "interlocutors": [
        "BF",
        "AC"
    ],
    "utterances": [
        {
            "utterance_id": 0,
            "interlocutor_id": "BF",
            "text": "Hello, good morning!",
            "timestamp": "2022-08-10T09:33:44.576000"
        },
        {
            "utterance_id": 1,
            "interlocutor_id": "AC",
            "text": "Yes! Good morning!",
            "timestamp": "2022-08-10T09:33:51.856000"
        },
        {
            "utterance_id": 2,
            "interlocutor_id": "BF",
            "text": "Today has been a disaster since this morning.",
            "timestamp": "2022-08-10T09:34:07.542000"
        },
        {
            "utterance_id": 3,
            "interlocutor_id": "AC",
            "text": "What happened?",
            "timestamp": "2022-08-10T09:34:15.876000"
        },
        {
            "utterance_id": 4,
            "interlocutor_id": "BF",
            "text": "There was a water leak from the washing machine!",
            "timestamp": "2022-08-10T09:34:27.504000"
        },
        {
            "utterance_id": 5,
            "interlocutor_id": "AC",
            "text": "Oh no! That's serious! Do you think it's broken?",
            "timestamp": "2022-08-10T09:34:48.805000"
        },
        {
            "utterance_id": 6,
            "interlocutor_id": "BF",
            "text": "It's a drum type, but it seems like the lid's packing was loosened.",
            "timestamp": "2022-08-10T09:35:15.081000"
        },
        {
            "utterance_id": 7,
            "interlocutor_id": "AC",
            "text": "Oh dear. That sounds like a big mess.",
            "timestamp": "2022-08-10T09:35:27.866000"
        },
        {
            "utterance_id": 8,
            "interlocutor_id": "BF",
            "text": "Yes, the floor was completely soaked. I felt hopeless.",
            "timestamp": "2022-08-10T09:35:50.574000"
        },
        {
            "utterance_id": 9,
            "interlocutor_id": "AC",
            "text": "That's tough. So, is it an apartment?",
            "timestamp": "2022-08-10T09:36:10.728000"
        },
        {
            "utterance_id": 10,
            "interlocutor_id": "BF",
            "text": "It's an apartment. But since it's on the first floor, I was lucky.",
            "timestamp": "2022-08-10T09:36:33.447000"
        },
        {
            "utterance_id": 11,
            "interlocutor_id": "AC",
            "text": "Ah, that's good! In the past, when I lived in a housing complex, I often had leaks from the upper floors.",
            "timestamp": "2022-08-10T09:36:56.529000"
        },
        {
            "utterance_id": 12,
            "interlocutor_id": "BF",
            "text": "Yikes! That must have been tough!",
            "timestamp": "2022-08-10T09:37:10.850000"
        },
        {
            "utterance_id": 13,
            "interlocutor_id": "AC",
            "text": "Yes. But since it was in the Showa era, it felt like a common occurrence for everyone.",
            "timestamp": "2022-08-10T09:37:25.632000"
        },
        {
            "utterance_id": 14,
            "interlocutor_id": "BF",
            "text": "Oh, it was a peaceful time, huh? Now, that would likely lead to a lot of disputes.",
            "timestamp": "2022-08-10T09:37:53.756000"
        },
        {
            "utterance_id": 15,
            "interlocutor_id": "AC",
            "text": "Yes, it probably would. Hearing that makes me hesitate to buy a drum type.",
            "timestamp": "2022-08-10T09:38:16.447000"
        },
        {
            "utterance_id": 16,
            "interlocutor_id": "BF",
            "text": "They are convenient, though. We've been using ours for a long time, so that might be why.",
            "timestamp": "2022-08-10T09:38:50.472000"
        },
        {
            "utterance_id": 17,
            "interlocutor_id": "AC",
            "text": "Aren't washing machines supposed to last over 20 years?",
            "timestamp": "2022-08-10T09:39:04.191000"
        },
        {
            "utterance_id": 18,
            "interlocutor_id": "BF",
            "text": "Really?! Is the lifespan of a washing machine that long?",
            "timestamp": "2022-08-10T09:39:23.752000"
        },
        {
            "utterance_id": 19,
            "interlocutor_id": "AC",
            "text": "I think so. Ours has been around for over 15 years.",
            "timestamp": "2022-08-10T09:39:37.696000"
        },
        {
            "utterance_id": 20,
            "interlocutor_id": "BF",
            "text": "Is that so... ours is only about 10 years old.",
            "timestamp": "2022-08-10T09:40:01.899000"
        },
        {
            "utterance_id": 21,
            "interlocutor_id": "AC",
            "text": "The packing tends to wear out easily. Now that I think about it, we might have used my parents' washing machine for over 30 years.",
            "timestamp": "2022-08-10T09:40:29.632000"
        },
        {
            "utterance_id": 22,
            "interlocutor_id": "BF",
            "text": "That's impressive! I wonder if I should replace the packing...",
            "timestamp": "2022-08-10T09:40:58.243000"
        },
        {
            "utterance_id": 23,
            "interlocutor_id": "AC",
            "text": "If you can do that, it would be the best option. Oh, but recently it might be cheaper to just buy a new one.",
            "timestamp": "2022-08-10T09:41:27.129000"
        },
        {
            "utterance_id": 24,
            "interlocutor_id": "BF",
            "text": "That might be true. But that's a painful expense.",
            "timestamp": "2022-08-10T09:41:48.613000"
        },
        {
            "utterance_id": 25,
            "interlocutor_id": "AC",
            "text": "Right? Plus, when it breaks down, it's a troublesome appliance right away.",
            "timestamp": "2022-08-10T09:42:06.861000"
        },
        {
            "utterance_id": 26,
            "interlocutor_id": "BF",
            "text": "That's for sure! I'm thinking of heading to the electronics store today.",
            "timestamp": "2022-08-10T09:42:43.707000"
        },
        {
            "utterance_id": 27,
            "interlocutor_id": "AC",
            "text": "Yes! I hope you find something good!",
            "timestamp": "2022-08-10T09:42:55.133000"
        },
        {
            "utterance_id": 28,
            "interlocutor_id": "BF",
            "text": "Thank you! Well then, I'll take my leave here.",
            "timestamp": "2022-08-10T09:43:07.831000"
        },
        {
            "utterance_id": 29,
            "interlocutor_id": "AC",
            "text": "Yes, see you again!",
            "timestamp": "2022-08-10T09:43:13.944000"
        }
    ],
    "evaluations": [
        {
            "interlocutor_id": "BF",
            "informativeness": 5,
            "comprehension": 5,
            "familiarity": 5,
            "interest": 4,
            "proactiveness": 4,
            "satisfaction": 4
        },
        {
            "interlocutor_id": "AC",
            "informativeness": 5,
            "comprehension": 5,
            "familiarity": 5,
            "interest": 5,
            "proactiveness": 5,
            "satisfaction": 5
        }
    ]
}