{
    "dialogue_id": 425,
    "interlocutors": [
        "AC",
        "BF"
    ],
    "utterances": [
        {
            "utterance_id": 0,
            "interlocutor_id": "AC",
            "text": "Good morning!",
            "timestamp": "2022-08-10T09:43:34.608000"
        },
        {
            "utterance_id": 1,
            "interlocutor_id": "BF",
            "text": "Good morning!",
            "timestamp": "2022-08-10T09:43:46.623000"
        },
        {
            "utterance_id": 2,
            "interlocutor_id": "AC",
            "text": "What time did you wake up this morning?",
            "timestamp": "2022-08-10T09:44:05.751000"
        },
        {
            "utterance_id": 3,
            "interlocutor_id": "BF",
            "text": "Around 8 o'clock. I slept in a bit.",
            "timestamp": "2022-08-10T09:44:20.920000"
        },
        {
            "utterance_id": 4,
            "interlocutor_id": "AC",
            "text": "Oh my, sleeping in at 8 o'clock! Do you usually wake up earlier?",
            "timestamp": "2022-08-10T09:44:39.493000"
        },
        {
            "utterance_id": 5,
            "interlocutor_id": "BF",
            "text": "Usually around 6:30, because I prepare my husband's lunch.",
            "timestamp": "2022-08-10T09:45:03.235000"
        },
        {
            "utterance_id": 6,
            "interlocutor_id": "AC",
            "text": "That's impressive! And early too! Are you strong in the mornings?",
            "timestamp": "2022-08-10T09:45:16.474000"
        },
        {
            "utterance_id": 7,
            "interlocutor_id": "BF",
            "text": "Not at all! I would sleep as much as possible if I could!",
            "timestamp": "2022-08-10T09:45:39.649000"
        },
        {
            "utterance_id": 8,
            "interlocutor_id": "AC",
            "text": "Oh, I'm the same! Napping twice is the best feeling!",
            "timestamp": "2022-08-10T09:45:54.850000"
        },
        {
            "utterance_id": 9,
            "interlocutor_id": "BF",
            "text": "I understand! My husband is off today, so I boldly took a second nap!",
            "timestamp": "2022-08-10T09:46:17.622000"
        },
        {
            "utterance_id": 10,
            "interlocutor_id": "AC",
            "text": "That's nice! Does that mean it's already the Obon holidays?",
            "timestamp": "2022-08-10T09:46:37.090000"
        },
        {
            "utterance_id": 11,
            "interlocutor_id": "BF",
            "text": "Yes, that's right, I have about a week off starting today.",
            "timestamp": "2022-08-10T09:47:00.532000"
        },
        {
            "utterance_id": 12,
            "interlocutor_id": "AC",
            "text": "Yay! That means I can take a break from making lunch for a week!",
            "timestamp": "2022-08-10T09:47:14.939000"
        },
        {
            "utterance_id": 13,
            "interlocutor_id": "BF",
            "text": "Exactly! That might be the best part!",
            "timestamp": "2022-08-10T09:47:30.064000"
        },
        {
            "utterance_id": 14,
            "interlocutor_id": "AC",
            "text": "I understand. I also make lunch for my husband.",
            "timestamp": "2022-08-10T09:47:41.574000"
        },
        {
            "utterance_id": 15,
            "interlocutor_id": "BF",
            "text": "That's impressive! Making lunch can be quite tough, can't it?",
            "timestamp": "2022-08-10T09:48:12.256000"
        },
        {
            "utterance_id": 16,
            "interlocutor_id": "AC",
            "text": "It really is. Unlike kids' lunches, my husband's is endless.",
            "timestamp": "2022-08-10T09:48:36.643000"
        },
        {
            "utterance_id": 17,
            "interlocutor_id": "BF",
            "text": "That's true. I've heard that women at work peek at it, so I try my best to make it every day.",
            "timestamp": "2022-08-10T09:49:14.429000"
        },
        {
            "utterance_id": 18,
            "interlocutor_id": "AC",
            "text": "Wow! That's too scary!",
            "timestamp": "2022-08-10T09:49:23.935000"
        },
        {
            "utterance_id": 19,
            "interlocutor_id": "BF",
            "text": "Right? It's really unpleasant!",
            "timestamp": "2022-08-10T09:49:40.796000"
        },
        {
            "utterance_id": 20,
            "interlocutor_id": "AC",
            "text": "I absolutely dislike it! At my house, every day it's just brown side dishes.",
            "timestamp": "2022-08-10T09:49:58.749000"
        },
        {
            "utterance_id": 21,
            "interlocutor_id": "BF",
            "text": "Haha! But, brown side dishes tend to be more delicious!",
            "timestamp": "2022-08-10T09:50:26.857000"
        },
        {
            "utterance_id": 22,
            "interlocutor_id": "AC",
            "text": "That’s true! But when it feels like being watched… I should ask my husband about what's happening at his company next time.",
            "timestamp": "2022-08-10T09:51:09.350000"
        },
        {
            "utterance_id": 23,
            "interlocutor_id": "BF",
            "text": "Even if your husband is unaware, there's a possibility they're glancing at it, so be careful!",
            "timestamp": "2022-08-10T09:51:47.564000"
        },
        {
            "utterance_id": 24,
            "interlocutor_id": "AC",
            "text": "No way! Have they already seen it? Do they call me the brown wife?",
            "timestamp": "2022-08-10T09:52:17.790000"
        },
        {
            "utterance_id": 25,
            "interlocutor_id": "BF",
            "text": "Brown wife! That's funny!",
            "timestamp": "2022-08-10T09:52:46.643000"
        },
        {
            "utterance_id": 26,
            "interlocutor_id": "AC",
            "text": "No way! From now on, I will always include cherry tomatoes!",
            "timestamp": "2022-08-10T09:53:06.622000"
        },
        {
            "utterance_id": 27,
            "interlocutor_id": "BF",
            "text": "If you add cherry tomatoes and broccoli, you can escape the brown lunch!",
            "timestamp": "2022-08-10T09:53:30.748000"
        },
        {
            "utterance_id": 28,
            "interlocutor_id": "AC",
            "text": "Great idea! I'll do that, thank you!",
            "timestamp": "2022-08-10T09:53:46.088000"
        },
        {
            "utterance_id": 29,
            "interlocutor_id": "BF",
            "text": "No problem, let's both work hard on making lunch!",
            "timestamp": "2022-08-10T09:54:01.088000"
        }
    ],
    "evaluations": [
        {
            "interlocutor_id": "AC",
            "informativeness": 5,
            "comprehension": 5,
            "familiarity": 5,
            "interest": 5,
            "proactiveness": 5,
            "satisfaction": 5
        },
        {
            "interlocutor_id": "BF",
            "informativeness": 5,
            "comprehension": 4,
            "familiarity": 5,
            "interest": 4,
            "proactiveness": 4,
            "satisfaction": 4
        }
    ]
}