{
    "dialogue_id": 437,
    "interlocutors": [
        "AO",
        "AQ"
    ],
    "utterances": [
        {
            "utterance_id": 0,
            "interlocutor_id": "AO",
            "text": "Hello, how are you?",
            "timestamp": "2022-08-08T16:37:24.062000"
        },
        {
            "utterance_id": 1,
            "interlocutor_id": "AQ",
            "text": "Hello.",
            "timestamp": "2022-08-08T16:37:31.580000"
        },
        {
            "utterance_id": 2,
            "interlocutor_id": "AO",
            "text": "Wow, it was hot today, really hot!",
            "timestamp": "2022-08-08T16:37:39.840000"
        },
        {
            "utterance_id": 3,
            "interlocutor_id": "AQ",
            "text": "It was indeed hot. Were you outside?",
            "timestamp": "2022-08-08T16:37:49.489000"
        },
        {
            "utterance_id": 4,
            "interlocutor_id": "AO",
            "text": "I went outside for a bit earlier, and it was like a scorching hell.",
            "timestamp": "2022-08-08T16:38:06.382000"
        },
        {
            "utterance_id": 5,
            "interlocutor_id": "AQ",
            "text": "I see! It's already abnormal, isn't it?",
            "timestamp": "2022-08-08T16:38:21.121000"
        },
        {
            "utterance_id": 6,
            "interlocutor_id": "AO",
            "text": "Right? I wonder if Japan will become tropical like this.",
            "timestamp": "2022-08-08T16:38:35.097000"
        },
        {
            "utterance_id": 7,
            "interlocutor_id": "AQ",
            "text": "Who knows what will happen.",
            "timestamp": "2022-08-08T16:38:42.033000"
        },
        {
            "utterance_id": 8,
            "interlocutor_id": "AO",
            "text": "It's even raining like a downpour.",
            "timestamp": "2022-08-08T16:38:50.920000"
        },
        {
            "utterance_id": 9,
            "interlocutor_id": "AQ",
            "text": "That's true. The thunder was really something yesterday too.",
            "timestamp": "2022-08-08T16:39:01.696000"
        },
        {
            "utterance_id": 10,
            "interlocutor_id": "AO",
            "text": "Oh, there was thunder where I am too.",
            "timestamp": "2022-08-08T16:39:11.969000"
        },
        {
            "utterance_id": 11,
            "interlocutor_id": "AQ",
            "text": "Was there! Thunder is surprising, isn't it?",
            "timestamp": "2022-08-08T16:39:23.212000"
        },
        {
            "utterance_id": 12,
            "interlocutor_id": "AO",
            "text": "It is! And it kept rumbling non-stop.",
            "timestamp": "2022-08-08T16:39:35.978000"
        },
        {
            "utterance_id": 13,
            "interlocutor_id": "AQ",
            "text": "Yes, same here.",
            "timestamp": "2022-08-08T16:39:43.996000"
        },
        {
            "utterance_id": 14,
            "interlocutor_id": "AO",
            "text": "It seems like the north wind and south wind were clashing.",
            "timestamp": "2022-08-08T16:40:02.221000"
        },
        {
            "utterance_id": 15,
            "interlocutor_id": "AQ",
            "text": "I see. They were fighting then.",
            "timestamp": "2022-08-08T16:40:12.073000"
        },
        {
            "utterance_id": 16,
            "interlocutor_id": "AO",
            "text": "Yes. For a moment, a very cool breeze came in.",
            "timestamp": "2022-08-08T16:40:23.086000"
        },
        {
            "utterance_id": 17,
            "interlocutor_id": "AQ",
            "text": "Really! You felt it well!",
            "timestamp": "2022-08-08T16:40:33.128000"
        },
        {
            "utterance_id": 18,
            "interlocutor_id": "AO",
            "text": "I happened to have the window open. But I immediately turned on the air conditioning.",
            "timestamp": "2022-08-08T16:40:55.170000"
        },
        {
            "utterance_id": 19,
            "interlocutor_id": "AQ",
            "text": "I see. Have you ever been close to lightning striking?",
            "timestamp": "2022-08-08T16:41:13.663000"
        },
        {
            "utterance_id": 20,
            "interlocutor_id": "AO",
            "text": "Not yet, I haven't experienced that. How about you?",
            "timestamp": "2022-08-08T16:41:26.666000"
        },
        {
            "utterance_id": 21,
            "interlocutor_id": "AQ",
            "text": "I have recently!",
            "timestamp": "2022-08-08T16:41:34.600000"
        },
        {
            "utterance_id": 22,
            "interlocutor_id": "AO",
            "text": "Really! Were you okay?",
            "timestamp": "2022-08-08T16:41:55.027000"
        },
        {
            "utterance_id": 23,
            "interlocutor_id": "AQ",
            "text": "It struck about 2 km away in a supermarket parking lot.",
            "timestamp": "2022-08-08T16:42:12.152000"
        },
        {
            "utterance_id": 24,
            "interlocutor_id": "AO",
            "text": "That’s too scary! If you get struck by lightning, it’s instant death, right?",
            "timestamp": "2022-08-08T16:42:33.407000"
        },
        {
            "utterance_id": 25,
            "interlocutor_id": "AQ",
            "text": "That's right. Even though it was quite far away, the shock was tremendous.",
            "timestamp": "2022-08-08T16:42:47.024000"
        },
        {
            "utterance_id": 26,
            "interlocutor_id": "AO",
            "text": "Is it that much! Oh my, I'm glad you're okay!",
            "timestamp": "2022-08-08T16:43:04.373000"
        },
        {
            "utterance_id": 27,
            "interlocutor_id": "AQ",
            "text": "Yes. It's scary to think about it hitting me.",
            "timestamp": "2022-08-08T16:43:15.818000"
        },
        {
            "utterance_id": 28,
            "interlocutor_id": "AO",
            "text": "Right! They say being in a car is safe!",
            "timestamp": "2022-08-08T16:43:32.203000"
        },
        {
            "utterance_id": 29,
            "interlocutor_id": "AQ",
            "text": "It seems so. Well then, see you later.",
            "timestamp": "2022-08-08T16:43:39.030000"
        }
    ],
    "evaluations": [
        {
            "interlocutor_id": "AO",
            "informativeness": 3,
            "comprehension": 4,
            "familiarity": 5,
            "interest": 3,
            "proactiveness": 3,
            "satisfaction": 4
        },
        {
            "interlocutor_id": "AQ",
            "informativeness": 3,
            "comprehension": 4,
            "familiarity": 4,
            "interest": 3,
            "proactiveness": 3,
            "satisfaction": 3
        }
    ]
}