{
    "dialogue_id": 438,
    "interlocutors": [
        "AQ",
        "AO"
    ],
    "utterances": [
        {
            "utterance_id": 0,
            "interlocutor_id": "AQ",
            "text": "Good evening.",
            "timestamp": "2022-08-08T16:44:13.559000"
        },
        {
            "utterance_id": 1,
            "interlocutor_id": "AO",
            "text": "Yes, good evening!",
            "timestamp": "2022-08-08T16:44:17.124000"
        },
        {
            "utterance_id": 2,
            "interlocutor_id": "AQ",
            "text": "Do you have any time off for Obon?",
            "timestamp": "2022-08-08T16:44:23.374000"
        },
        {
            "utterance_id": 3,
            "interlocutor_id": "AO",
            "text": "Yes, I do! It's coming up soon, isn't it?",
            "timestamp": "2022-08-08T16:44:31.855000"
        },
        {
            "utterance_id": 4,
            "interlocutor_id": "AQ",
            "text": "It's coming soon. Are you going anywhere?",
            "timestamp": "2022-08-08T16:44:39.449000"
        },
        {
            "utterance_id": 5,
            "interlocutor_id": "AO",
            "text": "Since I have my family home nearby, I might just go for a meal.",
            "timestamp": "2022-08-08T16:44:48.370000"
        },
        {
            "utterance_id": 6,
            "interlocutor_id": "AQ",
            "text": "It's nice that your family home is close.",
            "timestamp": "2022-08-08T16:44:56.807000"
        },
        {
            "utterance_id": 7,
            "interlocutor_id": "AO",
            "text": "Well, it is reassuring.",
            "timestamp": "2022-08-08T16:45:05.663000"
        },
        {
            "utterance_id": 8,
            "interlocutor_id": "AQ",
            "text": "That's true. If something happens, I can rush over immediately.",
            "timestamp": "2022-08-08T16:45:18.649000"
        },
        {
            "utterance_id": 9,
            "interlocutor_id": "AO",
            "text": "Yes. Earlier this year, my father was hospitalized due to a sudden illness, so it helped then.",
            "timestamp": "2022-08-08T16:45:41.188000"
        },
        {
            "utterance_id": 10,
            "interlocutor_id": "AQ",
            "text": "I see!",
            "timestamp": "2022-08-08T16:45:53.336000"
        },
        {
            "utterance_id": 11,
            "interlocutor_id": "AO",
            "text": "It's because of the side effects of the COVID vaccine.",
            "timestamp": "2022-08-08T16:46:00.800000"
        },
        {
            "utterance_id": 12,
            "interlocutor_id": "AQ",
            "text": "Really! That's scary.",
            "timestamp": "2022-08-08T16:46:07.238000"
        },
        {
            "utterance_id": 13,
            "interlocutor_id": "AO",
            "text": "Honestly, I couldn't help but think about the worst-case scenario.",
            "timestamp": "2022-08-08T16:46:19.076000"
        },
        {
            "utterance_id": 14,
            "interlocutor_id": "AQ",
            "text": "It sounds like it was really tough.",
            "timestamp": "2022-08-08T16:46:29.141000"
        },
        {
            "utterance_id": 15,
            "interlocutor_id": "AO",
            "text": "Yes. There was a time when I couldn't even stand.",
            "timestamp": "2022-08-08T16:46:43.269000"
        },
        {
            "utterance_id": 16,
            "interlocutor_id": "AQ",
            "text": "I see. Was it also difficult to breathe?",
            "timestamp": "2022-08-08T16:46:53.281000"
        },
        {
            "utterance_id": 17,
            "interlocutor_id": "AO",
            "text": "I was hospitalized, but I managed to get through that part. Do you live near your parents?",
            "timestamp": "2022-08-08T16:47:12.508000"
        },
        {
            "utterance_id": 18,
            "interlocutor_id": "AQ",
            "text": "Yes. I live with my husband's parents.",
            "timestamp": "2022-08-08T16:47:28.498000"
        },
        {
            "utterance_id": 19,
            "interlocutor_id": "AO",
            "text": "I see! Living together can be tough.",
            "timestamp": "2022-08-08T16:47:43.318000"
        },
        {
            "utterance_id": 20,
            "interlocutor_id": "AQ",
            "text": "Yes, it can. My own parents are living in with my grandparents for caregiving. They are nearby, though.",
            "timestamp": "2022-08-08T16:48:03.726000"
        },
        {
            "utterance_id": 21,
            "interlocutor_id": "AO",
            "text": "I see. It's somewhat reassuring to have your own family home close by.",
            "timestamp": "2022-08-08T16:48:21.475000"
        },
        {
            "utterance_id": 22,
            "interlocutor_id": "AQ",
            "text": "It is reassuring to have them nearby.",
            "timestamp": "2022-08-08T16:48:32.086000"
        },
        {
            "utterance_id": 23,
            "interlocutor_id": "AO",
            "text": "Yes, my parents are getting older, so we are coming to a time when we need to consider living together.",
            "timestamp": "2022-08-08T16:48:52.310000"
        },
        {
            "utterance_id": 24,
            "interlocutor_id": "AQ",
            "text": "I see. Caregiving seems challenging.",
            "timestamp": "2022-08-08T16:49:06.057000"
        },
        {
            "utterance_id": 25,
            "interlocutor_id": "AO",
            "text": "Yes. My grandparents are still alive, but elder care is definitely in our future.",
            "timestamp": "2022-08-08T16:49:31.043000"
        },
        {
            "utterance_id": 26,
            "interlocutor_id": "AQ",
            "text": "I feel that will eventually be the case for me too, and it seems like a significant challenge.",
            "timestamp": "2022-08-08T16:49:53.796000"
        },
        {
            "utterance_id": 27,
            "interlocutor_id": "AO",
            "text": "Truly. I'm sorry for bringing up such a dark topic today!",
            "timestamp": "2022-08-08T16:50:15.092000"
        },
        {
            "utterance_id": 28,
            "interlocutor_id": "AQ",
            "text": "It's okay. Thank you.",
            "timestamp": "2022-08-08T16:50:23.948000"
        },
        {
            "utterance_id": 29,
            "interlocutor_id": "AO",
            "text": "Not at all. Let's just see how things unfold, and let's both do our best!",
            "timestamp": "2022-08-08T16:51:51.171000"
        }
    ],
    "evaluations": [
        {
            "interlocutor_id": "AQ",
            "informativeness": 3,
            "comprehension": 4,
            "familiarity": 4,
            "interest": 3,
            "proactiveness": 3,
            "satisfaction": 3
        },
        {
            "interlocutor_id": "AO",
            "informativeness": 3,
            "comprehension": 4,
            "familiarity": 5,
            "interest": 4,
            "proactiveness": 5,
            "satisfaction": 5
        }
    ]
}