{
    "dialogue_id": 432,
    "interlocutors": [
        "AO",
        "AQ"
    ],
    "utterances": [
        {
            "utterance_id": 0,
            "interlocutor_id": "AO",
            "text": "Hello, nice to meet you.",
            "timestamp": "2022-08-08T16:05:00.913000"
        },
        {
            "utterance_id": 1,
            "interlocutor_id": "AQ",
            "text": "Nice to meet you.",
            "timestamp": "2022-08-08T16:05:08.544000"
        },
        {
            "utterance_id": 2,
            "interlocutor_id": "AO",
            "text": "Do you have plans to go out today?",
            "timestamp": "2022-08-08T16:05:15.723000"
        },
        {
            "utterance_id": 3,
            "interlocutor_id": "AQ",
            "text": "I just have to take my son to his lessons.",
            "timestamp": "2022-08-08T16:05:28.804000"
        },
        {
            "utterance_id": 4,
            "interlocutor_id": "AO",
            "text": "Your son is taking lessons! What is he doing?",
            "timestamp": "2022-08-08T16:05:40.098000"
        },
        {
            "utterance_id": 5,
            "interlocutor_id": "AQ",
            "text": "He is doing swimming.",
            "timestamp": "2022-08-08T16:05:46.058000"
        },
        {
            "utterance_id": 6,
            "interlocutor_id": "AO",
            "text": "Ah, that’s the number one thing I want my child to learn.",
            "timestamp": "2022-08-08T16:06:02.792000"
        },
        {
            "utterance_id": 7,
            "interlocutor_id": "AQ",
            "text": "Yes, it makes them stronger physically too.",
            "timestamp": "2022-08-08T16:06:17.856000"
        },
        {
            "utterance_id": 8,
            "interlocutor_id": "AO",
            "text": "Right? I also like swimming.",
            "timestamp": "2022-08-08T16:06:27.546000"
        },
        {
            "utterance_id": 9,
            "interlocutor_id": "AQ",
            "text": "Did you take lessons?",
            "timestamp": "2022-08-08T16:06:36.394000"
        },
        {
            "utterance_id": 10,
            "interlocutor_id": "AO",
            "text": "Yes, when I was a child. Did you take any lessons?",
            "timestamp": "2022-08-08T16:06:48.246000"
        },
        {
            "utterance_id": 11,
            "interlocutor_id": "AQ",
            "text": "Not really.",
            "timestamp": "2022-08-08T16:06:58.958000"
        },
        {
            "utterance_id": 12,
            "interlocutor_id": "AO",
            "text": "I see. I feel like it was standard for boys to play baseball and girls to play piano in elementary school.",
            "timestamp": "2022-08-08T16:07:22.063000"
        },
        {
            "utterance_id": 13,
            "interlocutor_id": "AQ",
            "text": "That’s standard!",
            "timestamp": "2022-08-08T16:07:30.138000"
        },
        {
            "utterance_id": 14,
            "interlocutor_id": "AO",
            "text": "Right? When boys were taking piano lessons, people would look surprised.",
            "timestamp": "2022-08-08T16:07:44.138000"
        },
        {
            "utterance_id": 15,
            "interlocutor_id": "AQ",
            "text": "Not these days!",
            "timestamp": "2022-08-08T16:07:58.949000"
        },
        {
            "utterance_id": 16,
            "interlocutor_id": "AO",
            "text": "That’s true these days. It’s rather cool.",
            "timestamp": "2022-08-08T16:08:10.059000"
        },
        {
            "utterance_id": 17,
            "interlocutor_id": "AQ",
            "text": "There are quite a few boys at my daughter’s piano class.",
            "timestamp": "2022-08-08T16:08:21.895000"
        },
        {
            "utterance_id": 18,
            "interlocutor_id": "AO",
            "text": "I see! If he goes to piano lessons, does that mean you have a piano at home?",
            "timestamp": "2022-08-08T16:08:42.414000"
        },
        {
            "utterance_id": 19,
            "interlocutor_id": "AQ",
            "text": "Yes, we do!",
            "timestamp": "2022-08-08T16:08:51.932000"
        },
        {
            "utterance_id": 20,
            "interlocutor_id": "AO",
            "text": "In the evening, I hear the sounds of piano practice coming from somewhere. It reminds me of the Showa era.",
            "timestamp": "2022-08-08T16:09:09.621000"
        },
        {
            "utterance_id": 21,
            "interlocutor_id": "AQ",
            "text": "Haha. Can you play the piano?",
            "timestamp": "2022-08-08T16:09:22.837000"
        },
        {
            "utterance_id": 22,
            "interlocutor_id": "AO",
            "text": "I learned a bit, so I can play \"Chopsticks\" at least!",
            "timestamp": "2022-08-08T16:09:32.650000"
        },
        {
            "utterance_id": 23,
            "interlocutor_id": "AQ",
            "text": "I see! Don’t you feel like playing sometimes?",
            "timestamp": "2022-08-08T16:09:44.149000"
        },
        {
            "utterance_id": 24,
            "interlocutor_id": "AO",
            "text": "No, my fingers don’t move anymore.",
            "timestamp": "2022-08-08T16:09:55.229000"
        },
        {
            "utterance_id": 25,
            "interlocutor_id": "AQ",
            "text": "If you practice again, you'll be able to play right away.",
            "timestamp": "2022-08-08T16:10:08.272000"
        },
        {
            "utterance_id": 26,
            "interlocutor_id": "AO",
            "text": "Really? Don't you play?",
            "timestamp": "2022-08-08T16:10:24.513000"
        },
        {
            "utterance_id": 27,
            "interlocutor_id": "AQ",
            "text": "I play every day.",
            "timestamp": "2022-08-08T16:10:31.609000"
        },
        {
            "utterance_id": 28,
            "interlocutor_id": "AO",
            "text": "I see! It would be wonderful to play a duet with your child!",
            "timestamp": "2022-08-08T16:10:49.159000"
        },
        {
            "utterance_id": 29,
            "interlocutor_id": "AQ",
            "text": "Yes, let’s talk more about that later.",
            "timestamp": "2022-08-08T16:10:57.176000"
        }
    ],
    "evaluations": [
        {
            "interlocutor_id": "AO",
            "informativeness": 5,
            "comprehension": 4,
            "familiarity": 5,
            "interest": 3,
            "proactiveness": 3,
            "satisfaction": 5
        },
        {
            "interlocutor_id": "AQ",
            "informativeness": 3,
            "comprehension": 3,
            "familiarity": 3,
            "interest": 3,
            "proactiveness": 3,
            "satisfaction": 3
        }
    ]
}