{
    "dialogue_id": 439,
    "interlocutors": [
        "AO",
        "AQ"
    ],
    "utterances": [
        {
            "utterance_id": 0,
            "interlocutor_id": "AO",
            "text": "Hello.",
            "timestamp": "2022-08-08T16:51:53.218000"
        },
        {
            "utterance_id": 1,
            "interlocutor_id": "AQ",
            "text": "Hello.",
            "timestamp": "2022-08-08T16:51:54.160000"
        },
        {
            "utterance_id": 2,
            "interlocutor_id": "AO",
            "text": "Do you have any pets at home?",
            "timestamp": "2022-08-08T16:51:55.464000"
        },
        {
            "utterance_id": 3,
            "interlocutor_id": "AQ",
            "text": "No, I don't have any.",
            "timestamp": "2022-08-08T16:51:57.228000"
        },
        {
            "utterance_id": 4,
            "interlocutor_id": "AO",
            "text": "Have you had any pets in the past?",
            "timestamp": "2022-08-08T16:51:58.485000"
        },
        {
            "utterance_id": 5,
            "interlocutor_id": "AQ",
            "text": "None.",
            "timestamp": "2022-08-08T16:51:58.776000"
        },
        {
            "utterance_id": 6,
            "interlocutor_id": "AO",
            "text": "Oh! You're not really good with animals, are you?",
            "timestamp": "2022-08-08T16:52:01.200000"
        },
        {
            "utterance_id": 7,
            "interlocutor_id": "AQ",
            "text": "No, no, it’s just that I don’t have the means.",
            "timestamp": "2022-08-08T16:52:06.859000"
        },
        {
            "utterance_id": 8,
            "interlocutor_id": "AO",
            "text": "I see. That makes sense, as they do require time and money.",
            "timestamp": "2022-08-08T16:52:24.145000"
        },
        {
            "utterance_id": 9,
            "interlocutor_id": "AQ",
            "text": "That's right. What about you, <AO>?",
            "timestamp": "2022-08-08T16:52:32.161000"
        },
        {
            "utterance_id": 10,
            "interlocutor_id": "AO",
            "text": "I don’t have any right now, but I had a cat until a little while ago.",
            "timestamp": "2022-08-08T16:52:51.589000"
        },
        {
            "utterance_id": 11,
            "interlocutor_id": "AQ",
            "text": "Do you keep it indoors?",
            "timestamp": "2022-08-08T16:53:01.641000"
        },
        {
            "utterance_id": 12,
            "interlocutor_id": "AO",
            "text": "Yes. Completely indoors.",
            "timestamp": "2022-08-08T16:53:08.873000"
        },
        {
            "utterance_id": 13,
            "interlocutor_id": "AQ",
            "text": "I guess fleas can be quite a problem.",
            "timestamp": "2022-08-08T16:53:21.447000"
        },
        {
            "utterance_id": 14,
            "interlocutor_id": "AO",
            "text": "No, it’s not as bad as that. We do pest control at the start!",
            "timestamp": "2022-08-08T16:53:35.229000"
        },
        {
            "utterance_id": 15,
            "interlocutor_id": "AQ",
            "text": "I see. I have sensitive skin.",
            "timestamp": "2022-08-08T16:53:47.538000"
        },
        {
            "utterance_id": 16,
            "interlocutor_id": "AO",
            "text": "Oh, I see. Is it like a pet allergy?",
            "timestamp": "2022-08-08T16:53:57.777000"
        },
        {
            "utterance_id": 17,
            "interlocutor_id": "AQ",
            "text": "I’d probably get eczema if there were animals around.",
            "timestamp": "2022-08-08T16:54:09.367000"
        },
        {
            "utterance_id": 18,
            "interlocutor_id": "AO",
            "text": "Then it would be difficult to have one.",
            "timestamp": "2022-08-08T16:54:18.536000"
        },
        {
            "utterance_id": 19,
            "interlocutor_id": "AQ",
            "text": "That's right. My daughter has asthma.",
            "timestamp": "2022-08-08T16:54:29.286000"
        },
        {
            "utterance_id": 20,
            "interlocutor_id": "AO",
            "text": "Oh, that's completely a no-go then.",
            "timestamp": "2022-08-08T16:54:39.533000"
        },
        {
            "utterance_id": 21,
            "interlocutor_id": "AQ",
            "text": "Yes, that’s right. My daughter has asthma.",
            "timestamp": "2022-08-08T16:54:43.451000"
        },
        {
            "utterance_id": 22,
            "interlocutor_id": "AO",
            "text": "But didn’t your child ever say they wanted to have pets, despite that?",
            "timestamp": "2022-08-08T16:55:08.953000"
        },
        {
            "utterance_id": 23,
            "interlocutor_id": "AQ",
            "text": "Surprisingly, no.",
            "timestamp": "2022-08-08T16:55:21.673000"
        },
        {
            "utterance_id": 24,
            "interlocutor_id": "AO",
            "text": "What a smart kid! Have you kept tropical fish or anything?",
            "timestamp": "2022-08-08T16:55:43.738000"
        },
        {
            "utterance_id": 25,
            "interlocutor_id": "AQ",
            "text": "I used to have some.",
            "timestamp": "2022-08-08T16:55:55.091000"
        },
        {
            "utterance_id": 26,
            "interlocutor_id": "AO",
            "text": "Really! They're beautiful and very soothing, aren't they?",
            "timestamp": "2022-08-08T16:56:11.225000"
        },
        {
            "utterance_id": 27,
            "interlocutor_id": "AQ",
            "text": "That's true. They were a soothing presence.",
            "timestamp": "2022-08-08T16:56:20.274000"
        },
        {
            "utterance_id": 28,
            "interlocutor_id": "AO",
            "text": "I'm also a bit interested in aquariums. Please teach me about it next time!",
            "timestamp": "2022-08-08T16:56:38.027000"
        },
        {
            "utterance_id": 29,
            "interlocutor_id": "AQ",
            "text": "Likewise. Thank you very much.",
            "timestamp": "2022-08-08T16:56:45.106000"
        }
    ],
    "evaluations": [
        {
            "interlocutor_id": "AO",
            "informativeness": 3,
            "comprehension": 2,
            "familiarity": 4,
            "interest": 3,
            "proactiveness": 4,
            "satisfaction": 5
        },
        {
            "interlocutor_id": "AQ",
            "informativeness": 3,
            "comprehension": 3,
            "familiarity": 4,
            "interest": 3,
            "proactiveness": 3,
            "satisfaction": 4
        }
    ]
}