{
    "dialogue_id": 436,
    "interlocutors": [
        "AQ",
        "AO"
    ],
    "utterances": [
        {
            "utterance_id": 0,
            "interlocutor_id": "AQ",
            "text": "Hello.",
            "timestamp": "2022-08-08T16:31:42.340000"
        },
        {
            "utterance_id": 1,
            "interlocutor_id": "AO",
            "text": "Hello there.",
            "timestamp": "2022-08-08T16:31:49.862000"
        },
        {
            "utterance_id": 2,
            "interlocutor_id": "AQ",
            "text": "It's almost dinner time, isn't it?",
            "timestamp": "2022-08-08T16:32:01.044000"
        },
        {
            "utterance_id": 3,
            "interlocutor_id": "AO",
            "text": "Yes, it is. I'm starting to get hungry!",
            "timestamp": "2022-08-08T16:32:09.752000"
        },
        {
            "utterance_id": 4,
            "interlocutor_id": "AQ",
            "text": "Are you going to make something?",
            "timestamp": "2022-08-08T16:32:17.031000"
        },
        {
            "utterance_id": 5,
            "interlocutor_id": "AO",
            "text": "I'm not good at cooking. How about you?",
            "timestamp": "2022-08-08T16:32:25.930000"
        },
        {
            "utterance_id": 6,
            "interlocutor_id": "AQ",
            "text": "I'm not good at it either.",
            "timestamp": "2022-08-08T16:32:35.340000"
        },
        {
            "utterance_id": 7,
            "interlocutor_id": "AO",
            "text": "Do you cook for yourself every day?",
            "timestamp": "2022-08-08T16:32:41.934000"
        },
        {
            "utterance_id": 8,
            "interlocutor_id": "AQ",
            "text": "Well, I do because I'm a housewife.",
            "timestamp": "2022-08-08T16:32:49.775000"
        },
        {
            "utterance_id": 9,
            "interlocutor_id": "AO",
            "text": "I see, I admire that! Have you been a housewife for a long time?",
            "timestamp": "2022-08-08T16:33:02.896000"
        },
        {
            "utterance_id": 10,
            "interlocutor_id": "AQ",
            "text": "Yes, it's been about 10 years.",
            "timestamp": "2022-08-08T16:33:13.704000"
        },
        {
            "utterance_id": 11,
            "interlocutor_id": "AO",
            "text": "10 years! You're a veteran. You must have some specialty dishes, right?",
            "timestamp": "2022-08-08T16:33:24.176000"
        },
        {
            "utterance_id": 12,
            "interlocutor_id": "AQ",
            "text": "I think I'm good at making okonomiyaki.",
            "timestamp": "2022-08-08T16:33:32.149000"
        },
        {
            "utterance_id": 13,
            "interlocutor_id": "AO",
            "text": "That's great! There are Hiroshima-style okonomiyaki and others; do you have a preference?",
            "timestamp": "2022-08-08T16:33:46.881000"
        },
        {
            "utterance_id": 14,
            "interlocutor_id": "AQ",
            "text": "I like Kansai style.",
            "timestamp": "2022-08-08T16:33:56.745000"
        },
        {
            "utterance_id": 15,
            "interlocutor_id": "AO",
            "text": "I see! I've heard that people add yam in it.",
            "timestamp": "2022-08-08T16:34:04.340000"
        },
        {
            "utterance_id": 16,
            "interlocutor_id": "AQ",
            "text": "That's right. Are you a housewife?",
            "timestamp": "2022-08-08T16:34:14.040000"
        },
        {
            "utterance_id": 17,
            "interlocutor_id": "AO",
            "text": "No, I leave the housework to my wife.",
            "timestamp": "2022-08-08T16:34:23.615000"
        },
        {
            "utterance_id": 18,
            "interlocutor_id": "AQ",
            "text": "Oh, I see!",
            "timestamp": "2022-08-08T16:34:32.722000"
        },
        {
            "utterance_id": 19,
            "interlocutor_id": "AO",
            "text": "But my wife has never made okonomiyaki at home.",
            "timestamp": "2022-08-08T16:34:51.968000"
        },
        {
            "utterance_id": 20,
            "interlocutor_id": "AQ",
            "text": "It’s not something you make often, right?",
            "timestamp": "2022-08-08T16:35:00.692000"
        },
        {
            "utterance_id": 21,
            "interlocutor_id": "AO",
            "text": "That's true, isn't it? I've heard that people from Osaka make it about once a week.",
            "timestamp": "2022-08-08T16:35:24.949000"
        },
        {
            "utterance_id": 22,
            "interlocutor_id": "AQ",
            "text": "That seems to be the case. Also, they eat white rice.",
            "timestamp": "2022-08-08T16:35:34.965000"
        },
        {
            "utterance_id": 23,
            "interlocutor_id": "AO",
            "text": "Oh really? Like, a rice love thing?",
            "timestamp": "2022-08-08T16:35:47.159000"
        },
        {
            "utterance_id": 24,
            "interlocutor_id": "AQ",
            "text": "We actually eat okonomiyaki and white rice at my house too.",
            "timestamp": "2022-08-08T16:35:59.254000"
        },
        {
            "utterance_id": 25,
            "interlocutor_id": "AO",
            "text": "Ah, I see, that makes sense. Eating carbs with carbs.",
            "timestamp": "2022-08-08T16:36:14.471000"
        },
        {
            "utterance_id": 26,
            "interlocutor_id": "AQ",
            "text": "When you think about it, that's crazy.",
            "timestamp": "2022-08-08T16:36:26.687000"
        },
        {
            "utterance_id": 27,
            "interlocutor_id": "AO",
            "text": "It is. But I do like yakimeshi (fried rice).",
            "timestamp": "2022-08-08T16:36:40.225000"
        },
        {
            "utterance_id": 28,
            "interlocutor_id": "AQ",
            "text": "It's delicious, isn't it? Thank you very much.",
            "timestamp": "2022-08-08T16:36:47.287000"
        },
        {
            "utterance_id": 29,
            "interlocutor_id": "AO",
            "text": "Yes, thank you. Well then.",
            "timestamp": "2022-08-08T16:36:55.463000"
        }
    ],
    "evaluations": [
        {
            "interlocutor_id": "AQ",
            "informativeness": 3,
            "comprehension": 3,
            "familiarity": 4,
            "interest": 3,
            "proactiveness": 3,
            "satisfaction": 3
        },
        {
            "interlocutor_id": "AO",
            "informativeness": 3,
            "comprehension": 4,
            "familiarity": 5,
            "interest": 3,
            "proactiveness": 4,
            "satisfaction": 4
        }
    ]
}