{
    "dialogue_id": 434,
    "interlocutors": [
        "AO",
        "AQ"
    ],
    "utterances": [
        {
            "utterance_id": 0,
            "interlocutor_id": "AO",
            "text": "Hello. Nice to meet you.",
            "timestamp": "2022-08-08T16:17:58.326000"
        },
        {
            "utterance_id": 1,
            "interlocutor_id": "AQ",
            "text": "Likewise.",
            "timestamp": "2022-08-08T16:18:03.063000"
        },
        {
            "utterance_id": 2,
            "interlocutor_id": "AO",
            "text": "What subjects were you good at when you were a student?",
            "timestamp": "2022-08-08T16:18:16.902000"
        },
        {
            "utterance_id": 3,
            "interlocutor_id": "AQ",
            "text": "There was only physical education.",
            "timestamp": "2022-08-08T16:18:24.476000"
        },
        {
            "utterance_id": 4,
            "interlocutor_id": "AO",
            "text": "Being good at sports is cool!",
            "timestamp": "2022-08-08T16:18:35.126000"
        },
        {
            "utterance_id": 5,
            "interlocutor_id": "AQ",
            "text": "No, I'm just bad at studying.",
            "timestamp": "2022-08-08T16:18:46.870000"
        },
        {
            "utterance_id": 6,
            "interlocutor_id": "AO",
            "text": "I'm bad at both.",
            "timestamp": "2022-08-08T16:18:56.967000"
        },
        {
            "utterance_id": 7,
            "interlocutor_id": "AQ",
            "text": "If you had to say, what are you good at?",
            "timestamp": "2022-08-08T16:19:06.870000"
        },
        {
            "utterance_id": 8,
            "interlocutor_id": "AO",
            "text": "If I had to say, it would be crafts?",
            "timestamp": "2022-08-08T16:19:11.758000"
        },
        {
            "utterance_id": 9,
            "interlocutor_id": "AQ",
            "text": "That's art class!",
            "timestamp": "2022-08-08T16:19:17.851000"
        },
        {
            "utterance_id": 10,
            "interlocutor_id": "AO",
            "text": "Ah, yes, that's it.",
            "timestamp": "2022-08-08T16:19:22.632000"
        },
        {
            "utterance_id": 11,
            "interlocutor_id": "AQ",
            "text": "Aren't you skillful?",
            "timestamp": "2022-08-08T16:19:30.649000"
        },
        {
            "utterance_id": 12,
            "interlocutor_id": "AO",
            "text": "Not really. It's just that there are no tests for that.",
            "timestamp": "2022-08-08T16:19:45.758000"
        },
        {
            "utterance_id": 13,
            "interlocutor_id": "AQ",
            "text": "I see. I'm not good at making things.",
            "timestamp": "2022-08-08T16:19:58.550000"
        },
        {
            "utterance_id": 14,
            "interlocutor_id": "AO",
            "text": "Is that so? It's better to prefer moving your body, right?",
            "timestamp": "2022-08-08T16:20:18.119000"
        },
        {
            "utterance_id": 15,
            "interlocutor_id": "AQ",
            "text": "Not really. I don't have the opportunity to move.",
            "timestamp": "2022-08-08T16:20:31.019000"
        },
        {
            "utterance_id": 16,
            "interlocutor_id": "AO",
            "text": "Is that so? Do you not exercise, especially now?",
            "timestamp": "2022-08-08T16:20:41.183000"
        },
        {
            "utterance_id": 17,
            "interlocutor_id": "AQ",
            "text": "I'm not doing anything.",
            "timestamp": "2022-08-08T16:20:50.597000"
        },
        {
            "utterance_id": 18,
            "interlocutor_id": "AO",
            "text": "I see. Don't you sometimes feel like moving your body?",
            "timestamp": "2022-08-08T16:21:09.093000"
        },
        {
            "utterance_id": 19,
            "interlocutor_id": "AQ",
            "text": "I do.",
            "timestamp": "2022-08-08T16:21:14.890000"
        },
        {
            "utterance_id": 20,
            "interlocutor_id": "AO",
            "text": "What do you do when that happens?",
            "timestamp": "2022-08-08T16:21:22.409000"
        },
        {
            "utterance_id": 21,
            "interlocutor_id": "AQ",
            "text": "I go walking.",
            "timestamp": "2022-08-08T16:21:32.905000"
        },
        {
            "utterance_id": 22,
            "interlocutor_id": "AO",
            "text": "That’s nice, healthy. Do you have a set walking route?",
            "timestamp": "2022-08-08T16:21:46.173000"
        },
        {
            "utterance_id": 23,
            "interlocutor_id": "AQ",
            "text": "It's hot now, so I'm walking inside the shopping mall.",
            "timestamp": "2022-08-08T16:22:00.454000"
        },
        {
            "utterance_id": 24,
            "interlocutor_id": "AO",
            "text": "Oh, I hear that sometimes. There are people who say they go for a walk at Aeon.",
            "timestamp": "2022-08-08T16:22:16.941000"
        },
        {
            "utterance_id": 25,
            "interlocutor_id": "AQ",
            "text": "I'm one of those people.",
            "timestamp": "2022-08-08T16:22:25.624000"
        },
        {
            "utterance_id": 26,
            "interlocutor_id": "AO",
            "text": "No wonder Aeon is always crowded whenever I go!",
            "timestamp": "2022-08-08T16:22:39.049000"
        },
        {
            "utterance_id": 27,
            "interlocutor_id": "AQ",
            "text": "Haha. It's fun since I'm looking at products while I walk.",
            "timestamp": "2022-08-08T16:22:49.233000"
        },
        {
            "utterance_id": 28,
            "interlocutor_id": "AO",
            "text": "If you find a bargain, it's a win-win!",
            "timestamp": "2022-08-08T16:23:02.854000"
        },
        {
            "utterance_id": 29,
            "interlocutor_id": "AQ",
            "text": "Let's talk again.",
            "timestamp": "2022-08-08T16:23:09.478000"
        }
    ],
    "evaluations": [
        {
            "interlocutor_id": "AO",
            "informativeness": 4,
            "comprehension": 2,
            "familiarity": 4,
            "interest": 3,
            "proactiveness": 3,
            "satisfaction": 4
        },
        {
            "interlocutor_id": "AQ",
            "informativeness": 3,
            "comprehension": 4,
            "familiarity": 4,
            "interest": 3,
            "proactiveness": 4,
            "satisfaction": 3
        }
    ]
}