{
    "dialogue_id": 431,
    "interlocutors": [
        "AO",
        "AQ"
    ],
    "utterances": [
        {
            "utterance_id": 0,
            "interlocutor_id": "AO",
            "text": "Hello!",
            "timestamp": "2022-08-08T15:59:51.167000"
        },
        {
            "utterance_id": 1,
            "interlocutor_id": "AQ",
            "text": "Hello.",
            "timestamp": "2022-08-08T15:59:54.276000"
        },
        {
            "utterance_id": 2,
            "interlocutor_id": "AO",
            "text": "What were you doing today?",
            "timestamp": "2022-08-08T16:00:01.346000"
        },
        {
            "utterance_id": 3,
            "interlocutor_id": "AQ",
            "text": "I was at home all the time.",
            "timestamp": "2022-08-08T16:00:08.241000"
        },
        {
            "utterance_id": 4,
            "interlocutor_id": "AO",
            "text": "What were you doing at home?",
            "timestamp": "2022-08-08T16:00:18.128000"
        },
        {
            "utterance_id": 5,
            "interlocutor_id": "AQ",
            "text": "I was working the whole time.",
            "timestamp": "2022-08-08T16:00:27.772000"
        },
        {
            "utterance_id": 6,
            "interlocutor_id": "AO",
            "text": "Work, huh! More people are working from home these days, aren't they?",
            "timestamp": "2022-08-08T16:00:37.782000"
        },
        {
            "utterance_id": 7,
            "interlocutor_id": "AQ",
            "text": "Since I work fully remotely, I can't work outside anymore.",
            "timestamp": "2022-08-08T16:00:51.431000"
        },
        {
            "utterance_id": 8,
            "interlocutor_id": "AO",
            "text": "That's true. Commuting hell is tough.",
            "timestamp": "2022-08-08T16:01:02.732000"
        },
        {
            "utterance_id": 9,
            "interlocutor_id": "AQ",
            "text": "Commuting is a hassle, isn't it?",
            "timestamp": "2022-08-08T16:01:10.174000"
        },
        {
            "utterance_id": 10,
            "interlocutor_id": "AO",
            "text": "I think so! Have you ever experienced commuting by train?",
            "timestamp": "2022-08-08T16:01:19.995000"
        },
        {
            "utterance_id": 11,
            "interlocutor_id": "AQ",
            "text": "I haven't. Have you, <AO>?",
            "timestamp": "2022-08-08T16:01:29.821000"
        },
        {
            "utterance_id": 12,
            "interlocutor_id": "AO",
            "text": "I commuted and went to school by train.",
            "timestamp": "2022-08-08T16:01:40.167000"
        },
        {
            "utterance_id": 13,
            "interlocutor_id": "AQ",
            "text": "Oh, is that so?",
            "timestamp": "2022-08-08T16:01:49.581000"
        },
        {
            "utterance_id": 14,
            "interlocutor_id": "AO",
            "text": "I used the notorious lines in Tokyo, which are said to be murderous.",
            "timestamp": "2022-08-08T16:02:01.466000"
        },
        {
            "utterance_id": 15,
            "interlocutor_id": "AQ",
            "text": "Really! Is it that crowded?",
            "timestamp": "2022-08-08T16:02:14.851000"
        },
        {
            "utterance_id": 16,
            "interlocutor_id": "AO",
            "text": "It's not just crowded!",
            "timestamp": "2022-08-08T16:02:21.282000"
        },
        {
            "utterance_id": 17,
            "interlocutor_id": "AQ",
            "text": "Is it so packed that you feel like you'll be crushed?",
            "timestamp": "2022-08-08T16:02:30.380000"
        },
        {
            "utterance_id": 18,
            "interlocutor_id": "AO",
            "text": "It felt like my ribs would break. At that time, my Walkman broke.",
            "timestamp": "2022-08-08T16:02:46.185000"
        },
        {
            "utterance_id": 19,
            "interlocutor_id": "AQ",
            "text": "Wow, I can't imagine that.",
            "timestamp": "2022-08-08T16:02:51.923000"
        },
        {
            "utterance_id": 20,
            "interlocutor_id": "AO",
            "text": "Right? I don't think I could endure that now.",
            "timestamp": "2022-08-08T16:03:02.154000"
        },
        {
            "utterance_id": 21,
            "interlocutor_id": "AQ",
            "text": "So, do you live in Tokyo?",
            "timestamp": "2022-08-08T16:03:21.349000"
        },
        {
            "utterance_id": 22,
            "interlocutor_id": "AO",
            "text": "No, I live in the countryside now. How about you?",
            "timestamp": "2022-08-08T16:03:29.526000"
        },
        {
            "utterance_id": 23,
            "interlocutor_id": "AQ",
            "text": "I've always lived in the countryside.",
            "timestamp": "2022-08-08T16:03:37.079000"
        },
        {
            "utterance_id": 24,
            "interlocutor_id": "AO",
            "text": "That's nice. So that means you drive, right?",
            "timestamp": "2022-08-08T16:03:43.610000"
        },
        {
            "utterance_id": 25,
            "interlocutor_id": "AQ",
            "text": "That's right.",
            "timestamp": "2022-08-08T16:03:52.362000"
        },
        {
            "utterance_id": 26,
            "interlocutor_id": "AO",
            "text": "Commuting by car is comfortable!",
            "timestamp": "2022-08-08T16:04:02.731000"
        },
        {
            "utterance_id": 27,
            "interlocutor_id": "AQ",
            "text": "You can't live in the countryside without a car, can you?",
            "timestamp": "2022-08-08T16:04:13.037000"
        },
        {
            "utterance_id": 28,
            "interlocutor_id": "AO",
            "text": "Ah, that's true. That might be inconvenient.",
            "timestamp": "2022-08-08T16:04:24.958000"
        },
        {
            "utterance_id": 29,
            "interlocutor_id": "AQ",
            "text": "Let's talk again.",
            "timestamp": "2022-08-08T16:04:30.060000"
        }
    ],
    "evaluations": [
        {
            "interlocutor_id": "AO",
            "informativeness": 5,
            "comprehension": 4,
            "familiarity": 5,
            "interest": 3,
            "proactiveness": 3,
            "satisfaction": 5
        },
        {
            "interlocutor_id": "AQ",
            "informativeness": 3,
            "comprehension": 4,
            "familiarity": 4,
            "interest": 4,
            "proactiveness": 4,
            "satisfaction": 4
        }
    ]
}