{
    "dialogue_id": 446,
    "interlocutors": [
        "AQ",
        "AO"
    ],
    "utterances": [
        {
            "utterance_id": 0,
            "interlocutor_id": "AQ",
            "text": "Good evening.",
            "timestamp": "2022-08-08T21:11:26.147000"
        },
        {
            "utterance_id": 1,
            "interlocutor_id": "AO",
            "text": "Good evening!",
            "timestamp": "2022-08-08T21:11:32.693000"
        },
        {
            "utterance_id": 2,
            "interlocutor_id": "AQ",
            "text": "Were you a naughty child, <AO>?",
            "timestamp": "2022-08-08T21:11:42.472000"
        },
        {
            "utterance_id": 3,
            "interlocutor_id": "AO",
            "text": "I want to think I wasn't that much, but I wonder.",
            "timestamp": "2022-08-08T21:11:54.346000"
        },
        {
            "utterance_id": 4,
            "interlocutor_id": "AQ",
            "text": "Were you a child who didn't get injured much?",
            "timestamp": "2022-08-08T21:12:04.521000"
        },
        {
            "utterance_id": 5,
            "interlocutor_id": "AO",
            "text": "I did fall down often!",
            "timestamp": "2022-08-08T21:12:14.069000"
        },
        {
            "utterance_id": 6,
            "interlocutor_id": "AQ",
            "text": "No serious injuries?",
            "timestamp": "2022-08-08T21:12:22.057000"
        },
        {
            "utterance_id": 7,
            "interlocutor_id": "AO",
            "text": "Oh, none of those! I just scraped my knees and often had band-aids on.",
            "timestamp": "2022-08-08T21:12:36.233000"
        },
        {
            "utterance_id": 8,
            "interlocutor_id": "AQ",
            "text": "That sounds like good athletic ability.",
            "timestamp": "2022-08-08T21:12:46.816000"
        },
        {
            "utterance_id": 9,
            "interlocutor_id": "AO",
            "text": "Do you think so? Did you get injured?",
            "timestamp": "2022-08-08T21:12:58.852000"
        },
        {
            "utterance_id": 10,
            "interlocutor_id": "AQ",
            "text": "I haven't much, but my son is terrible.",
            "timestamp": "2022-08-08T21:13:10.442000"
        },
        {
            "utterance_id": 11,
            "interlocutor_id": "AO",
            "text": "Really! Has your son had major injuries?",
            "timestamp": "2022-08-08T21:13:19.211000"
        },
        {
            "utterance_id": 12,
            "interlocutor_id": "AQ",
            "text": "He broke his finger.",
            "timestamp": "2022-08-08T21:13:26.507000"
        },
        {
            "utterance_id": 13,
            "interlocutor_id": "AO",
            "text": "Oh no! Fractures are tough. Anything else?",
            "timestamp": "2022-08-08T21:13:40.167000"
        },
        {
            "utterance_id": 14,
            "interlocutor_id": "AQ",
            "text": "He also cracked a rib.",
            "timestamp": "2022-08-08T21:13:53.201000"
        },
        {
            "utterance_id": 15,
            "interlocutor_id": "AO",
            "text": "Wow, his bones have been through a lot! Ribs, too!",
            "timestamp": "2022-08-08T21:14:04.124000"
        },
        {
            "utterance_id": 16,
            "interlocutor_id": "AQ",
            "text": "That's right. We're using insurance every year.",
            "timestamp": "2022-08-08T21:14:14.081000"
        },
        {
            "utterance_id": 17,
            "interlocutor_id": "AO",
            "text": "Every year! Is it related to any sports you do?",
            "timestamp": "2022-08-08T21:14:40.517000"
        },
        {
            "utterance_id": 18,
            "interlocutor_id": "AQ",
            "text": "Not at all. He gets injured while playing.",
            "timestamp": "2022-08-08T21:14:52.340000"
        },
        {
            "utterance_id": 19,
            "interlocutor_id": "AO",
            "text": "I wonder if he plays roughly. But as kids, we did want to jump from high places, right?",
            "timestamp": "2022-08-08T21:15:15.839000"
        },
        {
            "utterance_id": 20,
            "interlocutor_id": "AQ",
            "text": "That definitely happened.",
            "timestamp": "2022-08-08T21:15:20.817000"
        },
        {
            "utterance_id": 21,
            "interlocutor_id": "AO",
            "text": "With jungle gyms, you just know you'd want to jump down.",
            "timestamp": "2022-08-08T21:15:35.654000"
        },
        {
            "utterance_id": 22,
            "interlocutor_id": "AQ",
            "text": "Exactly. Kids can't predict danger, you see.",
            "timestamp": "2022-08-08T21:15:46.960000"
        },
        {
            "utterance_id": 23,
            "interlocutor_id": "AO",
            "text": "Indeed! When you think about it, even monkey bars are dangerous.",
            "timestamp": "2022-08-08T21:16:05.783000"
        },
        {
            "utterance_id": 24,
            "interlocutor_id": "AQ",
            "text": "That's true!",
            "timestamp": "2022-08-08T21:16:13.237000"
        },
        {
            "utterance_id": 25,
            "interlocutor_id": "AO",
            "text": "Well, they say children's bones are soft and heal quickly, so it's all experience.",
            "timestamp": "2022-08-08T21:16:32.920000"
        },
        {
            "utterance_id": 26,
            "interlocutor_id": "AQ",
            "text": "Injuries are also part of the experience.",
            "timestamp": "2022-08-08T21:16:40.928000"
        },
        {
            "utterance_id": 27,
            "interlocutor_id": "AO",
            "text": "Exactly! As long as you don't break any bones as an adult, it's all good!",
            "timestamp": "2022-08-08T21:16:54.584000"
        },
        {
            "utterance_id": 28,
            "interlocutor_id": "AQ",
            "text": "That's certainly true. See you later.",
            "timestamp": "2022-08-08T21:17:02.340000"
        },
        {
            "utterance_id": 29,
            "interlocutor_id": "AO",
            "text": "Yes, see you.",
            "timestamp": "2022-08-08T21:17:07.654000"
        }
    ],
    "evaluations": [
        {
            "interlocutor_id": "AQ",
            "informativeness": 5,
            "comprehension": 4,
            "familiarity": 4,
            "interest": 5,
            "proactiveness": 4,
            "satisfaction": 4
        },
        {
            "interlocutor_id": "AO",
            "informativeness": 3,
            "comprehension": 3,
            "familiarity": 5,
            "interest": 3,
            "proactiveness": 3,
            "satisfaction": 3
        }
    ]
}