{
    "dialogue_id": 443,
    "interlocutors": [
        "AQ",
        "AO"
    ],
    "utterances": [
        {
            "utterance_id": 0,
            "interlocutor_id": "AQ",
            "text": "Good evening.",
            "timestamp": "2022-08-08T20:53:01.330000"
        },
        {
            "utterance_id": 1,
            "interlocutor_id": "AO",
            "text": "Yes, good evening!",
            "timestamp": "2022-08-08T20:53:06.474000"
        },
        {
            "utterance_id": 2,
            "interlocutor_id": "AQ",
            "text": "How are you feeling?",
            "timestamp": "2022-08-08T20:53:13.706000"
        },
        {
            "utterance_id": 3,
            "interlocutor_id": "AO",
            "text": "I'm a bit feeling the heat.",
            "timestamp": "2022-08-08T20:53:22.250000"
        },
        {
            "utterance_id": 4,
            "interlocutor_id": "AQ",
            "text": "It's easy to get summer fatigue, isn't it?",
            "timestamp": "2022-08-08T20:53:28.139000"
        },
        {
            "utterance_id": 5,
            "interlocutor_id": "AO",
            "text": "It is, isn't it? I feel like I've been drinking too much watery stuff.",
            "timestamp": "2022-08-08T20:53:42.405000"
        },
        {
            "utterance_id": 6,
            "interlocutor_id": "AQ",
            "text": "That's common, isn't it? Do you have a lack of appetite as well?",
            "timestamp": "2022-08-08T20:53:54.216000"
        },
        {
            "utterance_id": 7,
            "interlocutor_id": "AO",
            "text": "It’s become a hassle to chew. Maybe it’s because of the heat.",
            "timestamp": "2022-08-08T20:54:08.388000"
        },
        {
            "utterance_id": 8,
            "interlocutor_id": "AQ",
            "text": "Ahaha. You should still chew it.",
            "timestamp": "2022-08-08T20:54:16.487000"
        },
        {
            "utterance_id": 9,
            "interlocutor_id": "AO",
            "text": "No, I just want to slurp up cold noodles and be done with it.",
            "timestamp": "2022-08-08T20:54:29.614000"
        },
        {
            "utterance_id": 10,
            "interlocutor_id": "AQ",
            "text": "I see what you mean. Cold noodles are great, aren't they?",
            "timestamp": "2022-08-08T20:54:38.459000"
        },
        {
            "utterance_id": 11,
            "interlocutor_id": "AO",
            "text": "They really are! Cold noodles with tempura are the best.",
            "timestamp": "2022-08-08T20:54:50.140000"
        },
        {
            "utterance_id": 12,
            "interlocutor_id": "AQ",
            "text": "So delicious!",
            "timestamp": "2022-08-08T20:54:55.574000"
        },
        {
            "utterance_id": 13,
            "interlocutor_id": "AO",
            "text": "Right? I like eggplant tempura.",
            "timestamp": "2022-08-08T20:55:08.195000"
        },
        {
            "utterance_id": 14,
            "interlocutor_id": "AQ",
            "text": "I like it too.",
            "timestamp": "2022-08-08T20:55:14.167000"
        },
        {
            "utterance_id": 15,
            "interlocutor_id": "AO",
            "text": "Occasionally, if it's not cooked all the way through, it's part of the charm, right?",
            "timestamp": "2022-08-08T20:55:31.193000"
        },
        {
            "utterance_id": 16,
            "interlocutor_id": "AQ",
            "text": "I would prefer it to be cooked through.",
            "timestamp": "2022-08-08T20:55:44.186000"
        },
        {
            "utterance_id": 17,
            "interlocutor_id": "AO",
            "text": "If I say that, my wife would get upset, so I can't say anything!",
            "timestamp": "2022-08-08T20:55:57.209000"
        },
        {
            "utterance_id": 18,
            "interlocutor_id": "AQ",
            "text": "Ahaha! That's true.",
            "timestamp": "2022-08-08T20:56:02.730000"
        },
        {
            "utterance_id": 19,
            "interlocutor_id": "AO",
            "text": "The one that's definitely cooked is perilla leaf, right?",
            "timestamp": "2022-08-08T20:56:15.764000"
        },
        {
            "utterance_id": 20,
            "interlocutor_id": "AQ",
            "text": "It's thin, after all.",
            "timestamp": "2022-08-08T20:56:21.629000"
        },
        {
            "utterance_id": 21,
            "interlocutor_id": "AO",
            "text": "Yes. Seaweed tempura is also the best snack.",
            "timestamp": "2022-08-08T20:56:31.591000"
        },
        {
            "utterance_id": 22,
            "interlocutor_id": "AQ",
            "text": "Sounds good! I'm getting hungry.",
            "timestamp": "2022-08-08T20:56:40.345000"
        },
        {
            "utterance_id": 23,
            "interlocutor_id": "AO",
            "text": "Right? It seems like my appetite hasn't decreased as much as I thought.",
            "timestamp": "2022-08-08T20:56:49.493000"
        },
        {
            "utterance_id": 24,
            "interlocutor_id": "AQ",
            "text": "That's true!",
            "timestamp": "2022-08-08T20:56:56.308000"
        },
        {
            "utterance_id": 25,
            "interlocutor_id": "AO",
            "text": "But tempura seems difficult to make, doesn't it?",
            "timestamp": "2022-08-08T20:57:11.745000"
        },
        {
            "utterance_id": 26,
            "interlocutor_id": "AQ",
            "text": "The batter is quite tricky, isn't it?",
            "timestamp": "2022-08-08T20:57:24.353000"
        },
        {
            "utterance_id": 27,
            "interlocutor_id": "AO",
            "text": "It seems so. I want to dip crispy tempura in dipping sauce and eat it.",
            "timestamp": "2022-08-08T20:57:37.953000"
        },
        {
            "utterance_id": 28,
            "interlocutor_id": "AQ",
            "text": "Wow, that's food terrorism. See you later!",
            "timestamp": "2022-08-08T20:57:48.977000"
        },
        {
            "utterance_id": 29,
            "interlocutor_id": "AO",
            "text": "Yes, see you later!",
            "timestamp": "2022-08-08T20:58:00.108000"
        }
    ],
    "evaluations": [
        {
            "interlocutor_id": "AQ",
            "informativeness": 4,
            "comprehension": 4,
            "familiarity": 4,
            "interest": 5,
            "proactiveness": 4,
            "satisfaction": 4
        },
        {
            "interlocutor_id": "AO",
            "informativeness": 4,
            "comprehension": 3,
            "familiarity": 4,
            "interest": 3,
            "proactiveness": 3,
            "satisfaction": 4
        }
    ]
}