{
    "dialogue_id": 448,
    "interlocutors": [
        "AQ",
        "AO"
    ],
    "utterances": [
        {
            "utterance_id": 0,
            "interlocutor_id": "AQ",
            "text": "Good evening.",
            "timestamp": "2022-08-08T21:24:53.425000"
        },
        {
            "utterance_id": 1,
            "interlocutor_id": "AO",
            "text": "Yes, hello!",
            "timestamp": "2022-08-08T21:24:58.437000"
        },
        {
            "utterance_id": 2,
            "interlocutor_id": "AQ",
            "text": "I recently bought a car.",
            "timestamp": "2022-08-08T21:25:04.792000"
        },
        {
            "utterance_id": 3,
            "interlocutor_id": "AO",
            "text": "Oh, that's nice! Is it a new car?",
            "timestamp": "2022-08-08T21:25:11.536000"
        },
        {
            "utterance_id": 4,
            "interlocutor_id": "AQ",
            "text": "It's a new car even though I don't have money.",
            "timestamp": "2022-08-08T21:25:18.501000"
        },
        {
            "utterance_id": 5,
            "interlocutor_id": "AO",
            "text": "That's exciting!",
            "timestamp": "2022-08-08T21:25:23.609000"
        },
        {
            "utterance_id": 6,
            "interlocutor_id": "AQ",
            "text": "Yes, it is! I didn't have a second car.",
            "timestamp": "2022-08-08T21:25:33.084000"
        },
        {
            "utterance_id": 7,
            "interlocutor_id": "AO",
            "text": "A second car, so you have two?",
            "timestamp": "2022-08-08T21:25:51.002000"
        },
        {
            "utterance_id": 8,
            "interlocutor_id": "AQ",
            "text": "Yes, I will have two.",
            "timestamp": "2022-08-08T21:26:06.126000"
        },
        {
            "utterance_id": 9,
            "interlocutor_id": "AO",
            "text": "Amazing! What kind of car did you choose?",
            "timestamp": "2022-08-08T21:26:15.643000"
        },
        {
            "utterance_id": 10,
            "interlocutor_id": "AQ",
            "text": "It's related to my husband being assigned to work away from home. It's an N-BOX.",
            "timestamp": "2022-08-08T21:26:32.531000"
        },
        {
            "utterance_id": 11,
            "interlocutor_id": "AO",
            "text": "It's a Honda, right?",
            "timestamp": "2022-08-08T21:26:38.773000"
        },
        {
            "utterance_id": 12,
            "interlocutor_id": "AQ",
            "text": "Yes!",
            "timestamp": "2022-08-08T21:26:43.642000"
        },
        {
            "utterance_id": 13,
            "interlocutor_id": "AO",
            "text": "We have been a Honda family for many years!",
            "timestamp": "2022-08-08T21:26:49.749000"
        },
        {
            "utterance_id": 14,
            "interlocutor_id": "AQ",
            "text": "So you have a Honda! My husband has a Freed.",
            "timestamp": "2022-08-08T21:27:02.937000"
        },
        {
            "utterance_id": 15,
            "interlocutor_id": "AO",
            "text": "Oh! I was a bit interested in that.",
            "timestamp": "2022-08-08T21:27:11.672000"
        },
        {
            "utterance_id": 16,
            "interlocutor_id": "AQ",
            "text": "It's compact and easy to drive.",
            "timestamp": "2022-08-08T21:27:20.075000"
        },
        {
            "utterance_id": 17,
            "interlocutor_id": "AO",
            "text": "A compact car is nice! I wonder if the fuel economy is good?",
            "timestamp": "2022-08-08T21:27:36.503000"
        },
        {
            "utterance_id": 18,
            "interlocutor_id": "AQ",
            "text": "It's really good.",
            "timestamp": "2022-08-08T21:27:41.862000"
        },
        {
            "utterance_id": 19,
            "interlocutor_id": "AO",
            "text": "That's an important point in this era.",
            "timestamp": "2022-08-08T21:27:52.061000"
        },
        {
            "utterance_id": 20,
            "interlocutor_id": "AQ",
            "text": "That's true. What do you drive?",
            "timestamp": "2022-08-08T21:27:59.984000"
        },
        {
            "utterance_id": 21,
            "interlocutor_id": "AO",
            "text": "We have a Honda CR-Z.",
            "timestamp": "2022-08-08T21:28:15.375000"
        },
        {
            "utterance_id": 22,
            "interlocutor_id": "AQ",
            "text": "That's a cool car.",
            "timestamp": "2022-08-08T21:28:23.152000"
        },
        {
            "utterance_id": 23,
            "interlocutor_id": "AO",
            "text": "Haha. I like the look, but I love how it drives, so I splurged a bit.",
            "timestamp": "2022-08-08T21:28:52.880000"
        },
        {
            "utterance_id": 24,
            "interlocutor_id": "AQ",
            "text": "I see. What color did you choose?",
            "timestamp": "2022-08-08T21:29:06.174000"
        },
        {
            "utterance_id": 25,
            "interlocutor_id": "AO",
            "text": "White.",
            "timestamp": "2022-08-08T21:29:12.205000"
        },
        {
            "utterance_id": 26,
            "interlocutor_id": "AQ",
            "text": "That's nice! I like white.",
            "timestamp": "2022-08-08T21:29:21.947000"
        },
        {
            "utterance_id": 27,
            "interlocutor_id": "AO",
            "text": "White never gets old. How about your new car?",
            "timestamp": "2022-08-08T21:29:39.710000"
        },
        {
            "utterance_id": 28,
            "interlocutor_id": "AQ",
            "text": "It's white too. Well then, see you later.",
            "timestamp": "2022-08-08T21:29:46.491000"
        },
        {
            "utterance_id": 29,
            "interlocutor_id": "AO",
            "text": "Yes! See you next time!",
            "timestamp": "2022-08-08T21:29:51.609000"
        }
    ],
    "evaluations": [
        {
            "interlocutor_id": "AQ",
            "informativeness": 5,
            "comprehension": 5,
            "familiarity": 5,
            "interest": 5,
            "proactiveness": 5,
            "satisfaction": 5
        },
        {
            "interlocutor_id": "AO",
            "informativeness": 4,
            "comprehension": 5,
            "familiarity": 5,
            "interest": 3,
            "proactiveness": 3,
            "satisfaction": 3
        }
    ]
}