{
    "dialogue_id": 440,
    "interlocutors": [
        "AQ",
        "AO"
    ],
    "utterances": [
        {
            "utterance_id": 0,
            "interlocutor_id": "AQ",
            "text": "Good evening.",
            "timestamp": "2022-08-08T16:57:29.611000"
        },
        {
            "utterance_id": 1,
            "interlocutor_id": "AO",
            "text": "Yes, thank you.",
            "timestamp": "2022-08-08T16:57:37.575000"
        },
        {
            "utterance_id": 2,
            "interlocutor_id": "AQ",
            "text": "Have you been married for a long time?",
            "timestamp": "2022-08-08T16:57:43.956000"
        },
        {
            "utterance_id": 3,
            "interlocutor_id": "AO",
            "text": "It's been a decent amount of time, I guess. How about you?",
            "timestamp": "2022-08-08T16:58:01.475000"
        },
        {
            "utterance_id": 4,
            "interlocutor_id": "AQ",
            "text": "It's been about 10 years.",
            "timestamp": "2022-08-08T16:58:10.971000"
        },
        {
            "utterance_id": 5,
            "interlocutor_id": "AO",
            "text": "About the same.",
            "timestamp": "2022-08-08T16:58:17.683000"
        },
        {
            "utterance_id": 6,
            "interlocutor_id": "AQ",
            "text": "I see! Are you close?",
            "timestamp": "2022-08-08T16:58:25.807000"
        },
        {
            "utterance_id": 7,
            "interlocutor_id": "AO",
            "text": "Well, at this point, it’s more like we’re just used to each other.",
            "timestamp": "2022-08-08T16:58:35.639000"
        },
        {
            "utterance_id": 8,
            "interlocutor_id": "AQ",
            "text": "Haha, it becomes like that, doesn't it?",
            "timestamp": "2022-08-08T16:58:42.969000"
        },
        {
            "utterance_id": 9,
            "interlocutor_id": "AO",
            "text": "Really? Is it the same for you?",
            "timestamp": "2022-08-08T16:58:50.710000"
        },
        {
            "utterance_id": 10,
            "interlocutor_id": "AQ",
            "text": "Yes, it feels like it's just natural to have each other around.",
            "timestamp": "2022-08-08T16:59:01.153000"
        },
        {
            "utterance_id": 11,
            "interlocutor_id": "AO",
            "text": "Right. Do you go out together?",
            "timestamp": "2022-08-08T16:59:10.708000"
        },
        {
            "utterance_id": 12,
            "interlocutor_id": "AQ",
            "text": "Yes, we do.",
            "timestamp": "2022-08-08T16:59:21.530000"
        },
        {
            "utterance_id": 13,
            "interlocutor_id": "AO",
            "text": "Well, that means you’re getting along well!",
            "timestamp": "2022-08-08T16:59:31.296000"
        },
        {
            "utterance_id": 14,
            "interlocutor_id": "AQ",
            "text": "Is that so? We do have meals together.",
            "timestamp": "2022-08-08T16:59:41.245000"
        },
        {
            "utterance_id": 15,
            "interlocutor_id": "AO",
            "text": "You’re lovey-dovey, aren't you!",
            "timestamp": "2022-08-08T16:59:47.227000"
        },
        {
            "utterance_id": 16,
            "interlocutor_id": "AQ",
            "text": "No, no, we do have fights too!",
            "timestamp": "2022-08-08T16:59:55.163000"
        },
        {
            "utterance_id": 17,
            "interlocutor_id": "AO",
            "text": "Having fights means you're close. We struggle to keep conversations going.",
            "timestamp": "2022-08-08T17:00:10.466000"
        },
        {
            "utterance_id": 18,
            "interlocutor_id": "AQ",
            "text": "Hmm, do you think your personalities are different?",
            "timestamp": "2022-08-08T17:00:22.752000"
        },
        {
            "utterance_id": 19,
            "interlocutor_id": "AO",
            "text": "I think so. I'm more laid-back, and my partner tends to be more nagging!",
            "timestamp": "2022-08-08T17:00:38.340000"
        },
        {
            "utterance_id": 20,
            "interlocutor_id": "AQ",
            "text": "Haha, we’re the complete opposite.",
            "timestamp": "2022-08-08T17:00:50.317000"
        },
        {
            "utterance_id": 21,
            "interlocutor_id": "AO",
            "text": "By the way, do you tend to nag or get nagged?",
            "timestamp": "2022-08-08T17:01:08.397000"
        },
        {
            "utterance_id": 22,
            "interlocutor_id": "AQ",
            "text": "Neither of us does it much.",
            "timestamp": "2022-08-08T17:01:16.730000"
        },
        {
            "utterance_id": 23,
            "interlocutor_id": "AO",
            "text": "That's a good thing. When you get nagged, you tend to give half-hearted responses.",
            "timestamp": "2022-08-08T17:01:34.843000"
        },
        {
            "utterance_id": 24,
            "interlocutor_id": "AQ",
            "text": "I see. That's why when we explode, it’s a big deal.",
            "timestamp": "2022-08-08T17:01:52.859000"
        },
        {
            "utterance_id": 25,
            "interlocutor_id": "AO",
            "text": "Ah, so you’re the type to bottle things up?",
            "timestamp": "2022-08-08T17:02:00.634000"
        },
        {
            "utterance_id": 26,
            "interlocutor_id": "AQ",
            "text": "We both are.",
            "timestamp": "2022-08-08T17:02:07.725000"
        },
        {
            "utterance_id": 27,
            "interlocutor_id": "AO",
            "text": "I see, so you’re a couple that shares that similarity!",
            "timestamp": "2022-08-08T17:02:20.431000"
        },
        {
            "utterance_id": 28,
            "interlocutor_id": "AQ",
            "text": "Yes! Thank you very much.",
            "timestamp": "2022-08-08T17:02:26.148000"
        },
        {
            "utterance_id": 29,
            "interlocutor_id": "AO",
            "text": "Yes, likewise!",
            "timestamp": "2022-08-08T17:02:31.609000"
        }
    ],
    "evaluations": [
        {
            "interlocutor_id": "AQ",
            "informativeness": 5,
            "comprehension": 5,
            "familiarity": 5,
            "interest": 5,
            "proactiveness": 5,
            "satisfaction": 5
        },
        {
            "interlocutor_id": "AO",
            "informativeness": 3,
            "comprehension": 4,
            "familiarity": 5,
            "interest": 3,
            "proactiveness": 4,
            "satisfaction": 4
        }
    ]
}