{
    "dialogue_id": 444,
    "interlocutors": [
        "AO",
        "AQ"
    ],
    "utterances": [
        {
            "utterance_id": 0,
            "interlocutor_id": "AO",
            "text": "Good evening! Nice to meet you.",
            "timestamp": "2022-08-08T20:58:24.169000"
        },
        {
            "utterance_id": 1,
            "interlocutor_id": "AQ",
            "text": "Nice to meet you too.",
            "timestamp": "2022-08-08T20:58:29.674000"
        },
        {
            "utterance_id": 2,
            "interlocutor_id": "AO",
            "text": "What type of person were you in school?",
            "timestamp": "2022-08-08T20:58:41.676000"
        },
        {
            "utterance_id": 3,
            "interlocutor_id": "AQ",
            "text": "I was active!",
            "timestamp": "2022-08-08T20:58:49.679000"
        },
        {
            "utterance_id": 4,
            "interlocutor_id": "AO",
            "text": "Oh, that's great! Were you also good at sports?",
            "timestamp": "2022-08-08T20:59:03.299000"
        },
        {
            "utterance_id": 5,
            "interlocutor_id": "AQ",
            "text": "I graduated from a prestigious sports school.",
            "timestamp": "2022-08-08T20:59:11.786000"
        },
        {
            "utterance_id": 6,
            "interlocutor_id": "AO",
            "text": "Oh! What sport was it?",
            "timestamp": "2022-08-08T20:59:20.909000"
        },
        {
            "utterance_id": 7,
            "interlocutor_id": "AQ",
            "text": "It was volleyball.",
            "timestamp": "2022-08-08T20:59:27.718000"
        },
        {
            "utterance_id": 8,
            "interlocutor_id": "AO",
            "text": "Wow, that’s a national sport, isn’t it? When you think of Japanese volleyball.",
            "timestamp": "2022-08-08T20:59:39.563000"
        },
        {
            "utterance_id": 9,
            "interlocutor_id": "AQ",
            "text": "That's right. I was like a boy.",
            "timestamp": "2022-08-08T20:59:49.736000"
        },
        {
            "utterance_id": 10,
            "interlocutor_id": "AO",
            "text": "Well, cool women are admired by both men and women!",
            "timestamp": "2022-08-08T21:00:11.676000"
        },
        {
            "utterance_id": 11,
            "interlocutor_id": "AQ",
            "text": "That's true. I was popular with women.",
            "timestamp": "2022-08-08T21:00:26.112000"
        },
        {
            "utterance_id": 12,
            "interlocutor_id": "AO",
            "text": "Hahaha! So, did you receive chocolate on Valentine's Day during your school days?",
            "timestamp": "2022-08-08T21:00:42.856000"
        },
        {
            "utterance_id": 13,
            "interlocutor_id": "AQ",
            "text": "Not to that extent, though.",
            "timestamp": "2022-08-08T21:00:50.844000"
        },
        {
            "utterance_id": 14,
            "interlocutor_id": "AO",
            "text": "I envy how popular you were. Was it through a sports scholarship or something?",
            "timestamp": "2022-08-08T21:01:13.468000"
        },
        {
            "utterance_id": 15,
            "interlocutor_id": "AQ",
            "text": "Yes, that’s right!",
            "timestamp": "2022-08-08T21:01:20.786000"
        },
        {
            "utterance_id": 16,
            "interlocutor_id": "AO",
            "text": "That's amazing! Were you an attacker?",
            "timestamp": "2022-08-08T21:01:31.140000"
        },
        {
            "utterance_id": 17,
            "interlocutor_id": "AQ",
            "text": "I guess so. It's nothing impressive, though.",
            "timestamp": "2022-08-08T21:01:44.117000"
        },
        {
            "utterance_id": 18,
            "interlocutor_id": "AO",
            "text": "Wow, you were a star! So, do you still play volleyball?",
            "timestamp": "2022-08-08T21:01:56.125000"
        },
        {
            "utterance_id": 19,
            "interlocutor_id": "AQ",
            "text": "I joined a working adult team.",
            "timestamp": "2022-08-08T21:02:04.299000"
        },
        {
            "utterance_id": 20,
            "interlocutor_id": "AO",
            "text": "That's great! Did you have a recent game?",
            "timestamp": "2022-08-08T21:02:18.082000"
        },
        {
            "utterance_id": 21,
            "interlocutor_id": "AQ",
            "text": "It's been really sparse lately due to COVID. What about you?",
            "timestamp": "2022-08-08T21:02:32.919000"
        },
        {
            "utterance_id": 22,
            "interlocutor_id": "AO",
            "text": "I used to play baseball.",
            "timestamp": "2022-08-08T21:02:44.626000"
        },
        {
            "utterance_id": 23,
            "interlocutor_id": "AQ",
            "text": "Oh! That's classic!",
            "timestamp": "2022-08-08T21:02:52.840000"
        },
        {
            "utterance_id": 24,
            "interlocutor_id": "AO",
            "text": "Yes, and I was the perennial substitute. Picking up balls.",
            "timestamp": "2022-08-08T21:03:03.532000"
        },
        {
            "utterance_id": 25,
            "interlocutor_id": "AQ",
            "text": "Hahaha! Do you still do that?",
            "timestamp": "2022-08-08T21:03:15.737000"
        },
        {
            "utterance_id": 26,
            "interlocutor_id": "AO",
            "text": "No, I’ve had enough of picking up balls just during my student days.",
            "timestamp": "2022-08-08T21:03:26.566000"
        },
        {
            "utterance_id": 27,
            "interlocutor_id": "AQ",
            "text": "Right? Do you watch professional baseball too?",
            "timestamp": "2022-08-08T21:03:39.786000"
        },
        {
            "utterance_id": 28,
            "interlocutor_id": "AO",
            "text": "Yes! It's perfect with beer.",
            "timestamp": "2022-08-08T21:03:50.841000"
        },
        {
            "utterance_id": 29,
            "interlocutor_id": "AQ",
            "text": "Let's talk again sometime.",
            "timestamp": "2022-08-08T21:03:56.251000"
        }
    ],
    "evaluations": [
        {
            "interlocutor_id": "AO",
            "informativeness": 4,
            "comprehension": 4,
            "familiarity": 5,
            "interest": 4,
            "proactiveness": 3,
            "satisfaction": 4
        },
        {
            "interlocutor_id": "AQ",
            "informativeness": 5,
            "comprehension": 4,
            "familiarity": 4,
            "interest": 4,
            "proactiveness": 4,
            "satisfaction": 4
        }
    ]
}