{
    "dialogue_id": 452,
    "interlocutors": [
        "BI",
        "AF"
    ],
    "utterances": [
        {
            "utterance_id": 0,
            "interlocutor_id": "BI",
            "text": "Hello!",
            "timestamp": "2022-08-10T13:10:17.063000"
        },
        {
            "utterance_id": 1,
            "interlocutor_id": "AF",
            "text": "Hello there!",
            "timestamp": "2022-08-10T13:10:25.136000"
        },
        {
            "utterance_id": 2,
            "interlocutor_id": "BI",
            "text": "Have you already eaten lunch?",
            "timestamp": "2022-08-10T13:10:36.393000"
        },
        {
            "utterance_id": 3,
            "interlocutor_id": "AF",
            "text": "Yes, I have eaten.",
            "timestamp": "2022-08-10T13:11:09.201000"
        },
        {
            "utterance_id": 4,
            "interlocutor_id": "BI",
            "text": "Unusually for us, it was pasta. What did you eat?",
            "timestamp": "2022-08-10T13:11:27.463000"
        },
        {
            "utterance_id": 5,
            "interlocutor_id": "AF",
            "text": "I was busy with work this morning, so I just hurriedly cooked some udon.",
            "timestamp": "2022-08-10T13:12:19.429000"
        },
        {
            "utterance_id": 6,
            "interlocutor_id": "BI",
            "text": "Thank you for your hard work! Lunchtime during summer vacation is busy, isn't it?",
            "timestamp": "2022-08-10T13:12:51.153000"
        },
        {
            "utterance_id": 7,
            "interlocutor_id": "AF",
            "text": "That's right. Sometimes I ask the kids to help make lunch.",
            "timestamp": "2022-08-10T13:13:22.711000"
        },
        {
            "utterance_id": 8,
            "interlocutor_id": "BI",
            "text": "When the kids are home, it's hard to cut corners, so I hope they'll go back to school soon.",
            "timestamp": "2022-08-10T13:13:56.189000"
        },
        {
            "utterance_id": 9,
            "interlocutor_id": "AF",
            "text": "For me, I tend to cut corners a lot at lunch! Three meals a day is tough.",
            "timestamp": "2022-08-10T13:14:21.545000"
        },
        {
            "utterance_id": 10,
            "interlocutor_id": "BI",
            "text": "If it were just myself, I might think of instant noodles, but that doesn't quite work out.",
            "timestamp": "2022-08-10T13:14:49.043000"
        },
        {
            "utterance_id": 11,
            "interlocutor_id": "AF",
            "text": "I sometimes leave easy-to-make things for the kids and let them serve themselves.",
            "timestamp": "2022-08-10T13:15:39.916000"
        },
        {
            "utterance_id": 12,
            "interlocutor_id": "BI",
            "text": "That's nice! It's impressive that your kids can cook for you!",
            "timestamp": "2022-08-10T13:16:02.667000"
        },
        {
            "utterance_id": 13,
            "interlocutor_id": "AF",
            "text": "They can manage simple things like frying in a pan or using a toaster, even young ones can do that.",
            "timestamp": "2022-08-10T13:16:39.682000"
        },
        {
            "utterance_id": 14,
            "interlocutor_id": "BI",
            "text": "I see! It sounds like you have capable kids who help out!",
            "timestamp": "2022-08-10T13:17:00.145000"
        },
        {
            "utterance_id": 15,
            "interlocutor_id": "AF",
            "text": "They don’t do it often, so it actually seems fun for them.",
            "timestamp": "2022-08-10T13:17:20.138000"
        },
        {
            "utterance_id": 16,
            "interlocutor_id": "BI",
            "text": "It's a joy that comes with summer vacation!",
            "timestamp": "2022-08-10T13:17:33.703000"
        },
        {
            "utterance_id": 17,
            "interlocutor_id": "AF",
            "text": "Yes, I sometimes have the older one make fried rice or yakisoba.",
            "timestamp": "2022-08-10T13:17:53.455000"
        },
        {
            "utterance_id": 18,
            "interlocutor_id": "BI",
            "text": "Wow, that's impressive! How old are they?",
            "timestamp": "2022-08-10T13:18:06.864000"
        },
        {
            "utterance_id": 19,
            "interlocutor_id": "AF",
            "text": "The older one is in high school and middle school.",
            "timestamp": "2022-08-10T13:18:30.761000"
        },
        {
            "utterance_id": 20,
            "interlocutor_id": "BI",
            "text": "Is that so? It's really helpful that they assist you!",
            "timestamp": "2022-08-10T13:18:52.173000"
        },
        {
            "utterance_id": 21,
            "interlocutor_id": "AF",
            "text": "It's tough to do it every day, so we take turns cooking. It makes it so much easier.",
            "timestamp": "2022-08-10T13:19:17.581000"
        },
        {
            "utterance_id": 22,
            "interlocutor_id": "BI",
            "text": "I have a middle schooler too; I wonder if I should let them try cooking next time!",
            "timestamp": "2022-08-10T13:19:43.683000"
        },
        {
            "utterance_id": 23,
            "interlocutor_id": "AF",
            "text": "Definitely, if they are in middle school, it's perfectly fine to assign them some household chores!",
            "timestamp": "2022-08-10T13:20:03.538000"
        },
        {
            "utterance_id": 24,
            "interlocutor_id": "BI",
            "text": "That's true! It really helps when they volunteer to assist, though.",
            "timestamp": "2022-08-10T13:20:26.263000"
        },
        {
            "utterance_id": 25,
            "interlocutor_id": "AF",
            "text": "In our case, I've been teaching them since they were little that those who don't work shouldn't eat.",
            "timestamp": "2022-08-10T13:20:50.721000"
        },
        {
            "utterance_id": 26,
            "interlocutor_id": "BI",
            "text": "That sounds like a very good teaching!",
            "timestamp": "2022-08-10T13:21:03.147000"
        },
        {
            "utterance_id": 27,
            "interlocutor_id": "AF",
            "text": "Now, I really feel thankful for that.",
            "timestamp": "2022-08-10T13:21:37.003000"
        },
        {
            "utterance_id": 28,
            "interlocutor_id": "BI",
            "text": "I wish I had raised my kids that way!",
            "timestamp": "2022-08-10T13:21:52.466000"
        },
        {
            "utterance_id": 29,
            "interlocutor_id": "AF",
            "text": "I think it still has a long way to go! Well then, I'll take my leave here.",
            "timestamp": "2022-08-10T13:22:10.265000"
        }
    ],
    "evaluations": [
        {
            "interlocutor_id": "BI",
            "informativeness": 5,
            "comprehension": 5,
            "familiarity": 5,
            "interest": 5,
            "proactiveness": 5,
            "satisfaction": 5
        },
        {
            "interlocutor_id": "AF",
            "informativeness": 4,
            "comprehension": 3,
            "familiarity": 4,
            "interest": 4,
            "proactiveness": 4,
            "satisfaction": 4
        }
    ]
}