{
    "dialogue_id": 456,
    "interlocutors": [
        "BI",
        "AF"
    ],
    "utterances": [
        {
            "utterance_id": 0,
            "interlocutor_id": "BI",
            "text": "Hello, nice to meet you!",
            "timestamp": "2022-08-10T13:59:17.950000"
        },
        {
            "utterance_id": 1,
            "interlocutor_id": "AF",
            "text": "Hello, nice to meet you!",
            "timestamp": "2022-08-10T13:59:30.135000"
        },
        {
            "utterance_id": 2,
            "interlocutor_id": "BI",
            "text": "It's sunny today as well, is it hot over there too?",
            "timestamp": "2022-08-10T13:59:45.256000"
        },
        {
            "utterance_id": 3,
            "interlocutor_id": "AF",
            "text": "It was hot in the morning, but after the passing rain, the humidity is really high.",
            "timestamp": "2022-08-10T14:00:15.433000"
        },
        {
            "utterance_id": 4,
            "interlocutor_id": "BI",
            "text": "So it rained! High humidity makes it even more uncomfortable, doesn't it?",
            "timestamp": "2022-08-10T14:00:43.767000"
        },
        {
            "utterance_id": 5,
            "interlocutor_id": "AF",
            "text": "Recently, I've been spending almost the whole day in an air-conditioned room, so I can say it doesn't matter much.",
            "timestamp": "2022-08-10T14:01:24.135000"
        },
        {
            "utterance_id": 6,
            "interlocutor_id": "BI",
            "text": "That's true! I can feel the heat just stepping out into the hallway.",
            "timestamp": "2022-08-10T14:01:41.712000"
        },
        {
            "utterance_id": 7,
            "interlocutor_id": "AF",
            "text": "In my house, I dislike that, so I keep the door open and turn on the air conditioning.",
            "timestamp": "2022-08-10T14:02:05.082000"
        },
        {
            "utterance_id": 8,
            "interlocutor_id": "BI",
            "text": "Is that so! Does it cool the entire house?",
            "timestamp": "2022-08-10T14:02:28.183000"
        },
        {
            "utterance_id": 9,
            "interlocutor_id": "AF",
            "text": "Yes, just on the first floor, but it's cool everywhere I go, so there's no temperature difference, making it comfortable.",
            "timestamp": "2022-08-10T14:03:00.322000"
        },
        {
            "utterance_id": 10,
            "interlocutor_id": "BI",
            "text": "That’s nice! At my place, the heat from the second floor comes down, and the hallway is terrible.",
            "timestamp": "2022-08-10T14:03:41.538000"
        },
        {
            "utterance_id": 11,
            "interlocutor_id": "AF",
            "text": "That happens, doesn't it? With newer houses, I wonder if the insulation is better and can prevent heat from the second floor.",
            "timestamp": "2022-08-10T14:04:12.286000"
        },
        {
            "utterance_id": 12,
            "interlocutor_id": "BI",
            "text": "I wonder. It would be the best if that’s the case.",
            "timestamp": "2022-08-10T14:04:43.721000"
        },
        {
            "utterance_id": 13,
            "interlocutor_id": "AF",
            "text": "My air conditioning is old, so I’ve been thinking it's about time to replace it.",
            "timestamp": "2022-08-10T14:05:24.856000"
        },
        {
            "utterance_id": 14,
            "interlocutor_id": "BI",
            "text": "Air conditioning seems quite expensive now.",
            "timestamp": "2022-08-10T14:06:00.336000"
        },
        {
            "utterance_id": 15,
            "interlocutor_id": "AF",
            "text": "But I've heard that all of them have high energy-saving effects.",
            "timestamp": "2022-08-10T14:06:26.742000"
        },
        {
            "utterance_id": 16,
            "interlocutor_id": "BI",
            "text": "I hear that too! It seems that performance gets better every year.",
            "timestamp": "2022-08-10T14:06:51.661000"
        },
        {
            "utterance_id": 17,
            "interlocutor_id": "AF",
            "text": "Mine is about 17 years old, so I think it's probably consuming a lot of electricity.",
            "timestamp": "2022-08-10T14:07:20.493000"
        },
        {
            "utterance_id": 18,
            "interlocutor_id": "BI",
            "text": "You hold on to your things well! That could significantly affect power consumption.",
            "timestamp": "2022-08-10T14:07:44.654000"
        },
        {
            "utterance_id": 19,
            "interlocutor_id": "AF",
            "text": "The appliance store also told me that I should consider replacing it soon.",
            "timestamp": "2022-08-10T14:08:06.001000"
        },
        {
            "utterance_id": 20,
            "interlocutor_id": "BI",
            "text": "So, are you looking for one quite a bit?",
            "timestamp": "2022-08-10T14:08:21.279000"
        },
        {
            "utterance_id": 21,
            "interlocutor_id": "AF",
            "text": "Not at all. While the air conditioning is still working, I hesitate to replace it.",
            "timestamp": "2022-08-10T14:08:48.870000"
        },
        {
            "utterance_id": 22,
            "interlocutor_id": "BI",
            "text": "When it comes to home appliances, even though I want to replace them, it becomes 'until it breaks.'",
            "timestamp": "2022-08-10T14:09:16.415000"
        },
        {
            "utterance_id": 23,
            "interlocutor_id": "AF",
            "text": "That's true. For the same reason, I also can't seem to replace my washing machine.",
            "timestamp": "2022-08-10T14:09:35.747000"
        },
        {
            "utterance_id": 24,
            "interlocutor_id": "BI",
            "text": "I'm in the same boat with my washing machine! I want to replace it, but it's still working, you know.",
            "timestamp": "2022-08-10T14:10:01.955000"
        },
        {
            "utterance_id": 25,
            "interlocutor_id": "AF",
            "text": "I heard that some of the newer ones have warm water washing, and I'm interested in that.",
            "timestamp": "2022-08-10T14:10:23.601000"
        },
        {
            "utterance_id": 26,
            "interlocutor_id": "BI",
            "text": "Wow, that exists! It seems like it would get dirt out well!",
            "timestamp": "2022-08-10T14:10:41.478000"
        },
        {
            "utterance_id": 27,
            "interlocutor_id": "AF",
            "text": "If I were to replace something, it seems like the washing machine would come before the eco air conditioning.",
            "timestamp": "2022-08-10T14:10:59.848000"
        },
        {
            "utterance_id": 28,
            "interlocutor_id": "BI",
            "text": "Is that so? I hope you can find a good one!",
            "timestamp": "2022-08-10T14:11:15.638000"
        },
        {
            "utterance_id": 29,
            "interlocutor_id": "AF",
            "text": "Yes, thank you. See you again!",
            "timestamp": "2022-08-10T14:11:26.793000"
        }
    ],
    "evaluations": [
        {
            "interlocutor_id": "BI",
            "informativeness": 5,
            "comprehension": 5,
            "familiarity": 5,
            "interest": 5,
            "proactiveness": 5,
            "satisfaction": 5
        },
        {
            "interlocutor_id": "AF",
            "informativeness": 4,
            "comprehension": 3,
            "familiarity": 4,
            "interest": 4,
            "proactiveness": 4,
            "satisfaction": 4
        }
    ]
}