{
    "dialogue_id": 461,
    "interlocutors": [
        "AN",
        "BJ"
    ],
    "utterances": [
        {
            "utterance_id": 0,
            "interlocutor_id": "AN",
            "text": "Good morning.",
            "timestamp": "2022-08-09T08:59:53.171000"
        },
        {
            "utterance_id": 1,
            "interlocutor_id": "BJ",
            "text": "Good morning!",
            "timestamp": "2022-08-09T09:00:07.997000"
        },
        {
            "utterance_id": 2,
            "interlocutor_id": "AN",
            "text": "It's a clear day here as well.",
            "timestamp": "2022-08-09T09:00:15.744000"
        },
        {
            "utterance_id": 3,
            "interlocutor_id": "BJ",
            "text": "The weather here is also really nice. It's almost too hot!",
            "timestamp": "2022-08-09T09:00:31.148000"
        },
        {
            "utterance_id": 4,
            "interlocutor_id": "AN",
            "text": "That's right. It seems like it's going to rise to about 35°C here today.",
            "timestamp": "2022-08-09T09:00:49.717000"
        },
        {
            "utterance_id": 5,
            "interlocutor_id": "BJ",
            "text": "Same here. It hasn't rained recently, and it's quite dry.",
            "timestamp": "2022-08-09T09:01:10.574000"
        },
        {
            "utterance_id": 6,
            "interlocutor_id": "AN",
            "text": "Is that so? It rained a little here on Sunday.",
            "timestamp": "2022-08-09T09:01:24.381000"
        },
        {
            "utterance_id": 7,
            "interlocutor_id": "BJ",
            "text": "Is that so? I'm envious.",
            "timestamp": "2022-08-09T09:01:48.306000"
        },
        {
            "utterance_id": 8,
            "interlocutor_id": "AN",
            "text": "Although it's been hot, have you been feeling well?",
            "timestamp": "2022-08-09T09:02:05.640000"
        },
        {
            "utterance_id": 9,
            "interlocutor_id": "BJ",
            "text": "I'm feeling fine, but I don't have much appetite due to summer fatigue.",
            "timestamp": "2022-08-09T09:02:50.063000"
        },
        {
            "utterance_id": 10,
            "interlocutor_id": "AN",
            "text": "Summer fatigue, huh. That's tough!",
            "timestamp": "2022-08-09T09:03:05.147000"
        },
        {
            "utterance_id": 11,
            "interlocutor_id": "BJ",
            "text": "It happens every year. How about you?",
            "timestamp": "2022-08-09T09:03:19.579000"
        },
        {
            "utterance_id": 12,
            "interlocutor_id": "AN",
            "text": "I'm doing well for now! I'm able to eat properly.",
            "timestamp": "2022-08-09T09:03:39.697000"
        },
        {
            "utterance_id": 13,
            "interlocutor_id": "BJ",
            "text": "I'm glad to hear that. I'm not good with summer!",
            "timestamp": "2022-08-09T09:04:16.416000"
        },
        {
            "utterance_id": 14,
            "interlocutor_id": "AN",
            "text": "Is that so? Which do you find harder, hot or cold?",
            "timestamp": "2022-08-09T09:04:39.794000"
        },
        {
            "utterance_id": 15,
            "interlocutor_id": "BJ",
            "text": "Hmm, probably hot.",
            "timestamp": "2022-08-09T09:04:51.442000"
        },
        {
            "utterance_id": 16,
            "interlocutor_id": "AN",
            "text": "Heat is something you can't do much about, right?",
            "timestamp": "2022-08-09T09:05:10.673000"
        },
        {
            "utterance_id": 17,
            "interlocutor_id": "BJ",
            "text": "I really can't stand insects. That might be part of it.",
            "timestamp": "2022-08-09T09:05:28.173000"
        },
        {
            "utterance_id": 18,
            "interlocutor_id": "AN",
            "text": "I'm really bad with insects too!",
            "timestamp": "2022-08-09T09:05:41.140000"
        },
        {
            "utterance_id": 19,
            "interlocutor_id": "BJ",
            "text": "Oh, really? Then summer must be tough for you.",
            "timestamp": "2022-08-09T09:06:11.098000"
        },
        {
            "utterance_id": 20,
            "interlocutor_id": "AN",
            "text": "It is tough. Just the other day, a cicada died under the eaves of my house, and I handled it while terrified.",
            "timestamp": "2022-08-09T09:06:42.326000"
        },
        {
            "utterance_id": 21,
            "interlocutor_id": "BJ",
            "text": "Wow, it's one of those that you can't tell if it's alive or not, right?",
            "timestamp": "2022-08-09T09:07:04.688000"
        },
        {
            "utterance_id": 22,
            "interlocutor_id": "AN",
            "text": "Exactly. I'm not good with cicadas because they faint me.",
            "timestamp": "2022-08-09T09:07:25.342000"
        },
        {
            "utterance_id": 23,
            "interlocutor_id": "BJ",
            "text": "But being able to deal with it is impressive. I would call a friend.",
            "timestamp": "2022-08-09T09:07:48.447000"
        },
        {
            "utterance_id": 24,
            "interlocutor_id": "AN",
            "text": "I have kids, and while accompanying them to catch insects, I've had no choice but to touch them.",
            "timestamp": "2022-08-09T09:08:29.112000"
        },
        {
            "utterance_id": 25,
            "interlocutor_id": "BJ",
            "text": "Ah, I see! Your kids are catching insects as well!",
            "timestamp": "2022-08-09T09:09:00.964000"
        },
        {
            "utterance_id": 26,
            "interlocutor_id": "AN",
            "text": "It seems that kids have always been interested in insects.",
            "timestamp": "2022-08-09T09:09:18.369000"
        },
        {
            "utterance_id": 27,
            "interlocutor_id": "BJ",
            "text": "Do you have any rhinoceros beetles at home?",
            "timestamp": "2022-08-09T09:09:48.342000"
        },
        {
            "utterance_id": 28,
            "interlocutor_id": "AN",
            "text": "We don't keep them at home, but it seems they have some at preschool.",
            "timestamp": "2022-08-09T09:10:09.489000"
        },
        {
            "utterance_id": 29,
            "interlocutor_id": "BJ",
            "text": "I hope they don't start saying they want to keep them soon. Thank you for today!",
            "timestamp": "2022-08-09T09:10:53.292000"
        },
        {
            "utterance_id": 30,
            "interlocutor_id": "AN",
            "text": "Yes, I hope so too. Thank you as well!",
            "timestamp": "2022-08-09T09:11:06.614000"
        }
    ],
    "evaluations": [
        {
            "interlocutor_id": "AN",
            "informativeness": 4,
            "comprehension": 4,
            "familiarity": 5,
            "interest": 4,
            "proactiveness": 3,
            "satisfaction": 5
        },
        {
            "interlocutor_id": "BJ",
            "informativeness": 4,
            "comprehension": 3,
            "familiarity": 4,
            "interest": 3,
            "proactiveness": 3,
            "satisfaction": 4
        }
    ]
}