{
    "dialogue_id": 467,
    "interlocutors": [
        "BK",
        "BB"
    ],
    "utterances": [
        {
            "utterance_id": 0,
            "interlocutor_id": "BK",
            "text": "Hello!",
            "timestamp": "2022-08-17T11:03:26.459000"
        },
        {
            "utterance_id": 1,
            "interlocutor_id": "BB",
            "text": "Hello! Nice to meet you!",
            "timestamp": "2022-08-17T11:03:32.720000"
        },
        {
            "utterance_id": 2,
            "interlocutor_id": "BK",
            "text": "Likewise! Please listen, a delivery will come this afternoon!",
            "timestamp": "2022-08-17T11:03:53.108000"
        },
        {
            "utterance_id": 3,
            "interlocutor_id": "BB",
            "text": "Oh, is it the delivery you've been waiting for??",
            "timestamp": "2022-08-17T11:04:09.785000"
        },
        {
            "utterance_id": 4,
            "interlocutor_id": "BK",
            "text": "Yes! I finally decided to try OxiClean!",
            "timestamp": "2022-08-17T11:04:25.936000"
        },
        {
            "utterance_id": 5,
            "interlocutor_id": "BB",
            "text": "I see! Is it for spring cleaning??",
            "timestamp": "2022-08-17T11:04:45.395000"
        },
        {
            "utterance_id": 6,
            "interlocutor_id": "BK",
            "text": "Yes, it's for spring cleaning. I want to soak things in OxiClean here and there.",
            "timestamp": "2022-08-17T11:05:06.683000"
        },
        {
            "utterance_id": 7,
            "interlocutor_id": "BB",
            "text": "OxiClean is quite helpful for tackling mold, right?",
            "timestamp": "2022-08-17T11:05:32.326000"
        },
        {
            "utterance_id": 8,
            "interlocutor_id": "BK",
            "text": "This is my first time using OxiClean, so I'm expecting it to help with mold and such.",
            "timestamp": "2022-08-17T11:05:56.070000"
        },
        {
            "utterance_id": 9,
            "interlocutor_id": "BB",
            "text": "It's your first time using it! It's quite convenient! I keep it on hand too!",
            "timestamp": "2022-08-17T11:06:20.427000"
        },
        {
            "utterance_id": 10,
            "interlocutor_id": "BK",
            "text": "Keeping it on hand! You're an OxiClean pro then!",
            "timestamp": "2022-08-17T11:06:34.185000"
        },
        {
            "utterance_id": 11,
            "interlocutor_id": "BB",
            "text": "I clean the kitchen with OxiClean about once a week. It makes everything shine and eliminates unpleasant odors!",
            "timestamp": "2022-08-17T11:06:56.749000"
        },
        {
            "utterance_id": 12,
            "interlocutor_id": "BK",
            "text": "Wow! By the way, do you let OxiClean sit in the sink or something?",
            "timestamp": "2022-08-17T11:07:30.989000"
        },
        {
            "utterance_id": 13,
            "interlocutor_id": "BB",
            "text": "In my case, I don't let it sit; I make a solution and soak the sponge in it to clean.",
            "timestamp": "2022-08-17T11:07:57.078000"
        },
        {
            "utterance_id": 14,
            "interlocutor_id": "BK",
            "text": "Oh really! Do you wear gloves?",
            "timestamp": "2022-08-17T11:08:14.101000"
        },
        {
            "utterance_id": 15,
            "interlocutor_id": "BB",
            "text": "Of course! It's said to be dangerous if it touches your skin and you don't wash it properly!",
            "timestamp": "2022-08-17T11:08:31.540000"
        },
        {
            "utterance_id": 16,
            "interlocutor_id": "BK",
            "text": "I see! Do you wipe the places you've cleaned with water again?",
            "timestamp": "2022-08-17T11:08:58.848000"
        },
        {
            "utterance_id": 17,
            "interlocutor_id": "BB",
            "text": "Yes, I rinse it off with water once more.",
            "timestamp": "2022-08-17T11:09:12.285000"
        },
        {
            "utterance_id": 18,
            "interlocutor_id": "BK",
            "text": "I see. So, you clean places that can be rinsed off with OxiClean.",
            "timestamp": "2022-08-17T11:09:36.065000"
        },
        {
            "utterance_id": 19,
            "interlocutor_id": "BB",
            "text": "It might be better to avoid places that can't be rinsed.",
            "timestamp": "2022-08-17T11:09:55.907000"
        },
        {
            "utterance_id": 20,
            "interlocutor_id": "BK",
            "text": "So that means it's not suitable for areas like cabinets or the refrigerator. I'll be careful!",
            "timestamp": "2022-08-17T11:10:22.886000"
        },
        {
            "utterance_id": 21,
            "interlocutor_id": "BB",
            "text": "It would be nice to be able to wipe with water, but apparently, leaving it as is can cause discoloration.",
            "timestamp": "2022-08-17T11:10:50.020000"
        },
        {
            "utterance_id": 22,
            "interlocutor_id": "BK",
            "text": "I want to avoid discoloration! I'll make sure to rinse thoroughly!",
            "timestamp": "2022-08-17T11:11:22.339000"
        },
        {
            "utterance_id": 23,
            "interlocutor_id": "BB",
            "text": "Also, the OxiClean for laundry works great for getting rid of yellowing on white shirts!",
            "timestamp": "2022-08-17T11:11:47.286000"
        },
        {
            "utterance_id": 24,
            "interlocutor_id": "BK",
            "text": "Do you separate the OxiClean for laundry and the cleaning OxiClean when you buy them?",
            "timestamp": "2022-08-17T11:12:25.661000"
        },
        {
            "utterance_id": 25,
            "interlocutor_id": "BB",
            "text": "I do separate them just in case. I've heard the ingredients aren't that different, though.",
            "timestamp": "2022-08-17T11:12:40.138000"
        },
        {
            "utterance_id": 26,
            "interlocutor_id": "BK",
            "text": "Oh no. I thought the contents were similar, so I probably ended up buying the one for laundry!",
            "timestamp": "2022-08-17T11:13:15.528000"
        },
        {
            "utterance_id": 27,
            "interlocutor_id": "BB",
            "text": "I think you can use the laundry one for cleaning too! I just separate them because I dislike the discoloration of clothes!",
            "timestamp": "2022-08-17T11:13:49.133000"
        },
        {
            "utterance_id": 28,
            "interlocutor_id": "BK",
            "text": "I see! Then I'll think that I bought something safe to use for both cleaning and laundry!",
            "timestamp": "2022-08-17T11:14:20.543000"
        },
        {
            "utterance_id": 29,
            "interlocutor_id": "BB",
            "text": "That's right! It should work for both!",
            "timestamp": "2022-08-17T11:14:38.771000"
        }
    ],
    "evaluations": [
        {
            "interlocutor_id": "BK",
            "informativeness": 5,
            "comprehension": 5,
            "familiarity": 5,
            "interest": 5,
            "proactiveness": 5,
            "satisfaction": 5
        },
        {
            "interlocutor_id": "BB",
            "informativeness": 5,
            "comprehension": 4,
            "familiarity": 5,
            "interest": 5,
            "proactiveness": 5,
            "satisfaction": 5
        }
    ]
}