{
    "dialogue_id": 466,
    "interlocutors": [
        "BB",
        "BK"
    ],
    "utterances": [
        {
            "utterance_id": 0,
            "interlocutor_id": "BB",
            "text": "Good morning! Nice to meet you.",
            "timestamp": "2022-08-17T10:51:42.469000"
        },
        {
            "utterance_id": 1,
            "interlocutor_id": "BK",
            "text": "Good morning! Nice to meet you too!",
            "timestamp": "2022-08-17T10:51:57.389000"
        },
        {
            "utterance_id": 2,
            "interlocutor_id": "BB",
            "text": "It looks like it's going to rain heavily here today. How about there?",
            "timestamp": "2022-08-17T10:52:20.513000"
        },
        {
            "utterance_id": 3,
            "interlocutor_id": "BK",
            "text": "It's just drizzling a bit this morning. Is it heavy rain there?",
            "timestamp": "2022-08-17T10:52:36.228000"
        },
        {
            "utterance_id": 4,
            "interlocutor_id": "BB",
            "text": "It was fine in the morning, but now the thunder has started rumbling.",
            "timestamp": "2022-08-17T10:52:58.966000"
        },
        {
            "utterance_id": 5,
            "interlocutor_id": "BK",
            "text": "Thunder too! That's concerning for power outages!",
            "timestamp": "2022-08-17T10:53:19.202000"
        },
        {
            "utterance_id": 6,
            "interlocutor_id": "BB",
            "text": "That’s a bit worrisome. I hope it doesn't rain too much.",
            "timestamp": "2022-08-17T10:53:56.235000"
        },
        {
            "utterance_id": 7,
            "interlocutor_id": "BK",
            "text": "Recently, the weather has been very unstable, right? The temperature and rain too.",
            "timestamp": "2022-08-17T10:54:22.050000"
        },
        {
            "utterance_id": 8,
            "interlocutor_id": "BB",
            "text": "That's very true. The weather forecasts have been missing a lot lately, which is troublesome.",
            "timestamp": "2022-08-17T10:54:37.640000"
        },
        {
            "utterance_id": 9,
            "interlocutor_id": "BK",
            "text": "Was today’s weather forecast wrong?",
            "timestamp": "2022-08-17T10:54:51.721000"
        },
        {
            "utterance_id": 10,
            "interlocutor_id": "BB",
            "text": "Today it wasn’t wrong, but there are times when it was said to be raining but didn't, and vice versa.",
            "timestamp": "2022-08-17T10:55:18.300000"
        },
        {
            "utterance_id": 11,
            "interlocutor_id": "BK",
            "text": "Now that you mention it, I don’t think I saw a forecast for light rain this morning until yesterday.",
            "timestamp": "2022-08-17T10:55:58.057000"
        },
        {
            "utterance_id": 12,
            "interlocutor_id": "BB",
            "text": "Especially when going out, it can be a hassle. Are you staying home all day today?",
            "timestamp": "2022-08-17T10:56:22.379000"
        },
        {
            "utterance_id": 13,
            "interlocutor_id": "BK",
            "text": "I went for a little walk in the morning, and after that, I’ll be home all day.",
            "timestamp": "2022-08-17T10:56:48.893000"
        },
        {
            "utterance_id": 14,
            "interlocutor_id": "BB",
            "text": "Morning walks are nice! They must be refreshing. I have to pick up my child in the afternoon.",
            "timestamp": "2022-08-17T10:57:16.175000"
        },
        {
            "utterance_id": 15,
            "interlocutor_id": "BK",
            "text": "Maybe you’ll have to pick them up in heavy rain?",
            "timestamp": "2022-08-17T10:57:37.259000"
        },
        {
            "utterance_id": 16,
            "interlocutor_id": "BB",
            "text": "It was forecasted to weaken a bit by the pick-up time, but it often doesn’t go as predicted.",
            "timestamp": "2022-08-17T10:57:59.098000"
        },
        {
            "utterance_id": 17,
            "interlocutor_id": "BK",
            "text": "I hope it weakens as forecasted. Are you going by bicycle?",
            "timestamp": "2022-08-17T10:58:21.560000"
        },
        {
            "utterance_id": 18,
            "interlocutor_id": "BB",
            "text": "I’ll be walking! If it’s heavy rain, I need to bring my raincoat too.",
            "timestamp": "2022-08-17T10:58:37.430000"
        },
        {
            "utterance_id": 19,
            "interlocutor_id": "BK",
            "text": "That's probably better than by bicycle, right? But still, I hope the rain weakens.",
            "timestamp": "2022-08-17T10:59:19.814000"
        },
        {
            "utterance_id": 20,
            "interlocutor_id": "BB",
            "text": "I can only wish for that too. Picking up in heavy rain is really unpleasant.",
            "timestamp": "2022-08-17T10:59:36.729000"
        },
        {
            "utterance_id": 21,
            "interlocutor_id": "BK",
            "text": "It would be a struggle.",
            "timestamp": "2022-08-17T10:59:53.695000"
        },
        {
            "utterance_id": 22,
            "interlocutor_id": "BB",
            "text": "That's true. It would be easier if I could drive during times like this, but I don’t have a license.",
            "timestamp": "2022-08-17T11:00:11.015000"
        },
        {
            "utterance_id": 23,
            "interlocutor_id": "BK",
            "text": "I have a license, but driving in heavy rain is still scary and unpleasant.",
            "timestamp": "2022-08-17T11:00:35.609000"
        },
        {
            "utterance_id": 24,
            "interlocutor_id": "BB",
            "text": "It’s dangerous even in a car during heavy rain. It’s best to be indoors when it rains.",
            "timestamp": "2022-08-17T11:00:58.262000"
        },
        {
            "utterance_id": 25,
            "interlocutor_id": "BK",
            "text": "It's nice to be under a roof!",
            "timestamp": "2022-08-17T11:01:11.836000"
        },
        {
            "utterance_id": 26,
            "interlocutor_id": "BB",
            "text": "I hope the rain stops by the afternoon!",
            "timestamp": "2022-08-17T11:01:29.695000"
        },
        {
            "utterance_id": 27,
            "interlocutor_id": "BK",
            "text": "I’ll make a wish for that too!",
            "timestamp": "2022-08-17T11:01:42.066000"
        },
        {
            "utterance_id": 28,
            "interlocutor_id": "BB",
            "text": "Wow, the thunder is getting serious! I have to close the curtains!",
            "timestamp": "2022-08-17T11:02:19.086000"
        },
        {
            "utterance_id": 29,
            "interlocutor_id": "BK",
            "text": "Wow, that sounds serious!",
            "timestamp": "2022-08-17T11:02:30.286000"
        }
    ],
    "evaluations": [
        {
            "interlocutor_id": "BB",
            "informativeness": 5,
            "comprehension": 4,
            "familiarity": 5,
            "interest": 5,
            "proactiveness": 5,
            "satisfaction": 5
        },
        {
            "interlocutor_id": "BK",
            "informativeness": 4,
            "comprehension": 5,
            "familiarity": 5,
            "interest": 4,
            "proactiveness": 4,
            "satisfaction": 4
        }
    ]
}