{
    "dialogue_id": 468,
    "interlocutors": [
        "BB",
        "BK"
    ],
    "utterances": [
        {
            "utterance_id": 0,
            "interlocutor_id": "BB",
            "text": "Hello! It's unfortunate that it's raining today.",
            "timestamp": "2022-08-17T11:15:24.278000"
        },
        {
            "utterance_id": 1,
            "interlocutor_id": "BK",
            "text": "Hello! Here, it was light rain until a moment ago, but now it's getting sunny. Yet, there's thunder!",
            "timestamp": "2022-08-17T11:15:58.621000"
        },
        {
            "utterance_id": 2,
            "interlocutor_id": "BB",
            "text": "It's sunny, but there's thunder! That makes it feel even scarier!",
            "timestamp": "2022-08-17T11:16:15.419000"
        },
        {
            "utterance_id": 3,
            "interlocutor_id": "BK",
            "text": "Absolutely! The atmosphere is too chaotic!",
            "timestamp": "2022-08-17T11:16:31.262000"
        },
        {
            "utterance_id": 4,
            "interlocutor_id": "BB",
            "text": "After the long holiday, I'm lacking motivation, and with this weather, it just adds to the sluggishness.",
            "timestamp": "2022-08-17T11:16:54.616000"
        },
        {
            "utterance_id": 5,
            "interlocutor_id": "BK",
            "text": "It's been humid since this morning.",
            "timestamp": "2022-08-17T11:17:28.873000"
        },
        {
            "utterance_id": 6,
            "interlocutor_id": "BB",
            "text": "That's true. Even though it rained, it somehow doesn't feel refreshing.",
            "timestamp": "2022-08-17T11:17:42.710000"
        },
        {
            "utterance_id": 7,
            "interlocutor_id": "BK",
            "text": "Yesterday was more comfortable because of the strong winds.",
            "timestamp": "2022-08-17T11:18:02.983000"
        },
        {
            "utterance_id": 8,
            "interlocutor_id": "BB",
            "text": "I see! Here, the wind was warm and a little muggy.",
            "timestamp": "2022-08-17T11:18:29.774000"
        },
        {
            "utterance_id": 9,
            "interlocutor_id": "BK",
            "text": "Where do you live?",
            "timestamp": "2022-08-17T11:18:45.442000"
        },
        {
            "utterance_id": 10,
            "interlocutor_id": "BB",
            "text": "I'm in Kansai. I feel like it's a bit more humid than Kanto.",
            "timestamp": "2022-08-17T11:19:03.855000"
        },
        {
            "utterance_id": 11,
            "interlocutor_id": "BK",
            "text": "Kansai! If there's heavy rain in Kansai today, those rain clouds might come to Kanto tomorrow or later.",
            "timestamp": "2022-08-17T11:19:54.658000"
        },
        {
            "utterance_id": 12,
            "interlocutor_id": "BB",
            "text": "That might be the case! Are you in Kanto?",
            "timestamp": "2022-08-17T11:20:08.009000"
        },
        {
            "utterance_id": 13,
            "interlocutor_id": "BK",
            "text": "I'm in southern Kanto, in Kanagawa Prefecture.",
            "timestamp": "2022-08-17T11:20:29.648000"
        },
        {
            "utterance_id": 14,
            "interlocutor_id": "BB",
            "text": "No wonder the weather was a little different there.",
            "timestamp": "2022-08-17T11:20:39.909000"
        },
        {
            "utterance_id": 15,
            "interlocutor_id": "BK",
            "text": "That's right. It'll probably be similar weather from west to east with a time lag.",
            "timestamp": "2022-08-17T11:21:20.299000"
        },
        {
            "utterance_id": 16,
            "interlocutor_id": "BB",
            "text": "We need to prepare for the rain tomorrow. By the way, did you get to relax during the Obon holidays?",
            "timestamp": "2022-08-17T11:21:40.652000"
        },
        {
            "utterance_id": 17,
            "interlocutor_id": "BK",
            "text": "I think I was able to relax during Obon, except for the typhoon that came!",
            "timestamp": "2022-08-17T11:22:07.570000"
        },
        {
            "utterance_id": 18,
            "interlocutor_id": "BB",
            "text": "Kanto was hit by a typhoon, right? Did you have any damages?",
            "timestamp": "2022-08-17T11:22:25.714000"
        },
        {
            "utterance_id": 19,
            "interlocutor_id": "BK",
            "text": "The rain was intense, but there wasn't much damage around my place.",
            "timestamp": "2022-08-17T11:23:01.602000"
        },
        {
            "utterance_id": 20,
            "interlocutor_id": "BB",
            "text": "That's really good to hear. But it's a shame to have rain during a holiday.",
            "timestamp": "2022-08-17T11:23:19.607000"
        },
        {
            "utterance_id": 21,
            "interlocutor_id": "BK",
            "text": "That's true. But if we adjust our plans and stay in, we won't have to suffer too much.",
            "timestamp": "2022-08-17T11:24:29.487000"
        },
        {
            "utterance_id": 22,
            "interlocutor_id": "BB",
            "text": "It's great that you could adjust your plans well! I stayed home on the typhoon day too. However, it didn't rain at all here.",
            "timestamp": "2022-08-17T11:25:00.253000"
        },
        {
            "utterance_id": 23,
            "interlocutor_id": "BK",
            "text": "The typhoon made landfall in Shizuoka Prefecture and then moved east. We were both fortunate to be at home.",
            "timestamp": "2022-08-17T11:25:37.519000"
        },
        {
            "utterance_id": 24,
            "interlocutor_id": "BB",
            "text": "That's definitely true. More than anything, I'm glad we both had no damages!",
            "timestamp": "2022-08-17T11:25:50.988000"
        },
        {
            "utterance_id": 25,
            "interlocutor_id": "BK",
            "text": "Speaking of typhoon damage, it seems people who went to the Comiket event had a tough time.",
            "timestamp": "2022-08-17T11:26:22.830000"
        },
        {
            "utterance_id": 26,
            "interlocutor_id": "BB",
            "text": "Comiket! It's that time of year, isn’t it? Where was it held again?",
            "timestamp": "2022-08-17T11:26:39.128000"
        },
        {
            "utterance_id": 27,
            "interlocutor_id": "BK",
            "text": "I think it was probably around Tokyo Big Sight. I heard that people in cosplay were soaking wet and still doing their best in the rain.",
            "timestamp": "2022-08-17T11:27:20.438000"
        },
        {
            "utterance_id": 28,
            "interlocutor_id": "BB",
            "text": "It's such a shame that, even though everyone was looking forward to it, they had to face a rainstorm. But it sounds like everyone did their best until the end.",
            "timestamp": "2022-08-17T11:27:54.423000"
        },
        {
            "utterance_id": 29,
            "interlocutor_id": "BK",
            "text": "That's a memory from the summer of 2022!",
            "timestamp": "2022-08-17T11:28:13.058000"
        }
    ],
    "evaluations": [
        {
            "interlocutor_id": "BB",
            "informativeness": 5,
            "comprehension": 4,
            "familiarity": 5,
            "interest": 5,
            "proactiveness": 5,
            "satisfaction": 5
        },
        {
            "interlocutor_id": "BK",
            "informativeness": 4,
            "comprehension": 4,
            "familiarity": 5,
            "interest": 4,
            "proactiveness": 4,
            "satisfaction": 4
        }
    ]
}