{
    "dialogue_id": 471,
    "interlocutors": [
        "BK",
        "BB"
    ],
    "utterances": [
        {
            "utterance_id": 0,
            "interlocutor_id": "BK",
            "text": "Hello!",
            "timestamp": "2022-08-17T12:00:25.991000"
        },
        {
            "utterance_id": 1,
            "interlocutor_id": "BB",
            "text": "Hello! Nice to meet you.",
            "timestamp": "2022-08-17T12:00:37.100000"
        },
        {
            "utterance_id": 2,
            "interlocutor_id": "BK",
            "text": "Likewise! I heard the other day that Europe seems to be experiencing drought.",
            "timestamp": "2022-08-17T12:01:28.373000"
        },
        {
            "utterance_id": 3,
            "interlocutor_id": "BB",
            "text": "This year in Europe, it seems to be an abnormally hot summer.",
            "timestamp": "2022-08-17T12:01:52.473000"
        },
        {
            "utterance_id": 4,
            "interlocutor_id": "BK",
            "text": "There were news reports about record-breaking heat, weren’t there?",
            "timestamp": "2022-08-17T12:02:17.707000"
        },
        {
            "utterance_id": 5,
            "interlocutor_id": "BB",
            "text": "I've heard that many households in Europe don't install air conditioning, so I'm worried about how everyone is coping.",
            "timestamp": "2022-08-17T12:02:44.141000"
        },
        {
            "utterance_id": 6,
            "interlocutor_id": "BK",
            "text": "They probably aren't used to the heat, so it must be tough.",
            "timestamp": "2022-08-17T12:03:27.089000"
        },
        {
            "utterance_id": 7,
            "interlocutor_id": "BB",
            "text": "Surely, in the climate they’re used to, air conditioning wasn’t necessary.",
            "timestamp": "2022-08-17T12:03:41.585000"
        },
        {
            "utterance_id": 8,
            "interlocutor_id": "BK",
            "text": "That’s true. In Japan, it seems there are houses in highland areas that don’t have air conditioning.",
            "timestamp": "2022-08-17T12:04:24.154000"
        },
        {
            "utterance_id": 9,
            "interlocutor_id": "BB",
            "text": "Japan has areas like that too! That’s enviable.",
            "timestamp": "2022-08-17T12:04:42.099000"
        },
        {
            "utterance_id": 10,
            "interlocutor_id": "BK",
            "text": "I have a friend in the Nagano mountainous area who only has floor heating installed.",
            "timestamp": "2022-08-17T12:05:12.467000"
        },
        {
            "utterance_id": 11,
            "interlocutor_id": "BB",
            "text": "Nagano is also cool, isn’t it? Winter seems harsh, though.",
            "timestamp": "2022-08-17T12:05:30.089000"
        },
        {
            "utterance_id": 12,
            "interlocutor_id": "BK",
            "text": "Winter there, it seems minus 10 degrees is the norm!",
            "timestamp": "2022-08-17T12:05:50.805000"
        },
        {
            "utterance_id": 13,
            "interlocutor_id": "BB",
            "text": "Minus 10 degrees! I don’t think I could handle that... it rarely goes below zero here in winter.",
            "timestamp": "2022-08-17T12:06:13.346000"
        },
        {
            "utterance_id": 14,
            "interlocutor_id": "BK",
            "text": "I too, in Kanagawa, am unrelated to minus 10 degrees!",
            "timestamp": "2022-08-17T12:06:40.485000"
        },
        {
            "utterance_id": 15,
            "interlocutor_id": "BB",
            "text": "Oh, you're in Kanagawa! I'm in Hyogo. Not only minus, but we hardly get any snow!",
            "timestamp": "2022-08-17T12:07:04.330000"
        },
        {
            "utterance_id": 16,
            "interlocutor_id": "BK",
            "text": "In Hyogo, does it not snow even in the northern or mountainous areas?",
            "timestamp": "2022-08-17T12:07:44.228000"
        },
        {
            "utterance_id": 17,
            "interlocutor_id": "BB",
            "text": "Well, yes. There are many mountainous areas, and it’s a different story there.",
            "timestamp": "2022-08-17T12:08:06.223000"
        },
        {
            "utterance_id": 18,
            "interlocutor_id": "BK",
            "text": "I see. In Kanagawa, the Tanzawa mountain range sometimes gets completely white with snow.",
            "timestamp": "2022-08-17T12:08:48.989000"
        },
        {
            "utterance_id": 19,
            "interlocutor_id": "BB",
            "text": "It really seems the climate in mountainous areas is completely different from that of plains everywhere.",
            "timestamp": "2022-08-17T12:09:36.498000"
        },
        {
            "utterance_id": 20,
            "interlocutor_id": "BK",
            "text": "If you had to choose between living in a mountainous area or a plain, which would you prefer?",
            "timestamp": "2022-08-17T12:10:03.885000"
        },
        {
            "utterance_id": 21,
            "interlocutor_id": "BB",
            "text": "Hmm. The mountainous area seems like it would be tough on my legs, so I’ll choose the plains!",
            "timestamp": "2022-08-17T12:10:30.647000"
        },
        {
            "utterance_id": 22,
            "interlocutor_id": "BK",
            "text": "I long for the mountainous area, but I’m not confident in fighting against nature, so I’ll go with the plains!",
            "timestamp": "2022-08-17T12:11:31.529000"
        },
        {
            "utterance_id": 23,
            "interlocutor_id": "BB",
            "text": "Living in mountainous areas also means battling nature, right? There must be a lot of bugs too...",
            "timestamp": "2022-08-17T12:11:43.666000"
        },
        {
            "utterance_id": 24,
            "interlocutor_id": "BK",
            "text": "There are indeed many bugs, and wild boars, bears, and monkeys might appear too.",
            "timestamp": "2022-08-17T12:12:18.959000"
        },
        {
            "utterance_id": 25,
            "interlocutor_id": "BB",
            "text": "Animals too! Here, since there are many mountains, I often see animal caution signs whenever I drive on mountain roads.",
            "timestamp": "2022-08-17T12:12:47.676000"
        },
        {
            "utterance_id": 26,
            "interlocutor_id": "BK",
            "text": "Oh! What animals are depicted on the animal caution signs?",
            "timestamp": "2022-08-17T12:13:11.460000"
        },
        {
            "utterance_id": 27,
            "interlocutor_id": "BB",
            "text": "Of course, there are signs for boars, and since there are many farms, there are also sheep caution signs.",
            "timestamp": "2022-08-17T12:13:25.968000"
        },
        {
            "utterance_id": 28,
            "interlocutor_id": "BK",
            "text": "Sheep!!",
            "timestamp": "2022-08-17T12:13:33.352000"
        },
        {
            "utterance_id": 29,
            "interlocutor_id": "BB",
            "text": "I don’t have experience, but I’ve heard they really do jump out unexpectedly!",
            "timestamp": "2022-08-17T12:13:48.464000"
        }
    ],
    "evaluations": [
        {
            "interlocutor_id": "BK",
            "informativeness": 5,
            "comprehension": 5,
            "familiarity": 5,
            "interest": 4,
            "proactiveness": 5,
            "satisfaction": 4
        },
        {
            "interlocutor_id": "BB",
            "informativeness": 5,
            "comprehension": 4,
            "familiarity": 5,
            "interest": 5,
            "proactiveness": 5,
            "satisfaction": 5
        }
    ]
}