{
    "dialogue_id": 470,
    "interlocutors": [
        "BB",
        "BK"
    ],
    "utterances": [
        {
            "utterance_id": 0,
            "interlocutor_id": "BB",
            "text": "Hello, nice to meet you!",
            "timestamp": "2022-08-17T11:42:00.830000"
        },
        {
            "utterance_id": 1,
            "interlocutor_id": "BK",
            "text": "Nice to meet you, hello!",
            "timestamp": "2022-08-17T11:42:12.691000"
        },
        {
            "utterance_id": 2,
            "interlocutor_id": "BB",
            "text": "This summer feels longer, doesn't it? Are you alright with summer fatigue?",
            "timestamp": "2022-08-17T11:42:30.878000"
        },
        {
            "utterance_id": 3,
            "interlocutor_id": "BK",
            "text": "So far, I'm managing somehow, but the other day, I had a terrible experience in an underground parking lot.",
            "timestamp": "2022-08-17T11:42:58.348000"
        },
        {
            "utterance_id": 4,
            "interlocutor_id": "BB",
            "text": "Oh dear, what happened? Please tell me.",
            "timestamp": "2022-08-17T11:43:10.248000"
        },
        {
            "utterance_id": 5,
            "interlocutor_id": "BK",
            "text": "I parked my car in the underground parking lot of a certain shopping mall, and when I got out of the car, it felt like a steam room.",
            "timestamp": "2022-08-17T11:43:41.225000"
        },
        {
            "utterance_id": 6,
            "interlocutor_id": "BB",
            "text": "That's common in underground parking lots during summer.",
            "timestamp": "2022-08-17T11:43:54.670000"
        },
        {
            "utterance_id": 7,
            "interlocutor_id": "BK",
            "text": "I thought it would be more comfortable than an outdoor parking lot in the blazing sun, but I never expected it to be such a steam room.",
            "timestamp": "2022-08-17T11:44:37.150000"
        },
        {
            "utterance_id": 8,
            "interlocutor_id": "BB",
            "text": "Surprisingly, many underground parking lots don't have air conditioning, do they?",
            "timestamp": "2022-08-17T11:44:56.250000"
        },
        {
            "utterance_id": 9,
            "interlocutor_id": "BK",
            "text": "That's true. Now that I think about it, I hardly ever used underground parking lots.",
            "timestamp": "2022-08-17T11:45:25.669000"
        },
        {
            "utterance_id": 10,
            "interlocutor_id": "BB",
            "text": "Were you always using outdoor parking? Outdoors can also get hot in the blazing sun, right?",
            "timestamp": "2022-08-17T11:45:53.428000"
        },
        {
            "utterance_id": 11,
            "interlocutor_id": "BK",
            "text": "Usually, I often use parking lots in buildings where the wind flows well. They're completely unrelated to steam rooms.",
            "timestamp": "2022-08-17T11:46:29.113000"
        },
        {
            "utterance_id": 12,
            "interlocutor_id": "BB",
            "text": "When it's that muggy, I worry about the health of the people who work in the parking lot.",
            "timestamp": "2022-08-17T11:47:01.358000"
        },
        {
            "utterance_id": 13,
            "interlocutor_id": "BK",
            "text": "I think there was no one in that underground parking lot. I didn't see any security guards either.",
            "timestamp": "2022-08-17T11:47:43.433000"
        },
        {
            "utterance_id": 14,
            "interlocutor_id": "BB",
            "text": "There weren't any security guards? It seems they aren't stationed there.",
            "timestamp": "2022-08-17T11:48:05.171000"
        },
        {
            "utterance_id": 15,
            "interlocutor_id": "BK",
            "text": "I think they were at the entrance above ground. Maybe they left the underground to the surveillance cameras.",
            "timestamp": "2022-08-17T11:49:01.583000"
        },
        {
            "utterance_id": 16,
            "interlocutor_id": "BB",
            "text": "Is that so? If that's the case, it makes me a bit worried about safety.",
            "timestamp": "2022-08-17T11:49:16.383000"
        },
        {
            "utterance_id": 17,
            "interlocutor_id": "BK",
            "text": "But that's unavoidable. It was genuinely too hot to stay for even five minutes.",
            "timestamp": "2022-08-17T11:49:52.578000"
        },
        {
            "utterance_id": 18,
            "interlocutor_id": "BB",
            "text": "You should quickly enter the mall then. Was the temperature in the car okay on your way back?",
            "timestamp": "2022-08-17T11:50:18.709000"
        },
        {
            "utterance_id": 19,
            "interlocutor_id": "BK",
            "text": "The temperature in the car might have been better than when it was parked in the blazing sun.",
            "timestamp": "2022-08-17T11:51:03.655000"
        },
        {
            "utterance_id": 20,
            "interlocutor_id": "BB",
            "text": "So it was a little better. Sometimes the temperature in the car can get so high that you can't breathe.",
            "timestamp": "2022-08-17T11:51:35.654000"
        },
        {
            "utterance_id": 21,
            "interlocutor_id": "BK",
            "text": "That's true. Also, the steering wheel can get so hot that you can't touch it.",
            "timestamp": "2022-08-17T11:52:00.268000"
        },
        {
            "utterance_id": 22,
            "interlocutor_id": "BB",
            "text": "That too! Summer outings require so much preparation.",
            "timestamp": "2022-08-17T11:52:20.025000"
        },
        {
            "utterance_id": 23,
            "interlocutor_id": "BK",
            "text": "That's very true. By the way, when I tried to enter the mall from the underground parking lot, the alarm went off when I walked past the thermal monitor.",
            "timestamp": "2022-08-17T11:53:01.913000"
        },
        {
            "utterance_id": 24,
            "interlocutor_id": "BB",
            "text": "That was not your body temperature, it was completely the temperature of the parking lot!",
            "timestamp": "2022-08-17T11:53:18.176000"
        },
        {
            "utterance_id": 25,
            "interlocutor_id": "BK",
            "text": "Exactly! It seems to be common lately, and there was a sign saying to wait about five minutes and then remeasure.",
            "timestamp": "2022-08-17T11:53:46.911000"
        },
        {
            "utterance_id": 26,
            "interlocutor_id": "BB",
            "text": "Haha. It seems others have had the same experience.",
            "timestamp": "2022-08-17T11:54:04.724000"
        },
        {
            "utterance_id": 27,
            "interlocutor_id": "BK",
            "text": "I guess so. Ugh, I'm already full of summer.",
            "timestamp": "2022-08-17T11:54:26.415000"
        },
        {
            "utterance_id": 28,
            "interlocutor_id": "BB",
            "text": "So true. I wish autumn would come soon.",
            "timestamp": "2022-08-17T11:54:39.426000"
        },
        {
            "utterance_id": 29,
            "interlocutor_id": "BK",
            "text": "I want autumn and winter to come!",
            "timestamp": "2022-08-17T11:55:00.657000"
        }
    ],
    "evaluations": [
        {
            "interlocutor_id": "BB",
            "informativeness": 5,
            "comprehension": 4,
            "familiarity": 5,
            "interest": 5,
            "proactiveness": 5,
            "satisfaction": 5
        },
        {
            "interlocutor_id": "BK",
            "informativeness": 4,
            "comprehension": 4,
            "familiarity": 4,
            "interest": 3,
            "proactiveness": 5,
            "satisfaction": 4
        }
    ]
}