{
    "dialogue_id": 475,
    "interlocutors": [
        "BK",
        "BB"
    ],
    "utterances": [
        {
            "utterance_id": 0,
            "interlocutor_id": "BK",
            "text": "Hello! Nice to meet you!",
            "timestamp": "2022-08-17T12:55:22.177000"
        },
        {
            "utterance_id": 1,
            "interlocutor_id": "BB",
            "text": "Nice to meet you too!",
            "timestamp": "2022-08-17T12:55:30.155000"
        },
        {
            "utterance_id": 2,
            "interlocutor_id": "BK",
            "text": "Have you had any interesting dreams lately?",
            "timestamp": "2022-08-17T12:55:53.408000"
        },
        {
            "utterance_id": 3,
            "interlocutor_id": "BB",
            "text": "I haven't really dreamt much lately. It's often hot and I wake up at night.",
            "timestamp": "2022-08-17T12:56:08.856000"
        },
        {
            "utterance_id": 4,
            "interlocutor_id": "BK",
            "text": "It is hot, isn't it? Last night, I dreamt I was eating a lot of food.",
            "timestamp": "2022-08-17T12:56:41.988000"
        },
        {
            "utterance_id": 5,
            "interlocutor_id": "BB",
            "text": "That sounds like a fun dream!",
            "timestamp": "2022-08-17T12:56:56.542000"
        },
        {
            "utterance_id": 6,
            "interlocutor_id": "BK",
            "text": "It was kind of fun, but also weird since I felt both overjoyed and uncomfortable from overeating.",
            "timestamp": "2022-08-17T12:57:28.805000"
        },
        {
            "utterance_id": 7,
            "interlocutor_id": "BB",
            "text": "What were you eating in your dream?",
            "timestamp": "2022-08-17T12:57:38.443000"
        },
        {
            "utterance_id": 8,
            "interlocutor_id": "BK",
            "text": "I can't quite remember, but I think I was randomly eating petite sweets.",
            "timestamp": "2022-08-17T12:58:01.371000"
        },
        {
            "utterance_id": 9,
            "interlocutor_id": "BB",
            "text": "That sounds fun, but I'm a bit worried it might be a sign of stress.",
            "timestamp": "2022-08-17T12:58:22.175000"
        },
        {
            "utterance_id": 10,
            "interlocutor_id": "BK",
            "text": "Sharp observation! Actually, for dinner yesterday, I had a Gyoza bento from Osho and felt quite bloated afterward.",
            "timestamp": "2022-08-17T12:59:01.805000"
        },
        {
            "utterance_id": 11,
            "interlocutor_id": "BB",
            "text": "So it was quite a satisfying meal, huh?",
            "timestamp": "2022-08-17T12:59:24.020000"
        },
        {
            "utterance_id": 12,
            "interlocutor_id": "BK",
            "text": "Moreover, I even had a beer. By the time I went to bed, my stomach was stuffed.",
            "timestamp": "2022-08-17T12:59:48.815000"
        },
        {
            "utterance_id": 13,
            "interlocutor_id": "BB",
            "text": "You were pretty uncomfortable then. So that influenced your dream!",
            "timestamp": "2022-08-17T13:00:08.445000"
        },
        {
            "utterance_id": 14,
            "interlocutor_id": "BK",
            "text": "That fullness must have been stress, huh?",
            "timestamp": "2022-08-17T13:00:26.353000"
        },
        {
            "utterance_id": 15,
            "interlocutor_id": "BB",
            "text": "I see. Thinking about Osho, are you perhaps from the Kanto region?",
            "timestamp": "2022-08-17T13:00:45.585000"
        },
        {
            "utterance_id": 16,
            "interlocutor_id": "BK",
            "text": "Yes, I am from Kanto!",
            "timestamp": "2022-08-17T13:00:52.458000"
        },
        {
            "utterance_id": 17,
            "interlocutor_id": "BB",
            "text": "We are from Kansai, and here, the Osho's Tenshinhan is served with a soy sauce-based sauce.",
            "timestamp": "2022-08-17T13:01:24.618000"
        },
        {
            "utterance_id": 18,
            "interlocutor_id": "BK",
            "text": "Soy sauce.",
            "timestamp": "2022-08-17T13:01:38.578000"
        },
        {
            "utterance_id": 19,
            "interlocutor_id": "BB",
            "text": "I've heard that in Kanto, the Tenshinhan is based on ketchup. Is that true?",
            "timestamp": "2022-08-17T13:01:53.520000"
        },
        {
            "utterance_id": 20,
            "interlocutor_id": "BK",
            "text": "Ketchup!? I'm not so sure about the Osho's Tenshinhan being served with ketchup, uh?",
            "timestamp": "2022-08-17T13:02:26.962000"
        },
        {
            "utterance_id": 21,
            "interlocutor_id": "BB",
            "text": "Oh, I'm sorry if I had the wrong information!",
            "timestamp": "2022-08-17T13:02:43.496000"
        },
        {
            "utterance_id": 22,
            "interlocutor_id": "BK",
            "text": "Now that I think about it, the sauce for Osho's Tenshinhan should be one of three types: sweet vinegar, salt, or Kyo sauce!",
            "timestamp": "2022-08-17T13:03:19.670000"
        },
        {
            "utterance_id": 23,
            "interlocutor_id": "BB",
            "text": "Oh, you could choose! Here, it seems like there was only one option. Instead, there is the Tenshin fried rice.",
            "timestamp": "2022-08-17T13:03:48.925000"
        },
        {
            "utterance_id": 24,
            "interlocutor_id": "BK",
            "text": "Tenshin fried rice sounds delicious! Maybe if it’s Osaka Osho, there might be more options!",
            "timestamp": "2022-08-17T13:04:34.564000"
        },
        {
            "utterance_id": 25,
            "interlocutor_id": "BB",
            "text": "Oh right, Osaka Osho has a slightly different lineup, doesn’t it?",
            "timestamp": "2022-08-17T13:04:50.976000"
        },
        {
            "utterance_id": 26,
            "interlocutor_id": "BK",
            "text": "Still, ketchup-based sauce is hard to imagine.",
            "timestamp": "2022-08-17T13:05:31.069000"
        },
        {
            "utterance_id": 27,
            "interlocutor_id": "BB",
            "text": "I just looked it up, and in Kanto, it seems that sweet vinegar sauce is the standard.",
            "timestamp": "2022-08-17T13:05:51.559000"
        },
        {
            "utterance_id": 28,
            "interlocutor_id": "BK",
            "text": "Really! Even though I'm from Kanto, my favorite is Kyo sauce.",
            "timestamp": "2022-08-17T13:06:19.589000"
        },
        {
            "utterance_id": 29,
            "interlocutor_id": "BB",
            "text": "But isn't Kyo sauce the most delicious? It has umami.",
            "timestamp": "2022-08-17T13:06:45.337000"
        }
    ],
    "evaluations": [
        {
            "interlocutor_id": "BK",
            "informativeness": 5,
            "comprehension": 4,
            "familiarity": 5,
            "interest": 4,
            "proactiveness": 5,
            "satisfaction": 5
        },
        {
            "interlocutor_id": "BB",
            "informativeness": 5,
            "comprehension": 4,
            "familiarity": 5,
            "interest": 5,
            "proactiveness": 5,
            "satisfaction": 5
        }
    ]
}