{
    "dialogue_id": 478,
    "interlocutors": [
        "BB",
        "BK"
    ],
    "utterances": [
        {
            "utterance_id": 0,
            "interlocutor_id": "BB",
            "text": "Hello, nice to meet you.",
            "timestamp": "2022-08-18T11:16:48.939000"
        },
        {
            "utterance_id": 1,
            "interlocutor_id": "BK",
            "text": "Nice to meet you!",
            "timestamp": "2022-08-18T11:16:55.968000"
        },
        {
            "utterance_id": 2,
            "interlocutor_id": "BB",
            "text": "Finally, the mornings have become slightly cooler, haven't they? I guess autumn is coming.",
            "timestamp": "2022-08-18T11:17:19.422000"
        },
        {
            "utterance_id": 3,
            "interlocutor_id": "BK",
            "text": "I would be happy if it is. I'm quite fed up with the heat.",
            "timestamp": "2022-08-18T11:17:40.283000"
        },
        {
            "utterance_id": 4,
            "interlocutor_id": "BB",
            "text": "I can't wait for autumn to come. Do you like autumn foods?",
            "timestamp": "2022-08-18T11:17:56.098000"
        },
        {
            "utterance_id": 5,
            "interlocutor_id": "BK",
            "text": "Autumn foods. I think there are a variety of things I like.",
            "timestamp": "2022-08-18T11:18:45.815000"
        },
        {
            "utterance_id": 6,
            "interlocutor_id": "BB",
            "text": "That's right. I want to eat mushroom hot pot and chestnut rice.",
            "timestamp": "2022-08-18T11:18:46.027000"
        },
        {
            "utterance_id": 7,
            "interlocutor_id": "BK",
            "text": "Chestnut rice! I want to eat it!",
            "timestamp": "2022-08-18T11:18:54.117000"
        },
        {
            "utterance_id": 8,
            "interlocutor_id": "BB",
            "text": "You like chestnuts! Actually, my husband hates chestnuts, so we can't eat them at home.",
            "timestamp": "2022-08-18T11:19:13.019000"
        },
        {
            "utterance_id": 9,
            "interlocutor_id": "BK",
            "text": "No way! That needs to be corrected!",
            "timestamp": "2022-08-18T11:19:46.696000"
        },
        {
            "utterance_id": 10,
            "interlocutor_id": "BB",
            "text": "He says he dislikes the texture. That makes me want to eat them even more.",
            "timestamp": "2022-08-18T11:20:00.967000"
        },
        {
            "utterance_id": 11,
            "interlocutor_id": "BK",
            "text": "I see. Maybe he doesn't like coarse textures. I think pumpkin and sweet potatoes are also coarse but delicious.",
            "timestamp": "2022-08-18T11:20:56.436000"
        },
        {
            "utterance_id": 12,
            "interlocutor_id": "BB",
            "text": "I love pumpkin and sweet potatoes too! They are sweet and delicious!",
            "timestamp": "2022-08-18T11:21:41.065000"
        },
        {
            "utterance_id": 13,
            "interlocutor_id": "BK",
            "text": "They are delicious, right? Is sweet potato also considered an autumn delicacy?",
            "timestamp": "2022-08-18T11:22:28.170000"
        },
        {
            "utterance_id": 14,
            "interlocutor_id": "BB",
            "text": "Yes, that's right. I have the image that they are harvested from autumn to winter.",
            "timestamp": "2022-08-18T11:22:49.556000"
        },
        {
            "utterance_id": 15,
            "interlocutor_id": "BK",
            "text": "Recently, it's confusing because we can eat various things throughout the year. What other autumn flavors are there?",
            "timestamp": "2022-08-18T11:23:19.660000"
        },
        {
            "utterance_id": 16,
            "interlocutor_id": "BB",
            "text": "That's true! There is a lot of greenhouse cultivation too. It's a bit pricey, but we can eat them anytime, right?",
            "timestamp": "2022-08-18T11:23:45.556000"
        },
        {
            "utterance_id": 17,
            "interlocutor_id": "BK",
            "text": "Recently, the farm nearby has started selling pears, but are they a summer fruit?",
            "timestamp": "2022-08-18T11:24:20.776000"
        },
        {
            "utterance_id": 18,
            "interlocutor_id": "BB",
            "text": "Pears are definitely autumn fruits, right? I have the image that they appear around the end of summer.",
            "timestamp": "2022-08-18T11:24:36.346000"
        },
        {
            "utterance_id": 19,
            "interlocutor_id": "BK",
            "text": "I thought so. I like pears!",
            "timestamp": "2022-08-18T11:25:16.150000"
        },
        {
            "utterance_id": 20,
            "interlocutor_id": "BB",
            "text": "I love them too. They are so juicy, and that refined sweetness is wonderful, isn’t it?",
            "timestamp": "2022-08-18T11:25:31.598000"
        },
        {
            "utterance_id": 21,
            "interlocutor_id": "BK",
            "text": "Also, just to go back a bit to chestnut rice, mukago rice is delicious too, right?",
            "timestamp": "2022-08-18T11:26:04.061000"
        },
        {
            "utterance_id": 22,
            "interlocutor_id": "BB",
            "text": "Is mukago a type of legume?",
            "timestamp": "2022-08-18T11:26:34.099000"
        },
        {
            "utterance_id": 23,
            "interlocutor_id": "BK",
            "text": "It's like the grains that grow on the stems of yams and long yams.",
            "timestamp": "2022-08-18T11:27:04.023000"
        },
        {
            "utterance_id": 24,
            "interlocutor_id": "BB",
            "text": "I've never had it, but I can imagine the taste! I'm sure I would like it!",
            "timestamp": "2022-08-18T11:27:27.443000"
        },
        {
            "utterance_id": 25,
            "interlocutor_id": "BK",
            "text": "You don't see it often at supermarkets. If you can, try looking for it at roadside stations or direct sales places!",
            "timestamp": "2022-08-18T11:28:06.371000"
        },
        {
            "utterance_id": 26,
            "interlocutor_id": "BB",
            "text": "That's true, I've never seen it at a supermarket. I need to check it out!",
            "timestamp": "2022-08-18T11:28:23.763000"
        },
        {
            "utterance_id": 27,
            "interlocutor_id": "BK",
            "text": "I hope your husband will like it!",
            "timestamp": "2022-08-18T11:28:37.242000"
        },
        {
            "utterance_id": 28,
            "interlocutor_id": "BB",
            "text": "When I checked, it seems that they cultivate mukago in a nearby place called Tamba City!",
            "timestamp": "2022-08-18T11:29:02.857000"
        },
        {
            "utterance_id": 29,
            "interlocutor_id": "BK",
            "text": "Oh! Please give it a try if you get the chance!",
            "timestamp": "2022-08-18T11:29:25.225000"
        }
    ],
    "evaluations": [
        {
            "interlocutor_id": "BB",
            "informativeness": 5,
            "comprehension": 5,
            "familiarity": 5,
            "interest": 5,
            "proactiveness": 5,
            "satisfaction": 5
        },
        {
            "interlocutor_id": "BK",
            "informativeness": 4,
            "comprehension": 4,
            "familiarity": 4,
            "interest": 4,
            "proactiveness": 4,
            "satisfaction": 5
        }
    ]
}