{
    "dialogue_id": 482,
    "interlocutors": [
        "BB",
        "BK"
    ],
    "utterances": [
        {
            "utterance_id": 0,
            "interlocutor_id": "BB",
            "text": "Hello!",
            "timestamp": "2022-08-18T12:16:47.131000"
        },
        {
            "utterance_id": 1,
            "interlocutor_id": "BK",
            "text": "Hello!",
            "timestamp": "2022-08-18T12:16:56.015000"
        },
        {
            "utterance_id": 2,
            "interlocutor_id": "BB",
            "text": "It's been really hot lately, hasn't it? Are you able to sleep well at night?",
            "timestamp": "2022-08-18T12:17:11.950000"
        },
        {
            "utterance_id": 3,
            "interlocutor_id": "BK",
            "text": "I've been pretty tired during the day, so I think I'm sleeping well. How about you?",
            "timestamp": "2022-08-18T12:17:42.055000"
        },
        {
            "utterance_id": 4,
            "interlocutor_id": "BB",
            "text": "Lately, when I'm tired, I find my sleep is getting shallower.",
            "timestamp": "2022-08-18T12:18:03.914000"
        },
        {
            "utterance_id": 5,
            "interlocutor_id": "BK",
            "text": "Maybe I'm too tired. It's tough.",
            "timestamp": "2022-08-18T12:18:24.197000"
        },
        {
            "utterance_id": 6,
            "interlocutor_id": "BB",
            "text": "I'm originally weak against the summer heat. I want to sleep soundly.",
            "timestamp": "2022-08-18T12:18:43.788000"
        },
        {
            "utterance_id": 7,
            "interlocutor_id": "BK",
            "text": "They say air conditioning can affect sleep as well.",
            "timestamp": "2022-08-18T12:19:10.342000"
        },
        {
            "utterance_id": 8,
            "interlocutor_id": "BB",
            "text": "It seems so! Actually, I have a weak throat, so I turn off the air conditioning when I sleep.",
            "timestamp": "2022-08-18T12:19:32.218000"
        },
        {
            "utterance_id": 9,
            "interlocutor_id": "BK",
            "text": "Is that so? Doesn't it get hot in the middle of the night?",
            "timestamp": "2022-08-18T12:19:51.650000"
        },
        {
            "utterance_id": 10,
            "interlocutor_id": "BB",
            "text": "Instead, I use a cooling mat or ice packs!",
            "timestamp": "2022-08-18T12:20:08.997000"
        },
        {
            "utterance_id": 11,
            "interlocutor_id": "BK",
            "text": "I see. That's one way to do it.",
            "timestamp": "2022-08-18T12:20:30.985000"
        },
        {
            "utterance_id": 12,
            "interlocutor_id": "BB",
            "text": "It makes the heat a bit more bearable. But my problem is waking up in the middle of the night.",
            "timestamp": "2022-08-18T12:21:01.326000"
        },
        {
            "utterance_id": 13,
            "interlocutor_id": "BK",
            "text": "You wake up? That makes it hard to feel rested. I hope you find a good solution.",
            "timestamp": "2022-08-18T12:21:52.328000"
        },
        {
            "utterance_id": 14,
            "interlocutor_id": "BB",
            "text": "That's true. Maybe I should try meditating.",
            "timestamp": "2022-08-18T12:22:09.148000"
        },
        {
            "utterance_id": 15,
            "interlocutor_id": "BK",
            "text": "Meditation. Yes, it probably helps relieve mental fatigue.",
            "timestamp": "2022-08-18T12:23:00.069000"
        },
        {
            "utterance_id": 16,
            "interlocutor_id": "BB",
            "text": "When you can’t sleep, what do you do?",
            "timestamp": "2022-08-18T12:23:12.772000"
        },
        {
            "utterance_id": 17,
            "interlocutor_id": "BK",
            "text": "I don't think it will be very helpful, but I give up and get up to do housework.",
            "timestamp": "2022-08-18T12:23:48.358000"
        },
        {
            "utterance_id": 18,
            "interlocutor_id": "BB",
            "text": "Ah, I see! That's a strategy to tire yourself out.",
            "timestamp": "2022-08-18T12:24:03.774000"
        },
        {
            "utterance_id": 19,
            "interlocutor_id": "BK",
            "text": "Exactly. Then, I push through the next day in a daze and crash at night.",
            "timestamp": "2022-08-18T12:24:42.803000"
        },
        {
            "utterance_id": 20,
            "interlocutor_id": "BB",
            "text": "Even if the next day is a bit tough, that's where I endure.",
            "timestamp": "2022-08-18T12:25:03.803000"
        },
        {
            "utterance_id": 21,
            "interlocutor_id": "BK",
            "text": "If I have plans to drive, that strategy doesn’t work. In that case, I just close my eyes and lie down.",
            "timestamp": "2022-08-18T12:25:45.647000"
        },
        {
            "utterance_id": 22,
            "interlocutor_id": "BB",
            "text": "That's true! It might be best not to use that method on days with plans. I'll try it out a bit this weekend!",
            "timestamp": "2022-08-18T12:26:12.576000"
        },
        {
            "utterance_id": 23,
            "interlocutor_id": "BK",
            "text": "I guess it would be nicer to sleep when autumn comes.",
            "timestamp": "2022-08-18T12:26:39.904000"
        },
        {
            "utterance_id": 24,
            "interlocutor_id": "BB",
            "text": "I wish these tropical nights would end soon. Here, we've had almost 30 consecutive tropical nights.",
            "timestamp": "2022-08-18T12:27:09.259000"
        },
        {
            "utterance_id": 25,
            "interlocutor_id": "BK",
            "text": "No air conditioning during tropical nights sounds tough. And 30 days in a row!",
            "timestamp": "2022-08-18T12:27:42.052000"
        },
        {
            "utterance_id": 26,
            "interlocutor_id": "BB",
            "text": "This year is a bit too harsh. Normally, there are some cool days in between.",
            "timestamp": "2022-08-18T12:28:02.146000"
        },
        {
            "utterance_id": 27,
            "interlocutor_id": "BK",
            "text": "That's right. There isn't really a break in the summer. I want autumn to come quickly!",
            "timestamp": "2022-08-18T12:28:40.847000"
        },
        {
            "utterance_id": 28,
            "interlocutor_id": "BB",
            "text": "I'll try my best to hang in there until the end of August!!",
            "timestamp": "2022-08-18T12:28:57.002000"
        },
        {
            "utterance_id": 29,
            "interlocutor_id": "BK",
            "text": "I can only offer my support, but please take care of yourself!",
            "timestamp": "2022-08-18T12:29:50.388000"
        }
    ],
    "evaluations": [
        {
            "interlocutor_id": "BB",
            "informativeness": 5,
            "comprehension": 4,
            "familiarity": 5,
            "interest": 5,
            "proactiveness": 5,
            "satisfaction": 5
        },
        {
            "interlocutor_id": "BK",
            "informativeness": 4,
            "comprehension": 4,
            "familiarity": 4,
            "interest": 4,
            "proactiveness": 4,
            "satisfaction": 4
        }
    ]
}