{
    "dialogue_id": 486,
    "interlocutors": [
        "AT",
        "BL"
    ],
    "utterances": [
        {
            "utterance_id": 0,
            "interlocutor_id": "AT",
            "text": "Nice to meet you!",
            "timestamp": "2022-08-08T20:04:06.030000"
        },
        {
            "utterance_id": 1,
            "interlocutor_id": "BL",
            "text": "Nice to meet you too!",
            "timestamp": "2022-08-08T20:04:16.311000"
        },
        {
            "utterance_id": 2,
            "interlocutor_id": "AT",
            "text": "It was hot today, wasn't it?",
            "timestamp": "2022-08-08T20:04:26.506000"
        },
        {
            "utterance_id": 3,
            "interlocutor_id": "BL",
            "text": "Yes, it was. Are you okay with the summer heat?",
            "timestamp": "2022-08-08T20:04:44.353000"
        },
        {
            "utterance_id": 4,
            "interlocutor_id": "AT",
            "text": "Yes, I'm fine! How about you?",
            "timestamp": "2022-08-08T20:05:04.780000"
        },
        {
            "utterance_id": 5,
            "interlocutor_id": "BL",
            "text": "I'm okay so far too.",
            "timestamp": "2022-08-08T20:05:18.135000"
        },
        {
            "utterance_id": 6,
            "interlocutor_id": "AT",
            "text": "Are you taking measures against the heat?",
            "timestamp": "2022-08-08T20:05:33.817000"
        },
        {
            "utterance_id": 7,
            "interlocutor_id": "BL",
            "text": "I'm trying to get enough salt and water.",
            "timestamp": "2022-08-08T20:05:50.764000"
        },
        {
            "utterance_id": 8,
            "interlocutor_id": "AT",
            "text": "Me too, it's really important, isn't it?",
            "timestamp": "2022-08-08T20:06:03.838000"
        },
        {
            "utterance_id": 9,
            "interlocutor_id": "BL",
            "text": "If you're not careful, you could get heat stroke even inside your house.",
            "timestamp": "2022-08-08T20:06:26.660000"
        },
        {
            "utterance_id": 10,
            "interlocutor_id": "AT",
            "text": "That's true, what do you usually drink for hydration?",
            "timestamp": "2022-08-08T20:06:49.700000"
        },
        {
            "utterance_id": 11,
            "interlocutor_id": "BL",
            "text": "I often drink barley tea, but yesterday I had protein.",
            "timestamp": "2022-08-08T20:07:19.423000"
        },
        {
            "utterance_id": 12,
            "interlocutor_id": "AT",
            "text": "Do you drink protein often?",
            "timestamp": "2022-08-08T20:07:30.240000"
        },
        {
            "utterance_id": 13,
            "interlocutor_id": "BL",
            "text": "Not really, I bought it because it was 20% off.",
            "timestamp": "2022-08-08T20:07:59.906000"
        },
        {
            "utterance_id": 14,
            "interlocutor_id": "AT",
            "text": "It's the first time I've heard of someone drinking protein for hydration!",
            "timestamp": "2022-08-08T20:08:31.638000"
        },
        {
            "utterance_id": 15,
            "interlocutor_id": "BL",
            "text": "Cooking is a hassle, so I thought I might as well drink something nutritious.",
            "timestamp": "2022-08-08T20:09:02.018000"
        },
        {
            "utterance_id": 16,
            "interlocutor_id": "AT",
            "text": "It's an idea to hydrate while gaining nutrition.",
            "timestamp": "2022-08-08T20:09:32.883000"
        },
        {
            "utterance_id": 17,
            "interlocutor_id": "BL",
            "text": "That's right. Recently, I've started buying vegetable juice as well.",
            "timestamp": "2022-08-08T20:10:00.620000"
        },
        {
            "utterance_id": 18,
            "interlocutor_id": "AT",
            "text": "Me too, I drink vegetable juice every day.",
            "timestamp": "2022-08-08T20:10:19.501000"
        },
        {
            "utterance_id": 19,
            "interlocutor_id": "BL",
            "text": "Vegetable juice is delicious, isn't it?",
            "timestamp": "2022-08-08T20:10:41.787000"
        },
        {
            "utterance_id": 20,
            "interlocutor_id": "AT",
            "text": "There are so many flavors now, so I don't get tired of the taste, and I can get nutrition, which is great!",
            "timestamp": "2022-08-08T20:11:17.224000"
        },
        {
            "utterance_id": 21,
            "interlocutor_id": "BL",
            "text": "There are things like carrot juice, and also purple ones. There are ones with more tomatoes too.",
            "timestamp": "2022-08-08T20:12:28.473000"
        },
        {
            "utterance_id": 22,
            "interlocutor_id": "AT",
            "text": "In terms of calcium, do you also consume milk or yogurt?",
            "timestamp": "2022-08-08T20:13:18.780000"
        },
        {
            "utterance_id": 23,
            "interlocutor_id": "BL",
            "text": "I drink milk with Milo, and I have yogurt as a snack.",
            "timestamp": "2022-08-08T20:14:00.128000"
        },
        {
            "utterance_id": 24,
            "interlocutor_id": "AT",
            "text": "That's really well balanced!",
            "timestamp": "2022-08-08T20:14:22.436000"
        },
        {
            "utterance_id": 25,
            "interlocutor_id": "BL",
            "text": "Yes, health is important.",
            "timestamp": "2022-08-08T20:14:52.541000"
        },
        {
            "utterance_id": 26,
            "interlocutor_id": "AT",
            "text": "I haven't heard of Milo in a long time.",
            "timestamp": "2022-08-08T20:15:06.295000"
        },
        {
            "utterance_id": 27,
            "interlocutor_id": "BL",
            "text": "It's surprisingly delicious even when you drink it as an adult.",
            "timestamp": "2022-08-08T20:15:45.291000"
        },
        {
            "utterance_id": 28,
            "interlocutor_id": "AT",
            "text": "I haven't had it in a long time, so I'll try it next time.",
            "timestamp": "2022-08-08T20:16:01.118000"
        },
        {
            "utterance_id": 29,
            "interlocutor_id": "BL",
            "text": "Please do give it a try!",
            "timestamp": "2022-08-08T20:16:26.225000"
        }
    ],
    "evaluations": [
        {
            "interlocutor_id": "AT",
            "informativeness": 4,
            "comprehension": 5,
            "familiarity": 4,
            "interest": 4,
            "proactiveness": 4,
            "satisfaction": 3
        },
        {
            "interlocutor_id": "BL",
            "informativeness": 2,
            "comprehension": 3,
            "familiarity": 3,
            "interest": 3,
            "proactiveness": 3,
            "satisfaction": 3
        }
    ]
}