{
    "dialogue_id": 488,
    "interlocutors": [
        "AT",
        "BL"
    ],
    "utterances": [
        {
            "utterance_id": 0,
            "interlocutor_id": "AT",
            "text": "Thank you very much.",
            "timestamp": "2022-08-08T20:31:09.121000"
        },
        {
            "utterance_id": 1,
            "interlocutor_id": "BL",
            "text": "Thank you very much.",
            "timestamp": "2022-08-08T20:31:15.057000"
        },
        {
            "utterance_id": 2,
            "interlocutor_id": "AT",
            "text": "Do you usually watch television?",
            "timestamp": "2022-08-08T20:31:32.460000"
        },
        {
            "utterance_id": 3,
            "interlocutor_id": "BL",
            "text": "I don't really watch it much.",
            "timestamp": "2022-08-08T20:31:57.660000"
        },
        {
            "utterance_id": 4,
            "interlocutor_id": "AT",
            "text": "I only properly watch the morning news; other than that, I leave it on as background music.",
            "timestamp": "2022-08-08T20:32:46.933000"
        },
        {
            "utterance_id": 5,
            "interlocutor_id": "BL",
            "text": "It's nice to just have the news playing; you can still react to things you find interesting with your ears.",
            "timestamp": "2022-08-08T20:33:25.747000"
        },
        {
            "utterance_id": 6,
            "interlocutor_id": "AT",
            "text": "I often watch it while eating, and that's when the news is on.",
            "timestamp": "2022-08-08T20:34:10.304000"
        },
        {
            "utterance_id": 7,
            "interlocutor_id": "BL",
            "text": "Have you come across any news that has caught your attention recently?",
            "timestamp": "2022-08-08T20:34:37.625000"
        },
        {
            "utterance_id": 8,
            "interlocutor_id": "AT",
            "text": "There have been a lot of news about COVID and disasters due to unstable weather.",
            "timestamp": "2022-08-08T20:35:58.741000"
        },
        {
            "utterance_id": 9,
            "interlocutor_id": "BL",
            "text": "That’s true; there has been a lot of such news lately.",
            "timestamp": "2022-08-08T20:36:26.216000"
        },
        {
            "utterance_id": 10,
            "interlocutor_id": "AT",
            "text": "Then there's world affairs, and not too long ago, discussions about former Prime Minister Abe.",
            "timestamp": "2022-08-08T20:37:05.047000"
        },
        {
            "utterance_id": 11,
            "interlocutor_id": "BL",
            "text": "There are few bright news stories, aren’t there?",
            "timestamp": "2022-08-08T20:37:24.294000"
        },
        {
            "utterance_id": 12,
            "interlocutor_id": "AT",
            "text": "Yes, it seems like there isn't much bright news that flows on TV.",
            "timestamp": "2022-08-08T20:38:08.180000"
        },
        {
            "utterance_id": 13,
            "interlocutor_id": "BL",
            "text": "There must be some bright news out there, so I hope they actively feature it in the news.",
            "timestamp": "2022-08-08T20:38:50.168000"
        },
        {
            "utterance_id": 14,
            "interlocutor_id": "AT",
            "text": "Indeed, it would be nice to have bright topics, even if they are just small news stories.",
            "timestamp": "2022-08-08T20:39:34.958000"
        },
        {
            "utterance_id": 15,
            "interlocutor_id": "BL",
            "text": "Since it's a time when we can't go out much, I really want to hear some uplifting news, even if just from the news.",
            "timestamp": "2022-08-08T20:40:44.612000"
        },
        {
            "utterance_id": 16,
            "interlocutor_id": "AT",
            "text": "I tend to watch cheerful stories not on the news but in variety shows.",
            "timestamp": "2022-08-08T20:41:47.528000"
        },
        {
            "utterance_id": 17,
            "interlocutor_id": "BL",
            "text": "Do you have any recommended variety shows?",
            "timestamp": "2022-08-08T20:42:46"
        },
        {
            "utterance_id": 18,
            "interlocutor_id": "AT",
            "text": "In terms of information, you can learn about the recent trends from shows like \"Owarai no Kyou no Bunch.\"",
            "timestamp": "2022-08-08T20:43:30.382000"
        },
        {
            "utterance_id": 19,
            "interlocutor_id": "BL",
            "text": "I see! I hardly know about recent trends.",
            "timestamp": "2022-08-08T20:44:11.144000"
        },
        {
            "utterance_id": 20,
            "interlocutor_id": "AT",
            "text": "Since it's the season, there are many features on shaved ice.",
            "timestamp": "2022-08-08T20:44:45.575000"
        },
        {
            "utterance_id": 21,
            "interlocutor_id": "BL",
            "text": "Recently, there are stylish options for shaved ice.",
            "timestamp": "2022-08-08T20:45:15.866000"
        },
        {
            "utterance_id": 22,
            "interlocutor_id": "AT",
            "text": "There are all sorts of flavors, and some have fluffy ice!",
            "timestamp": "2022-08-08T20:45:41.353000"
        },
        {
            "utterance_id": 23,
            "interlocutor_id": "BL",
            "text": "I want to try the fluffy ice!",
            "timestamp": "2022-08-08T20:45:52"
        },
        {
            "utterance_id": 24,
            "interlocutor_id": "AT",
            "text": "Me too; actually, I haven't eaten it yet.",
            "timestamp": "2022-08-08T20:46:18.472000"
        },
        {
            "utterance_id": 25,
            "interlocutor_id": "BL",
            "text": "It’s intriguing, isn’t it?",
            "timestamp": "2022-08-08T20:48:22.671000"
        },
        {
            "utterance_id": 26,
            "interlocutor_id": "AT",
            "text": "The price is a bit high, and there aren’t any near my home.",
            "timestamp": "2022-08-08T20:48:52.795000"
        },
        {
            "utterance_id": 27,
            "interlocutor_id": "BL",
            "text": "There aren’t any near my home either; there are simply few shops.",
            "timestamp": "2022-08-08T20:49:43.256000"
        },
        {
            "utterance_id": 28,
            "interlocutor_id": "AT",
            "text": "I'm not at the point of wanting to travel far just to eat it, but I plan to look for it when I go somewhere!",
            "timestamp": "2022-08-08T20:50:15.302000"
        },
        {
            "utterance_id": 29,
            "interlocutor_id": "BL",
            "text": "That’s right; the best thing is to find it while you’re out!",
            "timestamp": "2022-08-08T20:50:56.879000"
        }
    ],
    "evaluations": [
        {
            "interlocutor_id": "AT",
            "informativeness": 2,
            "comprehension": 2,
            "familiarity": 3,
            "interest": 2,
            "proactiveness": 2,
            "satisfaction": 4
        },
        {
            "interlocutor_id": "BL",
            "informativeness": 4,
            "comprehension": 3,
            "familiarity": 4,
            "interest": 2,
            "proactiveness": 2,
            "satisfaction": 3
        }
    ]
}