{
    "dialogue_id": 487,
    "interlocutors": [
        "BL",
        "AT"
    ],
    "utterances": [
        {
            "utterance_id": 0,
            "interlocutor_id": "BL",
            "text": "Good evening!",
            "timestamp": "2022-08-08T20:16:56.889000"
        },
        {
            "utterance_id": 1,
            "interlocutor_id": "AT",
            "text": "Good evening!",
            "timestamp": "2022-08-08T20:17:02.666000"
        },
        {
            "utterance_id": 2,
            "interlocutor_id": "BL",
            "text": "Do you have any plans for the summer?",
            "timestamp": "2022-08-08T20:17:11.002000"
        },
        {
            "utterance_id": 3,
            "interlocutor_id": "AT",
            "text": "I don't have any plans to go out at the moment! Do you have anything?",
            "timestamp": "2022-08-08T20:17:29.953000"
        },
        {
            "utterance_id": 4,
            "interlocutor_id": "BL",
            "text": "I also don't have any plans to go out.",
            "timestamp": "2022-08-08T20:17:52.185000"
        },
        {
            "utterance_id": 5,
            "interlocutor_id": "AT",
            "text": "Do you have any plans to start something new?",
            "timestamp": "2022-08-08T20:18:10.709000"
        },
        {
            "utterance_id": 6,
            "interlocutor_id": "BL",
            "text": "Not at the moment. I don’t think I’ll start anything new for another year.",
            "timestamp": "2022-08-08T20:19:17.341000"
        },
        {
            "utterance_id": 7,
            "interlocutor_id": "AT",
            "text": "I'm thinking of doing a part-time job to make some extra money.",
            "timestamp": "2022-08-08T20:19:34.678000"
        },
        {
            "utterance_id": 8,
            "interlocutor_id": "BL",
            "text": "What kind of part-time job are you looking for?",
            "timestamp": "2022-08-08T20:19:51.335000"
        },
        {
            "utterance_id": 9,
            "interlocutor_id": "AT",
            "text": "I want to try working as a staff member at a bar.",
            "timestamp": "2022-08-08T20:20:11.880000"
        },
        {
            "utterance_id": 10,
            "interlocutor_id": "BL",
            "text": "That sounds wonderful!",
            "timestamp": "2022-08-08T20:20:23.857000"
        },
        {
            "utterance_id": 11,
            "interlocutor_id": "AT",
            "text": "I'm looking forward to the scene of serving drinks while talking to customers.",
            "timestamp": "2022-08-08T20:21:01.394000"
        },
        {
            "utterance_id": 12,
            "interlocutor_id": "BL",
            "text": "Are you knowledgeable about alcohol as well?",
            "timestamp": "2022-08-08T20:21:33.467000"
        },
        {
            "utterance_id": 13,
            "interlocutor_id": "AT",
            "text": "No, but I hope to learn a bit more about it, which is why I'm targeting bars.",
            "timestamp": "2022-08-08T20:21:54.908000"
        },
        {
            "utterance_id": 14,
            "interlocutor_id": "BL",
            "text": "I see, it’s nice that you can learn new things while working!",
            "timestamp": "2022-08-08T20:22:30.640000"
        },
        {
            "utterance_id": 15,
            "interlocutor_id": "AT",
            "text": "That's right, and the pay is pretty good too.",
            "timestamp": "2022-08-08T20:23:11.160000"
        },
        {
            "utterance_id": 16,
            "interlocutor_id": "BL",
            "text": "That makes it even more attractive.",
            "timestamp": "2022-08-08T20:23:26.488000"
        },
        {
            "utterance_id": 17,
            "interlocutor_id": "AT",
            "text": "I just hope it's not too busy.",
            "timestamp": "2022-08-08T20:23:38.757000"
        },
        {
            "utterance_id": 18,
            "interlocutor_id": "BL",
            "text": "That's important too; if it's too busy, you won't have time to learn.",
            "timestamp": "2022-08-08T20:24:23.071000"
        },
        {
            "utterance_id": 19,
            "interlocutor_id": "AT",
            "text": "You really can't know until you try working there.",
            "timestamp": "2022-08-08T20:24:54.538000"
        },
        {
            "utterance_id": 20,
            "interlocutor_id": "BL",
            "text": "That's true, the interviews seem like they might be scheduled during less busy times.",
            "timestamp": "2022-08-08T20:25:22.946000"
        },
        {
            "utterance_id": 21,
            "interlocutor_id": "AT",
            "text": "Exactly, but going before starting work feels like a hassle.",
            "timestamp": "2022-08-08T20:26:10.371000"
        },
        {
            "utterance_id": 22,
            "interlocutor_id": "BL",
            "text": "Can you observe the workplace?",
            "timestamp": "2022-08-08T20:26:31.572000"
        },
        {
            "utterance_id": 23,
            "interlocutor_id": "AT",
            "text": "It seems that some places allow you to have an experience.",
            "timestamp": "2022-08-08T20:26:56.747000"
        },
        {
            "utterance_id": 24,
            "interlocutor_id": "BL",
            "text": "Is that so? If I experience it, will I be paid too?",
            "timestamp": "2022-08-08T20:27:51.832000"
        },
        {
            "utterance_id": 25,
            "interlocutor_id": "AT",
            "text": "It seems that many places will pay you for the experience.",
            "timestamp": "2022-08-08T20:28:39.547000"
        },
        {
            "utterance_id": 26,
            "interlocutor_id": "BL",
            "text": "In that case, trying it out first could be a good plan!",
            "timestamp": "2022-08-08T20:29:15.815000"
        },
        {
            "utterance_id": 27,
            "interlocutor_id": "AT",
            "text": "I would like to start with a place that offers experiences!",
            "timestamp": "2022-08-08T20:29:57.770000"
        },
        {
            "utterance_id": 28,
            "interlocutor_id": "BL",
            "text": "That sounds good! I hope you find a good workplace.",
            "timestamp": "2022-08-08T20:30:29.749000"
        },
        {
            "utterance_id": 29,
            "interlocutor_id": "AT",
            "text": "Thank you!",
            "timestamp": "2022-08-08T20:30:40.258000"
        }
    ],
    "evaluations": [
        {
            "interlocutor_id": "BL",
            "informativeness": 3,
            "comprehension": 4,
            "familiarity": 3,
            "interest": 3,
            "proactiveness": 3,
            "satisfaction": 3
        },
        {
            "interlocutor_id": "AT",
            "informativeness": 2,
            "comprehension": 2,
            "familiarity": 3,
            "interest": 3,
            "proactiveness": 3,
            "satisfaction": 5
        }
    ]
}