{
    "dialogue_id": 494,
    "interlocutors": [
        "BM",
        "AF"
    ],
    "utterances": [
        {
            "utterance_id": 0,
            "interlocutor_id": "BM",
            "text": "Hello.",
            "timestamp": "2022-08-10T21:16:24.713000"
        },
        {
            "utterance_id": 1,
            "interlocutor_id": "AF",
            "text": "Hello there!",
            "timestamp": "2022-08-10T21:16:29.901000"
        },
        {
            "utterance_id": 2,
            "interlocutor_id": "BM",
            "text": "What do you do on your days off?",
            "timestamp": "2022-08-10T21:16:49.917000"
        },
        {
            "utterance_id": 3,
            "interlocutor_id": "AF",
            "text": "I spend my days off relaxing and going to cafes.",
            "timestamp": "2022-08-10T21:17:14.317000"
        },
        {
            "utterance_id": 4,
            "interlocutor_id": "BM",
            "text": "The coffee at cafes is delicious, isn't it?",
            "timestamp": "2022-08-10T21:17:38.440000"
        },
        {
            "utterance_id": 5,
            "interlocutor_id": "AF",
            "text": "Oh, do you like coffee?",
            "timestamp": "2022-08-10T21:17:45.253000"
        },
        {
            "utterance_id": 6,
            "interlocutor_id": "BM",
            "text": "I drink it every morning!",
            "timestamp": "2022-08-10T21:17:58.736000"
        },
        {
            "utterance_id": 7,
            "interlocutor_id": "AF",
            "text": "Me too. By the way, I love thick toast and coffee at cafes.",
            "timestamp": "2022-08-10T21:18:33.292000"
        },
        {
            "utterance_id": 8,
            "interlocutor_id": "BM",
            "text": "Thick toast goes well with coffee, right?",
            "timestamp": "2022-08-10T21:19:03.757000"
        },
        {
            "utterance_id": 9,
            "interlocutor_id": "AF",
            "text": "That's right, because of that I've started cutting my bread thick and toasting it at home too.",
            "timestamp": "2022-08-10T21:19:28.632000"
        },
        {
            "utterance_id": 10,
            "interlocutor_id": "BM",
            "text": "I see. I also prefer thicker over thinner.",
            "timestamp": "2022-08-10T21:20:34.374000"
        },
        {
            "utterance_id": 11,
            "interlocutor_id": "AF",
            "text": "It's delicious, isn't it? Do you brew coffee with a coffee maker or something?",
            "timestamp": "2022-08-10T21:20:36.734000"
        },
        {
            "utterance_id": 12,
            "interlocutor_id": "BM",
            "text": "I use instant coffee because it's easier. The taste is worse than with a coffee maker, though.",
            "timestamp": "2022-08-10T21:21:45.931000"
        },
        {
            "utterance_id": 13,
            "interlocutor_id": "AF",
            "text": "I also have instant coffee, and if I have a little time, I drink drip coffee.",
            "timestamp": "2022-08-10T21:22:07.316000"
        },
        {
            "utterance_id": 14,
            "interlocutor_id": "BM",
            "text": "Drip coffee is nice too! On days when I have time, I also go for drip coffee during snacks.",
            "timestamp": "2022-08-10T21:22:31.400000"
        },
        {
            "utterance_id": 15,
            "interlocutor_id": "AF",
            "text": "The taste really is different, right? Are you a black coffee person?",
            "timestamp": "2022-08-10T21:22:55.781000"
        },
        {
            "utterance_id": 16,
            "interlocutor_id": "BM",
            "text": "I mostly prefer black. But for some reason, I have milk in my coffee while working.",
            "timestamp": "2022-08-10T21:23:35.118000"
        },
        {
            "utterance_id": 17,
            "interlocutor_id": "AF",
            "text": "I see, I usually have black and nibble on chocolate when I take a break.",
            "timestamp": "2022-08-10T21:24:00.996000"
        },
        {
            "utterance_id": 18,
            "interlocutor_id": "BM",
            "text": "Black coffee goes well with sweets, doesn't it?",
            "timestamp": "2022-08-10T21:24:24.566000"
        },
        {
            "utterance_id": 19,
            "interlocutor_id": "AF",
            "text": "But since I sometimes drink too much, I switch to soy latte midway.",
            "timestamp": "2022-08-10T21:24:43.771000"
        },
        {
            "utterance_id": 20,
            "interlocutor_id": "BM",
            "text": "How often do you drink coffee?",
            "timestamp": "2022-08-10T21:25:28.952000"
        },
        {
            "utterance_id": 21,
            "interlocutor_id": "AF",
            "text": "Probably about three cups a day, quite light though.",
            "timestamp": "2022-08-10T21:25:55.165000"
        },
        {
            "utterance_id": 22,
            "interlocutor_id": "BM",
            "text": "You drink quite a bit, don't you! Is it with every meal?",
            "timestamp": "2022-08-10T21:26:15.192000"
        },
        {
            "utterance_id": 23,
            "interlocutor_id": "AF",
            "text": "It's between meals! Also, I often drink it while working.",
            "timestamp": "2022-08-10T21:26:46.026000"
        },
        {
            "utterance_id": 24,
            "interlocutor_id": "BM",
            "text": "It’s nice to have it during work, as it helps wake you up.",
            "timestamp": "2022-08-10T21:27:06.158000"
        },
        {
            "utterance_id": 25,
            "interlocutor_id": "AF",
            "text": "I think because I drink so much, caffeine doesn’t affect me at all.",
            "timestamp": "2022-08-10T21:27:26.372000"
        },
        {
            "utterance_id": 26,
            "interlocutor_id": "BM",
            "text": "Really? Does it not have a diuretic effect either?",
            "timestamp": "2022-08-10T21:27:53.963000"
        },
        {
            "utterance_id": 27,
            "interlocutor_id": "AF",
            "text": "Of course, it does!",
            "timestamp": "2022-08-10T21:28:12.166000"
        },
        {
            "utterance_id": 28,
            "interlocutor_id": "BM",
            "text": "Oh, I see. My worry when I drink coffee is that I immediately need to go to the bathroom.",
            "timestamp": "2022-08-10T21:28:59.836000"
        },
        {
            "utterance_id": 29,
            "interlocutor_id": "AF",
            "text": "I understand that too; it's unavoidable. Well, let's talk again soon!",
            "timestamp": "2022-08-10T21:29:22.757000"
        }
    ],
    "evaluations": [
        {
            "interlocutor_id": "BM",
            "informativeness": 4,
            "comprehension": 4,
            "familiarity": 2,
            "interest": 4,
            "proactiveness": 4,
            "satisfaction": 4
        },
        {
            "interlocutor_id": "AF",
            "informativeness": 4,
            "comprehension": 4,
            "familiarity": 4,
            "interest": 4,
            "proactiveness": 4,
            "satisfaction": 4
        }
    ]
}