{
    "dialogue_id": 491,
    "interlocutors": [
        "AF",
        "BM"
    ],
    "utterances": [
        {
            "utterance_id": 0,
            "interlocutor_id": "AF",
            "text": "Good evening, nice to meet you.",
            "timestamp": "2022-08-10T20:33:31.873000"
        },
        {
            "utterance_id": 1,
            "interlocutor_id": "BM",
            "text": "Likewise, nice to meet you.",
            "timestamp": "2022-08-10T20:33:58.502000"
        },
        {
            "utterance_id": 2,
            "interlocutor_id": "AF",
            "text": "What have you been doing today?",
            "timestamp": "2022-08-10T20:34:04.598000"
        },
        {
            "utterance_id": 3,
            "interlocutor_id": "BM",
            "text": "I was writing a university report today.",
            "timestamp": "2022-08-10T20:34:41.908000"
        },
        {
            "utterance_id": 4,
            "interlocutor_id": "AF",
            "text": "So you're a student; what subject is your report for?",
            "timestamp": "2022-08-10T20:34:54.176000"
        },
        {
            "utterance_id": 5,
            "interlocutor_id": "BM",
            "text": "I'm in the Faculty of Agriculture, and the report I was writing was on animal welfare.",
            "timestamp": "2022-08-10T20:35:40.883000"
        },
        {
            "utterance_id": 6,
            "interlocutor_id": "AF",
            "text": "Does the Faculty of Agriculture study not only agriculture but also dairy farming and such?",
            "timestamp": "2022-08-10T20:36:24.308000"
        },
        {
            "utterance_id": 7,
            "interlocutor_id": "BM",
            "text": "In my case, I tend to study more about the environment.",
            "timestamp": "2022-08-10T20:36:50.419000"
        },
        {
            "utterance_id": 8,
            "interlocutor_id": "AF",
            "text": "The environment is quite broad!",
            "timestamp": "2022-08-10T20:37:23.217000"
        },
        {
            "utterance_id": 9,
            "interlocutor_id": "BM",
            "text": "That's right. Within that, I'm particularly interested in biodiversity.",
            "timestamp": "2022-08-10T20:38:05.655000"
        },
        {
            "utterance_id": 10,
            "interlocutor_id": "AF",
            "text": "That sounds a bit interesting. I was thinking about studying marine organisms.",
            "timestamp": "2022-08-10T20:38:33.927000"
        },
        {
            "utterance_id": 11,
            "interlocutor_id": "BM",
            "text": "Is that so? What kind of organisms do you like?",
            "timestamp": "2022-08-10T20:39:11.026000"
        },
        {
            "utterance_id": 12,
            "interlocutor_id": "AF",
            "text": "I like deep-sea creatures! In the end, I went to a completely different field in university.",
            "timestamp": "2022-08-10T20:39:35.578000"
        },
        {
            "utterance_id": 13,
            "interlocutor_id": "BM",
            "text": "Deep-sea creatures can have unusual appearances, which is fascinating!",
            "timestamp": "2022-08-10T20:40:20.362000"
        },
        {
            "utterance_id": 14,
            "interlocutor_id": "AF",
            "text": "Do you also have an interest in biology that led you to choose your current department?",
            "timestamp": "2022-08-10T20:40:38.453000"
        },
        {
            "utterance_id": 15,
            "interlocutor_id": "BM",
            "text": "That's right! I went to my current department because I like biology. I just love living things.",
            "timestamp": "2022-08-10T20:42:12.683000"
        },
        {
            "utterance_id": 16,
            "interlocutor_id": "AF",
            "text": "Generally, when did you decide on your career path? Was it around high school?",
            "timestamp": "2022-08-10T20:42:35.329000"
        },
        {
            "utterance_id": 17,
            "interlocutor_id": "BM",
            "text": "I wanted to have a job related to living things since I was in elementary school.",
            "timestamp": "2022-08-10T20:43:08.811000"
        },
        {
            "utterance_id": 18,
            "interlocutor_id": "AF",
            "text": "It’s great that you had your direction set from an early age! I'm curious about what kind of job you are thinking of for the future.",
            "timestamp": "2022-08-10T20:43:38.053000"
        },
        {
            "utterance_id": 19,
            "interlocutor_id": "BM",
            "text": "I'm still struggling with a specific job. Is there a good job out there?",
            "timestamp": "2022-08-10T20:44:35.452000"
        },
        {
            "utterance_id": 20,
            "interlocutor_id": "AF",
            "text": "In my case, at first, it wasn't the job I had in mind.",
            "timestamp": "2022-08-10T20:45:00.077000"
        },
        {
            "utterance_id": 21,
            "interlocutor_id": "BM",
            "text": "How was it different?",
            "timestamp": "2022-08-10T20:45:49.454000"
        },
        {
            "utterance_id": 22,
            "interlocutor_id": "AF",
            "text": "I was doing something completely unrelated! But after trying various things, now I'm doing what I want.",
            "timestamp": "2022-08-10T20:46:10.141000"
        },
        {
            "utterance_id": 23,
            "interlocutor_id": "BM",
            "text": "I'm really envious of being able to do what you want!",
            "timestamp": "2022-08-10T20:46:45.222000"
        },
        {
            "utterance_id": 24,
            "interlocutor_id": "AF",
            "text": "I think it’s the accumulation of experiences that led me here.",
            "timestamp": "2022-08-10T20:46:57.055000"
        },
        {
            "utterance_id": 25,
            "interlocutor_id": "BM",
            "text": "I see. Experience is indeed important, isn't it?",
            "timestamp": "2022-08-10T20:47:10.728000"
        },
        {
            "utterance_id": 26,
            "interlocutor_id": "AF",
            "text": "I think so. I wonder if doing something that seems unrelated will eventually lead to finding something someday.",
            "timestamp": "2022-08-10T20:47:32.981000"
        },
        {
            "utterance_id": 27,
            "interlocutor_id": "BM",
            "text": "That's helpful! Even if I can’t get the job I imagined in the future, I’ll think of it as experience and try my best!",
            "timestamp": "2022-08-10T20:48:41.062000"
        },
        {
            "utterance_id": 28,
            "interlocutor_id": "AF",
            "text": "Yes! You're still at an age where you can do anything, so please do try everything!",
            "timestamp": "2022-08-10T20:48:49.585000"
        },
        {
            "utterance_id": 29,
            "interlocutor_id": "BM",
            "text": "Thank you!",
            "timestamp": "2022-08-10T20:49:23.333000"
        }
    ],
    "evaluations": [
        {
            "interlocutor_id": "AF",
            "informativeness": 4,
            "comprehension": 3,
            "familiarity": 4,
            "interest": 4,
            "proactiveness": 3,
            "satisfaction": 4
        },
        {
            "interlocutor_id": "BM",
            "informativeness": 3,
            "comprehension": 4,
            "familiarity": 4,
            "interest": 3,
            "proactiveness": 3,
            "satisfaction": 3
        }
    ]
}