{
    "dialogue_id": 499,
    "interlocutors": [
        "AF",
        "BM"
    ],
    "utterances": [
        {
            "utterance_id": 0,
            "interlocutor_id": "AF",
            "text": "Good evening!",
            "timestamp": "2022-08-10T22:23:31.609000"
        },
        {
            "utterance_id": 1,
            "interlocutor_id": "BM",
            "text": "Good evening!",
            "timestamp": "2022-08-10T22:23:44.089000"
        },
        {
            "utterance_id": 2,
            "interlocutor_id": "AF",
            "text": "Do you grow any plants?",
            "timestamp": "2022-08-10T22:24:05.282000"
        },
        {
            "utterance_id": 3,
            "interlocutor_id": "BM",
            "text": "I can’t grow any because I don’t have a garden, but I used to grow various flowers at my parents' house!",
            "timestamp": "2022-08-10T22:24:47.705000"
        },
        {
            "utterance_id": 4,
            "interlocutor_id": "AF",
            "text": "So, do you like flowers?",
            "timestamp": "2022-08-10T22:25:00.563000"
        },
        {
            "utterance_id": 5,
            "interlocutor_id": "BM",
            "text": "I like to see various flowers!",
            "timestamp": "2022-08-10T22:25:30.875000"
        },
        {
            "utterance_id": 6,
            "interlocutor_id": "AF",
            "text": "Me too. I used to buy fresh flowers occasionally, but recently I've been growing a few flowers in the garden.",
            "timestamp": "2022-08-10T22:26:02.339000"
        },
        {
            "utterance_id": 7,
            "interlocutor_id": "BM",
            "text": "I see! What kind of flowers are you growing?",
            "timestamp": "2022-08-10T22:26:16.822000"
        },
        {
            "utterance_id": 8,
            "interlocutor_id": "AF",
            "text": "Since it's summer now, I'm growing sunflowers!",
            "timestamp": "2022-08-10T22:26:29.390000"
        },
        {
            "utterance_id": 9,
            "interlocutor_id": "BM",
            "text": "That sounds nice! By the way, I feel like I haven't seen sunflowers this summer yet.",
            "timestamp": "2022-08-10T22:26:59.523000"
        },
        {
            "utterance_id": 10,
            "interlocutor_id": "AF",
            "text": "Really? There might be a sunflower field nearby!",
            "timestamp": "2022-08-10T22:27:19.091000"
        },
        {
            "utterance_id": 11,
            "interlocutor_id": "BM",
            "text": "Are there really that many sunflower fields? I might look it up.",
            "timestamp": "2022-08-10T22:27:49.549000"
        },
        {
            "utterance_id": 12,
            "interlocutor_id": "AF",
            "text": "Definitely, if you search on Instagram, there might be one surprisingly close by.",
            "timestamp": "2022-08-10T22:28:07.622000"
        },
        {
            "utterance_id": 13,
            "interlocutor_id": "BM",
            "text": "I see. It’s nice that you can see the condition of the place through photos on Instagram.",
            "timestamp": "2022-08-10T22:28:28.212000"
        },
        {
            "utterance_id": 14,
            "interlocutor_id": "AF",
            "text": "It’s convenient, right? Did you go anywhere during the cherry blossom viewing season?",
            "timestamp": "2022-08-10T22:28:49.134000"
        },
        {
            "utterance_id": 15,
            "interlocutor_id": "BM",
            "text": "I went for a walk in a larger park nearby.",
            "timestamp": "2022-08-10T22:29:25.719000"
        },
        {
            "utterance_id": 16,
            "interlocutor_id": "AF",
            "text": "I also went nearby, but it's a pity I couldn't see tulips or hydrangeas this year.",
            "timestamp": "2022-08-10T22:29:57.492000"
        },
        {
            "utterance_id": 17,
            "interlocutor_id": "BM",
            "text": "I feel like I don't get the chance to see hydrangeas much. Are there famous places for hydrangeas?",
            "timestamp": "2022-08-10T22:30:48.858000"
        },
        {
            "utterance_id": 18,
            "interlocutor_id": "AF",
            "text": "There is one in the prefecture! If you go there a bit earlier, you can also see wisteria flowers.",
            "timestamp": "2022-08-10T22:31:26.876000"
        },
        {
            "utterance_id": 19,
            "interlocutor_id": "BM",
            "text": "That sounds interesting! I’d like to visit there at the right time.",
            "timestamp": "2022-08-10T22:32:06.349000"
        },
        {
            "utterance_id": 20,
            "interlocutor_id": "AF",
            "text": "Definitely. Even though flowers bloom in the same way every year, I somehow want to go see them.",
            "timestamp": "2022-08-10T22:32:37.460000"
        },
        {
            "utterance_id": 21,
            "interlocutor_id": "BM",
            "text": "I understand. During the flower viewing season, I want to go flower viewing, and during the sunflower season, I want to see sunflowers.",
            "timestamp": "2022-08-10T22:33:31.006000"
        },
        {
            "utterance_id": 22,
            "interlocutor_id": "AF",
            "text": "Well, if they bloomed all year round, I wouldn’t want to see them as much.",
            "timestamp": "2022-08-10T22:33:56.706000"
        },
        {
            "utterance_id": 23,
            "interlocutor_id": "BM",
            "text": "That’s true. I don’t feel like wanting to see dandelions that much.",
            "timestamp": "2022-08-10T22:34:17.926000"
        },
        {
            "utterance_id": 24,
            "interlocutor_id": "AF",
            "text": "I see! Dandelions occasionally bloom in my garden too.",
            "timestamp": "2022-08-10T22:34:36.595000"
        },
        {
            "utterance_id": 25,
            "interlocutor_id": "BM",
            "text": "Really? Dandelions bloom healthily everywhere, don’t they?",
            "timestamp": "2022-08-10T22:35:16.490000"
        },
        {
            "utterance_id": 26,
            "interlocutor_id": "AF",
            "text": "As we head into autumn, I’m also looking forward to cosmos fields and autumn leaves.",
            "timestamp": "2022-08-10T22:35:38.773000"
        },
        {
            "utterance_id": 27,
            "interlocutor_id": "BM",
            "text": "It’s really nice that there’s something to look forward to every season!",
            "timestamp": "2022-08-10T22:36:29.996000"
        },
        {
            "utterance_id": 28,
            "interlocutor_id": "AF",
            "text": "That’s the beauty of having four seasons. Well then, I’ll take my leave here.",
            "timestamp": "2022-08-10T22:36:56.882000"
        },
        {
            "utterance_id": 29,
            "interlocutor_id": "BM",
            "text": "Yes. Thank you very much!",
            "timestamp": "2022-08-10T22:37:16.687000"
        }
    ],
    "evaluations": [
        {
            "interlocutor_id": "AF",
            "informativeness": 4,
            "comprehension": 3,
            "familiarity": 4,
            "interest": 4,
            "proactiveness": 4,
            "satisfaction": 4
        },
        {
            "interlocutor_id": "BM",
            "informativeness": 5,
            "comprehension": 5,
            "familiarity": 5,
            "interest": 5,
            "proactiveness": 5,
            "satisfaction": 5
        }
    ]
}