{
    "dialogue_id": 498,
    "interlocutors": [
        "BM",
        "AF"
    ],
    "utterances": [
        {
            "utterance_id": 0,
            "interlocutor_id": "BM",
            "text": "Hello.",
            "timestamp": "2022-08-10T22:09:50.442000"
        },
        {
            "utterance_id": 1,
            "interlocutor_id": "AF",
            "text": "Hello!",
            "timestamp": "2022-08-10T22:09:55.437000"
        },
        {
            "utterance_id": 2,
            "interlocutor_id": "BM",
            "text": "Do you like scary stories?",
            "timestamp": "2022-08-10T22:10:28.894000"
        },
        {
            "utterance_id": 3,
            "interlocutor_id": "AF",
            "text": "I like stories like ghost tales, but I can't handle horror movies!",
            "timestamp": "2022-08-10T22:10:31.152000"
        },
        {
            "utterance_id": 4,
            "interlocutor_id": "BM",
            "text": "I completely understand. I'm okay with listening or reading, but visuals are not for me.",
            "timestamp": "2022-08-10T22:11:17.205000"
        },
        {
            "utterance_id": 5,
            "interlocutor_id": "AF",
            "text": "I see, I thought you might enjoy them!",
            "timestamp": "2022-08-10T22:11:26.811000"
        },
        {
            "utterance_id": 6,
            "interlocutor_id": "BM",
            "text": "I thought of scary stories since it's summer, so I wanted to ask.",
            "timestamp": "2022-08-10T22:12:01.126000"
        },
        {
            "utterance_id": 7,
            "interlocutor_id": "AF",
            "text": "What genre of movies do you like instead?",
            "timestamp": "2022-08-10T22:12:18.013000"
        },
        {
            "utterance_id": 8,
            "interlocutor_id": "BM",
            "text": "I like fantasy films.",
            "timestamp": "2022-08-10T22:12:43.926000"
        },
        {
            "utterance_id": 9,
            "interlocutor_id": "AF",
            "text": "Are you thinking of something like Fantastic Beasts or Disney films?",
            "timestamp": "2022-08-10T22:13:09.635000"
        },
        {
            "utterance_id": 10,
            "interlocutor_id": "BM",
            "text": "I like both! I've watched all the Harry Potter series, but I haven't seen Fantastic Beasts yet.",
            "timestamp": "2022-08-10T22:13:44.106000"
        },
        {
            "utterance_id": 11,
            "interlocutor_id": "AF",
            "text": "I've seen all of both! I started with the original Harry Potter books.",
            "timestamp": "2022-08-10T22:14:08.642000"
        },
        {
            "utterance_id": 12,
            "interlocutor_id": "BM",
            "text": "I see. Which did you prefer, the original or the movie?",
            "timestamp": "2022-08-10T22:14:32.478000"
        },
        {
            "utterance_id": 13,
            "interlocutor_id": "AF",
            "text": "If I think of them as different things, I might like both. What about you?",
            "timestamp": "2022-08-10T22:14:59.782000"
        },
        {
            "utterance_id": 14,
            "interlocutor_id": "BM",
            "text": "I like both as well. Each has its good points.",
            "timestamp": "2022-08-10T22:15:43.207000"
        },
        {
            "utterance_id": 15,
            "interlocutor_id": "AF",
            "text": "Have you not seen any of the Fantastic Beasts movies?",
            "timestamp": "2022-08-10T22:16:03.610000"
        },
        {
            "utterance_id": 16,
            "interlocutor_id": "BM",
            "text": "I've only seen a little bit on TV.",
            "timestamp": "2022-08-10T22:16:45.952000"
        },
        {
            "utterance_id": 17,
            "interlocutor_id": "AF",
            "text": "I see, I became a fan of the lead, Eddie, after watching other movies.",
            "timestamp": "2022-08-10T22:17:03.736000"
        },
        {
            "utterance_id": 18,
            "interlocutor_id": "BM",
            "text": "Have you read the original of Fantastic Beasts?",
            "timestamp": "2022-08-10T22:17:23.727000"
        },
        {
            "utterance_id": 19,
            "interlocutor_id": "AF",
            "text": "I've never read Fantastic Beasts. Do you usually read the original before watching the movie?",
            "timestamp": "2022-08-10T22:17:51.687000"
        },
        {
            "utterance_id": 20,
            "interlocutor_id": "BM",
            "text": "I read it if I get the chance. I read the original Harry Potter too!",
            "timestamp": "2022-08-10T22:18:26.655000"
        },
        {
            "utterance_id": 21,
            "interlocutor_id": "AF",
            "text": "I usually read the original of Japanese films first and then watch the movie.",
            "timestamp": "2022-08-10T22:18:57.555000"
        },
        {
            "utterance_id": 22,
            "interlocutor_id": "BM",
            "text": "I see. Do you watch Japanese films often?",
            "timestamp": "2022-08-10T22:19:37.447000"
        },
        {
            "utterance_id": 23,
            "interlocutor_id": "AF",
            "text": "I watch all sorts, regardless of genre! So I watch as many Japanese films as I do foreign films.",
            "timestamp": "2022-08-10T22:20:07.323000"
        },
        {
            "utterance_id": 24,
            "interlocutor_id": "BM",
            "text": "That's great that you watch without genre restriction! You really like movies!",
            "timestamp": "2022-08-10T22:20:51.498000"
        },
        {
            "utterance_id": 25,
            "interlocutor_id": "AF",
            "text": "Yes! That's why I try to go to the cinema to contribute to the film industry.",
            "timestamp": "2022-08-10T22:21:18.929000"
        },
        {
            "utterance_id": 26,
            "interlocutor_id": "BM",
            "text": "I see. Nowadays, after a while of being released, films are shown on TV, right?",
            "timestamp": "2022-08-10T22:22:03.722000"
        },
        {
            "utterance_id": 27,
            "interlocutor_id": "AF",
            "text": "TV broadcasts are quite fast these days! But I still want to go to the cinema.",
            "timestamp": "2022-08-10T22:22:28.811000"
        },
        {
            "utterance_id": 28,
            "interlocutor_id": "BM",
            "text": "I used to prefer watching at home on TV, but I'm thinking of trying the cinema too.",
            "timestamp": "2022-08-10T22:23:07.199000"
        },
        {
            "utterance_id": 29,
            "interlocutor_id": "AF",
            "text": "I think it’s nice to go occasionally! Well then, see you again.",
            "timestamp": "2022-08-10T22:23:19.850000"
        }
    ],
    "evaluations": [
        {
            "interlocutor_id": "BM",
            "informativeness": 5,
            "comprehension": 5,
            "familiarity": 5,
            "interest": 4,
            "proactiveness": 4,
            "satisfaction": 4
        },
        {
            "interlocutor_id": "AF",
            "informativeness": 4,
            "comprehension": 3,
            "familiarity": 4,
            "interest": 4,
            "proactiveness": 5,
            "satisfaction": 4
        }
    ]
}