{
    "dialogue_id": 492,
    "interlocutors": [
        "BM",
        "AF"
    ],
    "utterances": [
        {
            "utterance_id": 0,
            "interlocutor_id": "BM",
            "text": "Hello. Nice to meet you.",
            "timestamp": "2022-08-10T20:50:03.615000"
        },
        {
            "utterance_id": 1,
            "interlocutor_id": "AF",
            "text": "Yes, nice to meet you too.",
            "timestamp": "2022-08-10T20:50:11.830000"
        },
        {
            "utterance_id": 2,
            "interlocutor_id": "BM",
            "text": "What did you have for dinner today?",
            "timestamp": "2022-08-10T20:50:28.028000"
        },
        {
            "utterance_id": 3,
            "interlocutor_id": "AF",
            "text": "I had a loco moco bowl today.",
            "timestamp": "2022-08-10T20:50:32.619000"
        },
        {
            "utterance_id": 4,
            "interlocutor_id": "BM",
            "text": "That sounds nice! Did you make it yourself?",
            "timestamp": "2022-08-10T20:50:57.957000"
        },
        {
            "utterance_id": 5,
            "interlocutor_id": "AF",
            "text": "Yes, it only requires one dish, and it's simple and fun!",
            "timestamp": "2022-08-10T20:51:21.067000"
        },
        {
            "utterance_id": 6,
            "interlocutor_id": "BM",
            "text": "That's easy! I had the impression that it was a complicated dish.",
            "timestamp": "2022-08-10T20:51:48.932000"
        },
        {
            "utterance_id": 7,
            "interlocutor_id": "AF",
            "text": "It's just frying a hamburger and a sunny-side-up egg. What about you, what did you eat?",
            "timestamp": "2022-08-10T20:52:06.436000"
        },
        {
            "utterance_id": 8,
            "interlocutor_id": "BM",
            "text": "I had meat sauce spaghetti.",
            "timestamp": "2022-08-10T20:52:21.631000"
        },
        {
            "utterance_id": 9,
            "interlocutor_id": "AF",
            "text": "Did you make that yourself?",
            "timestamp": "2022-08-10T20:52:35.791000"
        },
        {
            "utterance_id": 10,
            "interlocutor_id": "BM",
            "text": "Yes, it was meat sauce that I had prepared in advance.",
            "timestamp": "2022-08-10T20:53:11.448000"
        },
        {
            "utterance_id": 11,
            "interlocutor_id": "AF",
            "text": "That sounds nice—having it prepared in advance makes it easy!",
            "timestamp": "2022-08-10T20:53:25.348000"
        },
        {
            "utterance_id": 12,
            "interlocutor_id": "BM",
            "text": "When it's this hot, I don't want to be in the kitchen every day either.",
            "timestamp": "2022-08-10T20:53:47.912000"
        },
        {
            "utterance_id": 13,
            "interlocutor_id": "AF",
            "text": "Right, the kitchen tends to get hot, so I installed an air conditioner right above the stove.",
            "timestamp": "2022-08-10T20:54:25.857000"
        },
        {
            "utterance_id": 14,
            "interlocutor_id": "BM",
            "text": "I see. That's a really good idea.",
            "timestamp": "2022-08-10T20:54:51.390000"
        },
        {
            "utterance_id": 15,
            "interlocutor_id": "AF",
            "text": "It's extremely cool and comfortable. By the way, what else do you use the meat sauce for?",
            "timestamp": "2022-08-10T20:55:15.386000"
        },
        {
            "utterance_id": 16,
            "interlocutor_id": "BM",
            "text": "I put it on rice with cheese or use it on bread to make a pizza toast style.",
            "timestamp": "2022-08-10T20:56:05.190000"
        },
        {
            "utterance_id": 17,
            "interlocutor_id": "AF",
            "text": "I see! With rice, it sounds like a gratin. It sounds delicious.",
            "timestamp": "2022-08-10T20:56:18.017000"
        },
        {
            "utterance_id": 18,
            "interlocutor_id": "BM",
            "text": "Even if you have it two days in a row, it has a completely different feel, so I recommend it.",
            "timestamp": "2022-08-10T20:56:55.174000"
        },
        {
            "utterance_id": 19,
            "interlocutor_id": "AF",
            "text": "Homemade meat sauce is tastier. Do you have anything else you prepare in advance?",
            "timestamp": "2022-08-10T20:57:18.101000"
        },
        {
            "utterance_id": 20,
            "interlocutor_id": "BM",
            "text": "I prepare potato salad. I love potato salad because it's delicious.",
            "timestamp": "2022-08-10T20:58:05.431000"
        },
        {
            "utterance_id": 21,
            "interlocutor_id": "AF",
            "text": "I also prepare potato salad in advance. The next day I can put it on bread and eat it.",
            "timestamp": "2022-08-10T20:58:36.539000"
        },
        {
            "utterance_id": 22,
            "interlocutor_id": "BM",
            "text": "You can also make sandwiches with it!",
            "timestamp": "2022-08-10T20:58:55.416000"
        },
        {
            "utterance_id": 23,
            "interlocutor_id": "AF",
            "text": "Exactly! You can even add a little lettuce or ham.",
            "timestamp": "2022-08-10T20:59:10.730000"
        },
        {
            "utterance_id": 24,
            "interlocutor_id": "BM",
            "text": "I like to add cucumbers to that!",
            "timestamp": "2022-08-10T20:59:30.793000"
        },
        {
            "utterance_id": 25,
            "interlocutor_id": "AF",
            "text": "That sounds nice—you cook quite a bit, don’t you?",
            "timestamp": "2022-08-10T20:59:49.748000"
        },
        {
            "utterance_id": 26,
            "interlocutor_id": "BM",
            "text": "It's cheaper than buying it.",
            "timestamp": "2022-08-10T21:00:20.323000"
        },
        {
            "utterance_id": 27,
            "interlocutor_id": "AF",
            "text": "That's true! After checking the prices of ready-made food, I end up making it at home too.",
            "timestamp": "2022-08-10T21:00:44.904000"
        },
        {
            "utterance_id": 28,
            "interlocutor_id": "BM",
            "text": "I understand! Supermarket ready-made food is definitely more expensive.",
            "timestamp": "2022-08-10T21:01:17.633000"
        },
        {
            "utterance_id": 29,
            "interlocutor_id": "AF",
            "text": "Well, it can't be helped. I'll take my leave here.",
            "timestamp": "2022-08-10T21:01:40.389000"
        }
    ],
    "evaluations": [
        {
            "interlocutor_id": "BM",
            "informativeness": 4,
            "comprehension": 5,
            "familiarity": 4,
            "interest": 4,
            "proactiveness": 4,
            "satisfaction": 4
        },
        {
            "interlocutor_id": "AF",
            "informativeness": 4,
            "comprehension": 4,
            "familiarity": 4,
            "interest": 4,
            "proactiveness": 4,
            "satisfaction": 4
        }
    ]
}