{
    "dialogue_id": 490,
    "interlocutors": [
        "AT",
        "BL"
    ],
    "utterances": [
        {
            "utterance_id": 0,
            "interlocutor_id": "AT",
            "text": "Thank you for your kindness.",
            "timestamp": "2022-08-08T21:10:24.404000"
        },
        {
            "utterance_id": 1,
            "interlocutor_id": "BL",
            "text": "Thank you for your kindness.",
            "timestamp": "2022-08-08T21:10:34.674000"
        },
        {
            "utterance_id": 2,
            "interlocutor_id": "AT",
            "text": "Do you have a favorite food?",
            "timestamp": "2022-08-08T21:10:55.215000"
        },
        {
            "utterance_id": 3,
            "interlocutor_id": "BL",
            "text": "I like vegetables.",
            "timestamp": "2022-08-08T21:11:12.875000"
        },
        {
            "utterance_id": 4,
            "interlocutor_id": "AT",
            "text": "Is there a specific vegetable you like?",
            "timestamp": "2022-08-08T21:11:37.681000"
        },
        {
            "utterance_id": 5,
            "interlocutor_id": "BL",
            "text": "I also like cheese. And snacks too.",
            "timestamp": "2022-08-08T21:12:02.423000"
        },
        {
            "utterance_id": 6,
            "interlocutor_id": "AT",
            "text": "I also like vegetables; I want to take nutrition in a balanced way.",
            "timestamp": "2022-08-08T21:12:43.226000"
        },
        {
            "utterance_id": 7,
            "interlocutor_id": "BL",
            "text": "It's good for your health. Among vegetables, I particularly like lettuce.",
            "timestamp": "2022-08-08T21:13:29.343000"
        },
        {
            "utterance_id": 8,
            "interlocutor_id": "AT",
            "text": "In this season, it's cold and crunchy, which is nice.",
            "timestamp": "2022-08-08T21:13:54.694000"
        },
        {
            "utterance_id": 9,
            "interlocutor_id": "BL",
            "text": "I eat it regardless of the season. I also like potato salad.",
            "timestamp": "2022-08-08T21:14:26.529000"
        },
        {
            "utterance_id": 10,
            "interlocutor_id": "AT",
            "text": "I had potato salad yesterday!",
            "timestamp": "2022-08-08T21:14:55.880000"
        },
        {
            "utterance_id": 11,
            "interlocutor_id": "BL",
            "text": "Really? Was it homemade?",
            "timestamp": "2022-08-08T21:15:12.633000"
        },
        {
            "utterance_id": 12,
            "interlocutor_id": "AT",
            "text": "Yes, I ate it with cucumber and cherry tomatoes.",
            "timestamp": "2022-08-08T21:15:50.986000"
        },
        {
            "utterance_id": 13,
            "interlocutor_id": "BL",
            "text": "That sounds delicious! Cherry tomatoes are also tasty this time of year.",
            "timestamp": "2022-08-08T21:16:26.194000"
        },
        {
            "utterance_id": 14,
            "interlocutor_id": "AT",
            "text": "I heard a friend of mine is growing cherry tomatoes in their home garden.",
            "timestamp": "2022-08-08T21:17:06.916000"
        },
        {
            "utterance_id": 15,
            "interlocutor_id": "BL",
            "text": "Cherry tomatoes that you grow yourself must be even more delicious.",
            "timestamp": "2022-08-08T21:17:44.089000"
        },
        {
            "utterance_id": 16,
            "interlocutor_id": "AT",
            "text": "What kind of cheese do you like?",
            "timestamp": "2022-08-08T21:18:20.692000"
        },
        {
            "utterance_id": 17,
            "interlocutor_id": "BL",
            "text": "I like Camembert.",
            "timestamp": "2022-08-08T21:18:48.148000"
        },
        {
            "utterance_id": 18,
            "interlocutor_id": "AT",
            "text": "It's delicious, right? I often enjoy it with wine.",
            "timestamp": "2022-08-08T21:19:04.930000"
        },
        {
            "utterance_id": 19,
            "interlocutor_id": "BL",
            "text": "You like wine! Which do you prefer, red or white?",
            "timestamp": "2022-08-08T21:19:55.582000"
        },
        {
            "utterance_id": 20,
            "interlocutor_id": "AT",
            "text": "I prefer white! I drink it with cheese as well.",
            "timestamp": "2022-08-08T21:20:25.525000"
        },
        {
            "utterance_id": 21,
            "interlocutor_id": "BL",
            "text": "That sounds quite chic!",
            "timestamp": "2022-08-08T21:20:43.661000"
        },
        {
            "utterance_id": 22,
            "interlocutor_id": "AT",
            "text": "Do you drink alcohol?",
            "timestamp": "2022-08-08T21:20:54.288000"
        },
        {
            "utterance_id": 23,
            "interlocutor_id": "BL",
            "text": "I like it, but I’m too weak, so I don’t drink often.",
            "timestamp": "2022-08-08T21:21:28.312000"
        },
        {
            "utterance_id": 24,
            "interlocutor_id": "AT",
            "text": "Some people can’t drink at all, so I think it's enough to enjoy a little of your favorite drink!",
            "timestamp": "2022-08-08T21:22:30.138000"
        },
        {
            "utterance_id": 25,
            "interlocutor_id": "BL",
            "text": "That's true, it might be good to enjoy in small amounts.",
            "timestamp": "2022-08-08T21:22:56.414000"
        },
        {
            "utterance_id": 26,
            "interlocutor_id": "AT",
            "text": "Perhaps it's fine to drink a little on special occasions?",
            "timestamp": "2022-08-08T21:23:22.187000"
        },
        {
            "utterance_id": 27,
            "interlocutor_id": "BL",
            "text": "That sounds good too! I'll try doing that from now on.",
            "timestamp": "2022-08-08T21:23:43.341000"
        },
        {
            "utterance_id": 28,
            "interlocutor_id": "AT",
            "text": "Thank you for chatting with me today!",
            "timestamp": "2022-08-08T21:24:18.224000"
        },
        {
            "utterance_id": 29,
            "interlocutor_id": "BL",
            "text": "Thank you as well!",
            "timestamp": "2022-08-08T21:24:35.752000"
        }
    ],
    "evaluations": [
        {
            "interlocutor_id": "AT",
            "informativeness": 3,
            "comprehension": 4,
            "familiarity": 2,
            "interest": 3,
            "proactiveness": 3,
            "satisfaction": 4
        },
        {
            "interlocutor_id": "BL",
            "informativeness": 2,
            "comprehension": 3,
            "familiarity": 2,
            "interest": 2,
            "proactiveness": 3,
            "satisfaction": 3
        }
    ]
}