{
    "dialogue_id": 507,
    "interlocutors": [
        "BO",
        "AU"
    ],
    "utterances": [
        {
            "utterance_id": 0,
            "interlocutor_id": "BO",
            "text": "Thank you!",
            "timestamp": "2022-08-13T10:12:53.741000"
        },
        {
            "utterance_id": 1,
            "interlocutor_id": "AU",
            "text": "Hello! Nice to meet you.",
            "timestamp": "2022-08-13T10:13:07.934000"
        },
        {
            "utterance_id": 2,
            "interlocutor_id": "BO",
            "text": "Did you do any sports or something?",
            "timestamp": "2022-08-13T10:13:28.671000"
        },
        {
            "utterance_id": 3,
            "interlocutor_id": "AU",
            "text": "Other than playing table tennis in my middle school club, I haven't done anything else.",
            "timestamp": "2022-08-13T10:14:08.837000"
        },
        {
            "utterance_id": 4,
            "interlocutor_id": "BO",
            "text": "Table tennis sounds good! I can't return the ball at all...",
            "timestamp": "2022-08-13T10:14:40.167000"
        },
        {
            "utterance_id": 5,
            "interlocutor_id": "AU",
            "text": "It was a casual type of table tennis, so I wouldn't be able to return in a serious match.",
            "timestamp": "2022-08-13T10:15:13.516000"
        },
        {
            "utterance_id": 6,
            "interlocutor_id": "BO",
            "text": "The ball is too light, making it hard to control.",
            "timestamp": "2022-08-13T10:15:40.189000"
        },
        {
            "utterance_id": 7,
            "interlocutor_id": "AU",
            "text": "Did you do any sports?",
            "timestamp": "2022-08-13T10:15:53.645000"
        },
        {
            "utterance_id": 8,
            "interlocutor_id": "BO",
            "text": "I've been skiing since long ago!",
            "timestamp": "2022-08-13T10:16:07.742000"
        },
        {
            "utterance_id": 9,
            "interlocutor_id": "AU",
            "text": "Skiing, huh! We had skiing classes in gym during high school.",
            "timestamp": "2022-08-13T10:16:35.903000"
        },
        {
            "utterance_id": 10,
            "interlocutor_id": "BO",
            "text": "You had skiing in class! I'm jealous.",
            "timestamp": "2022-08-13T10:17:00.220000"
        },
        {
            "utterance_id": 11,
            "interlocutor_id": "AU",
            "text": "Yes, it was tough to carry skis to the nearby slope and have 2-hour skiing classes.",
            "timestamp": "2022-08-13T10:17:39.957000"
        },
        {
            "utterance_id": 12,
            "interlocutor_id": "BO",
            "text": "But skiing in class definitely sounds tough.",
            "timestamp": "2022-08-13T10:18:14.492000"
        },
        {
            "utterance_id": 13,
            "interlocutor_id": "AU",
            "text": "Do you still go skiing often in the winter?",
            "timestamp": "2022-08-13T10:18:32.206000"
        },
        {
            "utterance_id": 14,
            "interlocutor_id": "BO",
            "text": "Yes! I go about twice a year!",
            "timestamp": "2022-08-13T10:18:52.449000"
        },
        {
            "utterance_id": 15,
            "interlocutor_id": "AU",
            "text": "That’s nice. I want to go too, but I feel like I can't ski anymore.",
            "timestamp": "2022-08-13T10:19:21.461000"
        },
        {
            "utterance_id": 16,
            "interlocutor_id": "BO",
            "text": "It might be scary at first, but you'll get used to it quickly!",
            "timestamp": "2022-08-13T10:19:46.379000"
        },
        {
            "utterance_id": 17,
            "interlocutor_id": "AU",
            "text": "Can you glide down steep slopes without any issues?",
            "timestamp": "2022-08-13T10:20:04.037000"
        },
        {
            "utterance_id": 18,
            "interlocutor_id": "BO",
            "text": "Yes! I've been skiing since I was little, so I can manage it to some extent.",
            "timestamp": "2022-08-13T10:20:33.187000"
        },
        {
            "utterance_id": 19,
            "interlocutor_id": "AU",
            "text": "Oh, that’s amazing! Didn't you get some grades in skiing when you were a kid?",
            "timestamp": "2022-08-13T10:21:12.010000"
        },
        {
            "utterance_id": 20,
            "interlocutor_id": "BO",
            "text": "Is it like a skiing certification? I haven't done anything like that.",
            "timestamp": "2022-08-13T10:22:02.185000"
        },
        {
            "utterance_id": 21,
            "interlocutor_id": "AU",
            "text": "My friends used to go skiing to get such certifications until high school.",
            "timestamp": "2022-08-13T10:22:37.467000"
        },
        {
            "utterance_id": 22,
            "interlocutor_id": "BO",
            "text": "That's impressive! My dad likes skiing, so I just tagged along!",
            "timestamp": "2022-08-13T10:23:09.474000"
        },
        {
            "utterance_id": 23,
            "interlocutor_id": "AU",
            "text": "That sounds nice. I also love the atmosphere at the ski resort.",
            "timestamp": "2022-08-13T10:23:36.611000"
        },
        {
            "utterance_id": 24,
            "interlocutor_id": "BO",
            "text": "I understand! Plus, the curry and ramen you eat after skiing are delicious, right?",
            "timestamp": "2022-08-13T10:23:58.097000"
        },
        {
            "utterance_id": 25,
            "interlocutor_id": "AU",
            "text": "Exactly! After skiing, having warm ramen is the best!",
            "timestamp": "2022-08-13T10:24:30.609000"
        },
        {
            "utterance_id": 26,
            "interlocutor_id": "BO",
            "text": "It feels amazing to relax in a hot spring after skiing; I can't give it up.",
            "timestamp": "2022-08-13T10:25:05.944000"
        },
        {
            "utterance_id": 27,
            "interlocutor_id": "AU",
            "text": "I really think that’s the best! It brings back memories. I want to go again.",
            "timestamp": "2022-08-13T10:25:32.241000"
        },
        {
            "utterance_id": 28,
            "interlocutor_id": "BO",
            "text": "Right! I want to go again this year too.",
            "timestamp": "2022-08-13T10:25:51.053000"
        },
        {
            "utterance_id": 29,
            "interlocutor_id": "AU",
            "text": "I think I’ll try to go again as well.",
            "timestamp": "2022-08-13T10:26:08.565000"
        }
    ],
    "evaluations": [
        {
            "interlocutor_id": "BO",
            "informativeness": 4,
            "comprehension": 4,
            "familiarity": 4,
            "interest": 4,
            "proactiveness": 5,
            "satisfaction": 4
        },
        {
            "interlocutor_id": "AU",
            "informativeness": 5,
            "comprehension": 5,
            "familiarity": 5,
            "interest": 5,
            "proactiveness": 5,
            "satisfaction": 5
        }
    ]
}