{
    "dialogue_id": 506,
    "interlocutors": [
        "AU",
        "BO"
    ],
    "utterances": [
        {
            "utterance_id": 0,
            "interlocutor_id": "AU",
            "text": "Good morning. It's hot today with the cicadas crying.",
            "timestamp": "2022-08-13T10:00:23.838000"
        },
        {
            "utterance_id": 1,
            "interlocutor_id": "BO",
            "text": "Good morning! I can't hear the cicadas here, but it is hot.",
            "timestamp": "2022-08-13T10:00:45.745000"
        },
        {
            "utterance_id": 2,
            "interlocutor_id": "AU",
            "text": "They said a typhoon is approaching, is your area okay?",
            "timestamp": "2022-08-13T10:01:17.931000"
        },
        {
            "utterance_id": 3,
            "interlocutor_id": "BO",
            "text": "I'm in Tokyo, and it seems like it will hit us in the afternoon.",
            "timestamp": "2022-08-13T10:01:33.580000"
        },
        {
            "utterance_id": 4,
            "interlocutor_id": "AU",
            "text": "They said it would be in the middle of the night to the morning here, but it's just cloudy and not raining.",
            "timestamp": "2022-08-13T10:02:09.389000"
        },
        {
            "utterance_id": 5,
            "interlocutor_id": "BO",
            "text": "I see! I hope it stays that way here too... Just in case, I'm planning to stay indoors today.",
            "timestamp": "2022-08-13T10:02:46.750000"
        },
        {
            "utterance_id": 6,
            "interlocutor_id": "AU",
            "text": "I'm also planning to stay indoors. I hope it doesn't have a big impact.",
            "timestamp": "2022-08-13T10:03:10.035000"
        },
        {
            "utterance_id": 7,
            "interlocutor_id": "BO",
            "text": "Yes. A direct hit during Obon would be the worst.",
            "timestamp": "2022-08-13T10:03:35.428000"
        },
        {
            "utterance_id": 8,
            "interlocutor_id": "AU",
            "text": "That's true. A typhoon on a day like this is really troublesome.",
            "timestamp": "2022-08-13T10:03:59.836000"
        },
        {
            "utterance_id": 9,
            "interlocutor_id": "BO",
            "text": "There will be a lot of people traveling from today, I guess...",
            "timestamp": "2022-08-13T10:04:14.722000"
        },
        {
            "utterance_id": 10,
            "interlocutor_id": "AU",
            "text": "That's right. There are probably people going to visit graves too.",
            "timestamp": "2022-08-13T10:04:47.346000"
        },
        {
            "utterance_id": 11,
            "interlocutor_id": "BO",
            "text": "I just returned from a trip yesterday, so I made it just in time.",
            "timestamp": "2022-08-13T10:05:07.778000"
        },
        {
            "utterance_id": 12,
            "interlocutor_id": "AU",
            "text": "Oh, where did you go?",
            "timestamp": "2022-08-13T10:05:22.946000"
        },
        {
            "utterance_id": 13,
            "interlocutor_id": "BO",
            "text": "I went to Atami the day before yesterday!",
            "timestamp": "2022-08-13T10:05:36.463000"
        },
        {
            "utterance_id": 14,
            "interlocutor_id": "AU",
            "text": "Atami sounds nice! Was it for the hot springs?",
            "timestamp": "2022-08-13T10:06:00.094000"
        },
        {
            "utterance_id": 15,
            "interlocutor_id": "BO",
            "text": "It was for both the sea and hot springs! I didn’t get in the sea though!",
            "timestamp": "2022-08-13T10:06:21.556000"
        },
        {
            "utterance_id": 16,
            "interlocutor_id": "AU",
            "text": "The seafood is abundant, did you get to eat something delicious?",
            "timestamp": "2022-08-13T10:06:48.209000"
        },
        {
            "utterance_id": 17,
            "interlocutor_id": "BO",
            "text": "Yes! I had seafood donburi and Atami pudding!",
            "timestamp": "2022-08-13T10:07:09.119000"
        },
        {
            "utterance_id": 18,
            "interlocutor_id": "AU",
            "text": "Seafood donburi! Is Atami pudding famous?",
            "timestamp": "2022-08-13T10:07:41.586000"
        },
        {
            "utterance_id": 19,
            "interlocutor_id": "BO",
            "text": "It is famous! There was a long line.",
            "timestamp": "2022-08-13T10:08:02.127000"
        },
        {
            "utterance_id": 20,
            "interlocutor_id": "AU",
            "text": "That sounds amazing. It must be tough to wait in line in this heat.",
            "timestamp": "2022-08-13T10:08:25.032000"
        },
        {
            "utterance_id": 21,
            "interlocutor_id": "BO",
            "text": "I was able to get in smoothly, so that was good.",
            "timestamp": "2022-08-13T10:08:49.973000"
        },
        {
            "utterance_id": 22,
            "interlocutor_id": "AU",
            "text": "That's great to hear. Did you go sightseeing anywhere else?",
            "timestamp": "2022-08-13T10:09:22.707000"
        },
        {
            "utterance_id": 23,
            "interlocutor_id": "BO",
            "text": "Yes! I went to a cafe overlooking the sea and also to a power spot shrine!",
            "timestamp": "2022-08-13T10:09:56.592000"
        },
        {
            "utterance_id": 24,
            "interlocutor_id": "AU",
            "text": "That sounds nice, I'd like to go power spot hopping once too.",
            "timestamp": "2022-08-13T10:10:25.344000"
        },
        {
            "utterance_id": 25,
            "interlocutor_id": "BO",
            "text": "I saw a big tree that was really impressive!",
            "timestamp": "2022-08-13T10:10:41.013000"
        },
        {
            "utterance_id": 26,
            "interlocutor_id": "AU",
            "text": "It looks like a world from Totoro. A cafe overlooking the sea sounds wonderful.",
            "timestamp": "2022-08-13T10:11:11.273000"
        },
        {
            "utterance_id": 27,
            "interlocutor_id": "BO",
            "text": "It was a nice change of pace!",
            "timestamp": "2022-08-13T10:11:24.439000"
        },
        {
            "utterance_id": 28,
            "interlocutor_id": "AU",
            "text": "Traveling is a good stimulus and it's nice.",
            "timestamp": "2022-08-13T10:11:42.151000"
        },
        {
            "utterance_id": 29,
            "interlocutor_id": "BO",
            "text": "Yes! I want to go somewhere else again!",
            "timestamp": "2022-08-13T10:12:03.791000"
        }
    ],
    "evaluations": [
        {
            "interlocutor_id": "AU",
            "informativeness": 5,
            "comprehension": 5,
            "familiarity": 5,
            "interest": 5,
            "proactiveness": 5,
            "satisfaction": 5
        },
        {
            "interlocutor_id": "BO",
            "informativeness": 4,
            "comprehension": 4,
            "familiarity": 3,
            "interest": 4,
            "proactiveness": 4,
            "satisfaction": 4
        }
    ]
}