{
    "dialogue_id": 503,
    "interlocutors": [
        "BN",
        "AB"
    ],
    "utterances": [
        {
            "utterance_id": 0,
            "interlocutor_id": "BN",
            "text": "Good evening!",
            "timestamp": "2022-08-08T22:00:54.329000"
        },
        {
            "utterance_id": 1,
            "interlocutor_id": "AB",
            "text": "Good evening!",
            "timestamp": "2022-08-08T22:00:59.256000"
        },
        {
            "utterance_id": 2,
            "interlocutor_id": "BN",
            "text": "Do you have any plans for the Obon holiday?",
            "timestamp": "2022-08-08T22:01:12.546000"
        },
        {
            "utterance_id": 3,
            "interlocutor_id": "AB",
            "text": "Actually, I was planning to go back home starting tomorrow!",
            "timestamp": "2022-08-08T22:01:26.545000"
        },
        {
            "utterance_id": 4,
            "interlocutor_id": "BN",
            "text": "Oh! So it starts tomorrow!",
            "timestamp": "2022-08-08T22:01:36.388000"
        },
        {
            "utterance_id": 5,
            "interlocutor_id": "AB",
            "text": "That's right! I haven't packed yet though.",
            "timestamp": "2022-08-08T22:01:49.938000"
        },
        {
            "utterance_id": 6,
            "interlocutor_id": "BN",
            "text": "Oh dear. It's already time to sleep. Haha.",
            "timestamp": "2022-08-08T22:02:12.077000"
        },
        {
            "utterance_id": 7,
            "interlocutor_id": "AB",
            "text": "Yes, I’ll do it in the morning. What about you?",
            "timestamp": "2022-08-08T22:02:29.840000"
        },
        {
            "utterance_id": 8,
            "interlocutor_id": "BN",
            "text": "I have a holiday from August 12 to August 14, and I'm going to a festival for three days!",
            "timestamp": "2022-08-08T22:02:56.220000"
        },
        {
            "utterance_id": 9,
            "interlocutor_id": "AB",
            "text": "What festival is it?",
            "timestamp": "2022-08-08T22:03:05.861000"
        },
        {
            "utterance_id": 10,
            "interlocutor_id": "BN",
            "text": "It’s an idol festival! It's held in Shiga Prefecture!",
            "timestamp": "2022-08-08T22:03:16.742000"
        },
        {
            "utterance_id": 11,
            "interlocutor_id": "AB",
            "text": "What a coincidence! I'm going back to Shiga!",
            "timestamp": "2022-08-08T22:03:29.401000"
        },
        {
            "utterance_id": 12,
            "interlocutor_id": "BN",
            "text": "Really!? What a coincidence! Haha.",
            "timestamp": "2022-08-08T22:03:37.551000"
        },
        {
            "utterance_id": 13,
            "interlocutor_id": "AB",
            "text": "Where in Shiga is it being held?",
            "timestamp": "2022-08-08T22:03:47.942000"
        },
        {
            "utterance_id": 14,
            "interlocutor_id": "BN",
            "text": "Near the Ryuo Outlet!",
            "timestamp": "2022-08-08T22:04:02.278000"
        },
        {
            "utterance_id": 15,
            "interlocutor_id": "AB",
            "text": "I see. That sounds exciting!",
            "timestamp": "2022-08-08T22:04:14.333000"
        },
        {
            "utterance_id": 16,
            "interlocutor_id": "BN",
            "text": "I’m looking forward to it! The timetable has been announced, so I'm in the process of planning how to go around!",
            "timestamp": "2022-08-08T22:04:41.547000"
        },
        {
            "utterance_id": 17,
            "interlocutor_id": "AB",
            "text": "It's really a large venue! Is it outdoors?",
            "timestamp": "2022-08-08T22:04:57.425000"
        },
        {
            "utterance_id": 18,
            "interlocutor_id": "BN",
            "text": "Yes, it’s outdoors! There are several stages!",
            "timestamp": "2022-08-08T22:05:13.614000"
        },
        {
            "utterance_id": 19,
            "interlocutor_id": "AB",
            "text": "I want to go! Who are you looking forward to?",
            "timestamp": "2022-08-08T22:05:47.001000"
        },
        {
            "utterance_id": 20,
            "interlocutor_id": "BN",
            "text": "It's an idol called ЯiM:MiR (RimuMiru)!",
            "timestamp": "2022-08-08T22:06:04.617000"
        },
        {
            "utterance_id": 21,
            "interlocutor_id": "AB",
            "text": "I don't know them. I'll study them! Is it your first festival in a while?",
            "timestamp": "2022-08-08T22:06:27.439000"
        },
        {
            "utterance_id": 22,
            "interlocutor_id": "BN",
            "text": "It's natural not to know because they're an underground idol from Osaka! Haha. I think this will be my third festival this year.",
            "timestamp": "2022-08-08T22:07:02.185000"
        },
        {
            "utterance_id": 23,
            "interlocutor_id": "AB",
            "text": "You've been going quite a bit. Was last year canceled or something?",
            "timestamp": "2022-08-08T22:07:20.726000"
        },
        {
            "utterance_id": 24,
            "interlocutor_id": "BN",
            "text": "Yes, that's right. It was online and without an audience.",
            "timestamp": "2022-08-08T22:07:36.480000"
        },
        {
            "utterance_id": 25,
            "interlocutor_id": "AB",
            "text": "That's right. Seeing it live is the best after all!",
            "timestamp": "2022-08-08T22:07:56.872000"
        },
        {
            "utterance_id": 26,
            "interlocutor_id": "BN",
            "text": "Yes! I'm grateful to the organizers for holding the event while taking measures during COVID.",
            "timestamp": "2022-08-08T22:08:22.558000"
        },
        {
            "utterance_id": 27,
            "interlocutor_id": "AB",
            "text": "It's reassuring. I really think the burden on the venue side is incredible.",
            "timestamp": "2022-08-08T22:08:38.571000"
        },
        {
            "utterance_id": 28,
            "interlocutor_id": "BN",
            "text": "I'll be careful and enjoy it!",
            "timestamp": "2022-08-08T22:08:51.251000"
        },
        {
            "utterance_id": 29,
            "interlocutor_id": "AB",
            "text": "Yes, definitely!",
            "timestamp": "2022-08-08T22:09:00.902000"
        }
    ],
    "evaluations": [
        {
            "interlocutor_id": "BN",
            "informativeness": 5,
            "comprehension": 5,
            "familiarity": 5,
            "interest": 5,
            "proactiveness": 5,
            "satisfaction": 5
        },
        {
            "interlocutor_id": "AB",
            "informativeness": 5,
            "comprehension": 5,
            "familiarity": 5,
            "interest": 5,
            "proactiveness": 5,
            "satisfaction": 5
        }
    ]
}