{
    "dialogue_id": 505,
    "interlocutors": [
        "BN",
        "AB"
    ],
    "utterances": [
        {
            "utterance_id": 0,
            "interlocutor_id": "BN",
            "text": "Good evening!",
            "timestamp": "2022-08-08T22:20:17.603000"
        },
        {
            "utterance_id": 1,
            "interlocutor_id": "AB",
            "text": "Good evening!",
            "timestamp": "2022-08-08T22:20:21.873000"
        },
        {
            "utterance_id": 2,
            "interlocutor_id": "BN",
            "text": "Do you wait until you have a lot of laundry to do it? Or do you do it every day?",
            "timestamp": "2022-08-08T22:20:47.139000"
        },
        {
            "utterance_id": 3,
            "interlocutor_id": "AB",
            "text": "I do it every day. How about you?",
            "timestamp": "2022-08-08T22:21:00.941000"
        },
        {
            "utterance_id": 4,
            "interlocutor_id": "BN",
            "text": "If I'm alone, that's a bit too little to do it every day, so maybe every three days?",
            "timestamp": "2022-08-08T22:21:29.785000"
        },
        {
            "utterance_id": 5,
            "interlocutor_id": "AB",
            "text": "That's true for one person. Since it's summer, even for just two of us, the laundry has increased a lot.",
            "timestamp": "2022-08-08T22:22:00.368000"
        },
        {
            "utterance_id": 6,
            "interlocutor_id": "BN",
            "text": "Indeed! I go back to my parents' house on the weekends, but they do laundry every day!",
            "timestamp": "2022-08-08T22:22:24.642000"
        },
        {
            "utterance_id": 7,
            "interlocutor_id": "AB",
            "text": "This summer feels like there’s more laundry than usual.",
            "timestamp": "2022-08-08T22:22:48.385000"
        },
        {
            "utterance_id": 8,
            "interlocutor_id": "BN",
            "text": "It's hot! We also have more towels and changes of clothes.",
            "timestamp": "2022-08-08T22:23:11.897000"
        },
        {
            "utterance_id": 9,
            "interlocutor_id": "AB",
            "text": "That's right. Sometimes, I even have to do it twice.",
            "timestamp": "2022-08-08T22:23:29.379000"
        },
        {
            "utterance_id": 10,
            "interlocutor_id": "BN",
            "text": "That sounds tough!",
            "timestamp": "2022-08-08T22:23:50.151000"
        },
        {
            "utterance_id": 11,
            "interlocutor_id": "AB",
            "text": "But it dries nicely every day, so it feels good.",
            "timestamp": "2022-08-08T22:24:07.161000"
        },
        {
            "utterance_id": 12,
            "interlocutor_id": "BN",
            "text": "Clear days are great! But recently, there have been a lot of sudden rainstorms.",
            "timestamp": "2022-08-08T22:24:31.515000"
        },
        {
            "utterance_id": 13,
            "interlocutor_id": "AB",
            "text": "That’s true. Is it convenient to have a drum washer during those times?",
            "timestamp": "2022-08-08T22:24:48.358000"
        },
        {
            "utterance_id": 14,
            "interlocutor_id": "BN",
            "text": "It is convenient! We have a drum washer with a dryer!",
            "timestamp": "2022-08-08T22:25:13.045000"
        },
        {
            "utterance_id": 15,
            "interlocutor_id": "AB",
            "text": "That sounds nice! Does it come out soft?",
            "timestamp": "2022-08-08T22:25:36.105000"
        },
        {
            "utterance_id": 16,
            "interlocutor_id": "BN",
            "text": "It comes out pretty well. You can also adjust the time.",
            "timestamp": "2022-08-08T22:25:57.622000"
        },
        {
            "utterance_id": 17,
            "interlocutor_id": "AB",
            "text": "That sounds convenient. My washing machine will turn 10 soon, so it might be time to replace it.",
            "timestamp": "2022-08-08T22:26:32.577000"
        },
        {
            "utterance_id": 18,
            "interlocutor_id": "BN",
            "text": "It’s time to replace it! Let's go for a drum washer!",
            "timestamp": "2022-08-08T22:27:05.884000"
        },
        {
            "utterance_id": 19,
            "interlocutor_id": "AB",
            "text": "I'm a bit worried about the size. They're quite big, right?",
            "timestamp": "2022-08-08T22:27:23.647000"
        },
        {
            "utterance_id": 20,
            "interlocutor_id": "BN",
            "text": "They are indeed big. But with models like Iris Ohyama, it can fit on a standard washing pan.",
            "timestamp": "2022-08-08T22:28:22.094000"
        },
        {
            "utterance_id": 21,
            "interlocutor_id": "AB",
            "text": "Really? Next time, I'll go to an electronics store to do some research.",
            "timestamp": "2022-08-08T22:28:34.184000"
        },
        {
            "utterance_id": 22,
            "interlocutor_id": "BN",
            "text": "Size is really important! I wouldn't want any awkward gaps.",
            "timestamp": "2022-08-08T22:29:16.985000"
        },
        {
            "utterance_id": 23,
            "interlocutor_id": "AB",
            "text": "We need to measure the size properly!",
            "timestamp": "2022-08-08T22:29:41.951000"
        },
        {
            "utterance_id": 24,
            "interlocutor_id": "BN",
            "text": "That's right! I hope you find what you want!",
            "timestamp": "2022-08-08T22:30:10.237000"
        },
        {
            "utterance_id": 25,
            "interlocutor_id": "AB",
            "text": "Yes. By the way, which manufacturer are you using? Panasonic?",
            "timestamp": "2022-08-08T22:30:35.276000"
        },
        {
            "utterance_id": 26,
            "interlocutor_id": "BN",
            "text": "That's right! The one I have is Panasonic!",
            "timestamp": "2022-08-08T22:30:52.090000"
        },
        {
            "utterance_id": 27,
            "interlocutor_id": "AB",
            "text": "I see. That was really helpful. Thank you.",
            "timestamp": "2022-08-08T22:31:08.462000"
        },
        {
            "utterance_id": 28,
            "interlocutor_id": "BN",
            "text": "Let's replace it with the next winter bonus! Haha.",
            "timestamp": "2022-08-08T22:31:34.183000"
        },
        {
            "utterance_id": 29,
            "interlocutor_id": "AB",
            "text": "Right! See you again.",
            "timestamp": "2022-08-08T22:31:43.113000"
        }
    ],
    "evaluations": [
        {
            "interlocutor_id": "BN",
            "informativeness": 5,
            "comprehension": 5,
            "familiarity": 5,
            "interest": 5,
            "proactiveness": 5,
            "satisfaction": 5
        },
        {
            "interlocutor_id": "AB",
            "informativeness": 5,
            "comprehension": 5,
            "familiarity": 5,
            "interest": 5,
            "proactiveness": 5,
            "satisfaction": 5
        }
    ]
}